#
# A fatal error has been detected by the Java Runtime Environment:
#
#  SIGSEGV (0xb) at pc=0x00007f17de15eebf, pid=10, tid=41
#
# JRE version: OpenJDK Runtime Environment 18.9 (11.0.16+8) (build 11.0.16+8)
# Java VM: OpenJDK 64-Bit Server VM 18.9 (11.0.16+8, mixed mode, sharing, tiered, compressed oops, g1 gc, linux-amd64)
# Problematic frame:
# V  [libjvm.so+0x824ebf]  PhaseIFG::SquareUp()+0xef
#
# Core dump will be written. Default location: Core dumps may be processed with "/wsl-capture-crash %t %E %p %s" (or dumping to /app/core.10)
#
# If you would like to submit a bug report, please visit:
#   https://bugreport.java.com/bugreport/crash.jsp
#

---------------  S U M M A R Y ------------

Command Line: -Xmx1g -XX:+IgnoreUnrecognizedVMOptions --add-opens=java.base/java.lang=ALL-UNNAMED --add-opens=java.base/java.lang.invoke=ALL-UNNAMED --add-opens=java.base/java.lang.reflect=ALL-UNNAMED --add-opens=java.base/java.io=ALL-UNNAMED --add-opens=java.base/java.net=ALL-UNNAMED --add-opens=java.base/java.nio=ALL-UNNAMED --add-opens=java.base/java.util=ALL-UNNAMED --add-opens=java.base/java.util.concurrent=ALL-UNNAMED --add-opens=java.base/java.util.concurrent.atomic=ALL-UNNAMED --add-opens=java.base/sun.nio.ch=ALL-UNNAMED --add-opens=java.base/sun.nio.cs=ALL-UNNAMED --add-opens=java.base/sun.security.action=ALL-UNNAMED --add-opens=java.base/sun.util.calendar=ALL-UNNAMED --add-opens=java.security.jgss/sun.security.krb5=ALL-UNNAMED -Djdk.reflect.useDirectMethodHandle=false org.apache.spark.deploy.SparkSubmit --conf spark.jars.packages=org.postgresql:postgresql:42.6.0 --conf spark.app.name=DataFlow360_Streaming_Cleaner --conf spark.hadoop.fs.defaultFS=hdfs://namenode:8020 --jars /opt/spark/jars/postgresql-42.6.0.jar pyspark-shell

Host: Intel(R) Core(TM) i7-6600U CPU @ 2.60GHz, 4 cores, 9G, Debian GNU/Linux 11 (bullseye)
Time: Tue Nov  4 10:24:30 2025 UTC elapsed time: 134.956761 seconds (0d 0h 2m 14s)

---------------  T H R E A D  ---------------

Current thread (0x00007f17d812d000):  JavaThread "C2 CompilerThread0" daemon [_thread_in_native, id=41, stack(0x00007f17ab031000,0x00007f17ab132000)]


Current CompileTask:
C2: 134959 14603       4       org.codehaus.janino.Scanner::scan (532 bytes)

Stack: [0x00007f17ab031000,0x00007f17ab132000],  sp=0x00007f17ab12d460,  free space=1009k
Native frames: (J=compiled Java code, A=aot compiled Java code, j=interpreted, Vv=VM code, C=native code)
V  [libjvm.so+0x824ebf]  PhaseIFG::SquareUp()+0xef
V  [libjvm.so+0x56f1e9]  PhaseChaitin::Register_Allocate()+0x819
V  [libjvm.so+0x618597]  Compile::Code_Gen()+0x2f7
V  [libjvm.so+0x61bfb9]  Compile::Compile(ciEnv*, C2Compiler*, ciMethod*, int, bool, bool, bool, bool, DirectiveSet*)+0x1089
V  [libjvm.so+0x546404]  C2Compiler::compile_method(ciEnv*, ciMethod*, int, DirectiveSet*)+0xd4
V  [libjvm.so+0x6251ad]  CompileBroker::invoke_compiler_on_method(CompileTask*)+0x46d
V  [libjvm.so+0x626438]  CompileBroker::compiler_thread_loop()+0x438
V  [libjvm.so+0xd390e0]  JavaThread::thread_main_inner()+0xd0
V  [libjvm.so+0xd351a9]  Thread::call_run()+0x149
V  [libjvm.so+0xba7fa6]  thread_native_entry(Thread*)+0xe6


siginfo: si_signo: 11 (SIGSEGV), si_code: 1 (SEGV_MAPERR), si_addr: 0x00007f57decb1700

Register to memory mapping:

RAX=0x00007f57decb1700 is an unknown value
RBX=0x0 is NULL
RCX=0x00000000000001a9 is an unknown value
RDX=0x00007f1788a6fc40 points into unknown readable memory: 0x3e8707f900000000 | 00 00 00 00 f9 07 87 3e
RSP=0x00007f17ab12d460 is pointing into the stack for thread: 0x00007f17d812d000
RBP=0x00007f17ab12d4e0 is pointing into the stack for thread: 0x00007f17d812d000
RSI=0x0000000010000000 is an unknown value
RDI=0x00007f17ab12d470 is pointing into the stack for thread: 0x00007f17d812d000
R8 =0x0 is NULL
R9 =0x00007f17d812eb80 points into unknown readable memory: 0x0000000000000003 | 03 00 00 00 00 00 00 00
R10=0x0000000080d00000 is an unknown value
R11=0x0 is NULL
R12=0x0000000000000098 is an unknown value
R13=0x00007f17ab12d5b0 is pointing into the stack for thread: 0x00007f17d812d000
R14=0x0000000010000000 is an unknown value
R15=0x000000000000131c is an unknown value


Registers:
RAX=0x00007f57decb1700, RBX=0x0000000000000000, RCX=0x00000000000001a9, RDX=0x00007f1788a6fc40
RSP=0x00007f17ab12d460, RBP=0x00007f17ab12d4e0, RSI=0x0000000010000000, RDI=0x00007f17ab12d470
R8 =0x0000000000000000, R9 =0x00007f17d812eb80, R10=0x0000000080d00000, R11=0x0000000000000000
R12=0x0000000000000098, R13=0x00007f17ab12d5b0, R14=0x0000000010000000, R15=0x000000000000131c
RIP=0x00007f17de15eebf, EFLAGS=0x0000000000010206, CSGSFS=0x002b000000000033, ERR=0x0000000000000004
  TRAPNO=0x000000000000000e

Top of Stack: (sp=0x00007f17ab12d460)
0x00007f17ab12d460:   00007f1788a6e200 00007f17ab12d470
0x00007f17ab12d470:   000001a900000001 00007f1700000006
0x00007f17ab12d480:   00007f17888a0040 00007f1700000002
0x00007f17ab12d490:   00007f1788cbeea8 00007f1700000017 

Instructions: (pc=0x00007f17de15eebf)
0x00007f17de15edbf:   be 01 00 00 00 d3 e6 85 34 87 0f 95 c0 0f b6 c0
0x00007f17de15edcf:   c3 55 48 89 e5 41 57 41 56 41 55 49 89 fd 41 54
0x00007f17de15eddf:   53 48 83 ec 58 8b 47 28 85 c0 0f 84 08 01 00 00
0x00007f17de15edef:   48 8d 45 90 45 31 ff 48 89 45 88 66 0f 1f 44 00
0x00007f17de15edff:   00 44 89 f8 48 8b 7d 88 44 89 fb 45 89 fc 48 8d
0x00007f17de15ee0f:   34 80 c1 eb 05 41 c1 ec 08 41 be 01 00 00 00 48
0x00007f17de15ee1f:   c1 e6 05 49 03 75 10 83 e3 07 49 c1 e4 03 e8 de
0x00007f17de15ee2f:   b7 00 00 44 89 f9 48 c1 e3 02 41 d3 e6 0f 1f 40
0x00007f17de15ee3f:   00 8b 55 90 85 d2 0f 84 91 00 00 00 89 d1 8b 75
0x00007f17de15ee4f:   94 83 e1 1f 89 c8 75 18 66 0f 1f 84 00 00 00 00
0x00007f17de15ee5f:   00 c1 ea 05 83 c6 05 89 d0 83 e0 1f 74 f3 89 c0
0x00007f17de15ee6f:   48 8d 0d 4a 29 64 00 0f b6 0c 01 d3 ea 01 f1 89
0x00007f17de15ee7f:   55 90 48 8d 15 58 29 64 00 89 4d 94 0f b6 04 02
0x00007f17de15ee8f:   01 f0 85 c0 74 54 45 85 ff 74 a6 89 c0 48 8d 14
0x00007f17de15ee9f:   80 48 c1 e2 05 49 03 55 10 48 8b 42 08 4a 8b 04
0x00007f17de15eeaf:   20 48 3b 05 f1 3f b0 00 74 57 48 01 d8 44 89 f6
0x00007f17de15eebf:   8b 08 09 ce 89 30 41 85 ce 0f 85 72 ff ff ff 83
0x00007f17de15eecf:   02 01 8b 55 90 85 d2 0f 85 6f ff ff ff 48 8b 7d
0x00007f17de15eedf:   88 e8 eb b7 00 00 85 c0 75 ac 41 83 c7 01 45 39
0x00007f17de15eeef:   7d 28 0f 87 09 ff ff ff 41 c6 45 18 01 48 83 c4
0x00007f17de15eeff:   58 5b 41 5c 41 5d 41 5e 41 5f 5d c3 0f 1f 44 00
0x00007f17de15ef0f:   00 44 89 fe 48 89 d7 48 89 55 80 e8 c1 b0 00 00
0x00007f17de15ef1f:   44 89 f6 48 8b 55 80 48 01 d8 8b 08 09 ce 41 85
0x00007f17de15ef2f:   ce 89 30 74 9a e9 07 ff ff ff 90 66 0f 1f 44 00
0x00007f17de15ef3f:   00 8b 47 28 85 c0 0f 84 25 01 00 00 55 48 89 e5
0x00007f17de15ef4f:   41 57 41 56 48 8d 45 90 45 31 f6 41 55 41 54 53
0x00007f17de15ef5f:   48 89 fb 48 83 ec 58 48 89 45 88 66 0f 1f 44 00
0x00007f17de15ef6f:   00 44 89 f0 4c 8b 7b 20 48 8b 7d 88 45 31 ed 48
0x00007f17de15ef7f:   8d 34 80 48 c1 e6 05 49 01 f7 48 03 73 10 41 0f
0x00007f17de15ef8f:   b6 87 99 00 00 00 45 0f b7 a7 94 00 00 00 83 e0
0x00007f17de15ef9f:   01 88 45 87 e8 68 b6 00 00 8b 55 90 85 d2 74 7e
0x00007f17de15efaf:   90 89 d0 44 8b 4d 94 83 e0 1f 89 c7 75 13 0f 1f 


Stack slot to memory mapping:
stack at sp + 0 slots: 0x00007f1788a6e200 points into unknown readable memory: 0x3fefba610000001e | 1e 00 00 00 61 ba ef 3f
stack at sp + 1 slots: 0x00007f17ab12d470 is pointing into the stack for thread: 0x00007f17d812d000
stack at sp + 2 slots: 0x000001a900000001 is an unknown value
stack at sp + 3 slots: 0x00007f1700000006 is an unknown value
stack at sp + 4 slots: 0x00007f17888a0040 points into unknown readable memory: 0x0000000000000000 | 00 00 00 00 00 00 00 00
stack at sp + 5 slots: 0x00007f1700000002 is an unknown value
stack at sp + 6 slots: 0x00007f1788cbeea8 points into unknown readable memory: 0x00007f17decb1700 | 00 17 cb de 17 7f 00 00
stack at sp + 7 slots: 0x00007f1700000017 is an unknown value


---------------  P R O C E S S  ---------------

Threads class SMR info:
_java_thread_list=0x00007f178c5727d0, length=75, elements={
0x00007f17d802b000, 0x00007f17d8120000, 0x00007f17d8122000, 0x00007f17d8129000,
0x00007f17d812b000, 0x00007f17d812d000, 0x00007f17d812f000, 0x00007f17d8131000,
0x00007f17d8193800, 0x00007f17d914f800, 0x00007f17d948d000, 0x00007f176c007800,
0x00007f176c00c800, 0x00007f176094c800, 0x00007f1760950800, 0x00007f1760952000,
0x00007f1760953800, 0x00007f1760955800, 0x00007f176098c000, 0x00007f176099a800,
0x00007f176099c800, 0x00007f176099e000, 0x00007f17609a2000, 0x00007f17609a4000,
0x00007f17609a5800, 0x00007f17609a7800, 0x00007f1760a1c800, 0x00007f1760aa6000,
0x00007f1760aab800, 0x00007f1760ac1800, 0x00007f17603b2000, 0x00007f17603b3800,
0x00007f17603b5800, 0x00007f17603b7800, 0x00007f17603b9000, 0x00007f17603bb000,
0x00007f17603bc800, 0x00007f17603be800, 0x00007f1760417000, 0x00007f1788432800,
0x00007f176040e000, 0x00007f1760410000, 0x00007f1794014000, 0x00007f1760463800,
0x00007f1760468800, 0x00007f1760479800, 0x00007f176047d800, 0x00007f17604b9800,
0x00007f174c00b000, 0x00007f17604ca000, 0x00007f1760606000, 0x00007f1760607800,
0x00007f176060f800, 0x00007f1760611800, 0x00007f1754026000, 0x00007f17610ac800,
0x00007f176182e800, 0x00007f176119a800, 0x00007f1761584000, 0x00007f1761592000,
0x00007f1798040000, 0x00007f179c0e7800, 0x00007f179c079800, 0x00007f179804b800,
0x00007f173c02b800, 0x00007f173c02d000, 0x00007f173c031800, 0x00007f173c033800,
0x00007f17580a2800, 0x00007f1798544000, 0x00007f1748012800, 0x00007f174801f800,
0x00007f1750008000, 0x00007f1748014000, 0x00007f178c571800
}

Java Threads: ( => current thread )
  0x00007f17d802b000 JavaThread "main" [_thread_in_native, id=30, stack(0x00007f17dd6f5000,0x00007f17dd7f6000)]
  0x00007f17d8120000 JavaThread "Reference Handler" daemon [_thread_blocked, id=37, stack(0x00007f17ab5fd000,0x00007f17ab6fe000)]
  0x00007f17d8122000 JavaThread "Finalizer" daemon [_thread_blocked, id=38, stack(0x00007f17ab4fc000,0x00007f17ab5fd000)]
  0x00007f17d8129000 JavaThread "Signal Dispatcher" daemon [_thread_blocked, id=39, stack(0x00007f17ab233000,0x00007f17ab334000)]
  0x00007f17d812b000 JavaThread "Service Thread" daemon [_thread_blocked, id=40, stack(0x00007f17ab132000,0x00007f17ab233000)]
=>0x00007f17d812d000 JavaThread "C2 CompilerThread0" daemon [_thread_in_native, id=41, stack(0x00007f17ab031000,0x00007f17ab132000)]
  0x00007f17d812f000 JavaThread "C1 CompilerThread0" daemon [_thread_in_vm, id=42, stack(0x00007f17aaf30000,0x00007f17ab031000)]
  0x00007f17d8131000 JavaThread "Sweeper thread" daemon [_thread_blocked, id=43, stack(0x00007f17aae2f000,0x00007f17aaf30000)]
  0x00007f17d8193800 JavaThread "Common-Cleaner" daemon [_thread_blocked, id=44, stack(0x00007f17aad2e000,0x00007f17aae2f000)]
  0x00007f17d914f800 JavaThread "org.apache.hadoop.fs.FileSystem$Statistics$StatisticsDataReferenceCleaner" daemon [_thread_blocked, id=55, stack(0x00007f17aa4ce000,0x00007f17aa5cf000)]
  0x00007f17d948d000 JavaThread "Thread-3" [_thread_in_native, id=57, stack(0x00007f17a8b9d000,0x00007f17a8c9e000)]
  0x00007f176c007800 JavaThread "Thread-4" [_thread_blocked, id=59, stack(0x00007f17a8899000,0x00007f17a899a000)]
  0x00007f176c00c800 JavaThread "Thread-5" [_thread_in_native, id=60, stack(0x00007f17a8798000,0x00007f17a8899000)]
  0x00007f176094c800 JavaThread "rpc-boss-3-1" daemon [_thread_in_native, id=64, stack(0x00007f17a8094000,0x00007f17a8195000)]
  0x00007f1760950800 JavaThread "dispatcher-event-loop-0" daemon [_thread_blocked, id=65, stack(0x00007f175fcff000,0x00007f175fe00000)]
  0x00007f1760952000 JavaThread "dispatcher-event-loop-1" daemon [_thread_blocked, id=66, stack(0x00007f175fbfe000,0x00007f175fcff000)]
  0x00007f1760953800 JavaThread "dispatcher-event-loop-2" daemon [_thread_blocked, id=67, stack(0x00007f175fafd000,0x00007f175fbfe000)]
  0x00007f1760955800 JavaThread "dispatcher-event-loop-3" daemon [_thread_blocked, id=68, stack(0x00007f175f9fc000,0x00007f175fafd000)]
  0x00007f176098c000 JavaThread "map-output-dispatcher-0" daemon [_thread_blocked, id=69, stack(0x00007f175f8fb000,0x00007f175f9fc000)]
  0x00007f176099a800 JavaThread "map-output-dispatcher-1" daemon [_thread_blocked, id=70, stack(0x00007f175f7fa000,0x00007f175f8fb000)]
  0x00007f176099c800 JavaThread "map-output-dispatcher-2" daemon [_thread_blocked, id=71, stack(0x00007f175f6f9000,0x00007f175f7fa000)]
  0x00007f176099e000 JavaThread "map-output-dispatcher-3" daemon [_thread_blocked, id=72, stack(0x00007f175f5f8000,0x00007f175f6f9000)]
  0x00007f17609a2000 JavaThread "map-output-dispatcher-4" daemon [_thread_blocked, id=73, stack(0x00007f175f4f7000,0x00007f175f5f8000)]
  0x00007f17609a4000 JavaThread "map-output-dispatcher-5" daemon [_thread_blocked, id=74, stack(0x00007f175f3f6000,0x00007f175f4f7000)]
  0x00007f17609a5800 JavaThread "map-output-dispatcher-6" daemon [_thread_blocked, id=75, stack(0x00007f175f2f5000,0x00007f175f3f6000)]
  0x00007f17609a7800 JavaThread "map-output-dispatcher-7" daemon [_thread_blocked, id=76, stack(0x00007f175f1f4000,0x00007f175f2f5000)]
  0x00007f1760a1c800 JavaThread "dispatcher-BlockManagerMaster" daemon [_thread_blocked, id=77, stack(0x00007f17a8497000,0x00007f17a8598000)]
  0x00007f1760aa6000 JavaThread "dispatcher-BlockManagerEndpoint1" daemon [_thread_blocked, id=78, stack(0x00007f175f0f3000,0x00007f175f1f4000)]
  0x00007f1760aab800 JavaThread "RemoteBlock-temp-file-clean-thread" daemon [_thread_blocked, id=79, stack(0x00007f175eff2000,0x00007f175f0f3000)]
  0x00007f1760ac1800 JavaThread "refresh progress" daemon [_thread_blocked, id=80, stack(0x00007f175eef1000,0x00007f175eff2000)]
  0x00007f17603b2000 JavaThread "SparkUI-37" daemon [_thread_in_native, id=81, stack(0x00007f175e931000,0x00007f175ea32000)]
  0x00007f17603b3800 JavaThread "SparkUI-38" daemon [_thread_in_native, id=82, stack(0x00007f175e830000,0x00007f175e931000)]
  0x00007f17603b5800 JavaThread "SparkUI-39-acceptor-0@5057e909-ServerConnector@5e901d73{HTTP/1.1, (http/1.1)}{0.0.0.0:4040}" daemon [_thread_in_native, id=83, stack(0x00007f175e72f000,0x00007f175e830000)]
  0x00007f17603b7800 JavaThread "SparkUI-40" daemon [_thread_blocked, id=84, stack(0x00007f175e62e000,0x00007f175e72f000)]
  0x00007f17603b9000 JavaThread "SparkUI-41" daemon [_thread_blocked, id=85, stack(0x00007f175e52d000,0x00007f175e62e000)]
  0x00007f17603bb000 JavaThread "SparkUI-42" daemon [_thread_blocked, id=86, stack(0x00007f175e42c000,0x00007f175e52d000)]
  0x00007f17603bc800 JavaThread "SparkUI-43" daemon [_thread_blocked, id=87, stack(0x00007f175e32b000,0x00007f175e42c000)]
  0x00007f17603be800 JavaThread "SparkUI-44" daemon [_thread_blocked, id=88, stack(0x00007f175e22a000,0x00007f175e32b000)]
  0x00007f1760417000 JavaThread "dispatcher-HeartbeatReceiver" daemon [_thread_blocked, id=93, stack(0x00007f175df29000,0x00007f175e02a000)]
  0x00007f1788432800 JavaThread "heartbeat-receiver-event-loop-thread" daemon [_thread_blocked, id=94, stack(0x00007f175de28000,0x00007f175df29000)]
  0x00007f176040e000 JavaThread "task-starvation-timer" daemon [_thread_blocked, id=95, stack(0x00007f175dd27000,0x00007f175de28000)]
  0x00007f1760410000 JavaThread "task-abort-timer" daemon [_thread_blocked, id=96, stack(0x00007f175dc26000,0x00007f175dd27000)]
  0x00007f1794014000 JavaThread "netty-rpc-env-timeout" daemon [_thread_blocked, id=97, stack(0x00007f175db25000,0x00007f175dc26000)]
  0x00007f1760463800 JavaThread "dag-scheduler-event-loop" daemon [_thread_blocked, id=98, stack(0x00007f175da24000,0x00007f175db25000)]
  0x00007f1760468800 JavaThread "driver-heartbeater" daemon [_thread_blocked, id=99, stack(0x00007f175d923000,0x00007f175da24000)]
  0x00007f1760479800 JavaThread "executor-kill-mark-cleanup" daemon [_thread_blocked, id=100, stack(0x00007f175d822000,0x00007f175d923000)]
  0x00007f176047d800 JavaThread "executor-heartbeater" daemon [_thread_blocked, id=101, stack(0x00007f175d721000,0x00007f175d822000)]
  0x00007f17604b9800 JavaThread "files-client-5-1" daemon [_thread_in_native, id=107, stack(0x00007f175d51f000,0x00007f175d620000)]
  0x00007f174c00b000 JavaThread "rpc-server-4-1" daemon [_thread_in_native, id=108, stack(0x00007f175d21e000,0x00007f175d31f000)]
  0x00007f17604ca000 JavaThread "shuffle-boss-7-1" daemon [_thread_in_native, id=113, stack(0x00007f175c91b000,0x00007f175ca1c000)]
  0x00007f1760606000 JavaThread "Spark Context Cleaner" daemon [_thread_blocked, id=114, stack(0x00007f175d620000,0x00007f175d721000)]
  0x00007f1760607800 JavaThread "context-cleaner-periodic-gc" daemon [_thread_blocked, id=115, stack(0x00007f175c61a000,0x00007f175c71b000)]
  0x00007f176060f800 JavaThread "spark-listener-group-appStatus" daemon [_thread_blocked, id=116, stack(0x00007f175c519000,0x00007f175c61a000)]
  0x00007f1760611800 JavaThread "spark-listener-group-executorManagement" daemon [_thread_blocked, id=117, stack(0x00007f175c418000,0x00007f175c519000)]
  0x00007f1754026000 JavaThread "element-tracking-store-worker" daemon [_thread_blocked, id=118, stack(0x00007f175c117000,0x00007f175c218000)]
  0x00007f17610ac800 JavaThread "IPC Parameter Sending Thread #0" daemon [_thread_blocked, id=122, stack(0x00007f173aaff000,0x00007f173ac00000)]
  0x00007f176182e800 JavaThread "spark-listener-group-streams" daemon [_thread_blocked, id=131, stack(0x00007f173a7fe000,0x00007f173a8ff000)]
  0x00007f176119a800 JavaThread "org.apache.hadoop.hdfs.PeerCache@222939cf" daemon [_thread_blocked, id=132, stack(0x00007f173a0fd000,0x00007f173a1fe000)]
  0x00007f1761584000 JavaThread "stream execution thread for [id = acb3e983-9175-4819-8ba3-87ccbd9c99a3, runId = 7165101f-8889-4ea1-8613-33a5df1c2745]" daemon [_thread_blocked, id=134, stack(0x00007f17392fb000,0x00007f17393fc000)]
  0x00007f1761592000 JavaThread "stream execution thread for [id = 1d114f41-89a6-4f55-9c97-6846aa78c284, runId = fe3bd322-5bd7-414b-b449-ef70184f70a3]" daemon [_thread_blocked, id=136, stack(0x00007f17393fc000,0x00007f17394fd000)]
  0x00007f1798040000 JavaThread "IPC Parameter Sending Thread #1" daemon [_thread_blocked, id=139, stack(0x00007f1738ef9000,0x00007f1738ffa000)]
  0x00007f179c0e7800 JavaThread "LeaseRenewer:root@namenode:8020" daemon [_thread_blocked, id=142, stack(0x00007f17389f6000,0x00007f1738af7000)]
  0x00007f179c079800 JavaThread "async-log-purge" daemon [_thread_blocked, id=149, stack(0x00007f1738af7000,0x00007f1738bf8000)]
  0x00007f179804b800 JavaThread "async-log-purge" daemon [_thread_blocked, id=150, stack(0x00007f1738bf8000,0x00007f1738cf9000)]
  0x00007f173c02b800 JavaThread "Executor task launch worker for task 1.0 in stage 1.0 (TID 5)" daemon [_thread_in_Java, id=153, stack(0x00007f17388f5000,0x00007f17389f6000)]
  0x00007f173c02d000 JavaThread "Executor task launch worker for task 2.0 in stage 1.0 (TID 6)" daemon [_thread_in_Java, id=154, stack(0x00007f17387f4000,0x00007f17388f5000)]
  0x00007f173c031800 JavaThread "Executor task launch worker for task 0.0 in stage 1.0 (TID 4)" daemon [_thread_in_Java, id=155, stack(0x00007f17370cf000,0x00007f17371d0000)]
  0x00007f173c033800 JavaThread "Executor task launch worker for task 3.0 in stage 1.0 (TID 7)" daemon [_thread_blocked, id=156, stack(0x00007f1736fce000,0x00007f17370cf000)]
  0x00007f17580a2800 JavaThread "IPC Client (86145863) connection to namenode/172.18.0.7:8020 from root" daemon [_thread_blocked, id=157, stack(0x00007f175c016000,0x00007f175c117000)]
  0x00007f1798544000 JavaThread "PostgreSQL-JDBC-Cleaner" daemon [_thread_blocked, id=164, stack(0x00007f1735e83000,0x00007f1735f84000)]
  0x00007f1748012800 JavaThread "task-result-getter-0" daemon [_thread_blocked, id=169, stack(0x00007f17369ca000,0x00007f1736acb000)]
  0x00007f174801f800 JavaThread "task-result-getter-1" daemon [_thread_blocked, id=170, stack(0x00007f1736ccd000,0x00007f1736dce000)]
  0x00007f1750008000 JavaThread "task-result-getter-2" daemon [_thread_blocked, id=171, stack(0x00007f1736acb000,0x00007f1736bcc000)]
  0x00007f1748014000 JavaThread "task-result-getter-3" daemon [_thread_blocked, id=172, stack(0x00007f1736bcc000,0x00007f1736ccd000)]
  0x00007f178c571800 JavaThread "C2 CompilerThread1" daemon [_thread_blocked, id=182, stack(0x00007f173532b000,0x00007f173542c000)]

Other Threads:
  0x00007f17d811d000 VMThread "VM Thread" [stack: 0x00007f17ab700000,0x00007f17ab800000] [id=36] _threads_hazard_ptr=0x00007f178c5727d0
  0x00007f17d8197000 WatcherThread [stack: 0x00007f17aac2e000,0x00007f17aad2e000] [id=45]
  0x00007f17d8042800 GCTaskThread "GC Thread#0" [stack: 0x00007f17dcb89000,0x00007f17dcc89000] [id=31]
  0x00007f17a0001000 GCTaskThread "GC Thread#1" [stack: 0x00007f17aa6d3000,0x00007f17aa7d3000] [id=46]
  0x00007f17a0002800 GCTaskThread "GC Thread#2" [stack: 0x00007f17aa5d1000,0x00007f17aa6d1000] [id=47]
  0x00007f17a0050800 GCTaskThread "GC Thread#3" [stack: 0x00007f17a8197000,0x00007f17a8297000] [id=62]
  0x00007f17d805e000 ConcurrentGCThread "G1 Main Marker" [stack: 0x00007f17dc060000,0x00007f17dc160000] [id=32]
  0x00007f17d8060000 ConcurrentGCThread "G1 Conc#0" [stack: 0x00007f17c0711000,0x00007f17c0811000] [id=33]
  0x00007f17d80ee800 ConcurrentGCThread "G1 Refine#0" [stack: 0x00007f17c020b000,0x00007f17c030b000] [id=34]
  0x00007f17d80f0000 ConcurrentGCThread "G1 Young RemSet Sampling" [stack: 0x00007f17c0109000,0x00007f17c0209000] [id=35]

Threads with active compile tasks:
C2 CompilerThread0   136547 14603       4       org.codehaus.janino.Scanner::scan (532 bytes)
C1 CompilerThread0   136550 14984       2       java.time.LocalDate::from (68 bytes)
C2 CompilerThread1   136552 14752 % !   4       com.sun.crypto.provider.PBKDF2KeyImpl::deriveKey @ 191 (295 bytes)

VM state:synchronizing (normal execution)

VM Mutex/Monitor currently owned by a thread:  ([mutex/lock_event])
[0x00007f17d8027b00] Safepoint_lock - owner thread: 0x00007f17d811d000
[0x00007f17d8027b90] Threads_lock - owner thread: 0x00007f17d811d000

Heap address: 0x00000000c0000000, size: 1024 MB, Compressed Oops mode: 32-bit
Narrow klass base: 0x0000000800000000, Narrow klass shift: 3
Compressed class space size: 1073741824 Address: 0x0000000840000000

Heap:
 garbage-first heap   total 229376K, used 154848K [0x00000000c0000000, 0x0000000100000000)
  region size 1024K, 19 young (19456K), 6 survivors (6144K)
 Metaspace       used 155113K, capacity 162492K, committed 162624K, reserved 1187840K
  class space    used 21156K, capacity 24820K, committed 24832K, reserved 1048576K
Heap Regions: E=young(eden), S=young(survivor), O=old, HS=humongous(starts), HC=humongous(continues), CS=collection set, F=free, A=archive, TAMS=top-at-mark-start (previous, next)
|   0|0x00000000c0000000, 0x00000000c0100000, 0x00000000c0100000|100%|HS|  |TAMS 0x00000000c0100000, 0x00000000c0100000| Complete 
|   1|0x00000000c0100000, 0x00000000c0200000, 0x00000000c0200000|100%|HS|  |TAMS 0x00000000c0200000, 0x00000000c0200000| Complete 
|   2|0x00000000c0200000, 0x00000000c0300000, 0x00000000c0300000|100%|HS|  |TAMS 0x00000000c0300000, 0x00000000c0300000| Complete 
|   3|0x00000000c0300000, 0x00000000c0400000, 0x00000000c0400000|100%| O|  |TAMS 0x00000000c0400000, 0x00000000c0400000| Untracked 
|   4|0x00000000c0400000, 0x00000000c0500000, 0x00000000c0500000|100%| O|  |TAMS 0x00000000c0500000, 0x00000000c0500000| Untracked 
|   5|0x00000000c0500000, 0x00000000c0600000, 0x00000000c0600000|100%| O|  |TAMS 0x00000000c0600000, 0x00000000c0600000| Untracked 
|   6|0x00000000c0600000, 0x00000000c0700000, 0x00000000c0700000|100%| O|  |TAMS 0x00000000c0700000, 0x00000000c0700000| Untracked 
|   7|0x00000000c0700000, 0x00000000c0800000, 0x00000000c0800000|100%| O|  |TAMS 0x00000000c0800000, 0x00000000c0800000| Untracked 
|   8|0x00000000c0800000, 0x00000000c0900000, 0x00000000c0900000|100%| O|  |TAMS 0x00000000c0900000, 0x00000000c0900000| Untracked 
|   9|0x00000000c0900000, 0x00000000c0a00000, 0x00000000c0a00000|100%| O|  |TAMS 0x00000000c0a00000, 0x00000000c0a00000| Untracked 
|  10|0x00000000c0a00000, 0x00000000c0b00000, 0x00000000c0b00000|100%| O|  |TAMS 0x00000000c0b00000, 0x00000000c0b00000| Untracked 
|  11|0x00000000c0b00000, 0x00000000c0c00000, 0x00000000c0c00000|100%| O|  |TAMS 0x00000000c0c00000, 0x00000000c0c00000| Untracked 
|  12|0x00000000c0c00000, 0x00000000c0d00000, 0x00000000c0d00000|100%|HS|  |TAMS 0x00000000c0d00000, 0x00000000c0d00000| Complete 
|  13|0x00000000c0d00000, 0x00000000c0e00000, 0x00000000c0e00000|100%|HS|  |TAMS 0x00000000c0e00000, 0x00000000c0e00000| Complete 
|  14|0x00000000c0e00000, 0x00000000c0f00000, 0x00000000c0f00000|100%|HC|  |TAMS 0x00000000c0f00000, 0x00000000c0f00000| Complete 
|  15|0x00000000c0f00000, 0x00000000c1000000, 0x00000000c1000000|100%| O|  |TAMS 0x00000000c1000000, 0x00000000c1000000| Untracked 
|  16|0x00000000c1000000, 0x00000000c1100000, 0x00000000c1100000|100%| O|  |TAMS 0x00000000c1100000, 0x00000000c1100000| Untracked 
|  17|0x00000000c1100000, 0x00000000c1200000, 0x00000000c1200000|100%|HS|  |TAMS 0x00000000c1200000, 0x00000000c1200000| Complete 
|  18|0x00000000c1200000, 0x00000000c1300000, 0x00000000c1300000|100%|HC|  |TAMS 0x00000000c1300000, 0x00000000c1300000| Complete 
|  19|0x00000000c1300000, 0x00000000c1400000, 0x00000000c1400000|100%|HC|  |TAMS 0x00000000c1400000, 0x00000000c1400000| Complete 
|  20|0x00000000c1400000, 0x00000000c1500000, 0x00000000c1500000|100%| O|  |TAMS 0x00000000c1500000, 0x00000000c1500000| Untracked 
|  21|0x00000000c1500000, 0x00000000c1600000, 0x00000000c1600000|100%| O|  |TAMS 0x00000000c1600000, 0x00000000c1600000| Untracked 
|  22|0x00000000c1600000, 0x00000000c1700000, 0x00000000c1700000|100%| O|  |TAMS 0x00000000c1700000, 0x00000000c1700000| Untracked 
|  23|0x00000000c1700000, 0x00000000c1800000, 0x00000000c1800000|100%| O|  |TAMS 0x00000000c1800000, 0x00000000c1800000| Untracked 
|  24|0x00000000c1800000, 0x00000000c1900000, 0x00000000c1900000|100%| O|  |TAMS 0x00000000c1900000, 0x00000000c1900000| Untracked 
|  25|0x00000000c1900000, 0x00000000c1a00000, 0x00000000c1a00000|100%| O|  |TAMS 0x00000000c1a00000, 0x00000000c1a00000| Untracked 
|  26|0x00000000c1a00000, 0x00000000c1b00000, 0x00000000c1b00000|100%| O|  |TAMS 0x00000000c1b00000, 0x00000000c1b00000| Untracked 
|  27|0x00000000c1b00000, 0x00000000c1c00000, 0x00000000c1c00000|100%| O|  |TAMS 0x00000000c1c00000, 0x00000000c1c00000| Untracked 
|  28|0x00000000c1c00000, 0x00000000c1d00000, 0x00000000c1d00000|100%| O|  |TAMS 0x00000000c1d00000, 0x00000000c1d00000| Untracked 
|  29|0x00000000c1d00000, 0x00000000c1e00000, 0x00000000c1e00000|100%| O|  |TAMS 0x00000000c1e00000, 0x00000000c1e00000| Untracked 
|  30|0x00000000c1e00000, 0x00000000c1f00000, 0x00000000c1f00000|100%| O|  |TAMS 0x00000000c1f00000, 0x00000000c1f00000| Untracked 
|  31|0x00000000c1f00000, 0x00000000c2000000, 0x00000000c2000000|100%| O|  |TAMS 0x00000000c2000000, 0x00000000c2000000| Untracked 
|  32|0x00000000c2000000, 0x00000000c2100000, 0x00000000c2100000|100%| O|  |TAMS 0x00000000c2100000, 0x00000000c2100000| Untracked 
|  33|0x00000000c2100000, 0x00000000c2200000, 0x00000000c2200000|100%| O|  |TAMS 0x00000000c2200000, 0x00000000c2200000| Untracked 
|  34|0x00000000c2200000, 0x00000000c2300000, 0x00000000c2300000|100%| O|  |TAMS 0x00000000c2300000, 0x00000000c2300000| Untracked 
|  35|0x00000000c2300000, 0x00000000c2400000, 0x00000000c2400000|100%| O|  |TAMS 0x00000000c2400000, 0x00000000c2400000| Untracked 
|  36|0x00000000c2400000, 0x00000000c2500000, 0x00000000c2500000|100%| O|  |TAMS 0x00000000c2500000, 0x00000000c2500000| Untracked 
|  37|0x00000000c2500000, 0x00000000c2600000, 0x00000000c2600000|100%| O|  |TAMS 0x00000000c2600000, 0x00000000c2600000| Untracked 
|  38|0x00000000c2600000, 0x00000000c2700000, 0x00000000c2700000|100%| O|  |TAMS 0x00000000c2700000, 0x00000000c2700000| Untracked 
|  39|0x00000000c2700000, 0x00000000c2800000, 0x00000000c2800000|100%| O|  |TAMS 0x00000000c2800000, 0x00000000c2800000| Untracked 
|  40|0x00000000c2800000, 0x00000000c2900000, 0x00000000c2900000|100%| O|  |TAMS 0x00000000c2900000, 0x00000000c2900000| Untracked 
|  41|0x00000000c2900000, 0x00000000c2a00000, 0x00000000c2a00000|100%| O|  |TAMS 0x00000000c2a00000, 0x00000000c2a00000| Untracked 
|  42|0x00000000c2a00000, 0x00000000c2b00000, 0x00000000c2b00000|100%| O|  |TAMS 0x00000000c2b00000, 0x00000000c2b00000| Untracked 
|  43|0x00000000c2b00000, 0x00000000c2c00000, 0x00000000c2c00000|100%| O|  |TAMS 0x00000000c2c00000, 0x00000000c2c00000| Untracked 
|  44|0x00000000c2c00000, 0x00000000c2d00000, 0x00000000c2d00000|100%| O|  |TAMS 0x00000000c2d00000, 0x00000000c2d00000| Untracked 
|  45|0x00000000c2d00000, 0x00000000c2e00000, 0x00000000c2e00000|100%| O|  |TAMS 0x00000000c2e00000, 0x00000000c2e00000| Untracked 
|  46|0x00000000c2e00000, 0x00000000c2f00000, 0x00000000c2f00000|100%| O|  |TAMS 0x00000000c2f00000, 0x00000000c2f00000| Untracked 
|  47|0x00000000c2f00000, 0x00000000c3000000, 0x00000000c3000000|100%| O|  |TAMS 0x00000000c3000000, 0x00000000c3000000| Untracked 
|  48|0x00000000c3000000, 0x00000000c3100000, 0x00000000c3100000|100%| O|  |TAMS 0x00000000c3100000, 0x00000000c3100000| Untracked 
|  49|0x00000000c3100000, 0x00000000c3200000, 0x00000000c3200000|100%| O|  |TAMS 0x00000000c3200000, 0x00000000c3200000| Untracked 
|  50|0x00000000c3200000, 0x00000000c3300000, 0x00000000c3300000|100%| O|  |TAMS 0x00000000c3300000, 0x00000000c3300000| Untracked 
|  51|0x00000000c3300000, 0x00000000c3400000, 0x00000000c3400000|100%| O|  |TAMS 0x00000000c3400000, 0x00000000c3400000| Untracked 
|  52|0x00000000c3400000, 0x00000000c3500000, 0x00000000c3500000|100%| O|  |TAMS 0x00000000c3500000, 0x00000000c3500000| Untracked 
|  53|0x00000000c3500000, 0x00000000c3600000, 0x00000000c3600000|100%| O|  |TAMS 0x00000000c3600000, 0x00000000c3600000| Untracked 
|  54|0x00000000c3600000, 0x00000000c3700000, 0x00000000c3700000|100%| O|  |TAMS 0x00000000c3700000, 0x00000000c3700000| Untracked 
|  55|0x00000000c3700000, 0x00000000c3800000, 0x00000000c3800000|100%| O|  |TAMS 0x00000000c3800000, 0x00000000c3800000| Untracked 
|  56|0x00000000c3800000, 0x00000000c3900000, 0x00000000c3900000|100%| O|  |TAMS 0x00000000c3900000, 0x00000000c3900000| Untracked 
|  57|0x00000000c3900000, 0x00000000c3a00000, 0x00000000c3a00000|100%| O|  |TAMS 0x00000000c3a00000, 0x00000000c3a00000| Untracked 
|  58|0x00000000c3a00000, 0x00000000c3b00000, 0x00000000c3b00000|100%| O|  |TAMS 0x00000000c3b00000, 0x00000000c3b00000| Untracked 
|  59|0x00000000c3b00000, 0x00000000c3c00000, 0x00000000c3c00000|100%| O|  |TAMS 0x00000000c3c00000, 0x00000000c3c00000| Untracked 
|  60|0x00000000c3c00000, 0x00000000c3d00000, 0x00000000c3d00000|100%| O|  |TAMS 0x00000000c3d00000, 0x00000000c3d00000| Untracked 
|  61|0x00000000c3d00000, 0x00000000c3e00000, 0x00000000c3e00000|100%| O|  |TAMS 0x00000000c3e00000, 0x00000000c3e00000| Untracked 
|  62|0x00000000c3e00000, 0x00000000c3f00000, 0x00000000c3f00000|100%| O|  |TAMS 0x00000000c3f00000, 0x00000000c3f00000| Untracked 
|  63|0x00000000c3f00000, 0x00000000c4000000, 0x00000000c4000000|100%| O|  |TAMS 0x00000000c4000000, 0x00000000c4000000| Untracked 
|  64|0x00000000c4000000, 0x00000000c4100000, 0x00000000c4100000|100%| O|  |TAMS 0x00000000c4100000, 0x00000000c4100000| Untracked 
|  65|0x00000000c4100000, 0x00000000c4200000, 0x00000000c4200000|100%| O|  |TAMS 0x00000000c4200000, 0x00000000c4200000| Untracked 
|  66|0x00000000c4200000, 0x00000000c4300000, 0x00000000c4300000|100%| O|  |TAMS 0x00000000c4300000, 0x00000000c4300000| Untracked 
|  67|0x00000000c4300000, 0x00000000c4400000, 0x00000000c4400000|100%|HS|  |TAMS 0x00000000c4300000, 0x00000000c4300000| Complete 
|  68|0x00000000c4400000, 0x00000000c4500000, 0x00000000c4500000|100%|HC|  |TAMS 0x00000000c4400000, 0x00000000c4400000| Complete 
|  69|0x00000000c4500000, 0x00000000c4600000, 0x00000000c4600000|100%|HC|  |TAMS 0x00000000c4500000, 0x00000000c4500000| Complete 
|  70|0x00000000c4600000, 0x00000000c4700000, 0x00000000c4700000|100%| O|  |TAMS 0x00000000c4600000, 0x00000000c4700000| Untracked 
|  71|0x00000000c4700000, 0x00000000c4800000, 0x00000000c4800000|100%| O|  |TAMS 0x00000000c4700000, 0x00000000c4800000| Untracked 
|  72|0x00000000c4800000, 0x00000000c4900000, 0x00000000c4900000|100%| O|  |TAMS 0x00000000c4800000, 0x00000000c4900000| Untracked 
|  73|0x00000000c4900000, 0x00000000c4a00000, 0x00000000c4a00000|100%|HS|  |TAMS 0x00000000c4900000, 0x00000000c4900000| Complete 
|  74|0x00000000c4a00000, 0x00000000c4b00000, 0x00000000c4b00000|100%|HC|  |TAMS 0x00000000c4a00000, 0x00000000c4a00000| Complete 
|  75|0x00000000c4b00000, 0x00000000c4c00000, 0x00000000c4c00000|100%|HC|  |TAMS 0x00000000c4b00000, 0x00000000c4b00000| Complete 
|  76|0x00000000c4c00000, 0x00000000c4d00000, 0x00000000c4d00000|100%|HS|  |TAMS 0x00000000c4d00000, 0x00000000c4d00000| Complete 
|  77|0x00000000c4d00000, 0x00000000c4e00000, 0x00000000c4e00000|100%|HC|  |TAMS 0x00000000c4e00000, 0x00000000c4e00000| Complete 
|  78|0x00000000c4e00000, 0x00000000c4f00000, 0x00000000c4f00000|100%|HS|  |TAMS 0x00000000c4f00000, 0x00000000c4f00000| Complete 
|  79|0x00000000c4f00000, 0x00000000c5000000, 0x00000000c5000000|100%|HC|  |TAMS 0x00000000c5000000, 0x00000000c5000000| Complete 
|  80|0x00000000c5000000, 0x00000000c5100000, 0x00000000c5100000|100%|HS|  |TAMS 0x00000000c5100000, 0x00000000c5100000| Complete 
|  81|0x00000000c5100000, 0x00000000c5200000, 0x00000000c5200000|100%|HC|  |TAMS 0x00000000c5200000, 0x00000000c5200000| Complete 
|  82|0x00000000c5200000, 0x00000000c5300000, 0x00000000c5300000|100%| O|  |TAMS 0x00000000c5200000, 0x00000000c5300000| Untracked 
|  83|0x00000000c5300000, 0x00000000c539b200, 0x00000000c5400000| 60%| O|  |TAMS 0x00000000c5300000, 0x00000000c539b200| Untracked 
|  84|0x00000000c5400000, 0x00000000c5500000, 0x00000000c5500000|100%| O|  |TAMS 0x00000000c5500000, 0x00000000c5500000| Untracked 
|  85|0x00000000c5500000, 0x00000000c5600000, 0x00000000c5600000|100%| O|  |TAMS 0x00000000c5600000, 0x00000000c5600000| Untracked 
|  86|0x00000000c5600000, 0x00000000c5700000, 0x00000000c5700000|100%| O|  |TAMS 0x00000000c5700000, 0x00000000c5700000| Untracked 
|  87|0x00000000c5700000, 0x00000000c5800000, 0x00000000c5800000|100%| O|  |TAMS 0x00000000c5800000, 0x00000000c5800000| Untracked 
|  88|0x00000000c5800000, 0x00000000c5900000, 0x00000000c5900000|100%| O|  |TAMS 0x00000000c5900000, 0x00000000c5900000| Untracked 
|  89|0x00000000c5900000, 0x00000000c5a00000, 0x00000000c5a00000|100%| O|  |TAMS 0x00000000c5a00000, 0x00000000c5a00000| Untracked 
|  90|0x00000000c5a00000, 0x00000000c5b00000, 0x00000000c5b00000|100%|HS|  |TAMS 0x00000000c5a00000, 0x00000000c5b00000| Complete 
|  91|0x00000000c5b00000, 0x00000000c5c00000, 0x00000000c5c00000|100%|HC|  |TAMS 0x00000000c5b00000, 0x00000000c5c00000| Complete 
|  92|0x00000000c5c00000, 0x00000000c5d00000, 0x00000000c5d00000|100%|HC|  |TAMS 0x00000000c5c00000, 0x00000000c5d00000| Complete 
|  93|0x00000000c5d00000, 0x00000000c5e00000, 0x00000000c5e00000|100%|HS|  |TAMS 0x00000000c5d00000, 0x00000000c5d00000| Complete 
|  94|0x00000000c5e00000, 0x00000000c5f00000, 0x00000000c5f00000|100%|HC|  |TAMS 0x00000000c5e00000, 0x00000000c5e00000| Complete 
|  95|0x00000000c5f00000, 0x00000000c6000000, 0x00000000c6000000|100%|HC|  |TAMS 0x00000000c5f00000, 0x00000000c5f00000| Complete 
|  96|0x00000000c6000000, 0x00000000c6100000, 0x00000000c6100000|100%|HS|  |TAMS 0x00000000c6000000, 0x00000000c6100000| Complete 
|  97|0x00000000c6100000, 0x00000000c6200000, 0x00000000c6200000|100%|HC|  |TAMS 0x00000000c6100000, 0x00000000c6200000| Complete 
|  98|0x00000000c6200000, 0x00000000c6300000, 0x00000000c6300000|100%|HC|  |TAMS 0x00000000c6200000, 0x00000000c6300000| Complete 
|  99|0x00000000c6300000, 0x00000000c6400000, 0x00000000c6400000|100%|HS|  |TAMS 0x00000000c6300000, 0x00000000c6300000| Complete 
| 100|0x00000000c6400000, 0x00000000c6500000, 0x00000000c6500000|100%|HC|  |TAMS 0x00000000c6400000, 0x00000000c6400000| Complete 
| 101|0x00000000c6500000, 0x00000000c6600000, 0x00000000c6600000|100%|HC|  |TAMS 0x00000000c6500000, 0x00000000c6500000| Complete 
| 102|0x00000000c6600000, 0x00000000c6700000, 0x00000000c6700000|100%|HS|  |TAMS 0x00000000c6600000, 0x00000000c6600000| Complete 
| 103|0x00000000c6700000, 0x00000000c6800000, 0x00000000c6800000|100%|HC|  |TAMS 0x00000000c6700000, 0x00000000c6700000| Complete 
| 104|0x00000000c6800000, 0x00000000c6900000, 0x00000000c6900000|100%|HC|  |TAMS 0x00000000c6800000, 0x00000000c6800000| Complete 
| 105|0x00000000c6900000, 0x00000000c6a00000, 0x00000000c6a00000|100%|HS|  |TAMS 0x00000000c6900000, 0x00000000c6900000| Complete 
| 106|0x00000000c6a00000, 0x00000000c6b00000, 0x00000000c6b00000|100%|HC|  |TAMS 0x00000000c6a00000, 0x00000000c6a00000| Complete 
| 107|0x00000000c6b00000, 0x00000000c6c00000, 0x00000000c6c00000|100%|HC|  |TAMS 0x00000000c6b00000, 0x00000000c6b00000| Complete 
| 108|0x00000000c6c00000, 0x00000000c6d00000, 0x00000000c6d00000|100%|HS|  |TAMS 0x00000000c6c00000, 0x00000000c6c00000| Complete 
| 109|0x00000000c6d00000, 0x00000000c6e00000, 0x00000000c6e00000|100%|HC|  |TAMS 0x00000000c6d00000, 0x00000000c6d00000| Complete 
| 110|0x00000000c6e00000, 0x00000000c6f00000, 0x00000000c6f00000|100%|HC|  |TAMS 0x00000000c6e00000, 0x00000000c6e00000| Complete 
| 111|0x00000000c6f00000, 0x00000000c7000000, 0x00000000c7000000|100%|HS|  |TAMS 0x00000000c6f00000, 0x00000000c6f00000| Complete 
| 112|0x00000000c7000000, 0x00000000c7100000, 0x00000000c7100000|100%|HC|  |TAMS 0x00000000c7000000, 0x00000000c7000000| Complete 
| 113|0x00000000c7100000, 0x00000000c7200000, 0x00000000c7200000|100%|HC|  |TAMS 0x00000000c7100000, 0x00000000c7100000| Complete 
| 114|0x00000000c7200000, 0x00000000c7300000, 0x00000000c7300000|100%|HS|  |TAMS 0x00000000c7200000, 0x00000000c7200000| Complete 
| 115|0x00000000c7300000, 0x00000000c7400000, 0x00000000c7400000|100%|HC|  |TAMS 0x00000000c7300000, 0x00000000c7300000| Complete 
| 116|0x00000000c7400000, 0x00000000c7500000, 0x00000000c7500000|100%|HC|  |TAMS 0x00000000c7400000, 0x00000000c7400000| Complete 
| 117|0x00000000c7500000, 0x00000000c7600000, 0x00000000c7600000|100%|HS|  |TAMS 0x00000000c7500000, 0x00000000c7500000| Complete 
| 118|0x00000000c7600000, 0x00000000c7700000, 0x00000000c7700000|100%|HC|  |TAMS 0x00000000c7600000, 0x00000000c7600000| Complete 
| 119|0x00000000c7700000, 0x00000000c7800000, 0x00000000c7800000|100%|HC|  |TAMS 0x00000000c7700000, 0x00000000c7700000| Complete 
| 120|0x00000000c7800000, 0x00000000c7900000, 0x00000000c7900000|100%|HS|  |TAMS 0x00000000c7800000, 0x00000000c7800000| Complete 
| 121|0x00000000c7900000, 0x00000000c7a00000, 0x00000000c7a00000|100%|HC|  |TAMS 0x00000000c7900000, 0x00000000c7900000| Complete 
| 122|0x00000000c7a00000, 0x00000000c7b00000, 0x00000000c7b00000|100%|HC|  |TAMS 0x00000000c7a00000, 0x00000000c7a00000| Complete 
| 123|0x00000000c7b00000, 0x00000000c7c00000, 0x00000000c7c00000|100%|HS|  |TAMS 0x00000000c7b00000, 0x00000000c7b00000| Complete 
| 124|0x00000000c7c00000, 0x00000000c7d00000, 0x00000000c7d00000|100%|HC|  |TAMS 0x00000000c7c00000, 0x00000000c7c00000| Complete 
| 125|0x00000000c7d00000, 0x00000000c7e00000, 0x00000000c7e00000|100%|HC|  |TAMS 0x00000000c7d00000, 0x00000000c7d00000| Complete 
| 126|0x00000000c7e00000, 0x00000000c7f00000, 0x00000000c7f00000|100%|HS|  |TAMS 0x00000000c7e00000, 0x00000000c7e00000| Complete 
| 127|0x00000000c7f00000, 0x00000000c8000000, 0x00000000c8000000|100%|HC|  |TAMS 0x00000000c7f00000, 0x00000000c7f00000| Complete 
| 128|0x00000000c8000000, 0x00000000c8000000, 0x00000000c8100000|  0%| F|  |TAMS 0x00000000c8000000, 0x00000000c8000000| Untracked 
| 129|0x00000000c8100000, 0x00000000c8200000, 0x00000000c8200000|100%| O|  |TAMS 0x00000000c8200000, 0x00000000c8200000| Untracked 
| 130|0x00000000c8200000, 0x00000000c8300000, 0x00000000c8300000|100%| O|  |TAMS 0x00000000c8300000, 0x00000000c8300000| Untracked 
| 131|0x00000000c8300000, 0x00000000c8400000, 0x00000000c8400000|100%| O|  |TAMS 0x00000000c8325c00, 0x00000000c8400000| Untracked 
| 132|0x00000000c8400000, 0x00000000c8500000, 0x00000000c8500000|100%|HS|  |TAMS 0x00000000c8400000, 0x00000000c8400000| Complete 
| 133|0x00000000c8500000, 0x00000000c8600000, 0x00000000c8600000|100%|HC|  |TAMS 0x00000000c8500000, 0x00000000c8500000| Complete 
| 134|0x00000000c8600000, 0x00000000c8700000, 0x00000000c8700000|100%|HC|  |TAMS 0x00000000c8600000, 0x00000000c8600000| Complete 
| 135|0x00000000c8700000, 0x00000000c8700000, 0x00000000c8800000|  0%| F|  |TAMS 0x00000000c8700000, 0x00000000c8700000| Untracked 
| 136|0x00000000c8800000, 0x00000000c8800000, 0x00000000c8900000|  0%| F|  |TAMS 0x00000000c8800000, 0x00000000c8800000| Untracked 
| 137|0x00000000c8900000, 0x00000000c8900000, 0x00000000c8a00000|  0%| F|  |TAMS 0x00000000c8900000, 0x00000000c8900000| Untracked 
| 138|0x00000000c8a00000, 0x00000000c8a00000, 0x00000000c8b00000|  0%| F|  |TAMS 0x00000000c8a00000, 0x00000000c8a00000| Untracked 
| 139|0x00000000c8b00000, 0x00000000c8b00000, 0x00000000c8c00000|  0%| F|  |TAMS 0x00000000c8b00000, 0x00000000c8b00000| Untracked 
| 140|0x00000000c8c00000, 0x00000000c8c00000, 0x00000000c8d00000|  0%| F|  |TAMS 0x00000000c8c00000, 0x00000000c8c00000| Untracked 
| 141|0x00000000c8d00000, 0x00000000c8d00000, 0x00000000c8e00000|  0%| F|  |TAMS 0x00000000c8d00000, 0x00000000c8d00000| Untracked 
| 142|0x00000000c8e00000, 0x00000000c8e00000, 0x00000000c8f00000|  0%| F|  |TAMS 0x00000000c8e00000, 0x00000000c8e00000| Untracked 
| 143|0x00000000c8f00000, 0x00000000c8f00000, 0x00000000c9000000|  0%| F|  |TAMS 0x00000000c8f00000, 0x00000000c8f00000| Untracked 
| 144|0x00000000c9000000, 0x00000000c9000000, 0x00000000c9100000|  0%| F|  |TAMS 0x00000000c9000000, 0x00000000c9000000| Untracked 
| 145|0x00000000c9100000, 0x00000000c9100000, 0x00000000c9200000|  0%| F|  |TAMS 0x00000000c9100000, 0x00000000c9100000| Untracked 
| 146|0x00000000c9200000, 0x00000000c9200000, 0x00000000c9300000|  0%| F|  |TAMS 0x00000000c9200000, 0x00000000c9200000| Untracked 
| 147|0x00000000c9300000, 0x00000000c9300000, 0x00000000c9400000|  0%| F|  |TAMS 0x00000000c9300000, 0x00000000c9300000| Untracked 
| 148|0x00000000c9400000, 0x00000000c9400000, 0x00000000c9500000|  0%| F|  |TAMS 0x00000000c9400000, 0x00000000c9400000| Untracked 
| 149|0x00000000c9500000, 0x00000000c9500000, 0x00000000c9600000|  0%| F|  |TAMS 0x00000000c9500000, 0x00000000c9500000| Untracked 
| 150|0x00000000c9600000, 0x00000000c9600000, 0x00000000c9700000|  0%| F|  |TAMS 0x00000000c9600000, 0x00000000c9600000| Untracked 
| 151|0x00000000c9700000, 0x00000000c9700000, 0x00000000c9800000|  0%| F|  |TAMS 0x00000000c9700000, 0x00000000c9700000| Untracked 
| 152|0x00000000c9800000, 0x00000000c9800000, 0x00000000c9900000|  0%| F|  |TAMS 0x00000000c9800000, 0x00000000c9800000| Untracked 
| 153|0x00000000c9900000, 0x00000000c9900000, 0x00000000c9a00000|  0%| F|  |TAMS 0x00000000c9900000, 0x00000000c9900000| Untracked 
| 154|0x00000000c9a00000, 0x00000000c9a00000, 0x00000000c9b00000|  0%| F|  |TAMS 0x00000000c9a00000, 0x00000000c9a00000| Untracked 
| 155|0x00000000c9b00000, 0x00000000c9b00000, 0x00000000c9c00000|  0%| F|  |TAMS 0x00000000c9b00000, 0x00000000c9b00000| Untracked 
| 156|0x00000000c9c00000, 0x00000000c9c00000, 0x00000000c9d00000|  0%| F|  |TAMS 0x00000000c9c00000, 0x00000000c9c00000| Untracked 
| 157|0x00000000c9d00000, 0x00000000c9d00000, 0x00000000c9e00000|  0%| F|  |TAMS 0x00000000c9d00000, 0x00000000c9d00000| Untracked 
| 158|0x00000000c9e00000, 0x00000000c9e00000, 0x00000000c9f00000|  0%| F|  |TAMS 0x00000000c9e00000, 0x00000000c9e00000| Untracked 
| 159|0x00000000c9f00000, 0x00000000c9f00000, 0x00000000ca000000|  0%| F|  |TAMS 0x00000000c9f00000, 0x00000000c9f00000| Untracked 
| 160|0x00000000ca000000, 0x00000000ca000000, 0x00000000ca100000|  0%| F|  |TAMS 0x00000000ca000000, 0x00000000ca000000| Untracked 
| 161|0x00000000ca100000, 0x00000000ca100000, 0x00000000ca200000|  0%| F|  |TAMS 0x00000000ca100000, 0x00000000ca100000| Untracked 
| 162|0x00000000ca200000, 0x00000000ca200000, 0x00000000ca300000|  0%| F|  |TAMS 0x00000000ca200000, 0x00000000ca200000| Untracked 
| 163|0x00000000ca300000, 0x00000000ca300000, 0x00000000ca400000|  0%| F|  |TAMS 0x00000000ca300000, 0x00000000ca300000| Untracked 
| 164|0x00000000ca400000, 0x00000000ca400000, 0x00000000ca500000|  0%| F|  |TAMS 0x00000000ca400000, 0x00000000ca400000| Untracked 
| 165|0x00000000ca500000, 0x00000000ca500000, 0x00000000ca600000|  0%| F|  |TAMS 0x00000000ca500000, 0x00000000ca500000| Untracked 
| 166|0x00000000ca600000, 0x00000000ca600000, 0x00000000ca700000|  0%| F|  |TAMS 0x00000000ca600000, 0x00000000ca600000| Untracked 
| 167|0x00000000ca700000, 0x00000000ca700000, 0x00000000ca800000|  0%| F|  |TAMS 0x00000000ca700000, 0x00000000ca700000| Untracked 
| 168|0x00000000ca800000, 0x00000000ca800000, 0x00000000ca900000|  0%| F|  |TAMS 0x00000000ca800000, 0x00000000ca800000| Untracked 
| 169|0x00000000ca900000, 0x00000000ca900000, 0x00000000caa00000|  0%| F|  |TAMS 0x00000000ca900000, 0x00000000ca900000| Untracked 
| 170|0x00000000caa00000, 0x00000000caa00000, 0x00000000cab00000|  0%| F|  |TAMS 0x00000000caa00000, 0x00000000caa00000| Untracked 
| 171|0x00000000cab00000, 0x00000000cab00000, 0x00000000cac00000|  0%| F|  |TAMS 0x00000000cab00000, 0x00000000cab00000| Untracked 
| 172|0x00000000cac00000, 0x00000000cac00000, 0x00000000cad00000|  0%| F|  |TAMS 0x00000000cac00000, 0x00000000cac00000| Untracked 
| 173|0x00000000cad00000, 0x00000000cad00000, 0x00000000cae00000|  0%| F|  |TAMS 0x00000000cad00000, 0x00000000cad00000| Untracked 
| 174|0x00000000cae00000, 0x00000000cae00000, 0x00000000caf00000|  0%| F|  |TAMS 0x00000000cae00000, 0x00000000cae00000| Untracked 
| 175|0x00000000caf00000, 0x00000000caf00000, 0x00000000cb000000|  0%| F|  |TAMS 0x00000000caf00000, 0x00000000caf00000| Untracked 
| 176|0x00000000cb000000, 0x00000000cb000000, 0x00000000cb100000|  0%| F|  |TAMS 0x00000000cb000000, 0x00000000cb000000| Untracked 
| 177|0x00000000cb100000, 0x00000000cb100000, 0x00000000cb200000|  0%| F|  |TAMS 0x00000000cb100000, 0x00000000cb100000| Untracked 
| 178|0x00000000cb200000, 0x00000000cb200000, 0x00000000cb300000|  0%| F|  |TAMS 0x00000000cb200000, 0x00000000cb200000| Untracked 
| 179|0x00000000cb300000, 0x00000000cb300000, 0x00000000cb400000|  0%| F|  |TAMS 0x00000000cb300000, 0x00000000cb300000| Untracked 
| 180|0x00000000cb400000, 0x00000000cb400000, 0x00000000cb500000|  0%| F|  |TAMS 0x00000000cb400000, 0x00000000cb400000| Untracked 
| 181|0x00000000cb500000, 0x00000000cb500000, 0x00000000cb600000|  0%| F|  |TAMS 0x00000000cb500000, 0x00000000cb500000| Untracked 
| 182|0x00000000cb600000, 0x00000000cb600000, 0x00000000cb700000|  0%| F|  |TAMS 0x00000000cb600000, 0x00000000cb600000| Untracked 
| 183|0x00000000cb700000, 0x00000000cb7ea068, 0x00000000cb800000| 91%| S|CS|TAMS 0x00000000cb700000, 0x00000000cb700000| Complete 
| 184|0x00000000cb800000, 0x00000000cb900000, 0x00000000cb900000|100%| S|CS|TAMS 0x00000000cb800000, 0x00000000cb800000| Complete 
| 185|0x00000000cb900000, 0x00000000cba00000, 0x00000000cba00000|100%| S|CS|TAMS 0x00000000cb900000, 0x00000000cb900000| Complete 
| 186|0x00000000cba00000, 0x00000000cbb00000, 0x00000000cbb00000|100%| S|CS|TAMS 0x00000000cba00000, 0x00000000cba00000| Complete 
| 187|0x00000000cbb00000, 0x00000000cbc00000, 0x00000000cbc00000|100%| S|CS|TAMS 0x00000000cbb00000, 0x00000000cbb00000| Complete 
| 188|0x00000000cbc00000, 0x00000000cbd00000, 0x00000000cbd00000|100%| S|CS|TAMS 0x00000000cbc00000, 0x00000000cbc00000| Complete 
| 189|0x00000000cbd00000, 0x00000000cbd00000, 0x00000000cbe00000|  0%| F|  |TAMS 0x00000000cbd00000, 0x00000000cbd00000| Untracked 
| 190|0x00000000cbe00000, 0x00000000cbe00000, 0x00000000cbf00000|  0%| F|  |TAMS 0x00000000cbe00000, 0x00000000cbe00000| Untracked 
| 191|0x00000000cbf00000, 0x00000000cbf00000, 0x00000000cc000000|  0%| F|  |TAMS 0x00000000cbf00000, 0x00000000cbf00000| Untracked 
| 192|0x00000000cc000000, 0x00000000cc000000, 0x00000000cc100000|  0%| F|  |TAMS 0x00000000cc000000, 0x00000000cc000000| Untracked 
| 193|0x00000000cc100000, 0x00000000cc100000, 0x00000000cc200000|  0%| F|  |TAMS 0x00000000cc100000, 0x00000000cc100000| Untracked 
| 194|0x00000000cc200000, 0x00000000cc200000, 0x00000000cc300000|  0%| F|  |TAMS 0x00000000cc200000, 0x00000000cc200000| Untracked 
| 195|0x00000000cc300000, 0x00000000cc300000, 0x00000000cc400000|  0%| F|  |TAMS 0x00000000cc300000, 0x00000000cc300000| Untracked 
| 196|0x00000000cc400000, 0x00000000cc400000, 0x00000000cc500000|  0%| F|  |TAMS 0x00000000cc400000, 0x00000000cc400000| Untracked 
| 197|0x00000000cc500000, 0x00000000cc500000, 0x00000000cc600000|  0%| F|  |TAMS 0x00000000cc500000, 0x00000000cc500000| Untracked 
| 198|0x00000000cc600000, 0x00000000cc600000, 0x00000000cc700000|  0%| F|  |TAMS 0x00000000cc600000, 0x00000000cc600000| Untracked 
| 199|0x00000000cc700000, 0x00000000cc700000, 0x00000000cc800000|  0%| F|  |TAMS 0x00000000cc700000, 0x00000000cc700000| Untracked 
| 200|0x00000000cc800000, 0x00000000cc800000, 0x00000000cc900000|  0%| F|  |TAMS 0x00000000cc800000, 0x00000000cc800000| Untracked 
| 201|0x00000000cc900000, 0x00000000cc900000, 0x00000000cca00000|  0%| F|  |TAMS 0x00000000cc900000, 0x00000000cc900000| Untracked 
| 202|0x00000000cca00000, 0x00000000cca00000, 0x00000000ccb00000|  0%| F|  |TAMS 0x00000000cca00000, 0x00000000cca00000| Untracked 
| 203|0x00000000ccb00000, 0x00000000ccb00000, 0x00000000ccc00000|  0%| F|  |TAMS 0x00000000ccb00000, 0x00000000ccb00000| Untracked 
| 204|0x00000000ccc00000, 0x00000000ccc00000, 0x00000000ccd00000|  0%| F|  |TAMS 0x00000000ccc00000, 0x00000000ccc00000| Untracked 
| 205|0x00000000ccd00000, 0x00000000ccd00000, 0x00000000cce00000|  0%| F|  |TAMS 0x00000000ccd00000, 0x00000000ccd00000| Untracked 
| 206|0x00000000cce00000, 0x00000000cce00000, 0x00000000ccf00000|  0%| F|  |TAMS 0x00000000cce00000, 0x00000000cce00000| Untracked 
| 207|0x00000000ccf00000, 0x00000000ccf00000, 0x00000000cd000000|  0%| F|  |TAMS 0x00000000ccf00000, 0x00000000ccf00000| Untracked 
| 208|0x00000000cd000000, 0x00000000cd000000, 0x00000000cd100000|  0%| F|  |TAMS 0x00000000cd000000, 0x00000000cd000000| Untracked 
| 209|0x00000000cd100000, 0x00000000cd1c3580, 0x00000000cd200000| 76%| E|  |TAMS 0x00000000cd100000, 0x00000000cd100000| Complete 
| 210|0x00000000cd200000, 0x00000000cd300000, 0x00000000cd300000|100%| E|  |TAMS 0x00000000cd200000, 0x00000000cd200000| Complete 
| 211|0x00000000cd300000, 0x00000000cd400000, 0x00000000cd400000|100%| E|CS|TAMS 0x00000000cd300000, 0x00000000cd300000| Complete 
| 212|0x00000000cd400000, 0x00000000cd500000, 0x00000000cd500000|100%| E|CS|TAMS 0x00000000cd400000, 0x00000000cd400000| Complete 
| 213|0x00000000cd500000, 0x00000000cd600000, 0x00000000cd600000|100%| E|CS|TAMS 0x00000000cd500000, 0x00000000cd500000| Complete 
| 214|0x00000000cd600000, 0x00000000cd700000, 0x00000000cd700000|100%| E|CS|TAMS 0x00000000cd600000, 0x00000000cd600000| Complete 
| 215|0x00000000cd700000, 0x00000000cd800000, 0x00000000cd800000|100%| E|CS|TAMS 0x00000000cd700000, 0x00000000cd700000| Complete 
| 216|0x00000000cd800000, 0x00000000cd900000, 0x00000000cd900000|100%| E|CS|TAMS 0x00000000cd800000, 0x00000000cd800000| Complete 
| 217|0x00000000cd900000, 0x00000000cda00000, 0x00000000cda00000|100%| E|CS|TAMS 0x00000000cd900000, 0x00000000cd900000| Complete 
| 218|0x00000000cda00000, 0x00000000cdb00000, 0x00000000cdb00000|100%| E|CS|TAMS 0x00000000cda00000, 0x00000000cda00000| Complete 
| 219|0x00000000cdb00000, 0x00000000cdc00000, 0x00000000cdc00000|100%| E|CS|TAMS 0x00000000cdb00000, 0x00000000cdb00000| Complete 
| 220|0x00000000cdc00000, 0x00000000cdd00000, 0x00000000cdd00000|100%| E|CS|TAMS 0x00000000cdc00000, 0x00000000cdc00000| Complete 
| 221|0x00000000cdd00000, 0x00000000cde00000, 0x00000000cde00000|100%| E|CS|TAMS 0x00000000cdd00000, 0x00000000cdd00000| Complete 
|1020|0x00000000ffc00000, 0x00000000ffc48000, 0x00000000ffd00000| 28%|OA|  |TAMS 0x00000000ffc48000, 0x00000000ffc48000| Untracked 
|1022|0x00000000ffe00000, 0x00000000ffe6b000, 0x00000000fff00000| 41%|CA|  |TAMS 0x00000000ffe6b000, 0x00000000ffe6b000| Untracked 

Card table byte_map: [0x00007f17dc383000,0x00007f17dc583000] _byte_map_base: 0x00007f17dbd83000

Marking Bits (Prev, Next): (CMBitMap*) 0x00007f17d8059528, (CMBitMap*) 0x00007f17d8059560
 Prev Bits: [0x00007f17bb000000, 0x00007f17bc000000)
 Next Bits: [0x00007f17ba000000, 0x00007f17bb000000)

Polling page: 0x00007f17df123000

Metaspace:

Usage:
  Non-class:    134.45 MB capacity,   130.82 MB ( 97%) used,     2.74 MB (  2%) free+waste,   905.50 KB ( <1%) overhead. 
      Class:     24.24 MB capacity,    20.66 MB ( 85%) used,     3.10 MB ( 13%) free+waste,   487.75 KB (  2%) overhead. 
       Both:    158.68 MB capacity,   151.48 MB ( 95%) used,     5.85 MB (  4%) free+waste,     1.36 MB ( <1%) overhead. 

Virtual space:
  Non-class space:      136.00 MB reserved,     134.56 MB ( 99%) committed 
      Class space:        1.00 GB reserved,      24.25 MB (  2%) committed 
             Both:        1.13 GB reserved,     158.81 MB ( 14%) committed 

Chunk freelists:
   Non-Class:  12.00 KB
       Class:  12.00 KB
        Both:  24.00 KB

MaxMetaspaceSize: unlimited
CompressedClassSpaceSize: 1.00 GB
Initial GC threshold: 20.80 MB
Current GC threshold: 241.56 MB
CDS: on

CodeHeap 'non-profiled nmethods': size=120032Kb used=8197Kb max_used=8197Kb free=111834Kb
 bounds [0x00007f17c82d9000, 0x00007f17c8ae9000, 0x00007f17cf811000]
CodeHeap 'profiled nmethods': size=120032Kb used=30674Kb max_used=30674Kb free=89358Kb
 bounds [0x00007f17c0da1000, 0x00007f17c2ba1000, 0x00007f17c82d9000]
CodeHeap 'non-nmethods': size=5696Kb used=1704Kb max_used=1744Kb free=3991Kb
 bounds [0x00007f17c0811000, 0x00007f17c0a81000, 0x00007f17c0da1000]
 total_blobs=15315 nmethods=14243 adapters=983
 compilation: enabled
              stopped_count=0, restarted_count=0
 full_count=0

Compilation events (20 events):
Event: 133.723 Thread 0x00007f17d812f000 nmethod 14816 0x00007f17c8ad8e90 code [0x00007f17c8ad9040, 0x00007f17c8ad9110]
Event: 133.723 Thread 0x00007f17d812f000 14818       1       org.apache.spark.sql.catalyst.expressions.MutableAny::value_$eq (6 bytes)
Event: 133.724 Thread 0x00007f17d812f000 nmethod 14818 0x00007f17c8ad9190 code [0x00007f17c8ad9340, 0x00007f17c8ad9450]
Event: 133.724 Thread 0x00007f17d812f000 14819       1       org.apache.spark.sql.catalyst.expressions.MutableValue::isNull_$eq (6 bytes)
Event: 133.724 Thread 0x00007f17d812f000 nmethod 14819 0x00007f17c8ad9510 code [0x00007f17c8ad96c0, 0x00007f17c8ad9790]
Event: 133.724 Thread 0x00007f17d812f000 14820       1       org.apache.spark.sql.catalyst.expressions.MutableValue::isNull (5 bytes)
Event: 133.724 Thread 0x00007f17d812f000 nmethod 14820 0x00007f17c8ad9810 code [0x00007f17c8ad99c0, 0x00007f17c8ad9a90]
Event: 133.724 Thread 0x00007f17d812f000 14948       1       org.postgresql.core.v3.SimpleParameterList::getTypeOIDs (5 bytes)
Event: 133.724 Thread 0x00007f17d812f000 nmethod 14948 0x00007f17c8ad9b10 code [0x00007f17c8ad9cc0, 0x00007f17c8ad9d90]
Event: 133.724 Thread 0x00007f17d812f000 14949       1       org.postgresql.core.v3.SimpleQuery::getSubqueries (2 bytes)
Event: 133.725 Thread 0x00007f17d812f000 nmethod 14949 0x00007f17c8ad9e10 code [0x00007f17c8ad9fc0, 0x00007f17c8ada090]
Event: 133.725 Thread 0x00007f17d812f000 14950       1       org.postgresql.core.v3.SimpleParameterList::getSubparams (2 bytes)
Event: 133.725 Thread 0x00007f17d812f000 nmethod 14950 0x00007f17c8ada110 code [0x00007f17c8ada2c0, 0x00007f17c8ada390]
Event: 133.725 Thread 0x00007f17d812f000 14951       1       org.postgresql.core.v3.SimpleQuery::hasBinaryFields (5 bytes)
Event: 133.725 Thread 0x00007f17d812f000 nmethod 14951 0x00007f17c8ada410 code [0x00007f17c8ada5c0, 0x00007f17c8ada690]
Event: 133.772 Thread 0x00007f17d812f000 14953       2       org.postgresql.core.PGStream::receiveChar (22 bytes)
Event: 133.808 Thread 0x00007f17d812f000 nmethod 14953 0x00007f17c2b94690 code [0x00007f17c2b94860, 0x00007f17c2b94ad0]
Event: 133.808 Thread 0x00007f17d812f000 14954       2       org.postgresql.core.VisibleBufferedInputStream::read (31 bytes)
Event: 133.808 Thread 0x00007f17d812f000 nmethod 14954 0x00007f17c2b94c90 code [0x00007f17c2b94e40, 0x00007f17c2b94fe0]
Event: 133.808 Thread 0x00007f17d812f000 14957       2       org.postgresql.core.Parser::isDigitAt (29 bytes)

GC Heap History (20 events):
Event: 103.948 GC heap before
{Heap before GC invocations=28 (full 0):
 garbage-first heap   total 194560K, used 100044K [0x00000000c0000000, 0x0000000100000000)
  region size 1024K, 34 young (34816K), 5 survivors (5120K)
 Metaspace       used 126143K, capacity 132505K, committed 132672K, reserved 1161216K
  class space    used 17697K, capacity 20968K, committed 20992K, reserved 1048576K
}
Event: 103.994 GC heap after
{Heap after GC invocations=29 (full 0):
 garbage-first heap   total 194560K, used 71748K [0x00000000c0000000, 0x0000000100000000)
  region size 1024K, 3 young (3072K), 3 survivors (3072K)
 Metaspace       used 126143K, capacity 132505K, committed 132672K, reserved 1161216K
  class space    used 17697K, capacity 20968K, committed 20992K, reserved 1048576K
}
Event: 107.959 GC heap before
{Heap before GC invocations=29 (full 0):
 garbage-first heap   total 194560K, used 131140K [0x00000000c0000000, 0x0000000100000000)
  region size 1024K, 45 young (46080K), 3 survivors (3072K)
 Metaspace       used 129764K, capacity 136219K, committed 136512K, reserved 1165312K
  class space    used 18159K, capacity 21480K, committed 21504K, reserved 1048576K
}
Event: 107.983 GC heap after
{Heap after GC invocations=30 (full 0):
 garbage-first heap   total 194560K, used 92797K [0x00000000c0000000, 0x0000000100000000)
  region size 1024K, 6 young (6144K), 6 survivors (6144K)
 Metaspace       used 129764K, capacity 136219K, committed 136512K, reserved 1165312K
  class space    used 18159K, capacity 21480K, committed 21504K, reserved 1048576K
}
Event: 109.726 GC heap before
{Heap before GC invocations=30 (full 0):
 garbage-first heap   total 194560K, used 115325K [0x00000000c0000000, 0x0000000100000000)
  region size 1024K, 30 young (30720K), 6 survivors (6144K)
 Metaspace       used 133336K, capacity 139891K, committed 140224K, reserved 1167360K
  class space    used 18449K, capacity 21810K, committed 21888K, reserved 1048576K
}
Event: 109.810 GC heap after
{Heap after GC invocations=31 (full 0):
 garbage-first heap   total 194560K, used 94674K [0x00000000c0000000, 0x0000000100000000)
  region size 1024K, 2 young (2048K), 2 survivors (2048K)
 Metaspace       used 133336K, capacity 139891K, committed 140224K, reserved 1167360K
  class space    used 18449K, capacity 21810K, committed 21888K, reserved 1048576K
}
Event: 112.872 GC heap before
{Heap before GC invocations=32 (full 0):
 garbage-first heap   total 194560K, used 124370K [0x00000000c0000000, 0x0000000100000000)
  region size 1024K, 15 young (15360K), 2 survivors (2048K)
 Metaspace       used 133261K, capacity 139468K, committed 140736K, reserved 1169408K
  class space    used 18201K, capacity 21348K, committed 21888K, reserved 1048576K
}
Event: 113.015 GC heap after
{Heap after GC invocations=33 (full 0):
 garbage-first heap   total 194560K, used 106744K [0x00000000c0000000, 0x0000000100000000)
  region size 1024K, 5 young (5120K), 5 survivors (5120K)
 Metaspace       used 133261K, capacity 139468K, committed 140736K, reserved 1169408K
  class space    used 18201K, capacity 21348K, committed 21888K, reserved 1048576K
}
Event: 117.038 GC heap before
{Heap before GC invocations=34 (full 0):
 garbage-first heap   total 194560K, used 175352K [0x00000000c0000000, 0x0000000100000000)
  region size 1024K, 43 young (44032K), 5 survivors (5120K)
 Metaspace       used 135227K, capacity 141633K, committed 142784K, reserved 1169408K
  class space    used 18393K, capacity 21584K, committed 22144K, reserved 1048576K
}
Event: 117.137 GC heap after
{Heap after GC invocations=35 (full 0):
 garbage-first heap   total 194560K, used 109861K [0x00000000c0000000, 0x0000000100000000)
  region size 1024K, 3 young (3072K), 3 survivors (3072K)
 Metaspace       used 135227K, capacity 141633K, committed 142784K, reserved 1169408K
  class space    used 18393K, capacity 21584K, committed 22144K, reserved 1048576K
}
Event: 119.691 GC heap before
{Heap before GC invocations=35 (full 0):
 garbage-first heap   total 194560K, used 147749K [0x00000000c0000000, 0x0000000100000000)
  region size 1024K, 41 young (41984K), 3 survivors (3072K)
 Metaspace       used 137396K, capacity 143834K, committed 144960K, reserved 1171456K
  class space    used 18641K, capacity 21837K, committed 22272K, reserved 1048576K
}
Event: 119.802 GC heap after
{Heap after GC invocations=36 (full 0):
 garbage-first heap   total 229376K, used 111056K [0x00000000c0000000, 0x0000000100000000)
  region size 1024K, 4 young (4096K), 4 survivors (4096K)
 Metaspace       used 137396K, capacity 143834K, committed 144960K, reserved 1171456K
  class space    used 18641K, capacity 21837K, committed 22272K, reserved 1048576K
}
Event: 122.078 GC heap before
{Heap before GC invocations=37 (full 0):
 garbage-first heap   total 229376K, used 131536K [0x00000000c0000000, 0x0000000100000000)
  region size 1024K, 30 young (30720K), 4 survivors (4096K)
 Metaspace       used 140446K, capacity 147023K, committed 147904K, reserved 1175552K
  class space    used 18997K, capacity 22219K, committed 22656K, reserved 1048576K
}
Event: 122.102 GC heap after
{Heap after GC invocations=38 (full 0):
 garbage-first heap   total 229376K, used 95464K [0x00000000c0000000, 0x0000000100000000)
  region size 1024K, 4 young (4096K), 4 survivors (4096K)
 Metaspace       used 140446K, capacity 147023K, committed 147904K, reserved 1175552K
  class space    used 18997K, capacity 22219K, committed 22656K, reserved 1048576K
}
Event: 126.501 GC heap before
{Heap before GC invocations=39 (full 0):
 garbage-first heap   total 229376K, used 165096K [0x00000000c0000000, 0x0000000100000000)
  region size 1024K, 67 young (68608K), 4 survivors (4096K)
 Metaspace       used 149022K, capacity 156116K, committed 156224K, reserved 1181696K
  class space    used 20238K, capacity 23759K, committed 23808K, reserved 1048576K
}
Event: 126.524 GC heap after
{Heap after GC invocations=40 (full 0):
 garbage-first heap   total 229376K, used 89818K [0x00000000c0000000, 0x0000000100000000)
  region size 1024K, 6 young (6144K), 6 survivors (6144K)
 Metaspace       used 149022K, capacity 156116K, committed 156224K, reserved 1181696K
  class space    used 20238K, capacity 23759K, committed 23808K, reserved 1048576K
}
Event: 130.274 GC heap before
{Heap before GC invocations=40 (full 0):
 garbage-first heap   total 229376K, used 171738K [0x00000000c0000000, 0x0000000100000000)
  region size 1024K, 77 young (78848K), 6 survivors (6144K)
 Metaspace       used 154137K, capacity 161425K, committed 161728K, reserved 1185792K
  class space    used 20993K, capacity 24617K, committed 24704K, reserved 1048576K
}
Event: 130.312 GC heap after
{Heap after GC invocations=41 (full 0):
 garbage-first heap   total 229376K, used 93003K [0x00000000c0000000, 0x0000000100000000)
  region size 1024K, 8 young (8192K), 8 survivors (8192K)
 Metaspace       used 154137K, capacity 161425K, committed 161728K, reserved 1185792K
  class space    used 20993K, capacity 24617K, committed 24704K, reserved 1048576K
}
Event: 132.441 GC heap before
{Heap before GC invocations=41 (full 0):
 garbage-first heap   total 229376K, used 140107K [0x00000000c0000000, 0x0000000100000000)
  region size 1024K, 41 young (41984K), 8 survivors (8192K)
 Metaspace       used 155001K, capacity 162323K, committed 162624K, reserved 1187840K
  class space    used 21148K, capacity 24787K, committed 24832K, reserved 1048576K
}
Event: 132.602 GC heap after
{Heap after GC invocations=42 (full 0):
 garbage-first heap   total 229376K, used 101600K [0x00000000c0000000, 0x0000000100000000)
  region size 1024K, 6 young (6144K), 6 survivors (6144K)
 Metaspace       used 155001K, capacity 162323K, committed 162624K, reserved 1187840K
  class space    used 21148K, capacity 24787K, committed 24832K, reserved 1048576K
}

Deoptimization events (20 events):
Event: 131.626 Thread 0x00007f173c02d000 Uncommon trap: trap_request=0xffffffbe fr.pc=0x00007f17c8acc4c8 relative=0x0000000000000b88
Event: 131.626 Thread 0x00007f173c02d000 Uncommon trap: reason=profile_predicate action=maybe_recompile pc=0x00007f17c8acc4c8 method=java.util.regex.Pattern$Slice.match(Ljava/util/regex/Matcher;ILjava/lang/CharSequence;)Z @ 18 c2
Event: 131.626 Thread 0x00007f173c02d000 DEOPT PACKING pc=0x00007f17c8acc4c8 sp=0x00007f17388f17e0
Event: 131.626 Thread 0x00007f173c02d000 DEOPT UNPACKING pc=0x00007f17c085aea5 sp=0x00007f17388f1720 mode 2
Event: 131.626 Thread 0x00007f173c02d000 Uncommon trap: trap_request=0xffffffbe fr.pc=0x00007f17c8acc4c8 relative=0x0000000000000b88
Event: 131.626 Thread 0x00007f173c02d000 Uncommon trap: reason=profile_predicate action=maybe_recompile pc=0x00007f17c8acc4c8 method=java.util.regex.Pattern$Slice.match(Ljava/util/regex/Matcher;ILjava/lang/CharSequence;)Z @ 18 c2
Event: 131.626 Thread 0x00007f173c02d000 DEOPT PACKING pc=0x00007f17c8acc4c8 sp=0x00007f17388f17e0
Event: 131.626 Thread 0x00007f173c02d000 DEOPT UNPACKING pc=0x00007f17c085aea5 sp=0x00007f17388f1720 mode 2
Event: 132.098 Thread 0x00007f173c033800 Uncommon trap: trap_request=0xffffff4d fr.pc=0x00007f17c8583910 relative=0x0000000000000690
Event: 132.098 Thread 0x00007f173c033800 Uncommon trap: reason=unstable_if action=reinterpret pc=0x00007f17c8583910 method=java.lang.StringCoding.decodeUTF8([BIIZ)Ljava/lang/StringCoding$Result; @ 12 c2
Event: 132.098 Thread 0x00007f173c033800 DEOPT PACKING pc=0x00007f17c8583910 sp=0x00007f17370cc940
Event: 132.098 Thread 0x00007f173c033800 DEOPT UNPACKING pc=0x00007f17c085aea5 sp=0x00007f17370cc858 mode 2
Event: 132.250 Thread 0x00007f173c033800 DEOPT PACKING pc=0x00007f17c25807cf sp=0x00007f17370cc780
Event: 132.250 Thread 0x00007f173c033800 DEOPT UNPACKING pc=0x00007f17c085b64a sp=0x00007f17370cbc28 mode 0
Event: 132.725 Thread 0x00007f173c02b800 DEOPT PACKING pc=0x00007f17c25807cf sp=0x00007f17389f3770
Event: 132.725 Thread 0x00007f173c02b800 DEOPT UNPACKING pc=0x00007f17c085b64a sp=0x00007f17389f2c18 mode 0
Event: 132.903 Thread 0x00007f173c031800 DEOPT PACKING pc=0x00007f17c2b010cb sp=0x00007f17371cca50
Event: 132.903 Thread 0x00007f173c031800 DEOPT UNPACKING pc=0x00007f17c085b64a sp=0x00007f17371cbed8 mode 0
Event: 133.133 Thread 0x00007f173c02b800 DEOPT PACKING pc=0x00007f17c2919836 sp=0x00007f17389f28a0
Event: 133.133 Thread 0x00007f173c02b800 DEOPT UNPACKING pc=0x00007f17c085b64a sp=0x00007f17389f1ed8 mode 0

Classes redefined (0 events):
No events

Internal exceptions (20 events):
Event: 129.353 Thread 0x00007f173c031800 Exception <a 'java/lang/ClassNotFoundException'{0x00000000ca0ffcb0}: scala/reflect/ScalaSignature> (0x00000000ca0ffcb0) thrown at [src/hotspot/share/classfile/systemDictionary.cpp, line 230]
Event: 129.353 Thread 0x00007f173c031800 Exception <a 'java/lang/ClassNotFoundException'{0x00000000c9f01f90}: scala/reflect/ScalaLongSignature> (0x00000000c9f01f90) thrown at [src/hotspot/share/classfile/systemDictionary.cpp, line 230]
Event: 129.375 Thread 0x00007f173c031800 Exception <a 'java/lang/ClassNotFoundException'{0x00000000c9f0cb80}: scala/reflect/ScalaSignature> (0x00000000c9f0cb80) thrown at [src/hotspot/share/classfile/systemDictionary.cpp, line 230]
Event: 129.376 Thread 0x00007f173c031800 Exception <a 'java/lang/ClassNotFoundException'{0x00000000c9f0d958}: scala/reflect/ScalaLongSignature> (0x00000000c9f0d958) thrown at [src/hotspot/share/classfile/systemDictionary.cpp, line 230]
Event: 129.405 Thread 0x00007f173c031800 Exception <a 'java/lang/ClassNotFoundException'{0x00000000c9f0f7c0}: scala/reflect/ScalaSignature> (0x00000000c9f0f7c0) thrown at [src/hotspot/share/classfile/systemDictionary.cpp, line 230]
Event: 129.405 Thread 0x00007f173c031800 Exception <a 'java/lang/ClassNotFoundException'{0x00000000c9f10598}: scala/reflect/ScalaLongSignature> (0x00000000c9f10598) thrown at [src/hotspot/share/classfile/systemDictionary.cpp, line 230]
Event: 129.406 Thread 0x00007f173c031800 Exception <a 'java/lang/ClassNotFoundException'{0x00000000c9f12430}: scala/reflect/ScalaSignature> (0x00000000c9f12430) thrown at [src/hotspot/share/classfile/systemDictionary.cpp, line 230]
Event: 129.407 Thread 0x00007f173c031800 Exception <a 'java/lang/ClassNotFoundException'{0x00000000c9f13208}: scala/reflect/ScalaLongSignature> (0x00000000c9f13208) thrown at [src/hotspot/share/classfile/systemDictionary.cpp, line 230]
Event: 129.441 Thread 0x00007f173c031800 Exception <a 'java/lang/ClassNotFoundException'{0x00000000c9f16e00}: scala/reflect/ScalaSignature> (0x00000000c9f16e00) thrown at [src/hotspot/share/classfile/systemDictionary.cpp, line 230]
Event: 129.441 Thread 0x00007f173c031800 Exception <a 'java/lang/ClassNotFoundException'{0x00000000c9f17bd8}: scala/reflect/ScalaLongSignature> (0x00000000c9f17bd8) thrown at [src/hotspot/share/classfile/systemDictionary.cpp, line 230]
Event: 129.673 Thread 0x00007f173c031800 Exception <a 'java/lang/ClassNotFoundException'{0x00000000c9c1c068}: java/rmi> (0x00000000c9c1c068) thrown at [src/hotspot/share/classfile/systemDictionary.cpp, line 230]
Event: 129.673 Thread 0x00007f173c031800 Exception <a 'java/lang/ClassNotFoundException'{0x00000000c9c1d050}: java/rmi/package> (0x00000000c9c1d050) thrown at [src/hotspot/share/classfile/systemDictionary.cpp, line 230]
Event: 129.777 Thread 0x00007f173c031800 Exception <a 'java/lang/ClassNotFoundException'{0x00000000c9cabe20}: scala/reflect/ScalaSignature> (0x00000000c9cabe20) thrown at [src/hotspot/share/classfile/systemDictionary.cpp, line 230]
Event: 129.777 Thread 0x00007f173c031800 Exception <a 'java/lang/ClassNotFoundException'{0x00000000c9cac970}: scala/reflect/ScalaLongSignature> (0x00000000c9cac970) thrown at [src/hotspot/share/classfile/systemDictionary.cpp, line 230]
Event: 129.806 Thread 0x00007f173c031800 Exception <a 'java/lang/ClassNotFoundException'{0x00000000c9cdb6b8}: java/lang/ref> (0x00000000c9cdb6b8) thrown at [src/hotspot/share/classfile/systemDictionary.cpp, line 230]
Event: 129.807 Thread 0x00007f173c031800 Exception <a 'java/lang/ClassNotFoundException'{0x00000000c9cdc7e0}: java/lang/ref/package> (0x00000000c9cdc7e0) thrown at [src/hotspot/share/classfile/systemDictionary.cpp, line 230]
Event: 130.075 Thread 0x00007f173c031800 Exception <a 'java/lang/ClassNotFoundException'{0x00000000c9351848}: java/lang/invoke> (0x00000000c9351848) thrown at [src/hotspot/share/classfile/systemDictionary.cpp, line 230]
Event: 130.078 Thread 0x00007f173c031800 Exception <a 'java/lang/ClassNotFoundException'{0x00000000c9352858}: java/lang/invoke/package> (0x00000000c9352858) thrown at [src/hotspot/share/classfile/systemDictionary.cpp, line 230]
Event: 130.511 Thread 0x00007f173c031800 Exception <a 'java/lang/ClassNotFoundException'{0x00000000cdb7ecd8}: java/lang/annotation> (0x00000000cdb7ecd8) thrown at [src/hotspot/share/classfile/systemDictionary.cpp, line 230]
Event: 130.521 Thread 0x00007f173c031800 Exception <a 'java/lang/ClassNotFoundException'{0x00000000cdb7fd18}: java/lang/annotation/package> (0x00000000cdb7fd18) thrown at [src/hotspot/share/classfile/systemDictionary.cpp, line 230]

Events (20 events):
Event: 132.099 Executing VM operation: RevokeBias
Event: 132.107 Executing VM operation: RevokeBias done
Event: 132.110 loading class org/postgresql/core/v3/BatchedQuery
Event: 132.110 loading class org/postgresql/core/v3/BatchedQuery done
Event: 132.422 Executing VM operation: G1CollectForAllocation
Event: 132.602 Executing VM operation: G1CollectForAllocation done
Event: 133.240 loading class org/postgresql/jdbc/BatchResultHandler
Event: 133.240 loading class org/postgresql/jdbc/BatchResultHandler done
Event: 133.256 loading class org/postgresql/core/v3/QueryExecutorImpl$1
Event: 133.256 loading class org/postgresql/core/v3/QueryExecutorImpl$1 done
Event: 133.256 loading class org/postgresql/core/ResultHandlerDelegate
Event: 133.256 loading class org/postgresql/core/ResultHandlerDelegate done
Event: 133.258 loading class org/postgresql/core/v3/DescribeRequest
Event: 133.258 loading class org/postgresql/core/v3/DescribeRequest done
Event: 133.275 loading class org/postgresql/util/StreamWrapper
Event: 133.275 loading class org/postgresql/util/StreamWrapper done
Event: 133.276 loading class org/postgresql/util/ByteStreamWriter
Event: 133.276 loading class org/postgresql/util/ByteStreamWriter done
Event: 133.791 loading class org/postgresql/jdbc/PgConnection$TransactionCommandHandler
Event: 133.791 loading class org/postgresql/jdbc/PgConnection$TransactionCommandHandler done


Dynamic libraries:
c0000000-cde00000 rw-p 00000000 00:00 0 
cde00000-ffc00000 ---p 00000000 00:00 0 
ffc00000-ffc48000 rw-p 00b15000 08:30 171348                             /usr/local/openjdk-11/lib/server/classes.jsa
ffc48000-ffd00000 rw-p 00000000 00:00 0 
ffd00000-ffe00000 ---p 00000000 00:00 0 
ffe00000-ffe6b000 rw-p 00aaa000 08:30 171348                             /usr/local/openjdk-11/lib/server/classes.jsa
ffe6b000-fff00000 rw-p 00000000 00:00 0 
fff00000-100000000 ---p 00000000 00:00 0 
800000000-800002000 rwxp 00001000 08:30 171348                           /usr/local/openjdk-11/lib/server/classes.jsa
800002000-8003d1000 rw-p 00003000 08:30 171348                           /usr/local/openjdk-11/lib/server/classes.jsa
8003d1000-800aa8000 r--p 003d2000 08:30 171348                           /usr/local/openjdk-11/lib/server/classes.jsa
800aa8000-800aa9000 rw-p 00aa9000 08:30 171348                           /usr/local/openjdk-11/lib/server/classes.jsa
840000000-841840000 rw-p 00000000 00:00 0 
841840000-880000000 ---p 00000000 00:00 0 
559b40600000-559b40601000 r-xp 00000000 08:30 169920                     /usr/local/openjdk-11/bin/java
559b40801000-559b40802000 r--p 00001000 08:30 169920                     /usr/local/openjdk-11/bin/java
559b40802000-559b40803000 rw-p 00002000 08:30 169920                     /usr/local/openjdk-11/bin/java
559b77e48000-559b78237000 rw-p 00000000 00:00 0                          [heap]
7f173472b000-7f17347eb000 rw-p 00000000 00:00 0 
7f17347eb000-7f173492b000 ---p 00000000 00:00 0 
7f173492b000-7f1734b2b000 rw-p 00000000 00:00 0 
7f1734b2b000-7f1734d2b000 rw-p 00000000 00:00 0 
7f1734d2b000-7f1734f2b000 rw-p 00000000 00:00 0 
7f1734f2b000-7f173512b000 rw-p 00000000 00:00 0 
7f173512b000-7f173532b000 rw-p 00000000 00:00 0 
7f173532b000-7f173532f000 ---p 00000000 00:00 0 
7f173532f000-7f173542c000 rw-p 00000000 00:00 0 
7f173542c000-7f1735430000 ---p 00000000 00:00 0 
7f1735430000-7f173552d000 rw-p 00000000 00:00 0 
7f173552d000-7f1735531000 ---p 00000000 00:00 0 
7f1735531000-7f173582e000 rw-p 00000000 00:00 0 
7f173582e000-7f1735a2e000 rw-p 00000000 00:00 0 
7f1735a2e000-7f1735c2e000 rw-p 00000000 00:00 0 
7f1735c2e000-7f1735c6f000 r-xp 00000000 08:30 371164                     /tmp/snappy-1.1.10-36bfddda-116e-4aca-ad19-82ed8b8b0f30-libsnappyjava.so
7f1735c6f000-7f1735e6e000 ---p 00041000 08:30 371164                     /tmp/snappy-1.1.10-36bfddda-116e-4aca-ad19-82ed8b8b0f30-libsnappyjava.so
7f1735e6e000-7f1735e71000 rw-p 00040000 08:30 371164                     /tmp/snappy-1.1.10-36bfddda-116e-4aca-ad19-82ed8b8b0f30-libsnappyjava.so
7f1735e71000-7f1735e83000 rw-p 00000000 00:00 0 
7f1735e83000-7f1735e87000 ---p 00000000 00:00 0 
7f1735e87000-7f1736184000 rw-p 00000000 00:00 0 
7f1736184000-7f17361c4000 r-xp 00000000 08:30 171316                     /usr/local/openjdk-11/lib/libsunec.so
7f17361c4000-7f17363c3000 ---p 00040000 08:30 171316                     /usr/local/openjdk-11/lib/libsunec.so
7f17363c3000-7f17363c8000 r--p 0003f000 08:30 171316                     /usr/local/openjdk-11/lib/libsunec.so
7f17363c8000-7f17363ca000 rw-p 00044000 08:30 171316                     /usr/local/openjdk-11/lib/libsunec.so
7f17363ca000-7f17365ca000 rw-p 00000000 00:00 0 
7f17365ca000-7f17367ca000 rw-p 00000000 00:00 0 
7f17367ca000-7f17369ca000 rw-p 00000000 00:00 0 
7f17369ca000-7f17369ce000 ---p 00000000 00:00 0 
7f17369ce000-7f1736acb000 rw-p 00000000 00:00 0 
7f1736acb000-7f1736acf000 ---p 00000000 00:00 0 
7f1736acf000-7f1736bcc000 rw-p 00000000 00:00 0 
7f1736bcc000-7f1736bd0000 ---p 00000000 00:00 0 
7f1736bd0000-7f1736ccd000 rw-p 00000000 00:00 0 
7f1736ccd000-7f1736cd1000 ---p 00000000 00:00 0 
7f1736cd1000-7f1736fce000 rw-p 00000000 00:00 0 
7f1736fce000-7f1736fd2000 ---p 00000000 00:00 0 
7f1736fd2000-7f17370cf000 rw-p 00000000 00:00 0 
7f17370cf000-7f17370d3000 ---p 00000000 00:00 0 
7f17370d3000-7f17373d0000 rw-p 00000000 00:00 0 
7f17373d0000-7f17375d0000 rw-p 00000000 00:00 0 
7f17375d0000-7f17377d0000 rw-p 00000000 00:00 0 
7f17377d0000-7f17377f4000 r-xp 00000000 08:30 371251                     /tmp/liblz4-java-13717879283383181648.so
7f17377f4000-7f17379f3000 ---p 00024000 08:30 371251                     /tmp/liblz4-java-13717879283383181648.so
7f17379f3000-7f17379f4000 rw-p 00023000 08:30 371251                     /tmp/liblz4-java-13717879283383181648.so
7f17379f4000-7f1737bf4000 rw-p 00000000 00:00 0 
7f1737bf4000-7f1737df4000 rw-p 00000000 00:00 0 
7f1737df4000-7f1737ff4000 rw-p 00000000 00:00 0 
7f1737ff4000-7f17381f4000 rw-p 00000000 00:00 0 
7f17381f4000-7f17383f4000 rw-p 00000000 00:00 0 
7f17383f4000-7f17385f4000 rw-p 00000000 00:00 0 
7f17385f4000-7f17387f4000 rw-p 00000000 00:00 0 
7f17387f4000-7f17387f8000 ---p 00000000 00:00 0 
7f17387f8000-7f17388f5000 rw-p 00000000 00:00 0 
7f17388f5000-7f17388f9000 ---p 00000000 00:00 0 
7f17388f9000-7f17389f6000 rw-p 00000000 00:00 0 
7f17389f6000-7f17389fa000 ---p 00000000 00:00 0 
7f17389fa000-7f1738af7000 rw-p 00000000 00:00 0 
7f1738af7000-7f1738afb000 ---p 00000000 00:00 0 
7f1738afb000-7f1738bf8000 rw-p 00000000 00:00 0 
7f1738bf8000-7f1738bfc000 ---p 00000000 00:00 0 
7f1738bfc000-7f1738ef9000 rw-p 00000000 00:00 0 
7f1738ef9000-7f1738efd000 ---p 00000000 00:00 0 
7f1738efd000-7f1738ffa000 rw-p 00000000 00:00 0 
7f1738ffa000-7f1738ffe000 ---p 00000000 00:00 0 
7f1738ffe000-7f17392e0000 rw-p 00000000 00:00 0 
7f17392e0000-7f17392fb000 ---p 00000000 00:00 0 
7f17392fb000-7f17392ff000 ---p 00000000 00:00 0 
7f17392ff000-7f17393fc000 rw-p 00000000 00:00 0 
7f17393fc000-7f1739400000 ---p 00000000 00:00 0 
7f1739400000-7f17396fd000 rw-p 00000000 00:00 0 
7f17396fd000-7f17398fd000 rw-p 00000000 00:00 0 
7f17398fd000-7f1739afd000 rw-p 00000000 00:00 0 
7f1739afd000-7f1739cfd000 rw-p 00000000 00:00 0 
7f1739cfd000-7f1739efd000 rw-p 00000000 00:00 0 
7f1739efd000-7f173a0fd000 rw-p 00000000 00:00 0 
7f173a0fd000-7f173a101000 ---p 00000000 00:00 0 
7f173a101000-7f173a3fe000 rw-p 00000000 00:00 0 
7f173a3fe000-7f173a5fe000 rw-p 00000000 00:00 0 
7f173a5fe000-7f173a7fe000 rw-p 00000000 00:00 0 
7f173a7fe000-7f173a802000 ---p 00000000 00:00 0 
7f173a802000-7f173aaff000 rw-p 00000000 00:00 0 
7f173aaff000-7f173ab03000 ---p 00000000 00:00 0 
7f173ab03000-7f173ae00000 rw-p 00000000 00:00 0 
7f173ae00000-7f173b000000 rw-p 00000000 00:00 0 
7f173b000000-7f173b200000 rw-p 00000000 00:00 0 
7f173b200000-7f173b400000 rw-p 00000000 00:00 0 
7f173b400000-7f173b600000 rw-p 00000000 00:00 0 
7f173b600000-7f173b800000 rw-p 00000000 00:00 0 
7f173b800000-7f173ba00000 rw-p 00000000 00:00 0 
7f173ba00000-7f173bbeb000 rw-p 00000000 00:00 0 
7f173bbeb000-7f173bc00000 ---p 00000000 00:00 0 
7f173bc00000-7f173be00000 rw-p 00000000 00:00 0 
7f173be00000-7f173c000000 rw-p 00000000 00:00 0 
7f173c000000-7f173c03c000 rw-p 00000000 00:00 0 
7f173c03c000-7f1740000000 ---p 00000000 00:00 0 
7f1740000000-7f1740021000 rw-p 00000000 00:00 0 
7f1740021000-7f1744000000 ---p 00000000 00:00 0 
7f1744000000-7f1744021000 rw-p 00000000 00:00 0 
7f1744021000-7f1748000000 ---p 00000000 00:00 0 
7f1748000000-7f174802f000 rw-p 00000000 00:00 0 
7f174802f000-7f174c000000 ---p 00000000 00:00 0 
7f174c000000-7f174c021000 rw-p 00000000 00:00 0 
7f174c021000-7f1750000000 ---p 00000000 00:00 0 
7f1750000000-7f17506fc000 rw-p 00000000 00:00 0 
7f17506fc000-7f1754000000 ---p 00000000 00:00 0 
7f1754000000-7f17559d6000 rw-p 00000000 00:00 0 
7f17559d6000-7f1758000000 ---p 00000000 00:00 0 
7f1758000000-7f17582cf000 rw-p 00000000 00:00 0 
7f17582cf000-7f175c000000 ---p 00000000 00:00 0 
7f175c016000-7f175c01a000 ---p 00000000 00:00 0 
7f175c01a000-7f175c117000 rw-p 00000000 00:00 0 
7f175c117000-7f175c11b000 ---p 00000000 00:00 0 
7f175c11b000-7f175c418000 rw-p 00000000 00:00 0 
7f175c418000-7f175c41c000 ---p 00000000 00:00 0 
7f175c41c000-7f175c519000 rw-p 00000000 00:00 0 
7f175c519000-7f175c51d000 ---p 00000000 00:00 0 
7f175c51d000-7f175c61a000 rw-p 00000000 00:00 0 
7f175c61a000-7f175c61e000 ---p 00000000 00:00 0 
7f175c61e000-7f175c91b000 rw-p 00000000 00:00 0 
7f175c91b000-7f175c91f000 ---p 00000000 00:00 0 
7f175c91f000-7f175d21e000 rw-p 00000000 00:00 0 
7f175d21e000-7f175d222000 ---p 00000000 00:00 0 
7f175d222000-7f175d51f000 rw-p 00000000 00:00 0 
7f175d51f000-7f175d523000 ---p 00000000 00:00 0 
7f175d523000-7f175d620000 rw-p 00000000 00:00 0 
7f175d620000-7f175d624000 ---p 00000000 00:00 0 
7f175d624000-7f175d721000 rw-p 00000000 00:00 0 
7f175d721000-7f175d725000 ---p 00000000 00:00 0 
7f175d725000-7f175d822000 rw-p 00000000 00:00 0 
7f175d822000-7f175d826000 ---p 00000000 00:00 0 
7f175d826000-7f175d923000 rw-p 00000000 00:00 0 
7f175d923000-7f175d927000 ---p 00000000 00:00 0 
7f175d927000-7f175da24000 rw-p 00000000 00:00 0 
7f175da24000-7f175da28000 ---p 00000000 00:00 0 
7f175da28000-7f175db25000 rw-p 00000000 00:00 0 
7f175db25000-7f175db29000 ---p 00000000 00:00 0 
7f175db29000-7f175dc26000 rw-p 00000000 00:00 0 
7f175dc26000-7f175dc2a000 ---p 00000000 00:00 0 
7f175dc2a000-7f175dd27000 rw-p 00000000 00:00 0 
7f175dd27000-7f175dd2b000 ---p 00000000 00:00 0 
7f175dd2b000-7f175de28000 rw-p 00000000 00:00 0 
7f175de28000-7f175de2c000 ---p 00000000 00:00 0 
7f175de2c000-7f175df29000 rw-p 00000000 00:00 0 
7f175df29000-7f175df2d000 ---p 00000000 00:00 0 
7f175df2d000-7f175e22a000 rw-p 00000000 00:00 0 
7f175e22a000-7f175e22e000 ---p 00000000 00:00 0 
7f175e22e000-7f175e32b000 rw-p 00000000 00:00 0 
7f175e32b000-7f175e32f000 ---p 00000000 00:00 0 
7f175e32f000-7f175e42c000 rw-p 00000000 00:00 0 
7f175e42c000-7f175e430000 ---p 00000000 00:00 0 
7f175e430000-7f175e52d000 rw-p 00000000 00:00 0 
7f175e52d000-7f175e531000 ---p 00000000 00:00 0 
7f175e531000-7f175e62e000 rw-p 00000000 00:00 0 
7f175e62e000-7f175e632000 ---p 00000000 00:00 0 
7f175e632000-7f175e72f000 rw-p 00000000 00:00 0 
7f175e72f000-7f175e733000 ---p 00000000 00:00 0 
7f175e733000-7f175e830000 rw-p 00000000 00:00 0 
7f175e830000-7f175e834000 ---p 00000000 00:00 0 
7f175e834000-7f175e931000 rw-p 00000000 00:00 0 
7f175e931000-7f175e935000 ---p 00000000 00:00 0 
7f175e935000-7f175ec32000 rw-p 00000000 00:00 0 
7f175ec32000-7f175ee32000 rw-p 00000000 00:00 0 
7f175eef1000-7f175eef5000 ---p 00000000 00:00 0 
7f175eef5000-7f175eff2000 rw-p 00000000 00:00 0 
7f175eff2000-7f175eff6000 ---p 00000000 00:00 0 
7f175eff6000-7f175f0f3000 rw-p 00000000 00:00 0 
7f175f0f3000-7f175f0f7000 ---p 00000000 00:00 0 
7f175f0f7000-7f175f1f4000 rw-p 00000000 00:00 0 
7f175f1f4000-7f175f1f8000 ---p 00000000 00:00 0 
7f175f1f8000-7f175f2f5000 rw-p 00000000 00:00 0 
7f175f2f5000-7f175f2f9000 ---p 00000000 00:00 0 
7f175f2f9000-7f175f3f6000 rw-p 00000000 00:00 0 
7f175f3f6000-7f175f3fa000 ---p 00000000 00:00 0 
7f175f3fa000-7f175f4f7000 rw-p 00000000 00:00 0 
7f175f4f7000-7f175f4fb000 ---p 00000000 00:00 0 
7f175f4fb000-7f175f5f8000 rw-p 00000000 00:00 0 
7f175f5f8000-7f175f5fc000 ---p 00000000 00:00 0 
7f175f5fc000-7f175f6f9000 rw-p 00000000 00:00 0 
7f175f6f9000-7f175f6fd000 ---p 00000000 00:00 0 
7f175f6fd000-7f175f7fa000 rw-p 00000000 00:00 0 
7f175f7fa000-7f175f7fe000 ---p 00000000 00:00 0 
7f175f7fe000-7f175f8fb000 rw-p 00000000 00:00 0 
7f175f8fb000-7f175f8ff000 ---p 00000000 00:00 0 
7f175f8ff000-7f175f9fc000 rw-p 00000000 00:00 0 
7f175f9fc000-7f175fa00000 ---p 00000000 00:00 0 
7f175fa00000-7f175fafd000 rw-p 00000000 00:00 0 
7f175fafd000-7f175fb01000 ---p 00000000 00:00 0 
7f175fb01000-7f175fbfe000 rw-p 00000000 00:00 0 
7f175fbfe000-7f175fc02000 ---p 00000000 00:00 0 
7f175fc02000-7f175fcff000 rw-p 00000000 00:00 0 
7f175fcff000-7f175fd03000 ---p 00000000 00:00 0 
7f175fd03000-7f1760000000 rw-p 00000000 00:00 0 
7f1760000000-7f1761dbf000 rw-p 00000000 00:00 0 
7f1761dbf000-7f1764000000 ---p 00000000 00:00 0 
7f1764000000-7f17640d5000 rw-p 00000000 00:00 0 
7f17640d5000-7f1768000000 ---p 00000000 00:00 0 
7f1768000000-7f176822c000 rw-p 00000000 00:00 0 
7f176822c000-7f176c000000 ---p 00000000 00:00 0 
7f176c000000-7f176c0e9000 rw-p 00000000 00:00 0 
7f176c0e9000-7f1770000000 ---p 00000000 00:00 0 
7f1770000000-7f177059a000 rw-p 00000000 00:00 0 
7f177059a000-7f1774000000 ---p 00000000 00:00 0 
7f1774000000-7f177489b000 rw-p 00000000 00:00 0 
7f177489b000-7f1778000000 ---p 00000000 00:00 0 
7f1778000000-7f1778021000 rw-p 00000000 00:00 0 
7f1778021000-7f177c000000 ---p 00000000 00:00 0 
7f177c000000-7f177c06d000 rw-p 00000000 00:00 0 
7f177c06d000-7f1780000000 ---p 00000000 00:00 0 
7f1780000000-7f17817ae000 rw-p 00000000 00:00 0 
7f17817ae000-7f1784000000 ---p 00000000 00:00 0 
7f1784000000-7f1784021000 rw-p 00000000 00:00 0 
7f1784021000-7f1788000000 ---p 00000000 00:00 0 
7f1788000000-7f178964c000 rw-p 00000000 00:00 0 
7f178964c000-7f178c000000 ---p 00000000 00:00 0 
7f178c000000-7f178cf6b000 rw-p 00000000 00:00 0 
7f178cf6b000-7f1790000000 ---p 00000000 00:00 0 
7f1790000000-7f1790021000 rw-p 00000000 00:00 0 
7f1790021000-7f1794000000 ---p 00000000 00:00 0 
7f1794000000-7f1794027000 rw-p 00000000 00:00 0 
7f1794027000-7f1798000000 ---p 00000000 00:00 0 
7f1798000000-7f179889b000 rw-p 00000000 00:00 0 
7f179889b000-7f179c000000 ---p 00000000 00:00 0 
7f179c000000-7f179c55a000 rw-p 00000000 00:00 0 
7f179c55a000-7f17a0000000 ---p 00000000 00:00 0 
7f17a0000000-7f17a08eb000 rw-p 00000000 00:00 0 
7f17a08eb000-7f17a4000000 ---p 00000000 00:00 0 
7f17a4000000-7f17a51e0000 rw-p 00000000 00:00 0 
7f17a51e0000-7f17a8000000 ---p 00000000 00:00 0 
7f17a807a000-7f17a807e000 r--p 00000000 08:30 425264                     /lib/x86_64-linux-gnu/libresolv-2.31.so
7f17a807e000-7f17a808c000 r-xp 00004000 08:30 425264                     /lib/x86_64-linux-gnu/libresolv-2.31.so
7f17a808c000-7f17a8090000 r--p 00012000 08:30 425264                     /lib/x86_64-linux-gnu/libresolv-2.31.so
7f17a8090000-7f17a8091000 r--p 00015000 08:30 425264                     /lib/x86_64-linux-gnu/libresolv-2.31.so
7f17a8091000-7f17a8092000 rw-p 00016000 08:30 425264                     /lib/x86_64-linux-gnu/libresolv-2.31.so
7f17a8092000-7f17a8094000 rw-p 00000000 00:00 0 
7f17a8094000-7f17a8098000 ---p 00000000 00:00 0 
7f17a8098000-7f17a8195000 rw-p 00000000 00:00 0 
7f17a8195000-7f17a8196000 ---p 00000000 00:00 0 
7f17a8196000-7f17a8497000 rw-p 00000000 00:00 0 
7f17a8497000-7f17a849b000 ---p 00000000 00:00 0 
7f17a849b000-7f17a8798000 rw-p 00000000 00:00 0 
7f17a8798000-7f17a879c000 ---p 00000000 00:00 0 
7f17a879c000-7f17a8899000 rw-p 00000000 00:00 0 
7f17a8899000-7f17a889d000 ---p 00000000 00:00 0 
7f17a889d000-7f17a899a000 rw-p 00000000 00:00 0 
7f17a899a000-7f17a899c000 r-xp 00000000 08:30 171268                     /usr/local/openjdk-11/lib/libextnet.so
7f17a899c000-7f17a8b9b000 ---p 00002000 08:30 171268                     /usr/local/openjdk-11/lib/libextnet.so
7f17a8b9b000-7f17a8b9c000 r--p 00001000 08:30 171268                     /usr/local/openjdk-11/lib/libextnet.so
7f17a8b9c000-7f17a8b9d000 rw-p 00000000 00:00 0 
7f17a8b9d000-7f17a8ba1000 ---p 00000000 00:00 0 
7f17a8ba1000-7f17a8e9e000 rw-p 00000000 00:00 0 
7f17a8e9e000-7f17a8e9f000 r-xp 00000000 08:30 171276                     /usr/local/openjdk-11/lib/libjaas.so
7f17a8e9f000-7f17a909e000 ---p 00001000 08:30 171276                     /usr/local/openjdk-11/lib/libjaas.so
7f17a909e000-7f17a909f000 r--p 00000000 08:30 171276                     /usr/local/openjdk-11/lib/libjaas.so
7f17a909f000-7f17a92a0000 rw-p 00000000 00:00 0 
7f17a92a0000-7f17a92a4000 ---p 00000000 00:00 0 
7f17a92a4000-7f17a94c2000 rw-p 00000000 00:00 0 
7f17a94c2000-7f17a96c2000 rw-p 00000000 00:00 0 
7f17a96c2000-7f17a98c2000 rw-p 00000000 00:00 0 
7f17a98c2000-7f17a9ac2000 rw-p 00000000 00:00 0 
7f17a9ac2000-7f17a9cc2000 rw-p 00000000 00:00 0 
7f17a9cc2000-7f17a9ec2000 rw-p 00000000 00:00 0 
7f17a9ec2000-7f17a9ec8000 r-xp 00000000 08:30 171292                     /usr/local/openjdk-11/lib/libmanagement_ext.so
7f17a9ec8000-7f17aa0c7000 ---p 00006000 08:30 171292                     /usr/local/openjdk-11/lib/libmanagement_ext.so
7f17aa0c7000-7f17aa0c8000 r--p 00005000 08:30 171292                     /usr/local/openjdk-11/lib/libmanagement_ext.so
7f17aa0c8000-7f17aa0c9000 rw-p 00000000 00:00 0 
7f17aa0c9000-7f17aa0cd000 r-xp 00000000 08:30 171289                     /usr/local/openjdk-11/lib/libmanagement.so
7f17aa0cd000-7f17aa2cc000 ---p 00004000 08:30 171289                     /usr/local/openjdk-11/lib/libmanagement.so
7f17aa2cc000-7f17aa2cd000 r--p 00003000 08:30 171289                     /usr/local/openjdk-11/lib/libmanagement.so
7f17aa2cd000-7f17aa4ce000 rw-p 00000000 00:00 0 
7f17aa4ce000-7f17aa4d2000 ---p 00000000 00:00 0 
7f17aa4d2000-7f17aa5cf000 rw-p 00000000 00:00 0 
7f17aa5cf000-7f17aa5d0000 ---p 00000000 00:00 0 
7f17aa5d0000-7f17aa6d1000 rw-p 00000000 00:00 0 
7f17aa6d1000-7f17aa6d2000 ---p 00000000 00:00 0 
7f17aa6d2000-7f17aa804000 rw-p 00000000 00:00 0 
7f17aa804000-7f17aa819000 r-xp 00000000 08:30 171299                     /usr/local/openjdk-11/lib/libnet.so
7f17aa819000-7f17aaa18000 ---p 00015000 08:30 171299                     /usr/local/openjdk-11/lib/libnet.so
7f17aaa18000-7f17aaa19000 r--p 00014000 08:30 171299                     /usr/local/openjdk-11/lib/libnet.so
7f17aaa19000-7f17aaa1a000 rw-p 00015000 08:30 171299                     /usr/local/openjdk-11/lib/libnet.so
7f17aaa1a000-7f17aaa2a000 r-xp 00000000 08:30 171304                     /usr/local/openjdk-11/lib/libnio.so
7f17aaa2a000-7f17aac2a000 ---p 00010000 08:30 171304                     /usr/local/openjdk-11/lib/libnio.so
7f17aac2a000-7f17aac2b000 r--p 00010000 08:30 171304                     /usr/local/openjdk-11/lib/libnio.so
7f17aac2b000-7f17aac2c000 rw-p 00011000 08:30 171304                     /usr/local/openjdk-11/lib/libnio.so
7f17aac2c000-7f17aac2d000 ---p 00000000 00:00 0 
7f17aac2d000-7f17aad2e000 rw-p 00000000 00:00 0 
7f17aad2e000-7f17aad32000 ---p 00000000 00:00 0 
7f17aad32000-7f17aae2f000 rw-p 00000000 00:00 0 
7f17aae2f000-7f17aae33000 ---p 00000000 00:00 0 
7f17aae33000-7f17aaf30000 rw-p 00000000 00:00 0 
7f17aaf30000-7f17aaf34000 ---p 00000000 00:00 0 
7f17aaf34000-7f17ab031000 rw-p 00000000 00:00 0 
7f17ab031000-7f17ab035000 ---p 00000000 00:00 0 
7f17ab035000-7f17ab132000 rw-p 00000000 00:00 0 
7f17ab132000-7f17ab136000 ---p 00000000 00:00 0 
7f17ab136000-7f17ab233000 rw-p 00000000 00:00 0 
7f17ab233000-7f17ab237000 ---p 00000000 00:00 0 
7f17ab237000-7f17ab334000 rw-p 00000000 00:00 0 
7f17ab334000-7f17ab389000 r--p 00000000 08:30 152450                     /usr/lib/locale/C.UTF-8/LC_CTYPE
7f17ab389000-7f17ab4fc000 r--p 00000000 08:30 152448                     /usr/lib/locale/C.UTF-8/LC_COLLATE
7f17ab4fc000-7f17ab500000 ---p 00000000 00:00 0 
7f17ab500000-7f17ab5fd000 rw-p 00000000 00:00 0 
7f17ab5fd000-7f17ab601000 ---p 00000000 00:00 0 
7f17ab601000-7f17ab6fe000 rw-p 00000000 00:00 0 
7f17ab6fe000-7f17ab6ff000 ---p 00000000 00:00 0 
7f17ab6ff000-7f17ac000000 rw-p 00000000 00:00 0 
7f17ac000000-7f17ac0e7000 rw-p 00000000 00:00 0 
7f17ac0e7000-7f17b0000000 ---p 00000000 00:00 0 
7f17b0000000-7f17b0021000 rw-p 00000000 00:00 0 
7f17b0021000-7f17b4000000 ---p 00000000 00:00 0 
7f17b4000000-7f17b405a000 rw-p 00000000 00:00 0 
7f17b405a000-7f17b8000000 ---p 00000000 00:00 0 
7f17b8000000-7f17ba378000 rw-p 00000000 00:00 0 
7f17ba378000-7f17baff0000 ---p 00000000 00:00 0 
7f17baff0000-7f17baff4000 rw-p 00000000 00:00 0 
7f17baff4000-7f17baff8000 ---p 00000000 00:00 0 
7f17baff8000-7f17baffc000 rw-p 00000000 00:00 0 
7f17baffc000-7f17bb000000 ---p 00000000 00:00 0 
7f17bb000000-7f17bb378000 rw-p 00000000 00:00 0 
7f17bb378000-7f17bbff0000 ---p 00000000 00:00 0 
7f17bbff0000-7f17bbff4000 rw-p 00000000 00:00 0 
7f17bbff4000-7f17bbff8000 ---p 00000000 00:00 0 
7f17bbff8000-7f17bbffc000 rw-p 00000000 00:00 0 
7f17bbffc000-7f17bc000000 ---p 00000000 00:00 0 
7f17bc000000-7f17bc0da000 rw-p 00000000 00:00 0 
7f17bc0da000-7f17c0000000 ---p 00000000 00:00 0 
7f17c0003000-7f17c0107000 rw-p 00000000 00:00 0 
7f17c0107000-7f17c0108000 ---p 00000000 00:00 0 
7f17c0108000-7f17c0209000 rw-p 00000000 00:00 0 
7f17c0209000-7f17c020a000 ---p 00000000 00:00 0 
7f17c020a000-7f17c070f000 rw-p 00000000 00:00 0 
7f17c070f000-7f17c0710000 ---p 00000000 00:00 0 
7f17c0710000-7f17c0811000 rw-p 00000000 00:00 0 
7f17c0811000-7f17c0a81000 rwxp 00000000 00:00 0 
7f17c0a81000-7f17c0da1000 ---p 00000000 00:00 0 
7f17c0da1000-7f17c2ba1000 rwxp 00000000 00:00 0 
7f17c2ba1000-7f17c82d9000 ---p 00000000 00:00 0 
7f17c82d9000-7f17c8ae9000 rwxp 00000000 00:00 0 
7f17c8ae9000-7f17cf811000 ---p 00000000 00:00 0 
7f17cf811000-7f17d8000000 r--s 00000000 08:30 171323                     /usr/local/openjdk-11/lib/modules
7f17d8000000-7f17da8ac000 rw-p 00000000 00:00 0 
7f17da8ac000-7f17dc000000 ---p 00000000 00:00 0 
7f17dc006000-7f17dc007000 r--p 00000000 08:30 425251                     /lib/x86_64-linux-gnu/libnss_dns-2.31.so
7f17dc007000-7f17dc00b000 r-xp 00001000 08:30 425251                     /lib/x86_64-linux-gnu/libnss_dns-2.31.so
7f17dc00b000-7f17dc00c000 r--p 00005000 08:30 425251                     /lib/x86_64-linux-gnu/libnss_dns-2.31.so
7f17dc00c000-7f17dc00d000 r--p 00005000 08:30 425251                     /lib/x86_64-linux-gnu/libnss_dns-2.31.so
7f17dc00d000-7f17dc00e000 rw-p 00006000 08:30 425251                     /lib/x86_64-linux-gnu/libnss_dns-2.31.so
7f17dc012000-7f17dc013000 r--p 00000000 08:30 152512                     /usr/lib/locale/C.UTF-8/LC_NUMERIC
7f17dc013000-7f17dc014000 r--p 00000000 08:30 152519                     /usr/lib/locale/C.UTF-8/LC_TIME
7f17dc014000-7f17dc015000 r--p 00000000 08:30 152460                     /usr/lib/locale/C.UTF-8/LC_MONETARY
7f17dc015000-7f17dc01c000 r--s 00000000 08:30 573023                     /usr/lib/x86_64-linux-gnu/gconv/gconv-modules.cache
7f17dc01c000-7f17dc05e000 rw-p 00000000 00:00 0 
7f17dc05e000-7f17dc05f000 ---p 00000000 00:00 0 
7f17dc05f000-7f17dc1f2000 rw-p 00000000 00:00 0 
7f17dc1f2000-7f17dc381000 ---p 00000000 00:00 0 
7f17dc381000-7f17dc3f2000 rw-p 00000000 00:00 0 
7f17dc3f2000-7f17dc581000 ---p 00000000 00:00 0 
7f17dc581000-7f17dc5f2000 rw-p 00000000 00:00 0 
7f17dc5f2000-7f17dc781000 ---p 00000000 00:00 0 
7f17dc781000-7f17dcb87000 rw-p 00000000 00:00 0 
7f17dcb87000-7f17dcb88000 ---p 00000000 00:00 0 
7f17dcb88000-7f17dcc9a000 rw-p 00000000 00:00 0 
7f17dcc9a000-7f17dcd74000 ---p 00000000 00:00 0 
7f17dcd74000-7f17dcdb0000 rw-p 00000000 00:00 0 
7f17dcdb0000-7f17dce5f000 ---p 00000000 00:00 0 
7f17dce5f000-7f17dce64000 rw-p 00000000 00:00 0 
7f17dce64000-7f17dce6b000 ---p 00000000 00:00 0 
7f17dce6b000-7f17dce72000 r-xp 00000000 08:30 171321                     /usr/local/openjdk-11/lib/libzip.so
7f17dce72000-7f17dd072000 ---p 00007000 08:30 171321                     /usr/local/openjdk-11/lib/libzip.so
7f17dd072000-7f17dd073000 r--p 00007000 08:30 171321                     /usr/local/openjdk-11/lib/libzip.so
7f17dd073000-7f17dd074000 rw-p 00000000 00:00 0 
7f17dd074000-7f17dd07c000 rw-s 00000000 08:30 67992                      /tmp/hsperfdata_root/10
7f17dd07c000-7f17dd07f000 r--p 00000000 08:30 425253                     /lib/x86_64-linux-gnu/libnss_files-2.31.so
7f17dd07f000-7f17dd086000 r-xp 00003000 08:30 425253                     /lib/x86_64-linux-gnu/libnss_files-2.31.so
7f17dd086000-7f17dd088000 r--p 0000a000 08:30 425253                     /lib/x86_64-linux-gnu/libnss_files-2.31.so
7f17dd088000-7f17dd089000 r--p 0000b000 08:30 425253                     /lib/x86_64-linux-gnu/libnss_files-2.31.so
7f17dd089000-7f17dd08a000 rw-p 0000c000 08:30 425253                     /lib/x86_64-linux-gnu/libnss_files-2.31.so
7f17dd08a000-7f17dd090000 rw-p 00000000 00:00 0 
7f17dd090000-7f17dd091000 r--p 00000000 08:30 152458                     /usr/lib/locale/C.UTF-8/LC_MESSAGES/SYS_LC_MESSAGES
7f17dd091000-7f17dd092000 r--p 00000000 08:30 152513                     /usr/lib/locale/C.UTF-8/LC_PAPER
7f17dd092000-7f17dd093000 r--p 00000000 08:30 152466                     /usr/lib/locale/C.UTF-8/LC_NAME
7f17dd093000-7f17dd094000 r--p 00000000 08:30 152443                     /usr/lib/locale/C.UTF-8/LC_ADDRESS
7f17dd094000-7f17dd0af000 r-xp 00000000 08:30 171285                     /usr/local/openjdk-11/lib/libjimage.so
7f17dd0af000-7f17dd2ae000 ---p 0001b000 08:30 171285                     /usr/local/openjdk-11/lib/libjimage.so
7f17dd2ae000-7f17dd2b0000 r--p 0001a000 08:30 171285                     /usr/local/openjdk-11/lib/libjimage.so
7f17dd2b0000-7f17dd2b1000 rw-p 0001c000 08:30 171285                     /usr/local/openjdk-11/lib/libjimage.so
7f17dd2b1000-7f17dd2da000 r-xp 00000000 08:30 171277                     /usr/local/openjdk-11/lib/libjava.so
7f17dd2da000-7f17dd4d9000 ---p 00029000 08:30 171277                     /usr/local/openjdk-11/lib/libjava.so
7f17dd4d9000-7f17dd4da000 r--p 00028000 08:30 171277                     /usr/local/openjdk-11/lib/libjava.so
7f17dd4da000-7f17dd4db000 rw-p 00029000 08:30 171277                     /usr/local/openjdk-11/lib/libjava.so
7f17dd4db000-7f17dd4dc000 rw-p 00000000 00:00 0 
7f17dd4dc000-7f17dd4e9000 r-xp 00000000 08:30 171320                     /usr/local/openjdk-11/lib/libverify.so
7f17dd4e9000-7f17dd6e8000 ---p 0000d000 08:30 171320                     /usr/local/openjdk-11/lib/libverify.so
7f17dd6e8000-7f17dd6ea000 r--p 0000c000 08:30 171320                     /usr/local/openjdk-11/lib/libverify.so
7f17dd6ea000-7f17dd6eb000 rw-p 00000000 00:00 0 
7f17dd6eb000-7f17dd6ed000 r--p 00000000 08:30 425266                     /lib/x86_64-linux-gnu/librt-2.31.so
7f17dd6ed000-7f17dd6f1000 r-xp 00002000 08:30 425266                     /lib/x86_64-linux-gnu/librt-2.31.so
7f17dd6f1000-7f17dd6f3000 r--p 00006000 08:30 425266                     /lib/x86_64-linux-gnu/librt-2.31.so
7f17dd6f3000-7f17dd6f4000 r--p 00007000 08:30 425266                     /lib/x86_64-linux-gnu/librt-2.31.so
7f17dd6f4000-7f17dd6f5000 rw-p 00008000 08:30 425266                     /lib/x86_64-linux-gnu/librt-2.31.so
7f17dd6f5000-7f17dd6f9000 ---p 00000000 00:00 0 
7f17dd6f9000-7f17dd7f6000 rw-p 00000000 00:00 0 
7f17dd7f6000-7f17dd803000 r--p 00000000 08:30 425238                     /lib/x86_64-linux-gnu/libm-2.31.so
7f17dd803000-7f17dd89d000 r-xp 0000d000 08:30 425238                     /lib/x86_64-linux-gnu/libm-2.31.so
7f17dd89d000-7f17dd938000 r--p 000a7000 08:30 425238                     /lib/x86_64-linux-gnu/libm-2.31.so
7f17dd938000-7f17dd939000 r--p 00141000 08:30 425238                     /lib/x86_64-linux-gnu/libm-2.31.so
7f17dd939000-7f17dd93a000 rw-p 00142000 08:30 425238                     /lib/x86_64-linux-gnu/libm-2.31.so
7f17dd93a000-7f17de9a1000 r-xp 00000000 08:30 171350                     /usr/local/openjdk-11/lib/server/libjvm.so
7f17de9a1000-7f17deba1000 ---p 01067000 08:30 171350                     /usr/local/openjdk-11/lib/server/libjvm.so
7f17deba1000-7f17dec63000 r--p 01067000 08:30 171350                     /usr/local/openjdk-11/lib/server/libjvm.so
7f17dec63000-7f17dec9d000 rw-p 01129000 08:30 171350                     /usr/local/openjdk-11/lib/server/libjvm.so
7f17dec9d000-7f17decf6000 rw-p 00000000 00:00 0 
7f17decf6000-7f17ded18000 r--p 00000000 08:30 425230                     /lib/x86_64-linux-gnu/libc-2.31.so
7f17ded18000-7f17dee71000 r-xp 00022000 08:30 425230                     /lib/x86_64-linux-gnu/libc-2.31.so
7f17dee71000-7f17deec0000 r--p 0017b000 08:30 425230                     /lib/x86_64-linux-gnu/libc-2.31.so
7f17deec0000-7f17deec4000 r--p 001c9000 08:30 425230                     /lib/x86_64-linux-gnu/libc-2.31.so
7f17deec4000-7f17deec6000 rw-p 001cd000 08:30 425230                     /lib/x86_64-linux-gnu/libc-2.31.so
7f17deec6000-7f17deeca000 rw-p 00000000 00:00 0 
7f17deeca000-7f17deecb000 r--p 00000000 08:30 425232                     /lib/x86_64-linux-gnu/libdl-2.31.so
7f17deecb000-7f17deecd000 r-xp 00001000 08:30 425232                     /lib/x86_64-linux-gnu/libdl-2.31.so
7f17deecd000-7f17deece000 r--p 00003000 08:30 425232                     /lib/x86_64-linux-gnu/libdl-2.31.so
7f17deece000-7f17deecf000 r--p 00003000 08:30 425232                     /lib/x86_64-linux-gnu/libdl-2.31.so
7f17deecf000-7f17deed0000 rw-p 00004000 08:30 425232                     /lib/x86_64-linux-gnu/libdl-2.31.so
7f17deed0000-7f17deedf000 r-xp 00000000 08:30 171244                     /usr/local/openjdk-11/lib/jli/libjli.so
7f17deedf000-7f17df0de000 ---p 0000f000 08:30 171244                     /usr/local/openjdk-11/lib/jli/libjli.so
7f17df0de000-7f17df0df000 r--p 0000e000 08:30 171244                     /usr/local/openjdk-11/lib/jli/libjli.so
7f17df0df000-7f17df0e0000 rw-p 0000f000 08:30 171244                     /usr/local/openjdk-11/lib/jli/libjli.so
7f17df0e0000-7f17df0e6000 r--p 00000000 08:30 425260                     /lib/x86_64-linux-gnu/libpthread-2.31.so
7f17df0e6000-7f17df0f6000 r-xp 00006000 08:30 425260                     /lib/x86_64-linux-gnu/libpthread-2.31.so
7f17df0f6000-7f17df0fc000 r--p 00016000 08:30 425260                     /lib/x86_64-linux-gnu/libpthread-2.31.so
7f17df0fc000-7f17df0fd000 r--p 0001b000 08:30 425260                     /lib/x86_64-linux-gnu/libpthread-2.31.so
7f17df0fd000-7f17df0fe000 rw-p 0001c000 08:30 425260                     /lib/x86_64-linux-gnu/libpthread-2.31.so
7f17df0fe000-7f17df102000 rw-p 00000000 00:00 0 
7f17df102000-7f17df105000 r--p 00000000 08:30 425277                     /lib/x86_64-linux-gnu/libz.so.1.2.11
7f17df105000-7f17df116000 r-xp 00003000 08:30 425277                     /lib/x86_64-linux-gnu/libz.so.1.2.11
7f17df116000-7f17df11c000 r--p 00014000 08:30 425277                     /lib/x86_64-linux-gnu/libz.so.1.2.11
7f17df11c000-7f17df11d000 ---p 0001a000 08:30 425277                     /lib/x86_64-linux-gnu/libz.so.1.2.11
7f17df11d000-7f17df11e000 r--p 0001a000 08:30 425277                     /lib/x86_64-linux-gnu/libz.so.1.2.11
7f17df11e000-7f17df11f000 rw-p 0001b000 08:30 425277                     /lib/x86_64-linux-gnu/libz.so.1.2.11
7f17df11f000-7f17df121000 rw-p 00000000 00:00 0 
7f17df121000-7f17df122000 r--p 00000000 08:30 152516                     /usr/lib/locale/C.UTF-8/LC_TELEPHONE
7f17df122000-7f17df123000 r--p 00000000 08:30 152452                     /usr/lib/locale/C.UTF-8/LC_MEASUREMENT
7f17df123000-7f17df124000 ---p 00000000 00:00 0 
7f17df124000-7f17df125000 r--p 00000000 00:00 0 
7f17df125000-7f17df126000 r--p 00000000 08:30 425223                     /lib/x86_64-linux-gnu/ld-2.31.so
7f17df126000-7f17df146000 r-xp 00001000 08:30 425223                     /lib/x86_64-linux-gnu/ld-2.31.so
7f17df146000-7f17df14e000 r--p 00021000 08:30 425223                     /lib/x86_64-linux-gnu/ld-2.31.so
7f17df14e000-7f17df14f000 r--p 00000000 08:30 152451                     /usr/lib/locale/C.UTF-8/LC_IDENTIFICATION
7f17df14f000-7f17df150000 r--p 00029000 08:30 425223                     /lib/x86_64-linux-gnu/ld-2.31.so
7f17df150000-7f17df151000 rw-p 0002a000 08:30 425223                     /lib/x86_64-linux-gnu/ld-2.31.so
7f17df151000-7f17df152000 rw-p 00000000 00:00 0 
7ffcbbb97000-7ffcbbbb8000 rw-p 00000000 00:00 0                          [stack]
7ffcbbbc7000-7ffcbbbcb000 r--p 00000000 00:00 0                          [vvar]
7ffcbbbcb000-7ffcbbbcd000 r-xp 00000000 00:00 0                          [vdso]


VM Arguments:
jvm_args: -Xmx1g -XX:+IgnoreUnrecognizedVMOptions --add-opens=java.base/java.lang=ALL-UNNAMED --add-opens=java.base/java.lang.invoke=ALL-UNNAMED --add-opens=java.base/java.lang.reflect=ALL-UNNAMED --add-opens=java.base/java.io=ALL-UNNAMED --add-opens=java.base/java.net=ALL-UNNAMED --add-opens=java.base/java.nio=ALL-UNNAMED --add-opens=java.base/java.util=ALL-UNNAMED --add-opens=java.base/java.util.concurrent=ALL-UNNAMED --add-opens=java.base/java.util.concurrent.atomic=ALL-UNNAMED --add-opens=java.base/sun.nio.ch=ALL-UNNAMED --add-opens=java.base/sun.nio.cs=ALL-UNNAMED --add-opens=java.base/sun.security.action=ALL-UNNAMED --add-opens=java.base/sun.util.calendar=ALL-UNNAMED --add-opens=java.security.jgss/sun.security.krb5=ALL-UNNAMED -Djdk.reflect.useDirectMethodHandle=false 
java_command: org.apache.spark.deploy.SparkSubmit --conf spark.jars.packages=org.postgresql:postgresql:42.6.0 --conf spark.app.name=DataFlow360_Streaming_Cleaner --conf spark.hadoop.fs.defaultFS=hdfs://namenode:8020 --jars /opt/spark/jars/postgresql-42.6.0.jar pyspark-shell
java_class_path (initial): /opt/spark/conf/:/opt/spark/jars/libthrift-0.12.0.jar:/opt/spark/jars/jdo-api-3.0.1.jar:/opt/spark/jars/leveldbjni-all-1.8.jar:/opt/spark/jars/arrow-memory-netty-12.0.1.jar:/opt/spark/jars/jsr305-3.0.0.jar:/opt/spark/jars/scala-compiler-2.12.18.jar:/opt/spark/jars/xz-1.9.jar:/opt/spark/jars/log4j-1.2-api-2.20.0.jar:/opt/spark/jars/jackson-annotations-2.15.2.jar:/opt/spark/jars/avro-ipc-1.11.2.jar:/opt/spark/jars/netty-handler-4.1.96.Final.jar:/opt/spark/jars/hive-shims-2.3.9.jar:/opt/spark/jars/parquet-encoding-1.13.1.jar:/opt/spark/jars/stream-2.9.6.jar:/opt/spark/jars/hive-metastore-2.3.9.jar:/opt/spark/jars/scala-reflect-2.12.18.jar:/opt/spark/jars/jersey-common-2.40.jar:/opt/spark/jars/kubernetes-model-common-6.7.2.jar:/opt/spark/jars/rocksdbjni-8.3.2.jar:/opt/spark/jars/snakeyaml-2.0.jar:/opt/spark/jars/minlog-1.3.0.jar:/opt/spark/jars/commons-dbcp-1.4.jar:/opt/spark/jars/zookeeper-3.6.3.jar:/opt/spark/jars/javolution-5.5.1.jar:/opt/spark/jars/objenesis-3.3.jar:/opt/spark/jars/hk2-utils-2.6.1.jar:/opt/spark/jars/datanucleus-api-jdo-4.2.4.jar:/opt/spark/jars/scala-parser-combinators_2.12-2.3.0.jar:/opt/spark/jars/spire-util_2.12-0.17.0.jar:/opt/spark/jars/spark-common-utils_2.12-3.5.0.jar:/opt/spark/jars/janino-3.1.9.jar:/opt/spark/jars/jpam-1.1.jar:/opt/spark/jars/spark-sql_2.12-3.5.0.jar:/opt/spark/jars/spark-tags_2.12-3.5.0.jar:/opt/spark/jars/jakarta.ws.rs-api-2.1.6.jar:/opt/spark/jars/hive-shims-common-2.3.9.jar:/opt/spark/jars/hive-jdbc-2.3.9.jar:/opt/spark/jars/ivy-2.5.1.jar:/opt/spark/jars/logging-interceptor-3.12.12.jar:/opt/spark/jars/metrics-core-4.2.19.jar:/opt/spark/jars/istack-commons-runtime-3.0.8.jar:/opt/spark/jars/shims-0.9.45.jar:/opt/spark/jars/commons-math3-3.6.1.jar:/opt/spark/jars/curator-recipes-2.13.0.jar:/opt/spark/jars/joda-time-2.12.5.jar:/opt/spark/jars/datasketches-java-3.3.0.jar:/opt/spark/jars/jackson-module-scala_2.12-2.15.2.jar:/opt/spark/jars/aircompressor-0.25.jar:/opt/spark/jars/jackson-dataformat
Launcher Type: SUN_STANDARD

[Global flags]
     intx CICompilerCount                          = 3                                         {product} {ergonomic}
     uint ConcGCThreads                            = 1                                         {product} {ergonomic}
     uint G1ConcRefinementThreads                  = 4                                         {product} {ergonomic}
   size_t G1HeapRegionSize                         = 1048576                                   {product} {ergonomic}
    uintx GCDrainStackTargetSize                   = 64                                        {product} {ergonomic}
     bool IgnoreUnrecognizedVMOptions              = true                                      {product} {command line}
   size_t InitialHeapSize                          = 163577856                                 {product} {ergonomic}
   size_t MarkStackSize                            = 4194304                                   {product} {ergonomic}
   size_t MaxHeapSize                              = 1073741824                                {product} {command line}
   size_t MaxNewSize                               = 643825664                                 {product} {ergonomic}
   size_t MinHeapDeltaBytes                        = 1048576                                   {product} {ergonomic}
    uintx NonNMethodCodeHeapSize                   = 5830732                                {pd product} {ergonomic}
    uintx NonProfiledCodeHeapSize                  = 122913754                              {pd product} {ergonomic}
    uintx ProfiledCodeHeapSize                     = 122913754                              {pd product} {ergonomic}
    uintx ReservedCodeCacheSize                    = 251658240                              {pd product} {ergonomic}
     bool SegmentedCodeCache                       = true                                      {product} {ergonomic}
     bool UseCompressedClassPointers               = true                                 {lp64_product} {ergonomic}
     bool UseCompressedOops                        = true                                 {lp64_product} {ergonomic}
     bool UseG1GC                                  = true                                      {product} {ergonomic}

Logging:
Log output configuration:
 #0: stdout all=warning uptime,level,tags
 #1: stderr all=off uptime,level,tags

Environment Variables:
JAVA_HOME=/usr/local/openjdk-11
PATH=/usr/local/openjdk-11/bin:/usr/local/openjdk-11/bin:/usr/local/sbin:/usr/local/bin:/usr/sbin:/usr/bin:/sbin:/bin:/opt/spark/bin
LANG=C.UTF-8

Signal Handlers:
SIGSEGV: [libjvm.so+0xd9b640], sa_mask[0]=11111111011111111101111111111110, sa_flags=SA_RESTART|SA_SIGINFO
SIGBUS: [libjvm.so+0xd9b640], sa_mask[0]=11111111011111111101111111111110, sa_flags=SA_RESTART|SA_SIGINFO
SIGFPE: [libjvm.so+0xd9b640], sa_mask[0]=11111111011111111101111111111110, sa_flags=SA_RESTART|SA_SIGINFO
SIGPIPE: [libjvm.so+0xb9de10], sa_mask[0]=11111111011111111101111111111110, sa_flags=SA_RESTART|SA_SIGINFO
SIGXFSZ: [libjvm.so+0xb9de10], sa_mask[0]=11111111011111111101111111111110, sa_flags=SA_RESTART|SA_SIGINFO
SIGILL: [libjvm.so+0xd9b640], sa_mask[0]=11111111011111111101111111111110, sa_flags=SA_RESTART|SA_SIGINFO
SIGUSR2: [libjvm.so+0xb9dca0], sa_mask[0]=00000000000000000000000000000000, sa_flags=SA_RESTART|SA_SIGINFO
SIGHUP: [libjvm.so+0xb9e460], sa_mask[0]=11111111011111111101111111111110, sa_flags=SA_RESTART|SA_SIGINFO
SIGINT: SIG_IGN, sa_mask[0]=00000000000000000000000000000000, sa_flags=none
SIGTERM: [libjvm.so+0xb9e460], sa_mask[0]=11111111011111111101111111111110, sa_flags=SA_RESTART|SA_SIGINFO
SIGQUIT: [libjvm.so+0xb9e460], sa_mask[0]=11111111011111111101111111111110, sa_flags=SA_RESTART|SA_SIGINFO


---------------  S Y S T E M  ---------------

OS:PRETTY_NAME="Debian GNU/Linux 11 (bullseye)"
NAME="Debian GNU/Linux"
VERSION_ID="11"
VERSION="11 (bullseye)"
VERSION_CODENAME=bullseye
ID=debian
HOME_URL="https://www.debian.org/"
SUPPORT_URL="https://www.debian.org/support"
BUG_REPORT_URL="https://bugs.debian.org/"
uname:Linux 5.15.167.4-microsoft-standard-WSL2 #1 SMP Tue Nov 5 00:21:55 UTC 2024 x86_64
OS uptime: 0 days 3:49 hours
libc:glibc 2.31 NPTL 2.31 
rlimit (soft/hard): STACK 8192k/infinity , CORE 0k/infinity , NPROC infinity/infinity , NOFILE 1048576/1048576 , AS infinity/infinity , CPU infinity/infinity , DATA infinity/infinity , FSIZE infinity/infinity , MEMLOCK infinity/infinity
load average:11.81 7.12 3.32

/proc/meminfo:
MemTotal:       10113908 kB
MemFree:         3787500 kB
MemAvailable:    5628668 kB
Buffers:          167940 kB
Cached:          1896304 kB
SwapCached:            0 kB
Active:           657544 kB
Inactive:        5255768 kB
Active(anon):       9772 kB
Inactive(anon):  3880772 kB
Active(file):     647772 kB
Inactive(file):  1374996 kB
Unevictable:           0 kB
Mlocked:               0 kB
SwapTotal:       3145728 kB
SwapFree:        3145728 kB
Dirty:              1528 kB
Writeback:             0 kB
AnonPages:       3780808 kB
Mapped:           509932 kB
Shmem:             41476 kB
KReclaimable:      84596 kB
Slab:             142588 kB
SReclaimable:      84596 kB
SUnreclaim:        57992 kB
KernelStack:       17904 kB
PageTables:        18208 kB
NFS_Unstable:          0 kB
Bounce:                0 kB
WritebackTmp:          0 kB
CommitLimit:     8202680 kB
Committed_AS:    9411248 kB
VmallocTotal:   34359738367 kB
VmallocUsed:       40312 kB
VmallocChunk:          0 kB
Percpu:             1824 kB
AnonHugePages:   2091008 kB
ShmemHugePages:        0 kB
ShmemPmdMapped:        0 kB
FileHugePages:         0 kB
FilePmdMapped:         0 kB
HugePages_Total:       0
HugePages_Free:        0
HugePages_Rsvd:        0
HugePages_Surp:        0
Hugepagesize:       2048 kB
Hugetlb:               0 kB
DirectMap4k:      134144 kB
DirectMap2M:     8177664 kB
DirectMap1G:    11534336 kB

/sys/kernel/mm/transparent_hugepage/enabled:
[always] madvise never
/sys/kernel/mm/transparent_hugepage/defrag (defrag/compaction efforts parameter):
always defer defer+madvise [madvise] never

Process Memory:
Virtual Size: 4906548K (peak: 12446700K)
Resident Set Size: 698324K (peak: 698324K) (anon: 670764K, file: 27560K, shmem: 0K)
Swapped out: 0K
C-Heap outstanding allocations: 113637K, retained: 127418K
glibc malloc tunables: (default)

/proc/sys/kernel/threads-max (system-wide limit on the number of threads):
78961
/proc/sys/vm/max_map_count (maximum number of memory map areas a process may have):
262144
/proc/sys/kernel/pid_max (system-wide limit on number of process identifiers):
99999

container (cgroup) information:
container_type: cgroupv1
cpu_cpuset_cpus: 0-3
cpu_memory_nodes: 0
active_processor_count: 4
cpu_quota: no quota
cpu_period: 100000
cpu_shares: no shares
memory_limit_in_bytes: unlimited
memory_and_swap_limit_in_bytes: unlimited
memory_soft_limit_in_bytes: unlimited
memory_usage_in_bytes: 937689088
memory_max_usage_in_bytes: 937689088

Hyper-V virtualization detected
Steal ticks since vm start: 0
Steal ticks percentage since vm start:  0.000

CPU:total 4 (initial active 4) (2 cores per cpu, 2 threads per core) family 6 model 78 stepping 3 microcode 0xffffffff, cmov, cx8, fxsr, mmx, sse, sse2, sse3, ssse3, sse4.1, sse4.2, popcnt, avx, avx2, aes, clmul, erms, rtm, 3dnowpref, lzcnt, ht, tsc, bmi1, bmi2, adx, fma
CPU Model and flags from /proc/cpuinfo:
model name	: Intel(R) Core(TM) i7-6600U CPU @ 2.60GHz
flags		: fpu vme de pse tsc msr pae mce cx8 apic sep mtrr pge mca cmov pat pse36 clflush mmx fxsr sse sse2 ss ht syscall nx pdpe1gb rdtscp lm constant_tsc arch_perfmon rep_good nopl xtopology cpuid pni pclmulqdq ssse3 fma cx16 pdcm pcid sse4_1 sse4_2 movbe popcnt aes xsave avx f16c rdrand hypervisor lahf_lm abm 3dnowprefetch invpcid_single pti ssbd ibrs ibpb stibp fsgsbase bmi1 hle avx2 smep bmi2 erms invpcid rtm rdseed adx smap clflushopt xsaveopt xsavec xgetbv1 xsaves md_clear flush_l1d arch_capabilities
Online cpus:
0-3
Offline cpus:

BIOS frequency limitation:
<Not Available>
Frequency switch latency (ns):
<Not Available>
Available cpu frequencies:
<Not Available>
Current governor:
<Not Available>
Core performance/turbo boost:
<Not Available>

Memory: 4k page, physical 10113908k(3787500k free), swap 3145728k(3145728k free)

vm_info: OpenJDK 64-Bit Server VM (11.0.16+8) for linux-amd64 JRE (11.0.16+8), built on Jul 16 2022 23:58:30 by "openjdk" with gcc 8.3.1 20190311 (Red Hat 8.3.1-3)

END.
