hospital_id,hospital_name,region,city,capacity_beds,capacity_staff,date,patients_admitted,patients_released,patients_in_care,icu_patients,available_beds,available_staff,emergency_cases,mortality_rate,disease_name,new_cases,new_deaths,vaccination_rate,test_positivity_rate,risk_level,temperature_c,humidity_percent,population_density,public_alert,region_mobility_index,medical_supplies_index,staff_absence_rate,avg_wait_time_minutes,response_time_minutes
10,Centre Hospitalier Régional de Tambacounda,Tambacounda,Tambacounda,284,397,2024-11-02,43,88,254,18,30,356,42,1.26,Dengue,102,2,38.48,8.92,élevé,34.9,42.0,1030.4,True,0.97,0.51,0.04,37.0,40.0
10,Centre Hospitalier Régional de Tambacounda,Tambacounda,Tambacounda,284,397,2024-11-03,77,87,98,20,186,359,29,0.89,Covid-19,20,5,59.42,17.47,faible,28.7,56.0,3439.2,False,0.67,0.48,0.06,5.6,19.2
10,Centre Hospitalier Régional de Tambacounda,Tambacounda,Tambacounda,284,397,2024-11-04,11,39,163,12,121,365,13,3.22,Grippe,8,4,34.4,10.8,faible,23.8,59.0,1103.8,False,0.93,0.38,0.14,161.4,43.5
10,Centre Hospitalier Régional de Tambacounda,Tambacounda,Tambacounda,284,397,2024-11-05,41,63,204,14,80,396,2,1.86,Covid-19,25,6,64.94,14.86,faible,37.5,59.6,1201.0,False,0.72,0.8,0.02,100.2,12.8
10,Centre Hospitalier Régional de Tambacounda,Tambacounda,Tambacounda,284,397,2024-11-06,65,47,260,10,24,355,37,2.99,Covid-19,54,4,45.23,3.97,modéré,22.2,54.1,1108.2,False,0.44,0.79,0.15,15.6,55.9
10,Centre Hospitalier Régional de Tambacounda,Tambacounda,Tambacounda,284,397,2024-11-07,74,59,41,25,243,387,39,2.39,Covid-19,70,6,94.02,19.91,modéré,38.5,63.0,2529.1,False,0.64,0.55,0.16,130.6,53.4
10,Centre Hospitalier Régional de Tambacounda,Tambacounda,Tambacounda,284,397,2024-11-08,20,79,85,14,199,363,4,2.49,Paludisme,80,3,33.43,23.86,élevé,22.9,64.9,4345.3,False,0.28,0.33,0.14,150.2,25.5
10,Centre Hospitalier Régional de Tambacounda,Tambacounda,Tambacounda,284,397,2024-11-09,42,33,164,1,120,352,45,1.15,Paludisme,59,1,66.54,14.88,modéré,25.6,75.2,4329.9,False,0.86,0.69,0.1,125.0,59.6
10,Centre Hospitalier Régional de Tambacounda,Tambacounda,Tambacounda,284,397,2024-11-10,75,58,145,0,139,376,8,1.05,Dengue,117,6,65.34,3.33,élevé,38.3,84.9,1256.5,True,0.48,0.61,0.02,110.7,8.0
10,Centre Hospitalier Régional de Tambacounda,Tambacounda,Tambacounda,284,397,2024-11-11,89,75,253,4,31,392,3,3.97,Dengue,0,10,62.5,22.91,faible,35.8,46.7,3565.5,False,0.41,0.82,0.01,25.1,3.7
10,Centre Hospitalier Régional de Tambacounda,Tambacounda,Tambacounda,284,397,2024-11-12,78,28,183,25,101,386,47,0.51,Covid-19,6,10,52.55,3.13,faible,37.3,62.9,3783.6,False,0.91,0.59,0.13,155.1,42.3
10,Centre Hospitalier Régional de Tambacounda,Tambacounda,Tambacounda,284,397,2024-11-13,74,28,220,12,64,373,57,0.85,Choléra,100,4,52.43,4.18,élevé,22.8,66.2,3038.6,True,0.97,0.36,0.13,52.7,54.8
10,Centre Hospitalier Régional de Tambacounda,Tambacounda,Tambacounda,284,397,2024-11-14,79,85,249,10,35,377,33,2.61,Grippe,103,7,37.0,16.16,élevé,24.8,56.0,988.9,True,0.97,0.34,0.2,159.7,20.6
10,Centre Hospitalier Régional de Tambacounda,Tambacounda,Tambacounda,284,397,2024-11-15,19,82,71,17,213,347,52,1.2,Paludisme,106,0,78.66,24.92,élevé,25.2,84.5,1974.4,True,0.43,0.35,0.15,115.6,53.4
10,Centre Hospitalier Régional de Tambacounda,Tambacounda,Tambacounda,284,397,2024-11-16,92,32,148,23,136,370,50,1.61,Covid-19,75,1,56.36,15.26,modéré,31.1,52.6,2735.3,False,0.72,0.5,0.09,56.9,44.9
10,Centre Hospitalier Régional de Tambacounda,Tambacounda,Tambacounda,284,397,2024-11-17,100,44,277,12,7,364,21,3.65,Grippe,46,8,79.01,5.74,modéré,29.7,63.5,4699.8,False,0.52,0.48,0.15,92.0,59.1
10,Centre Hospitalier Régional de Tambacounda,Tambacounda,Tambacounda,284,397,2024-11-18,57,70,266,21,18,374,19,2.64,Grippe,62,3,59.26,14.35,modéré,28.1,61.5,3095.9,False,0.27,0.62,0.02,150.2,31.7
10,Centre Hospitalier Régional de Tambacounda,Tambacounda,Tambacounda,284,397,2024-11-19,97,22,71,5,213,395,5,2.96,Dengue,8,1,42.18,3.17,faible,23.8,71.5,2925.2,False,0.26,0.4,0.0,28.7,17.0
10,Centre Hospitalier Régional de Tambacounda,Tambacounda,Tambacounda,284,397,2024-11-20,63,10,210,3,74,377,29,2.12,Paludisme,47,6,57.99,19.55,modéré,34.6,81.7,1359.9,False,0.9,0.35,0.06,164.3,25.5
10,Centre Hospitalier Régional de Tambacounda,Tambacounda,Tambacounda,284,397,2024-11-21,66,81,33,21,251,372,26,3.68,Dengue,29,9,56.45,18.13,faible,30.1,45.7,2350.0,False,0.39,0.56,0.01,30.3,31.8
10,Centre Hospitalier Régional de Tambacounda,Tambacounda,Tambacounda,284,397,2024-11-22,100,73,221,20,63,374,55,1.22,Covid-19,81,4,42.49,9.69,élevé,24.9,70.4,4538.8,True,0.73,0.51,0.1,24.2,54.6
10,Centre Hospitalier Régional de Tambacounda,Tambacounda,Tambacounda,284,397,2024-11-23,94,35,148,9,136,364,5,0.82,Choléra,94,10,89.56,21.96,élevé,38.1,41.2,4901.5,True,0.67,0.71,0.01,41.1,56.2
10,Centre Hospitalier Régional de Tambacounda,Tambacounda,Tambacounda,284,397,2024-11-24,64,49,259,20,25,393,24,3.1,Covid-19,53,5,84.62,24.75,modéré,29.0,77.7,4910.1,False,0.59,0.78,0.03,98.7,19.1
10,Centre Hospitalier Régional de Tambacounda,Tambacounda,Tambacounda,284,397,2024-11-25,26,76,281,8,3,387,32,2.71,Choléra,105,3,73.62,8.2,élevé,22.4,46.7,2074.6,True,0.7,0.41,0.07,94.1,55.9
10,Centre Hospitalier Régional de Tambacounda,Tambacounda,Tambacounda,284,397,2024-11-26,27,27,194,8,90,357,27,1.36,Covid-19,98,7,91.48,14.26,élevé,33.0,53.9,4090.2,True,0.78,0.66,0.11,115.5,32.8
10,Centre Hospitalier Régional de Tambacounda,Tambacounda,Tambacounda,284,397,2024-11-27,17,9,243,5,41,382,48,0.55,Paludisme,111,0,82.51,8.59,élevé,34.4,56.3,3779.9,True,0.22,0.51,0.04,77.0,22.8
10,Centre Hospitalier Régional de Tambacounda,Tambacounda,Tambacounda,284,397,2024-11-28,98,76,151,2,133,384,39,2.1,Covid-19,71,10,89.94,17.35,modéré,32.4,71.5,3943.1,False,0.51,0.9,0.2,13.1,55.6
10,Centre Hospitalier Régional de Tambacounda,Tambacounda,Tambacounda,284,397,2024-11-29,13,21,198,20,86,358,36,2.49,Covid-19,12,1,86.36,17.77,faible,26.6,69.4,4652.9,False,0.25,0.61,0.07,137.1,21.2
10,Centre Hospitalier Régional de Tambacounda,Tambacounda,Tambacounda,284,397,2024-11-30,53,36,280,7,4,350,48,0.28,Covid-19,37,6,89.33,9.98,modéré,29.8,55.1,4097.9,False,0.65,0.3,0.08,130.9,23.8
10,Centre Hospitalier Régional de Tambacounda,Tambacounda,Tambacounda,284,397,2024-12-01,48,15,159,20,125,383,8,2.85,Choléra,83,9,33.99,26.82,élevé,34.0,76.9,1202.1,True,0.7,0.69,0.08,99.4,41.2
10,Centre Hospitalier Régional de Tambacounda,Tambacounda,Tambacounda,284,397,2024-12-02,44,50,33,11,251,352,7,2.4,Paludisme,65,9,59.8,13.27,modéré,32.6,82.6,290.9,False,0.58,0.47,0.14,166.9,9.1
10,Centre Hospitalier Régional de Tambacounda,Tambacounda,Tambacounda,284,397,2024-12-03,67,19,98,9,186,393,10,3.5,Covid-19,60,6,87.4,25.91,modéré,32.8,81.1,1463.7,False,0.25,0.77,0.08,59.4,47.4
10,Centre Hospitalier Régional de Tambacounda,Tambacounda,Tambacounda,284,397,2024-12-04,96,30,251,5,33,371,24,0.11,Covid-19,20,2,94.51,9.88,faible,24.5,81.4,2016.2,False,0.25,0.42,0.13,107.7,13.7
10,Centre Hospitalier Régional de Tambacounda,Tambacounda,Tambacounda,284,397,2024-12-05,81,87,108,15,176,364,0,0.55,Dengue,46,0,83.66,27.65,modéré,22.4,79.0,995.9,False,0.26,0.93,0.01,165.5,42.1
10,Centre Hospitalier Régional de Tambacounda,Tambacounda,Tambacounda,284,397,2024-12-06,25,68,21,20,263,375,12,3.74,Dengue,56,10,79.91,11.14,modéré,30.0,75.1,128.2,False,0.87,0.32,0.03,148.5,37.0
10,Centre Hospitalier Régional de Tambacounda,Tambacounda,Tambacounda,284,397,2024-12-07,16,45,162,10,122,356,55,3.57,Paludisme,49,2,50.73,14.98,modéré,36.3,57.0,1375.9,False,0.24,0.86,0.05,107.6,16.1
10,Centre Hospitalier Régional de Tambacounda,Tambacounda,Tambacounda,284,397,2024-12-08,43,7,142,7,142,385,52,1.96,Grippe,71,2,79.04,5.64,modéré,37.1,73.5,1849.5,False,0.77,0.81,0.07,85.4,23.1
10,Centre Hospitalier Régional de Tambacounda,Tambacounda,Tambacounda,284,397,2024-12-09,59,81,166,12,118,367,45,1.8,Grippe,28,2,64.59,14.11,faible,24.3,52.7,950.5,False,0.58,0.52,0.08,155.5,39.4
10,Centre Hospitalier Régional de Tambacounda,Tambacounda,Tambacounda,284,397,2024-12-10,87,44,215,14,69,370,59,3.07,Paludisme,113,9,40.72,18.38,élevé,33.2,69.6,1314.3,True,0.33,0.66,0.01,39.4,24.4
10,Centre Hospitalier Régional de Tambacounda,Tambacounda,Tambacounda,284,397,2024-12-11,81,87,21,13,263,392,15,1.93,Grippe,75,0,85.4,8.62,modéré,36.4,55.7,862.4,False,0.91,0.69,0.07,5.4,13.3
10,Centre Hospitalier Régional de Tambacounda,Tambacounda,Tambacounda,284,397,2024-12-12,72,65,100,22,184,395,25,0.52,Choléra,71,4,37.52,24.08,modéré,32.6,60.1,1030.8,False,0.29,0.96,0.02,25.5,8.7
10,Centre Hospitalier Régional de Tambacounda,Tambacounda,Tambacounda,284,397,2024-12-13,51,55,35,7,249,367,48,3.82,Dengue,44,1,42.03,5.61,modéré,28.9,75.8,1179.0,False,0.93,0.74,0.14,154.3,34.5
10,Centre Hospitalier Régional de Tambacounda,Tambacounda,Tambacounda,284,397,2024-12-14,88,45,20,5,264,353,7,0.43,Paludisme,99,8,75.4,17.47,élevé,24.9,70.5,1681.3,True,0.81,0.66,0.2,107.8,49.6
10,Centre Hospitalier Régional de Tambacounda,Tambacounda,Tambacounda,284,397,2024-12-15,58,62,93,7,191,371,8,3.28,Dengue,6,3,43.49,28.09,faible,25.9,61.6,3782.5,False,0.71,0.76,0.13,19.5,11.5
10,Centre Hospitalier Régional de Tambacounda,Tambacounda,Tambacounda,284,397,2024-12-16,86,25,71,13,213,367,16,3.86,Dengue,39,10,55.99,16.2,modéré,36.6,88.6,1543.1,False,0.85,0.85,0.2,177.0,52.8
10,Centre Hospitalier Régional de Tambacounda,Tambacounda,Tambacounda,284,397,2024-12-17,68,45,220,20,64,374,37,1.81,Covid-19,53,6,47.17,7.95,modéré,35.7,52.5,4894.0,False,0.8,0.46,0.09,26.7,39.5
10,Centre Hospitalier Régional de Tambacounda,Tambacounda,Tambacounda,284,397,2024-12-18,62,72,75,2,209,373,17,2.74,Choléra,70,0,57.01,26.03,modéré,36.1,59.5,4693.1,False,0.27,0.68,0.18,51.8,30.4
10,Centre Hospitalier Régional de Tambacounda,Tambacounda,Tambacounda,284,397,2024-12-19,49,85,262,16,22,350,40,1.71,Choléra,38,1,77.21,26.26,modéré,32.3,53.2,4559.1,False,0.79,0.83,0.0,95.6,45.7
10,Centre Hospitalier Régional de Tambacounda,Tambacounda,Tambacounda,284,397,2024-12-20,49,22,67,18,217,388,44,1.16,Covid-19,36,3,31.88,6.41,modéré,29.0,64.3,4631.2,False,0.66,0.6,0.05,99.4,57.0
10,Centre Hospitalier Régional de Tambacounda,Tambacounda,Tambacounda,284,397,2024-12-21,75,86,23,1,261,357,7,0.58,Covid-19,30,7,52.19,17.44,modéré,22.7,77.5,2146.7,False,0.97,0.86,0.11,141.4,11.6
10,Centre Hospitalier Régional de Tambacounda,Tambacounda,Tambacounda,284,397,2024-09-13,83,53,225,17,59,356,4,0.27,Dengue,100,7,76.52,25.42,élevé,34.2,68.6,2878.6,True,0.35,0.68,0.16,68.1,28.5
10,Centre Hospitalier Régional de Tambacounda,Tambacounda,Tambacounda,284,397,2024-09-14,72,70,259,22,25,362,20,0.94,Dengue,15,6,82.03,2.22,faible,33.8,66.6,3723.8,False,0.33,0.47,0.06,67.0,8.3
10,Centre Hospitalier Régional de Tambacounda,Tambacounda,Tambacounda,284,397,2024-09-15,50,13,43,6,241,354,11,3.67,Grippe,68,0,41.16,10.79,modéré,25.0,47.8,2447.4,False,0.5,0.37,0.03,69.5,48.2
10,Centre Hospitalier Régional de Tambacounda,Tambacounda,Tambacounda,284,397,2024-09-16,93,51,125,11,159,352,34,0.95,Grippe,74,5,80.63,12.67,modéré,28.2,80.4,169.4,False,0.93,0.44,0.05,116.9,3.6
10,Centre Hospitalier Régional de Tambacounda,Tambacounda,Tambacounda,284,397,2024-09-17,90,79,188,5,96,354,9,1.24,Grippe,98,6,37.98,14.36,élevé,30.8,57.1,776.6,True,0.45,0.68,0.07,122.8,24.1
10,Centre Hospitalier Régional de Tambacounda,Tambacounda,Tambacounda,284,397,2024-09-18,54,60,193,15,91,348,51,3.9,Choléra,82,7,51.93,11.9,élevé,27.8,49.5,1826.6,True,0.39,0.32,0.16,98.6,15.1
10,Centre Hospitalier Régional de Tambacounda,Tambacounda,Tambacounda,284,397,2024-09-19,21,45,279,2,5,374,15,0.55,Covid-19,86,1,59.88,29.79,élevé,35.0,89.6,4622.5,True,0.69,0.85,0.11,77.8,34.4
10,Centre Hospitalier Régional de Tambacounda,Tambacounda,Tambacounda,284,397,2024-09-20,84,52,139,11,145,351,17,2.22,Choléra,1,4,72.66,7.72,faible,28.2,63.2,4923.0,False,0.57,0.47,0.09,132.1,31.5
10,Centre Hospitalier Régional de Tambacounda,Tambacounda,Tambacounda,284,397,2024-09-21,51,61,133,19,151,362,43,3.89,Dengue,19,3,33.0,3.57,faible,31.9,77.5,4969.5,False,0.4,0.75,0.15,124.6,37.8
10,Centre Hospitalier Régional de Tambacounda,Tambacounda,Tambacounda,284,397,2024-09-22,89,47,84,21,200,372,27,1.89,Grippe,54,6,73.58,11.46,modéré,29.8,67.2,2257.1,False,0.77,0.46,0.19,18.6,35.3
10,Centre Hospitalier Régional de Tambacounda,Tambacounda,Tambacounda,284,397,2024-09-23,49,38,231,21,53,369,43,1.5,Grippe,71,4,81.11,28.47,modéré,28.8,88.5,401.6,False,0.84,0.81,0.05,129.0,17.0
10,Centre Hospitalier Régional de Tambacounda,Tambacounda,Tambacounda,284,397,2024-09-24,35,11,89,10,195,361,52,0.9,Grippe,107,2,33.18,17.05,élevé,33.8,42.5,1778.8,True,0.28,0.86,0.12,80.9,26.4
10,Centre Hospitalier Régional de Tambacounda,Tambacounda,Tambacounda,284,397,2024-09-25,68,40,198,21,86,380,6,0.7,Paludisme,27,3,33.62,2.75,faible,29.1,77.1,4203.0,False,0.21,0.57,0.11,95.9,22.1
10,Centre Hospitalier Régional de Tambacounda,Tambacounda,Tambacounda,284,397,2024-09-26,39,69,26,12,258,363,2,1.73,Choléra,22,10,91.74,21.45,faible,38.0,75.9,519.2,False,0.99,0.91,0.1,18.9,57.7
10,Centre Hospitalier Régional de Tambacounda,Tambacounda,Tambacounda,284,397,2024-09-27,94,36,282,2,2,353,8,3.41,Covid-19,94,2,91.7,18.63,élevé,35.9,79.7,3182.0,True,0.99,0.37,0.05,32.2,43.3
10,Centre Hospitalier Régional de Tambacounda,Tambacounda,Tambacounda,284,397,2024-09-28,67,78,152,1,132,355,55,0.34,Covid-19,59,5,49.27,22.18,modéré,22.8,51.6,277.5,False,0.81,0.75,0.11,162.4,55.6
10,Centre Hospitalier Régional de Tambacounda,Tambacounda,Tambacounda,284,397,2024-09-29,61,87,250,7,34,358,43,3.01,Dengue,6,7,32.05,20.66,faible,23.2,64.6,4406.3,False,0.21,0.72,0.1,139.7,29.0
10,Centre Hospitalier Régional de Tambacounda,Tambacounda,Tambacounda,284,397,2024-09-30,94,48,113,2,171,394,24,0.32,Choléra,32,4,69.38,7.7,modéré,35.1,88.8,669.3,False,0.63,0.4,0.19,32.2,11.8
10,Centre Hospitalier Régional de Tambacounda,Tambacounda,Tambacounda,284,397,2024-10-01,96,49,63,17,221,380,12,2.68,Dengue,50,5,75.58,16.77,modéré,35.0,74.6,2896.6,False,0.28,0.48,0.2,48.2,32.5
10,Centre Hospitalier Régional de Tambacounda,Tambacounda,Tambacounda,284,397,2024-10-02,70,21,60,13,224,386,50,0.35,Choléra,3,7,58.75,1.69,faible,31.0,87.4,2285.8,False,0.72,0.99,0.16,8.0,52.0
10,Centre Hospitalier Régional de Tambacounda,Tambacounda,Tambacounda,284,397,2024-10-03,35,25,92,24,192,389,43,2.38,Dengue,108,0,60.73,28.9,élevé,24.8,52.7,3306.3,True,0.8,0.6,0.1,63.2,8.2
10,Centre Hospitalier Régional de Tambacounda,Tambacounda,Tambacounda,284,397,2024-10-04,45,74,75,0,209,354,32,1.13,Grippe,112,4,49.22,14.08,élevé,33.8,89.2,953.3,True,0.85,0.92,0.08,69.9,45.2
10,Centre Hospitalier Régional de Tambacounda,Tambacounda,Tambacounda,284,397,2024-10-05,67,75,255,3,29,377,48,0.87,Dengue,34,1,61.12,9.43,modéré,30.8,79.0,565.5,False,0.81,0.7,0.07,116.6,19.7
10,Centre Hospitalier Régional de Tambacounda,Tambacounda,Tambacounda,284,397,2024-10-06,87,36,196,25,88,354,25,0.21,Grippe,82,6,52.99,8.8,élevé,33.5,86.4,3251.3,True,0.96,0.34,0.16,118.3,15.9
10,Centre Hospitalier Régional de Tambacounda,Tambacounda,Tambacounda,284,397,2024-10-07,54,64,37,19,247,397,5,0.88,Paludisme,117,9,85.9,24.35,élevé,26.1,53.6,3617.5,True,0.72,0.88,0.07,163.7,28.6
10,Centre Hospitalier Régional de Tambacounda,Tambacounda,Tambacounda,284,397,2024-10-08,64,21,117,19,167,354,54,2.76,Covid-19,108,9,33.97,20.23,élevé,37.4,65.7,201.2,True,0.98,0.95,0.11,5.2,27.0
10,Centre Hospitalier Régional de Tambacounda,Tambacounda,Tambacounda,284,397,2024-10-09,24,17,46,8,238,387,36,0.97,Choléra,99,5,45.42,18.99,élevé,25.5,49.3,2951.7,True,0.83,0.34,0.15,141.0,25.2
10,Centre Hospitalier Régional de Tambacounda,Tambacounda,Tambacounda,284,397,2024-10-10,13,28,241,9,43,374,39,3.09,Paludisme,90,10,93.37,16.54,élevé,32.0,68.5,4797.5,True,0.66,0.96,0.05,134.5,21.0
10,Centre Hospitalier Régional de Tambacounda,Tambacounda,Tambacounda,284,397,2024-10-11,85,10,87,2,197,368,45,2.29,Dengue,103,10,36.16,28.31,élevé,33.8,41.5,4003.2,True,0.35,0.32,0.16,154.0,12.4
10,Centre Hospitalier Régional de Tambacounda,Tambacounda,Tambacounda,284,397,2024-10-12,75,51,217,1,67,352,16,0.71,Choléra,105,7,48.41,20.89,élevé,37.5,64.3,3761.8,True,0.3,0.87,0.09,25.1,11.4
10,Centre Hospitalier Régional de Tambacounda,Tambacounda,Tambacounda,284,397,2024-10-13,22,14,97,2,187,359,47,0.64,Choléra,100,8,49.62,1.73,élevé,25.7,47.2,2438.1,True,0.75,0.74,0.08,85.2,45.2
10,Centre Hospitalier Régional de Tambacounda,Tambacounda,Tambacounda,284,397,2024-10-14,17,83,148,22,136,370,7,3.41,Choléra,97,8,73.13,6.46,élevé,25.8,87.1,2528.0,True,0.44,0.58,0.16,15.6,42.5
10,Centre Hospitalier Régional de Tambacounda,Tambacounda,Tambacounda,284,397,2024-10-15,51,45,182,2,102,361,56,2.6,Grippe,50,10,43.63,17.15,modéré,30.0,67.1,4620.4,False,0.87,0.62,0.08,95.0,9.5
10,Centre Hospitalier Régional de Tambacounda,Tambacounda,Tambacounda,284,397,2024-10-16,86,20,132,15,152,356,17,1.85,Choléra,101,9,94.46,17.77,élevé,34.5,69.9,2136.3,True,0.56,0.53,0.01,133.1,27.0
10,Centre Hospitalier Régional de Tambacounda,Tambacounda,Tambacounda,284,397,2024-10-17,11,46,127,19,157,396,35,0.53,Covid-19,98,9,73.6,3.01,élevé,30.9,57.3,3625.6,True,0.95,0.52,0.07,105.4,38.7
10,Centre Hospitalier Régional de Tambacounda,Tambacounda,Tambacounda,284,397,2024-10-18,89,37,150,23,134,375,23,3.65,Dengue,55,8,51.48,27.07,modéré,28.2,56.8,128.3,False,0.4,0.91,0.13,68.2,27.6
10,Centre Hospitalier Régional de Tambacounda,Tambacounda,Tambacounda,284,397,2024-10-19,71,18,185,21,99,358,43,0.3,Grippe,82,3,81.03,24.38,élevé,36.9,78.6,4186.0,True,0.24,0.84,0.05,130.6,13.3
10,Centre Hospitalier Régional de Tambacounda,Tambacounda,Tambacounda,284,397,2024-10-20,83,21,209,12,75,364,11,1.87,Paludisme,30,3,93.57,5.19,modéré,36.6,67.2,1009.3,False,0.57,0.94,0.08,167.1,14.1
10,Centre Hospitalier Régional de Tambacounda,Tambacounda,Tambacounda,284,397,2024-10-21,29,22,224,1,60,374,28,1.56,Choléra,18,5,35.33,18.72,faible,33.6,60.1,3375.6,False,0.87,0.65,0.06,107.7,23.5
10,Centre Hospitalier Régional de Tambacounda,Tambacounda,Tambacounda,284,397,2024-10-22,62,80,143,21,141,355,47,0.14,Covid-19,22,2,41.84,1.6,faible,38.5,44.7,3820.1,False,0.38,0.4,0.09,140.0,10.2
10,Centre Hospitalier Régional de Tambacounda,Tambacounda,Tambacounda,284,397,2024-10-23,95,31,209,15,75,348,43,1.15,Grippe,68,1,47.24,7.91,modéré,23.0,85.6,2213.5,False,0.57,0.51,0.09,131.7,39.4
10,Centre Hospitalier Régional de Tambacounda,Tambacounda,Tambacounda,284,397,2024-10-24,55,61,154,24,130,385,23,0.18,Grippe,24,4,71.03,16.58,faible,38.0,64.4,2917.3,False,0.86,0.95,0.0,77.2,3.8
10,Centre Hospitalier Régional de Tambacounda,Tambacounda,Tambacounda,284,397,2024-10-25,28,31,248,17,36,379,59,0.59,Choléra,115,0,49.58,15.31,élevé,23.4,79.0,3032.0,True,0.67,0.7,0.05,40.3,53.4
10,Centre Hospitalier Régional de Tambacounda,Tambacounda,Tambacounda,284,397,2024-10-26,97,9,138,12,146,361,3,2.97,Covid-19,103,7,39.04,9.39,élevé,29.1,62.5,1557.0,True,0.77,0.9,0.09,20.1,11.5
10,Centre Hospitalier Régional de Tambacounda,Tambacounda,Tambacounda,284,397,2024-10-27,54,69,46,0,238,385,0,2.43,Paludisme,95,4,85.77,28.27,élevé,32.8,84.8,1213.9,True,0.24,0.33,0.05,179.9,35.2
10,Centre Hospitalier Régional de Tambacounda,Tambacounda,Tambacounda,284,397,2024-10-28,67,47,245,12,39,391,53,0.23,Choléra,65,7,82.11,13.13,modéré,25.0,68.5,795.3,False,0.72,0.64,0.12,113.5,54.5
10,Centre Hospitalier Régional de Tambacounda,Tambacounda,Tambacounda,284,397,2024-10-29,63,90,27,2,257,348,41,1.19,Dengue,86,8,38.47,15.58,élevé,24.3,52.7,1425.4,True,0.95,0.95,0.18,90.3,49.6
10,Centre Hospitalier Régional de Tambacounda,Tambacounda,Tambacounda,284,397,2024-10-30,49,62,136,12,148,358,40,3.5,Grippe,75,9,40.29,7.94,modéré,22.4,56.2,3197.6,False,1.0,0.85,0.08,138.5,30.0
10,Centre Hospitalier Régional de Tambacounda,Tambacounda,Tambacounda,284,397,2024-10-31,95,75,62,2,222,358,60,1.87,Paludisme,81,3,64.76,10.57,élevé,32.7,83.1,4350.5,True,0.61,0.99,0.02,90.2,57.0
10,Centre Hospitalier Régional de Tambacounda,Tambacounda,Tambacounda,284,397,2024-11-01,88,31,23,5,261,372,12,1.13,Dengue,13,10,75.19,16.56,faible,33.6,56.2,3129.1,False,0.91,0.5,0.03,118.4,44.9
14,Centre Hospitalier Régional de Ziguinchor,Ziguinchor,Ziguinchor,755,393,2024-10-19,50,87,419,17,336,380,32,1.87,Paludisme,24,0,54.64,13.25,faible,29.8,82.2,4411.9,False,0.38,0.96,0.06,48.7,20.5
14,Centre Hospitalier Régional de Ziguinchor,Ziguinchor,Ziguinchor,755,393,2024-10-20,24,86,466,16,289,370,56,1.92,Covid-19,52,5,30.78,7.79,modéré,31.6,86.7,1838.6,False,0.82,0.75,0.12,112.6,56.5
14,Centre Hospitalier Régional de Ziguinchor,Ziguinchor,Ziguinchor,755,393,2024-10-21,61,14,22,7,733,364,16,0.45,Paludisme,57,4,54.92,13.86,modéré,33.1,87.9,3018.9,False,0.72,0.88,0.07,165.0,29.5
14,Centre Hospitalier Régional de Ziguinchor,Ziguinchor,Ziguinchor,755,393,2024-10-22,43,32,96,14,659,386,44,1.9,Covid-19,86,4,52.84,27.25,élevé,29.4,82.3,1420.1,True,0.76,0.7,0.11,39.7,39.8
14,Centre Hospitalier Régional de Ziguinchor,Ziguinchor,Ziguinchor,755,393,2024-10-23,55,85,447,19,308,357,8,1.34,Covid-19,115,2,44.3,28.44,élevé,29.4,67.3,4815.2,True,0.82,0.39,0.02,165.1,30.0
14,Centre Hospitalier Régional de Ziguinchor,Ziguinchor,Ziguinchor,755,393,2024-10-24,49,61,629,13,126,384,5,0.3,Grippe,36,10,56.98,21.39,modéré,22.2,57.5,1823.1,False,0.97,0.68,0.05,137.8,31.7
14,Centre Hospitalier Régional de Ziguinchor,Ziguinchor,Ziguinchor,755,393,2024-10-25,98,23,224,20,531,360,18,1.67,Covid-19,27,10,48.76,7.91,faible,34.5,86.6,1614.5,False,0.74,0.77,0.04,147.1,9.9
14,Centre Hospitalier Régional de Ziguinchor,Ziguinchor,Ziguinchor,755,393,2024-10-26,68,57,491,2,264,384,30,2.56,Dengue,12,2,57.31,23.91,faible,24.5,68.1,2594.8,False,0.66,0.92,0.05,27.7,3.7
14,Centre Hospitalier Régional de Ziguinchor,Ziguinchor,Ziguinchor,755,393,2024-10-27,80,21,627,5,128,377,7,3.74,Grippe,42,10,46.6,24.26,modéré,38.2,72.0,3672.2,False,0.63,0.88,0.06,179.1,27.8
14,Centre Hospitalier Régional de Ziguinchor,Ziguinchor,Ziguinchor,755,393,2024-10-28,75,22,44,5,711,390,42,1.05,Covid-19,33,1,31.37,9.62,modéré,36.8,67.3,3490.0,False,0.83,0.7,0.02,42.9,41.6
14,Centre Hospitalier Régional de Ziguinchor,Ziguinchor,Ziguinchor,755,393,2024-10-29,40,30,497,16,258,374,44,0.9,Grippe,35,5,43.38,3.83,modéré,38.4,80.8,2256.0,False,0.42,0.56,0.16,78.8,27.7
14,Centre Hospitalier Régional de Ziguinchor,Ziguinchor,Ziguinchor,755,393,2024-10-30,77,76,633,12,122,354,25,1.9,Grippe,64,8,75.02,6.3,modéré,28.0,77.9,125.9,False,0.51,0.74,0.18,69.1,15.8
14,Centre Hospitalier Régional de Ziguinchor,Ziguinchor,Ziguinchor,755,393,2024-10-31,93,25,150,20,605,381,29,2.19,Covid-19,52,9,94.72,23.76,modéré,28.5,43.4,4845.9,False,0.98,0.63,0.0,126.8,4.7
14,Centre Hospitalier Régional de Ziguinchor,Ziguinchor,Ziguinchor,755,393,2024-11-01,100,8,553,22,202,387,34,2.18,Dengue,65,9,48.33,28.09,modéré,37.4,46.7,1571.8,False,0.7,0.37,0.17,38.6,13.7
14,Centre Hospitalier Régional de Ziguinchor,Ziguinchor,Ziguinchor,755,393,2024-11-02,40,30,422,12,333,359,40,3.19,Covid-19,8,2,58.38,24.62,faible,26.5,78.2,2420.5,False,0.88,0.87,0.09,69.5,40.0
14,Centre Hospitalier Régional de Ziguinchor,Ziguinchor,Ziguinchor,755,393,2024-11-03,81,75,672,1,83,362,23,0.93,Paludisme,49,3,31.63,14.98,modéré,31.7,64.5,205.5,False,0.58,0.44,0.1,66.7,13.6
14,Centre Hospitalier Régional de Ziguinchor,Ziguinchor,Ziguinchor,755,393,2024-11-04,41,53,126,16,629,367,26,1.0,Paludisme,87,0,76.67,24.09,élevé,27.4,66.0,510.6,True,0.29,0.82,0.1,28.8,47.7
14,Centre Hospitalier Régional de Ziguinchor,Ziguinchor,Ziguinchor,755,393,2024-11-05,21,55,206,1,549,369,42,0.96,Covid-19,64,4,34.61,1.15,modéré,24.9,48.6,4359.8,False,0.83,0.84,0.1,114.8,5.9
14,Centre Hospitalier Régional de Ziguinchor,Ziguinchor,Ziguinchor,755,393,2024-11-06,89,42,190,23,565,381,32,3.99,Choléra,6,9,84.24,14.72,faible,23.4,50.5,3124.0,False,0.23,0.36,0.19,125.2,23.8
14,Centre Hospitalier Régional de Ziguinchor,Ziguinchor,Ziguinchor,755,393,2024-11-07,59,14,452,0,303,387,35,1.4,Choléra,28,1,34.53,1.52,faible,32.9,51.1,704.3,False,0.47,0.53,0.13,155.2,41.9
14,Centre Hospitalier Régional de Ziguinchor,Ziguinchor,Ziguinchor,755,393,2024-11-08,55,83,284,5,471,382,26,1.01,Choléra,117,0,49.95,16.38,élevé,36.6,79.9,4527.4,True,0.4,0.9,0.17,172.7,25.5
14,Centre Hospitalier Régional de Ziguinchor,Ziguinchor,Ziguinchor,755,393,2024-11-09,39,52,149,3,606,378,28,3.74,Covid-19,2,1,31.11,12.42,faible,25.8,53.9,1860.6,False,0.92,0.42,0.03,140.8,54.9
14,Centre Hospitalier Régional de Ziguinchor,Ziguinchor,Ziguinchor,755,393,2024-11-10,90,23,308,0,447,357,37,0.2,Paludisme,63,10,35.96,3.72,modéré,38.5,40.2,4424.0,False,0.96,0.85,0.2,130.4,25.4
14,Centre Hospitalier Régional de Ziguinchor,Ziguinchor,Ziguinchor,755,393,2024-11-11,57,79,537,19,218,372,35,3.96,Dengue,103,9,88.34,26.56,élevé,38.4,85.8,577.4,True,0.69,0.52,0.17,176.4,48.1
14,Centre Hospitalier Régional de Ziguinchor,Ziguinchor,Ziguinchor,755,393,2024-11-12,44,22,332,6,423,345,56,0.44,Choléra,34,0,32.35,3.27,modéré,32.3,55.3,4627.4,False,0.51,0.95,0.05,71.1,5.4
14,Centre Hospitalier Régional de Ziguinchor,Ziguinchor,Ziguinchor,755,393,2024-11-13,72,37,689,4,66,347,7,1.53,Choléra,83,3,60.22,27.95,élevé,35.8,74.7,4200.2,True,0.38,0.91,0.18,102.9,23.5
14,Centre Hospitalier Régional de Ziguinchor,Ziguinchor,Ziguinchor,755,393,2024-11-14,43,7,339,6,416,349,1,1.27,Paludisme,93,10,71.6,15.62,élevé,23.4,49.7,1646.5,True,0.41,0.71,0.15,147.0,39.5
14,Centre Hospitalier Régional de Ziguinchor,Ziguinchor,Ziguinchor,755,393,2024-11-15,13,22,582,18,173,357,59,1.73,Choléra,12,7,57.72,1.85,faible,37.6,54.2,4707.1,False,0.49,0.85,0.18,47.5,40.3
14,Centre Hospitalier Régional de Ziguinchor,Ziguinchor,Ziguinchor,755,393,2024-11-16,70,14,707,17,48,387,26,1.02,Choléra,65,1,60.01,3.84,modéré,27.3,71.6,2158.4,False,0.36,0.64,0.14,109.1,59.0
14,Centre Hospitalier Régional de Ziguinchor,Ziguinchor,Ziguinchor,755,393,2024-11-17,24,47,483,13,272,375,10,2.03,Grippe,75,5,87.82,7.19,modéré,26.9,83.4,3128.1,False,0.89,0.47,0.08,59.3,9.8
14,Centre Hospitalier Régional de Ziguinchor,Ziguinchor,Ziguinchor,755,393,2024-11-18,43,64,636,2,119,362,12,0.57,Grippe,88,4,75.87,12.49,élevé,34.4,75.3,3154.9,True,0.59,0.49,0.11,97.5,15.1
14,Centre Hospitalier Régional de Ziguinchor,Ziguinchor,Ziguinchor,755,393,2024-11-19,71,55,277,22,478,389,22,3.98,Covid-19,103,3,72.66,23.45,élevé,38.9,52.0,4774.4,True,0.87,0.83,0.08,139.8,50.0
14,Centre Hospitalier Régional de Ziguinchor,Ziguinchor,Ziguinchor,755,393,2024-11-20,32,78,464,21,291,374,20,2.18,Paludisme,49,10,47.62,22.52,modéré,22.5,84.4,4187.9,False,0.41,0.83,0.15,166.5,11.6
14,Centre Hospitalier Régional de Ziguinchor,Ziguinchor,Ziguinchor,755,393,2024-11-21,48,63,167,22,588,387,12,2.42,Choléra,71,5,92.78,2.34,modéré,37.4,86.9,4898.7,False,0.33,0.36,0.01,165.7,58.5
14,Centre Hospitalier Régional de Ziguinchor,Ziguinchor,Ziguinchor,755,393,2024-11-22,61,77,421,2,334,386,44,1.53,Covid-19,58,5,92.15,11.51,modéré,37.2,58.7,2638.9,False,0.95,0.65,0.11,40.6,54.6
14,Centre Hospitalier Régional de Ziguinchor,Ziguinchor,Ziguinchor,755,393,2024-11-23,84,17,575,16,180,380,51,0.51,Grippe,72,9,39.34,24.57,modéré,30.3,65.7,530.4,False,0.46,0.7,0.04,18.8,22.2
14,Centre Hospitalier Régional de Ziguinchor,Ziguinchor,Ziguinchor,755,393,2024-11-24,18,85,281,13,474,351,19,0.36,Choléra,102,10,78.69,13.14,élevé,25.3,46.5,3704.4,True,0.56,0.36,0.18,110.5,9.7
14,Centre Hospitalier Régional de Ziguinchor,Ziguinchor,Ziguinchor,755,393,2024-11-25,61,43,421,15,334,347,17,2.08,Paludisme,120,6,73.56,19.18,élevé,22.8,74.3,106.6,True,0.63,0.72,0.19,117.6,19.7
14,Centre Hospitalier Régional de Ziguinchor,Ziguinchor,Ziguinchor,755,393,2024-11-26,55,33,206,7,549,343,19,2.94,Covid-19,107,8,59.73,21.9,élevé,28.0,54.6,3954.1,True,0.52,0.35,0.17,145.6,52.6
14,Centre Hospitalier Régional de Ziguinchor,Ziguinchor,Ziguinchor,755,393,2024-11-27,79,24,515,21,240,361,59,3.9,Dengue,46,2,94.98,11.82,modéré,26.7,67.9,795.1,False,0.52,0.62,0.08,48.6,13.4
14,Centre Hospitalier Régional de Ziguinchor,Ziguinchor,Ziguinchor,755,393,2024-11-28,44,17,427,24,328,386,5,0.69,Covid-19,63,6,81.35,16.19,modéré,34.9,40.6,652.2,False,0.95,0.69,0.1,15.8,46.7
14,Centre Hospitalier Régional de Ziguinchor,Ziguinchor,Ziguinchor,755,393,2024-11-29,34,42,104,12,651,383,50,1.72,Paludisme,108,2,60.08,15.29,élevé,35.9,60.0,2500.3,True,0.97,0.7,0.01,142.1,53.8
14,Centre Hospitalier Régional de Ziguinchor,Ziguinchor,Ziguinchor,755,393,2024-11-30,56,48,288,8,467,346,49,0.31,Grippe,1,10,60.79,14.79,faible,27.3,67.4,4828.0,False,0.34,0.9,0.08,56.7,57.7
14,Centre Hospitalier Régional de Ziguinchor,Ziguinchor,Ziguinchor,755,393,2024-12-01,65,82,152,18,603,390,28,1.75,Choléra,54,2,87.26,12.04,modéré,35.0,85.4,1946.5,False,0.82,0.49,0.16,150.3,38.8
14,Centre Hospitalier Régional de Ziguinchor,Ziguinchor,Ziguinchor,755,393,2024-12-02,49,24,520,10,235,350,32,2.87,Paludisme,115,9,87.59,20.02,élevé,25.5,88.4,1861.2,True,0.84,0.51,0.02,104.3,8.0
14,Centre Hospitalier Régional de Ziguinchor,Ziguinchor,Ziguinchor,755,393,2024-12-03,49,15,530,17,225,352,32,0.67,Dengue,118,8,74.55,3.89,élevé,34.4,49.3,2281.1,True,0.72,0.71,0.12,26.5,36.3
14,Centre Hospitalier Régional de Ziguinchor,Ziguinchor,Ziguinchor,755,393,2024-12-04,95,34,264,19,491,373,10,2.32,Grippe,48,7,78.32,27.82,modéré,36.5,50.3,4236.1,False,0.63,0.89,0.18,163.6,27.9
14,Centre Hospitalier Régional de Ziguinchor,Ziguinchor,Ziguinchor,755,393,2024-12-05,63,11,67,17,688,386,57,1.58,Paludisme,81,10,91.11,4.69,élevé,33.9,87.0,2895.8,True,0.35,0.9,0.03,161.7,15.4
14,Centre Hospitalier Régional de Ziguinchor,Ziguinchor,Ziguinchor,755,393,2024-12-06,89,59,327,4,428,371,47,0.17,Choléra,43,8,46.5,29.78,modéré,33.7,58.4,1347.4,False,0.77,0.78,0.1,29.3,17.7
14,Centre Hospitalier Régional de Ziguinchor,Ziguinchor,Ziguinchor,755,393,2024-12-07,67,25,580,20,175,358,51,0.18,Dengue,9,3,44.45,21.85,faible,32.9,50.5,4658.5,False,0.67,0.55,0.11,10.8,28.9
14,Centre Hospitalier Régional de Ziguinchor,Ziguinchor,Ziguinchor,755,393,2024-08-30,23,37,317,14,438,371,44,3.56,Grippe,43,6,79.58,28.08,modéré,38.9,51.1,3969.1,False,0.97,0.7,0.06,119.4,38.1
14,Centre Hospitalier Régional de Ziguinchor,Ziguinchor,Ziguinchor,755,393,2024-08-31,37,28,387,11,368,368,38,2.16,Dengue,62,10,53.07,5.18,modéré,23.7,68.6,3128.2,False,0.67,0.31,0.17,172.0,57.3
14,Centre Hospitalier Régional de Ziguinchor,Ziguinchor,Ziguinchor,755,393,2024-09-01,86,49,350,24,405,367,42,2.93,Covid-19,63,10,86.91,13.86,modéré,25.2,67.4,3776.9,False,0.9,0.69,0.16,148.7,22.9
14,Centre Hospitalier Régional de Ziguinchor,Ziguinchor,Ziguinchor,755,393,2024-09-02,33,39,209,25,546,383,20,2.17,Grippe,6,1,38.6,2.72,faible,29.7,46.2,4409.3,False,0.62,0.41,0.15,83.2,23.2
14,Centre Hospitalier Régional de Ziguinchor,Ziguinchor,Ziguinchor,755,393,2024-09-03,52,75,561,1,194,351,40,1.6,Covid-19,97,6,63.37,24.92,élevé,34.2,63.3,3956.1,True,0.35,0.41,0.16,17.8,36.8
14,Centre Hospitalier Régional de Ziguinchor,Ziguinchor,Ziguinchor,755,393,2024-09-04,71,29,351,14,404,369,37,3.38,Covid-19,106,1,41.85,28.69,élevé,23.0,57.8,4519.6,True,0.98,0.77,0.1,146.9,21.5
14,Centre Hospitalier Régional de Ziguinchor,Ziguinchor,Ziguinchor,755,393,2024-09-05,32,14,577,8,178,380,21,1.09,Paludisme,35,0,61.95,22.34,modéré,27.0,51.5,4739.7,False,0.66,0.65,0.04,167.6,4.9
14,Centre Hospitalier Régional de Ziguinchor,Ziguinchor,Ziguinchor,755,393,2024-09-06,34,8,311,16,444,390,28,1.79,Choléra,61,5,58.63,13.68,modéré,36.6,54.1,4719.6,False,0.48,0.37,0.02,106.1,41.4
14,Centre Hospitalier Régional de Ziguinchor,Ziguinchor,Ziguinchor,755,393,2024-09-07,88,34,699,11,56,350,56,3.62,Paludisme,24,6,89.02,2.44,faible,25.8,43.8,2692.8,False,0.9,0.45,0.15,91.9,49.1
14,Centre Hospitalier Régional de Ziguinchor,Ziguinchor,Ziguinchor,755,393,2024-09-08,71,43,342,6,413,364,16,0.17,Dengue,89,2,86.4,2.12,élevé,26.6,67.2,473.6,True,0.51,0.4,0.12,154.0,29.3
14,Centre Hospitalier Régional de Ziguinchor,Ziguinchor,Ziguinchor,755,393,2024-09-09,11,9,442,18,313,388,28,2.59,Paludisme,66,9,49.54,5.73,modéré,38.5,61.9,2632.3,False,0.8,0.43,0.05,81.9,38.6
14,Centre Hospitalier Régional de Ziguinchor,Ziguinchor,Ziguinchor,755,393,2024-09-10,10,67,242,19,513,354,2,0.11,Paludisme,13,10,80.1,20.23,faible,36.9,73.0,2933.7,False,0.91,0.3,0.05,122.9,39.6
14,Centre Hospitalier Régional de Ziguinchor,Ziguinchor,Ziguinchor,755,393,2024-09-11,44,37,442,23,313,351,53,3.38,Covid-19,22,5,35.26,26.51,faible,37.0,76.1,1172.5,False,0.52,0.53,0.07,102.2,23.0
14,Centre Hospitalier Régional de Ziguinchor,Ziguinchor,Ziguinchor,755,393,2024-09-12,45,74,436,10,319,358,48,0.36,Choléra,88,6,70.86,11.3,élevé,32.3,49.8,2823.4,True,0.98,0.33,0.09,176.0,11.8
14,Centre Hospitalier Régional de Ziguinchor,Ziguinchor,Ziguinchor,755,393,2024-09-13,18,48,490,12,265,374,20,1.03,Paludisme,31,10,70.48,27.08,modéré,38.8,48.5,428.4,False,0.67,0.82,0.14,94.7,55.6
14,Centre Hospitalier Régional de Ziguinchor,Ziguinchor,Ziguinchor,755,393,2024-09-14,45,17,386,22,369,367,45,3.11,Choléra,50,10,82.91,28.08,modéré,34.8,77.0,778.5,False,0.69,0.73,0.07,13.1,41.2
14,Centre Hospitalier Régional de Ziguinchor,Ziguinchor,Ziguinchor,755,393,2024-09-15,39,44,544,22,211,375,25,2.14,Paludisme,67,10,76.5,6.36,modéré,32.7,75.9,1147.1,False,0.7,0.49,0.03,11.5,52.6
14,Centre Hospitalier Régional de Ziguinchor,Ziguinchor,Ziguinchor,755,393,2024-09-16,15,39,58,23,697,380,43,1.12,Paludisme,53,9,53.13,16.51,modéré,36.6,72.5,1431.7,False,0.85,0.55,0.05,34.9,59.7
14,Centre Hospitalier Régional de Ziguinchor,Ziguinchor,Ziguinchor,755,393,2024-09-17,36,11,574,5,181,349,14,3.61,Choléra,54,0,61.81,20.74,modéré,38.3,70.2,3223.8,False,0.53,0.71,0.13,29.7,19.9
14,Centre Hospitalier Régional de Ziguinchor,Ziguinchor,Ziguinchor,755,393,2024-09-18,38,11,156,13,599,358,34,1.03,Paludisme,61,6,62.08,15.19,modéré,32.8,46.5,3994.0,False,0.78,0.43,0.13,17.1,29.0
14,Centre Hospitalier Régional de Ziguinchor,Ziguinchor,Ziguinchor,755,393,2024-09-19,78,71,169,9,586,381,15,2.44,Dengue,98,4,87.73,28.01,élevé,28.7,66.7,3038.3,True,0.26,0.44,0.12,94.4,14.0
14,Centre Hospitalier Régional de Ziguinchor,Ziguinchor,Ziguinchor,755,393,2024-09-20,43,68,161,0,594,346,0,0.68,Covid-19,116,0,47.37,19.89,élevé,29.2,52.9,2493.8,True,0.51,0.75,0.15,173.7,51.1
14,Centre Hospitalier Régional de Ziguinchor,Ziguinchor,Ziguinchor,755,393,2024-09-21,82,57,480,10,275,389,25,3.71,Choléra,50,6,82.87,18.17,modéré,30.6,48.8,1854.2,False,0.29,0.44,0.06,18.8,8.7
14,Centre Hospitalier Régional de Ziguinchor,Ziguinchor,Ziguinchor,755,393,2024-09-22,70,62,356,4,399,378,21,3.91,Choléra,59,0,51.03,21.3,modéré,34.1,47.7,4310.9,False,0.77,0.62,0.18,163.0,10.6
14,Centre Hospitalier Régional de Ziguinchor,Ziguinchor,Ziguinchor,755,393,2024-09-23,87,7,203,15,552,379,33,0.76,Choléra,47,0,39.4,6.71,modéré,22.3,71.9,1680.0,False,0.58,0.83,0.12,89.4,30.8
14,Centre Hospitalier Régional de Ziguinchor,Ziguinchor,Ziguinchor,755,393,2024-09-24,25,48,209,20,546,361,46,3.56,Dengue,107,6,55.96,23.9,élevé,35.2,66.6,4282.5,True,0.81,0.82,0.05,175.1,41.0
14,Centre Hospitalier Régional de Ziguinchor,Ziguinchor,Ziguinchor,755,393,2024-09-25,59,45,599,0,156,346,42,3.46,Choléra,112,4,79.25,15.34,élevé,35.3,59.7,957.3,True,0.38,0.54,0.13,174.5,44.0
14,Centre Hospitalier Régional de Ziguinchor,Ziguinchor,Ziguinchor,755,393,2024-09-26,41,57,336,6,419,343,32,3.63,Covid-19,22,10,76.74,7.9,faible,27.7,55.7,3408.1,False,0.65,0.77,0.04,110.2,44.5
14,Centre Hospitalier Régional de Ziguinchor,Ziguinchor,Ziguinchor,755,393,2024-09-27,95,8,609,20,146,348,40,0.48,Grippe,28,8,94.23,27.48,faible,25.2,76.8,3475.5,False,0.63,0.92,0.12,130.6,58.9
14,Centre Hospitalier Régional de Ziguinchor,Ziguinchor,Ziguinchor,755,393,2024-09-28,40,47,371,22,384,345,19,0.8,Paludisme,86,7,48.28,8.55,élevé,32.6,53.2,3510.4,True,0.82,0.36,0.16,160.5,8.3
14,Centre Hospitalier Régional de Ziguinchor,Ziguinchor,Ziguinchor,755,393,2024-09-29,42,30,255,4,500,373,50,2.39,Choléra,34,2,73.53,9.04,modéré,34.3,75.2,4974.8,False,0.68,0.45,0.1,37.9,49.7
14,Centre Hospitalier Régional de Ziguinchor,Ziguinchor,Ziguinchor,755,393,2024-09-30,50,41,643,7,112,343,29,0.71,Dengue,89,9,65.13,3.45,élevé,33.1,84.8,2365.3,True,0.64,0.8,0.1,22.6,40.8
14,Centre Hospitalier Régional de Ziguinchor,Ziguinchor,Ziguinchor,755,393,2024-10-01,48,19,505,2,250,366,16,1.47,Covid-19,76,3,63.05,8.82,modéré,33.4,56.7,2152.8,False,0.64,0.95,0.06,151.3,6.7
14,Centre Hospitalier Régional de Ziguinchor,Ziguinchor,Ziguinchor,755,393,2024-10-02,44,35,471,10,284,364,53,2.05,Covid-19,23,9,51.42,10.34,faible,37.1,58.8,2490.8,False,0.51,0.37,0.16,97.2,19.6
14,Centre Hospitalier Régional de Ziguinchor,Ziguinchor,Ziguinchor,755,393,2024-10-03,72,24,300,23,455,378,56,0.3,Dengue,50,10,78.94,3.46,modéré,31.4,55.3,4781.3,False,0.65,0.5,0.05,70.9,40.1
14,Centre Hospitalier Régional de Ziguinchor,Ziguinchor,Ziguinchor,755,393,2024-10-04,67,80,319,8,436,370,41,1.43,Dengue,14,4,34.54,15.54,faible,38.3,68.6,2701.2,False,0.36,0.75,0.05,134.7,30.5
14,Centre Hospitalier Régional de Ziguinchor,Ziguinchor,Ziguinchor,755,393,2024-10-05,54,64,431,4,324,353,55,2.64,Grippe,20,10,30.11,10.26,faible,33.3,46.6,2001.1,False,0.26,0.37,0.03,26.5,53.4
14,Centre Hospitalier Régional de Ziguinchor,Ziguinchor,Ziguinchor,755,393,2024-10-06,14,73,355,21,400,384,33,0.75,Dengue,78,6,69.99,21.55,modéré,32.0,83.5,572.2,False,0.56,0.5,0.14,58.6,23.7
14,Centre Hospitalier Régional de Ziguinchor,Ziguinchor,Ziguinchor,755,393,2024-10-07,41,6,409,16,346,345,31,2.39,Choléra,5,2,68.38,1.39,faible,27.5,51.2,2132.3,False,0.74,0.5,0.13,62.7,4.0
14,Centre Hospitalier Régional de Ziguinchor,Ziguinchor,Ziguinchor,755,393,2024-10-08,48,38,54,6,701,385,7,2.28,Covid-19,45,0,58.99,12.54,modéré,22.5,65.8,2336.2,False,0.51,0.35,0.03,47.2,26.3
14,Centre Hospitalier Régional de Ziguinchor,Ziguinchor,Ziguinchor,755,393,2024-10-09,42,22,304,13,451,352,56,0.49,Covid-19,54,5,34.48,6.52,modéré,25.3,45.7,4544.1,False,0.53,0.59,0.03,46.3,60.0
14,Centre Hospitalier Régional de Ziguinchor,Ziguinchor,Ziguinchor,755,393,2024-10-10,85,18,327,1,428,364,41,2.78,Covid-19,103,6,72.07,25.33,élevé,34.0,87.4,4017.0,True,0.24,0.77,0.03,146.1,43.4
14,Centre Hospitalier Régional de Ziguinchor,Ziguinchor,Ziguinchor,755,393,2024-10-11,83,33,673,24,82,372,47,0.37,Choléra,28,10,45.1,4.15,faible,22.7,49.9,4537.2,False,0.75,0.38,0.06,8.1,17.9
14,Centre Hospitalier Régional de Ziguinchor,Ziguinchor,Ziguinchor,755,393,2024-10-12,53,80,146,9,609,385,46,3.47,Grippe,45,5,72.49,23.84,modéré,26.8,87.9,2250.4,False,0.67,0.32,0.07,129.7,13.4
14,Centre Hospitalier Régional de Ziguinchor,Ziguinchor,Ziguinchor,755,393,2024-10-13,42,17,206,10,549,368,43,0.46,Grippe,93,6,31.11,5.66,élevé,27.2,42.7,1967.4,True,0.47,0.39,0.07,83.4,47.3
14,Centre Hospitalier Régional de Ziguinchor,Ziguinchor,Ziguinchor,755,393,2024-10-14,47,72,582,14,173,374,46,3.33,Grippe,59,5,65.88,15.59,modéré,36.8,56.7,3359.2,False,0.71,0.38,0.06,59.6,38.6
14,Centre Hospitalier Régional de Ziguinchor,Ziguinchor,Ziguinchor,755,393,2024-10-15,52,15,728,21,27,390,55,3.63,Paludisme,116,8,49.87,6.52,élevé,27.5,88.2,2088.4,True,0.89,0.98,0.18,104.9,13.6
14,Centre Hospitalier Régional de Ziguinchor,Ziguinchor,Ziguinchor,755,393,2024-10-16,85,42,123,7,632,347,37,3.75,Dengue,38,10,63.95,17.44,modéré,30.9,48.3,836.9,False,0.51,0.97,0.02,101.9,21.4
14,Centre Hospitalier Régional de Ziguinchor,Ziguinchor,Ziguinchor,755,393,2024-10-17,97,49,155,24,600,374,12,0.99,Dengue,116,9,33.11,29.76,élevé,33.2,70.2,1011.0,True,0.87,0.72,0.06,7.3,29.9
14,Centre Hospitalier Régional de Ziguinchor,Ziguinchor,Ziguinchor,755,393,2024-10-18,45,88,209,11,546,391,10,2.43,Covid-19,73,6,34.84,15.42,modéré,27.4,41.0,3081.3,False,0.4,0.85,0.1,17.0,24.1
14,Centre Hospitalier Régional de Ziguinchor,Ziguinchor,Ziguinchor,755,393,2024-05-22,10,9,631,13,124,351,14,0.63,Dengue,109,6,76.33,21.67,élevé,36.7,50.7,643.5,True,0.51,0.67,0.01,56.6,56.0
14,Centre Hospitalier Régional de Ziguinchor,Ziguinchor,Ziguinchor,755,393,2024-05-23,61,44,542,11,213,347,48,3.99,Dengue,55,10,81.43,6.84,modéré,39.0,67.5,3076.6,False,0.95,0.43,0.07,156.4,59.1
14,Centre Hospitalier Régional de Ziguinchor,Ziguinchor,Ziguinchor,755,393,2024-05-24,81,80,107,23,648,367,23,2.24,Paludisme,16,8,73.44,21.72,faible,28.3,77.0,1672.0,False,0.85,0.5,0.11,153.2,10.1
14,Centre Hospitalier Régional de Ziguinchor,Ziguinchor,Ziguinchor,755,393,2024-05-25,24,84,359,20,396,356,1,2.21,Paludisme,84,8,79.4,15.85,élevé,27.0,77.4,1537.4,True,0.94,0.45,0.02,130.6,30.6
14,Centre Hospitalier Régional de Ziguinchor,Ziguinchor,Ziguinchor,755,393,2024-05-26,92,46,456,13,299,372,24,1.7,Paludisme,14,7,75.68,16.39,faible,26.7,49.2,3779.8,False,0.67,0.97,0.17,159.8,19.5
14,Centre Hospitalier Régional de Ziguinchor,Ziguinchor,Ziguinchor,755,393,2024-05-27,94,28,81,7,674,368,28,2.57,Covid-19,0,1,89.16,20.16,faible,23.6,43.5,1301.9,False,0.72,0.51,0.16,129.0,32.3
14,Centre Hospitalier Régional de Ziguinchor,Ziguinchor,Ziguinchor,755,393,2024-05-28,67,66,659,24,96,384,44,2.7,Dengue,80,9,42.18,28.51,élevé,38.7,61.2,4762.8,False,0.32,0.69,0.03,61.6,24.3
14,Centre Hospitalier Régional de Ziguinchor,Ziguinchor,Ziguinchor,755,393,2024-05-29,79,16,711,16,44,390,24,2.02,Choléra,15,5,64.6,16.75,faible,35.9,83.9,532.4,False,0.81,0.59,0.18,9.5,23.0
14,Centre Hospitalier Régional de Ziguinchor,Ziguinchor,Ziguinchor,755,393,2024-05-30,52,74,584,16,171,383,23,2.36,Paludisme,61,7,51.25,10.81,modéré,34.0,61.0,4264.9,False,0.85,0.9,0.18,13.8,56.1
14,Centre Hospitalier Régional de Ziguinchor,Ziguinchor,Ziguinchor,755,393,2024-05-31,95,70,173,23,582,377,37,3.94,Dengue,77,8,86.24,25.59,modéré,35.0,64.2,3920.6,False,0.92,0.89,0.11,91.1,46.0
14,Centre Hospitalier Régional de Ziguinchor,Ziguinchor,Ziguinchor,755,393,2024-06-01,91,75,165,15,590,373,9,2.9,Grippe,32,3,78.55,9.27,modéré,35.1,84.3,3597.4,False,0.25,0.4,0.02,19.6,48.7
14,Centre Hospitalier Régional de Ziguinchor,Ziguinchor,Ziguinchor,755,393,2024-06-02,30,17,497,6,258,354,54,3.34,Paludisme,35,7,65.71,24.04,modéré,35.0,89.4,2963.9,False,0.45,0.79,0.1,71.9,37.3
14,Centre Hospitalier Régional de Ziguinchor,Ziguinchor,Ziguinchor,755,393,2024-06-03,57,79,454,11,301,354,39,2.82,Dengue,80,9,71.67,20.59,élevé,28.7,81.0,2854.6,False,0.55,0.64,0.09,112.8,33.0
14,Centre Hospitalier Régional de Ziguinchor,Ziguinchor,Ziguinchor,755,393,2024-06-04,78,90,492,12,263,350,0,2.24,Dengue,19,3,47.46,20.31,faible,36.3,50.9,2547.7,False,0.31,0.81,0.19,109.0,50.5
14,Centre Hospitalier Régional de Ziguinchor,Ziguinchor,Ziguinchor,755,393,2024-06-05,83,83,727,3,28,370,6,3.01,Choléra,57,9,62.03,21.42,modéré,38.0,44.8,266.9,False,0.77,0.81,0.06,167.6,45.0
14,Centre Hospitalier Régional de Ziguinchor,Ziguinchor,Ziguinchor,755,393,2024-06-06,71,48,145,17,610,360,24,3.68,Dengue,51,1,90.13,6.72,modéré,33.4,53.1,1939.9,False,0.63,0.31,0.19,117.8,10.1
14,Centre Hospitalier Régional de Ziguinchor,Ziguinchor,Ziguinchor,755,393,2024-06-07,16,63,455,1,300,369,1,0.33,Paludisme,64,9,64.49,28.96,modéré,36.8,86.7,2636.8,False,0.67,0.7,0.1,164.1,27.3
14,Centre Hospitalier Régional de Ziguinchor,Ziguinchor,Ziguinchor,755,393,2024-06-08,56,51,406,3,349,385,28,2.92,Covid-19,78,2,32.74,12.11,modéré,24.0,72.1,201.4,False,0.87,0.51,0.02,96.5,17.9
14,Centre Hospitalier Régional de Ziguinchor,Ziguinchor,Ziguinchor,755,393,2024-06-09,81,42,198,20,557,356,22,0.15,Dengue,6,7,86.78,1.3,faible,22.9,43.3,2846.6,False,0.23,0.92,0.09,78.3,47.2
14,Centre Hospitalier Régional de Ziguinchor,Ziguinchor,Ziguinchor,755,393,2024-06-10,29,14,492,19,263,356,55,2.78,Covid-19,43,10,47.29,27.71,modéré,26.0,42.2,715.1,False,0.97,0.7,0.18,178.4,9.9
14,Centre Hospitalier Régional de Ziguinchor,Ziguinchor,Ziguinchor,755,393,2024-06-11,22,81,244,13,511,367,60,1.55,Grippe,49,8,58.06,29.82,modéré,35.5,81.4,1797.4,False,0.97,0.93,0.02,129.2,11.6
14,Centre Hospitalier Régional de Ziguinchor,Ziguinchor,Ziguinchor,755,393,2024-06-12,58,83,193,11,562,379,56,3.4,Grippe,101,2,37.37,22.31,élevé,36.0,66.2,4899.4,True,0.51,0.58,0.11,11.7,34.3
14,Centre Hospitalier Régional de Ziguinchor,Ziguinchor,Ziguinchor,755,393,2024-06-13,73,24,119,24,636,343,27,0.14,Grippe,64,2,57.73,14.22,modéré,33.5,63.9,1162.9,False,0.88,0.43,0.05,97.1,7.0
14,Centre Hospitalier Régional de Ziguinchor,Ziguinchor,Ziguinchor,755,393,2024-06-14,83,45,569,23,186,350,45,2.75,Grippe,13,1,85.39,10.68,faible,38.2,50.6,2721.6,False,0.35,0.53,0.19,138.8,18.6
14,Centre Hospitalier Régional de Ziguinchor,Ziguinchor,Ziguinchor,755,393,2024-06-15,16,6,241,25,514,360,19,3.99,Choléra,116,9,92.25,22.19,élevé,37.1,69.4,4016.8,True,0.89,0.41,0.05,168.4,6.9
14,Centre Hospitalier Régional de Ziguinchor,Ziguinchor,Ziguinchor,755,393,2024-06-16,33,10,530,22,225,377,20,2.38,Paludisme,76,5,62.4,27.36,modéré,30.7,88.5,696.7,False,0.21,0.47,0.09,168.0,33.6
14,Centre Hospitalier Régional de Ziguinchor,Ziguinchor,Ziguinchor,755,393,2024-06-17,16,82,181,9,574,364,16,0.53,Grippe,23,8,83.86,19.3,faible,38.0,75.6,4462.0,False,0.72,0.62,0.02,147.0,10.7
14,Centre Hospitalier Régional de Ziguinchor,Ziguinchor,Ziguinchor,755,393,2024-06-18,100,18,32,18,723,358,40,2.35,Covid-19,21,10,65.65,21.39,faible,25.1,60.1,4054.0,False,0.61,0.55,0.13,91.0,36.9
14,Centre Hospitalier Régional de Ziguinchor,Ziguinchor,Ziguinchor,755,393,2024-06-19,91,6,372,18,383,364,42,3.4,Choléra,98,4,72.24,7.0,élevé,26.3,52.9,323.5,True,0.61,0.68,0.09,143.7,12.4
14,Centre Hospitalier Régional de Ziguinchor,Ziguinchor,Ziguinchor,755,393,2024-06-20,78,42,650,2,105,344,55,3.73,Covid-19,19,3,84.72,3.28,faible,29.1,56.1,4183.4,False,0.82,0.94,0.11,73.8,56.3
14,Centre Hospitalier Régional de Ziguinchor,Ziguinchor,Ziguinchor,755,393,2024-06-21,50,89,601,10,154,358,50,2.96,Choléra,66,8,32.75,26.04,modéré,33.3,45.9,1043.8,False,0.25,0.37,0.11,64.2,42.7
14,Centre Hospitalier Régional de Ziguinchor,Ziguinchor,Ziguinchor,755,393,2024-06-22,22,62,52,4,703,392,4,1.2,Grippe,13,1,73.39,15.01,faible,30.7,57.8,3993.8,False,0.78,0.34,0.01,70.8,19.4
14,Centre Hospitalier Régional de Ziguinchor,Ziguinchor,Ziguinchor,755,393,2024-06-23,67,85,569,5,186,358,13,1.45,Choléra,92,9,39.23,5.96,élevé,36.1,66.6,3653.5,True,0.7,0.8,0.09,84.2,13.9
14,Centre Hospitalier Régional de Ziguinchor,Ziguinchor,Ziguinchor,755,393,2024-06-24,50,57,312,12,443,382,39,3.74,Paludisme,76,7,94.39,13.68,modéré,33.4,72.9,4461.5,False,0.95,0.88,0.03,30.6,24.9
14,Centre Hospitalier Régional de Ziguinchor,Ziguinchor,Ziguinchor,755,393,2024-06-25,21,33,670,24,85,377,43,1.43,Covid-19,120,7,63.43,28.16,élevé,31.3,86.6,2671.1,True,0.6,0.56,0.11,149.8,10.2
14,Centre Hospitalier Régional de Ziguinchor,Ziguinchor,Ziguinchor,755,393,2024-06-26,82,24,163,16,592,382,2,0.49,Choléra,78,8,54.74,6.76,modéré,35.2,43.7,4936.4,False,0.87,0.44,0.11,128.6,52.6
14,Centre Hospitalier Régional de Ziguinchor,Ziguinchor,Ziguinchor,755,393,2024-06-27,100,32,560,18,195,345,31,3.49,Dengue,52,1,71.44,21.69,modéré,22.5,57.2,2828.9,False,0.27,0.59,0.15,100.2,18.3
14,Centre Hospitalier Régional de Ziguinchor,Ziguinchor,Ziguinchor,755,393,2024-06-28,71,22,271,3,484,352,22,1.72,Choléra,55,6,77.15,16.81,modéré,25.7,56.8,3264.4,False,0.2,0.44,0.17,126.4,57.4
14,Centre Hospitalier Régional de Ziguinchor,Ziguinchor,Ziguinchor,755,393,2024-06-29,74,55,268,2,487,369,13,1.44,Choléra,112,3,50.25,7.07,élevé,37.8,80.3,3026.5,True,0.37,0.51,0.15,12.4,13.4
14,Centre Hospitalier Régional de Ziguinchor,Ziguinchor,Ziguinchor,755,393,2024-06-30,41,65,537,13,218,348,21,1.24,Covid-19,82,6,33.01,1.73,élevé,38.7,74.9,3929.0,True,0.99,0.32,0.2,102.6,46.2
14,Centre Hospitalier Régional de Ziguinchor,Ziguinchor,Ziguinchor,755,393,2024-07-01,95,34,274,3,481,353,9,2.57,Dengue,116,5,35.29,7.93,élevé,28.1,46.7,3779.3,True,0.73,0.93,0.17,124.3,56.0
14,Centre Hospitalier Régional de Ziguinchor,Ziguinchor,Ziguinchor,755,393,2024-07-02,70,86,755,15,0,348,23,1.41,Paludisme,28,0,92.75,18.95,faible,24.9,44.3,2246.1,False,0.86,0.33,0.17,140.1,39.5
14,Centre Hospitalier Régional de Ziguinchor,Ziguinchor,Ziguinchor,755,393,2024-07-03,81,32,634,11,121,355,23,1.63,Grippe,67,1,56.11,21.54,modéré,22.3,78.0,4258.5,False,0.48,0.69,0.0,27.3,6.3
14,Centre Hospitalier Régional de Ziguinchor,Ziguinchor,Ziguinchor,755,393,2024-07-04,82,7,254,6,501,350,32,3.75,Dengue,69,10,32.07,25.53,modéré,33.3,45.6,1893.3,False,0.71,0.36,0.03,130.1,17.3
14,Centre Hospitalier Régional de Ziguinchor,Ziguinchor,Ziguinchor,755,393,2024-07-05,83,15,295,18,460,369,59,2.59,Covid-19,89,0,42.74,23.17,élevé,37.1,55.0,4387.7,True,0.75,0.48,0.13,151.2,26.8
14,Centre Hospitalier Régional de Ziguinchor,Ziguinchor,Ziguinchor,755,393,2024-07-06,95,45,248,24,507,349,3,1.28,Grippe,104,9,78.39,9.17,élevé,24.5,57.1,4352.0,True,0.88,0.55,0.2,122.4,37.5
14,Centre Hospitalier Régional de Ziguinchor,Ziguinchor,Ziguinchor,755,393,2024-07-07,27,28,319,19,436,378,6,1.28,Covid-19,76,5,35.57,26.97,modéré,24.7,45.6,3153.0,False,0.97,0.98,0.17,11.4,19.2
14,Centre Hospitalier Régional de Ziguinchor,Ziguinchor,Ziguinchor,755,393,2024-07-08,56,77,625,13,130,364,49,1.05,Paludisme,94,7,36.69,4.93,élevé,26.3,68.3,2348.7,True,0.23,0.72,0.2,82.0,3.5
14,Centre Hospitalier Régional de Ziguinchor,Ziguinchor,Ziguinchor,755,393,2024-07-09,68,86,120,13,635,385,47,0.82,Dengue,8,3,94.24,29.89,faible,31.4,75.2,3453.3,False,0.2,0.88,0.11,145.7,37.8
14,Centre Hospitalier Régional de Ziguinchor,Ziguinchor,Ziguinchor,755,393,2024-07-10,50,82,338,12,417,370,22,3.67,Choléra,8,1,74.78,10.57,faible,27.2,85.2,1994.8,False,0.63,0.88,0.19,79.1,54.4
14,Centre Hospitalier Régional de Ziguinchor,Ziguinchor,Ziguinchor,755,393,2024-07-11,93,61,34,2,721,348,48,2.95,Choléra,71,10,67.03,18.62,modéré,24.1,61.2,3770.2,False,0.52,0.39,0.02,161.2,19.6
14,Centre Hospitalier Régional de Ziguinchor,Ziguinchor,Ziguinchor,755,393,2024-07-12,53,54,209,22,546,374,18,0.62,Grippe,25,10,34.68,6.62,faible,27.7,86.3,939.6,False,0.5,0.54,0.11,176.2,4.5
14,Centre Hospitalier Régional de Ziguinchor,Ziguinchor,Ziguinchor,755,393,2024-07-13,12,48,537,25,218,387,53,0.29,Choléra,113,0,61.05,19.79,élevé,28.4,54.8,4589.0,True,0.77,0.59,0.17,173.4,3.7
14,Centre Hospitalier Régional de Ziguinchor,Ziguinchor,Ziguinchor,755,393,2024-07-14,81,47,606,9,149,385,53,1.65,Grippe,31,5,56.14,7.5,modéré,24.3,79.5,1660.1,False,0.69,0.7,0.12,30.7,5.3
14,Centre Hospitalier Régional de Ziguinchor,Ziguinchor,Ziguinchor,755,393,2024-07-15,97,46,486,19,269,372,47,3.03,Dengue,23,3,55.47,28.72,faible,26.7,57.3,4720.6,False,0.96,0.63,0.16,145.6,12.1
14,Centre Hospitalier Régional de Ziguinchor,Ziguinchor,Ziguinchor,755,393,2024-07-16,47,31,143,24,612,381,49,0.39,Dengue,109,6,89.47,3.06,élevé,37.8,41.2,2120.5,True,0.81,0.69,0.19,51.2,36.0
14,Centre Hospitalier Régional de Ziguinchor,Ziguinchor,Ziguinchor,755,393,2024-07-17,89,65,151,1,604,352,52,3.19,Covid-19,16,1,63.27,20.71,faible,30.9,51.1,1077.5,False,0.47,0.47,0.17,176.3,29.5
14,Centre Hospitalier Régional de Ziguinchor,Ziguinchor,Ziguinchor,755,393,2024-07-18,28,50,697,8,58,351,22,1.15,Paludisme,25,2,90.01,26.29,faible,24.4,43.9,1766.1,False,0.33,0.88,0.12,70.6,56.5
14,Centre Hospitalier Régional de Ziguinchor,Ziguinchor,Ziguinchor,755,393,2024-07-19,15,67,198,5,557,369,24,2.93,Grippe,51,2,67.75,1.5,modéré,31.2,57.5,2627.6,False,0.28,0.32,0.02,6.3,53.8
14,Centre Hospitalier Régional de Ziguinchor,Ziguinchor,Ziguinchor,755,393,2024-07-20,72,55,287,9,468,354,50,3.16,Grippe,61,9,34.54,26.41,modéré,31.1,43.9,4126.4,False,0.25,0.83,0.05,88.4,46.6
14,Centre Hospitalier Régional de Ziguinchor,Ziguinchor,Ziguinchor,755,393,2024-07-21,60,30,599,11,156,346,7,3.95,Grippe,119,6,79.63,17.01,élevé,30.1,42.2,3633.4,True,0.97,0.56,0.08,109.1,8.7
14,Centre Hospitalier Régional de Ziguinchor,Ziguinchor,Ziguinchor,755,393,2024-07-22,73,27,488,2,267,362,46,0.5,Dengue,0,6,87.34,26.44,faible,32.1,45.9,1284.8,False,0.7,0.73,0.15,8.5,39.0
14,Centre Hospitalier Régional de Ziguinchor,Ziguinchor,Ziguinchor,755,393,2024-07-23,74,42,218,6,537,379,2,2.56,Covid-19,26,1,58.12,16.94,faible,36.7,84.3,3460.9,False,0.48,0.48,0.11,105.0,39.8
14,Centre Hospitalier Régional de Ziguinchor,Ziguinchor,Ziguinchor,755,393,2024-07-24,27,88,181,0,574,368,15,3.59,Covid-19,14,4,77.75,28.66,faible,38.0,65.4,2422.2,False,0.66,0.41,0.07,136.2,46.4
14,Centre Hospitalier Régional de Ziguinchor,Ziguinchor,Ziguinchor,755,393,2024-07-25,64,22,658,11,97,387,23,1.81,Choléra,27,0,53.8,16.52,faible,23.7,43.1,3089.6,False,0.34,0.57,0.1,137.6,31.3
14,Centre Hospitalier Régional de Ziguinchor,Ziguinchor,Ziguinchor,755,393,2024-07-26,83,40,218,13,537,384,25,3.79,Paludisme,30,6,73.37,15.02,modéré,34.5,53.7,1482.0,False,0.43,0.41,0.19,28.3,59.0
14,Centre Hospitalier Régional de Ziguinchor,Ziguinchor,Ziguinchor,755,393,2024-07-27,25,59,223,3,532,367,2,2.44,Dengue,58,3,53.86,4.21,modéré,26.3,79.3,2377.9,False,0.35,0.72,0.04,166.8,53.2
14,Centre Hospitalier Régional de Ziguinchor,Ziguinchor,Ziguinchor,755,393,2024-07-28,13,14,241,20,514,377,48,0.79,Covid-19,14,2,41.01,29.13,faible,25.9,73.9,1227.0,False,0.51,0.92,0.05,15.8,50.9
14,Centre Hospitalier Régional de Ziguinchor,Ziguinchor,Ziguinchor,755,393,2024-07-29,25,80,594,15,161,382,16,3.92,Choléra,56,10,31.11,26.18,modéré,33.1,50.0,4144.3,False,0.65,0.51,0.08,8.1,13.4
14,Centre Hospitalier Régional de Ziguinchor,Ziguinchor,Ziguinchor,755,393,2024-07-30,32,69,650,9,105,377,9,3.8,Paludisme,2,6,54.17,26.96,faible,27.4,76.6,2255.5,False,0.75,0.78,0.0,169.3,37.0
14,Centre Hospitalier Régional de Ziguinchor,Ziguinchor,Ziguinchor,755,393,2024-07-31,86,62,272,15,483,365,60,2.56,Covid-19,42,1,89.29,4.04,modéré,27.1,53.2,3178.4,False,0.21,1.0,0.16,145.4,51.5
14,Centre Hospitalier Régional de Ziguinchor,Ziguinchor,Ziguinchor,755,393,2024-08-01,77,21,661,18,94,386,31,1.3,Dengue,70,1,53.92,6.08,modéré,27.6,69.4,2803.7,False,0.23,0.62,0.03,139.5,42.0
14,Centre Hospitalier Régional de Ziguinchor,Ziguinchor,Ziguinchor,755,393,2024-08-02,16,37,327,20,428,386,56,2.81,Paludisme,16,10,34.36,28.94,faible,34.0,44.0,859.8,False,0.66,0.42,0.02,168.4,46.3
14,Centre Hospitalier Régional de Ziguinchor,Ziguinchor,Ziguinchor,755,393,2024-08-03,82,74,49,6,706,387,39,2.89,Choléra,13,8,51.16,13.63,faible,38.9,51.3,4324.1,False,0.65,0.69,0.0,113.2,26.5
14,Centre Hospitalier Régional de Ziguinchor,Ziguinchor,Ziguinchor,755,393,2024-08-04,83,65,571,18,184,350,45,1.98,Grippe,32,5,79.81,18.93,modéré,32.6,88.9,3237.3,False,0.48,0.72,0.12,49.1,46.8
14,Centre Hospitalier Régional de Ziguinchor,Ziguinchor,Ziguinchor,755,393,2024-08-05,77,26,631,17,124,355,21,2.29,Grippe,71,9,56.91,21.92,modéré,35.7,43.1,1196.7,False,0.33,0.35,0.01,24.6,55.4
14,Centre Hospitalier Régional de Ziguinchor,Ziguinchor,Ziguinchor,755,393,2024-08-06,79,77,402,21,353,373,12,1.67,Dengue,88,1,71.3,28.86,élevé,33.2,55.4,1543.5,True,0.59,0.83,0.03,166.4,42.6
14,Centre Hospitalier Régional de Ziguinchor,Ziguinchor,Ziguinchor,755,393,2024-08-07,90,46,412,24,343,380,9,3.74,Choléra,46,4,92.21,10.13,modéré,32.1,87.6,3711.3,False,0.52,0.59,0.11,63.1,23.6
14,Centre Hospitalier Régional de Ziguinchor,Ziguinchor,Ziguinchor,755,393,2024-08-08,47,73,159,15,596,376,5,2.73,Covid-19,22,4,62.83,26.01,faible,37.8,84.4,2595.4,False,0.7,0.37,0.02,85.1,20.3
14,Centre Hospitalier Régional de Ziguinchor,Ziguinchor,Ziguinchor,755,393,2024-08-09,40,18,750,0,5,385,6,0.36,Grippe,23,7,31.43,6.56,faible,28.8,61.9,4886.3,False,0.73,0.56,0.1,42.4,16.0
14,Centre Hospitalier Régional de Ziguinchor,Ziguinchor,Ziguinchor,755,393,2024-08-10,37,5,673,16,82,360,43,2.76,Paludisme,81,3,57.9,21.96,élevé,27.4,48.6,496.8,True,0.82,0.73,0.06,149.2,56.7
14,Centre Hospitalier Régional de Ziguinchor,Ziguinchor,Ziguinchor,755,393,2024-08-11,31,32,360,10,395,349,60,3.55,Dengue,63,4,69.69,21.12,modéré,38.0,47.2,4454.2,False,0.56,0.31,0.04,121.9,12.4
14,Centre Hospitalier Régional de Ziguinchor,Ziguinchor,Ziguinchor,755,393,2024-08-12,96,45,357,17,398,346,27,1.25,Grippe,25,8,32.57,21.06,faible,36.4,83.9,2210.0,False,0.79,0.66,0.08,158.7,39.6
14,Centre Hospitalier Régional de Ziguinchor,Ziguinchor,Ziguinchor,755,393,2024-08-13,19,71,256,9,499,368,52,3.3,Choléra,38,3,68.08,14.7,modéré,26.8,80.5,2942.5,False,0.7,0.81,0.03,88.7,51.7
14,Centre Hospitalier Régional de Ziguinchor,Ziguinchor,Ziguinchor,755,393,2024-08-14,90,48,169,25,586,368,55,1.19,Choléra,56,5,68.07,24.17,modéré,35.2,55.7,2644.6,False,0.6,0.68,0.14,142.1,8.9
14,Centre Hospitalier Régional de Ziguinchor,Ziguinchor,Ziguinchor,755,393,2024-08-15,83,32,563,14,192,377,41,0.49,Choléra,39,5,91.67,27.66,modéré,38.7,85.8,2297.7,False,0.67,0.65,0.08,25.8,54.1
14,Centre Hospitalier Régional de Ziguinchor,Ziguinchor,Ziguinchor,755,393,2024-08-16,27,87,666,11,89,347,12,3.91,Choléra,70,3,55.19,10.91,modéré,24.8,89.4,3502.8,False,0.77,0.4,0.06,113.9,24.6
14,Centre Hospitalier Régional de Ziguinchor,Ziguinchor,Ziguinchor,755,393,2024-08-17,61,20,492,20,263,373,18,1.02,Dengue,74,4,70.53,19.98,modéré,26.5,44.2,1841.0,False,0.9,0.56,0.12,108.2,38.9
14,Centre Hospitalier Régional de Ziguinchor,Ziguinchor,Ziguinchor,755,393,2024-08-18,94,16,101,25,654,344,57,2.08,Choléra,34,2,33.39,18.91,modéré,24.8,59.1,3163.4,False,0.83,0.48,0.0,146.3,24.9
14,Centre Hospitalier Régional de Ziguinchor,Ziguinchor,Ziguinchor,755,393,2024-08-19,32,7,110,23,645,391,30,3.8,Covid-19,32,4,59.83,21.33,modéré,25.4,58.0,3791.4,False,0.35,0.65,0.03,109.0,37.3
14,Centre Hospitalier Régional de Ziguinchor,Ziguinchor,Ziguinchor,755,393,2024-08-20,50,56,315,3,440,347,29,2.29,Grippe,50,10,60.4,24.8,modéré,33.6,74.3,2197.5,False,0.53,0.55,0.16,57.8,45.1
14,Centre Hospitalier Régional de Ziguinchor,Ziguinchor,Ziguinchor,755,393,2024-08-21,57,51,586,4,169,343,12,1.94,Grippe,51,10,66.63,20.39,modéré,32.2,57.1,1865.2,False,0.5,0.67,0.01,43.2,12.2
14,Centre Hospitalier Régional de Ziguinchor,Ziguinchor,Ziguinchor,755,393,2024-08-22,10,50,263,9,492,364,32,3.49,Choléra,99,4,35.62,21.96,élevé,28.7,53.1,2400.0,True,0.6,0.52,0.03,170.5,51.3
14,Centre Hospitalier Régional de Ziguinchor,Ziguinchor,Ziguinchor,755,393,2024-08-23,60,22,742,8,13,354,31,3.53,Grippe,30,3,75.68,15.15,modéré,26.6,53.0,3395.6,False,0.46,0.37,0.04,91.1,59.6
14,Centre Hospitalier Régional de Ziguinchor,Ziguinchor,Ziguinchor,755,393,2024-08-24,80,30,397,22,358,369,0,1.04,Paludisme,29,2,79.55,3.31,faible,28.4,71.7,2348.0,False,0.98,0.76,0.12,118.1,5.9
14,Centre Hospitalier Régional de Ziguinchor,Ziguinchor,Ziguinchor,755,393,2024-08-25,88,19,428,19,327,387,22,0.87,Grippe,99,4,72.73,20.82,élevé,27.6,63.4,3108.4,True,0.28,0.65,0.1,69.7,7.2
14,Centre Hospitalier Régional de Ziguinchor,Ziguinchor,Ziguinchor,755,393,2024-08-26,91,29,652,20,103,370,40,1.4,Choléra,8,6,86.02,2.78,faible,35.8,80.2,4409.3,False,0.48,0.45,0.13,28.6,29.2
14,Centre Hospitalier Régional de Ziguinchor,Ziguinchor,Ziguinchor,755,393,2024-08-27,49,27,177,12,578,343,33,1.44,Dengue,98,6,88.16,19.77,élevé,27.0,82.9,1475.2,True,0.65,0.71,0.14,18.7,31.2
14,Centre Hospitalier Régional de Ziguinchor,Ziguinchor,Ziguinchor,755,393,2024-08-28,46,72,329,18,426,391,28,2.42,Covid-19,119,6,41.69,18.78,élevé,33.6,63.3,2916.1,True,0.57,0.97,0.04,40.9,30.8
14,Centre Hospitalier Régional de Ziguinchor,Ziguinchor,Ziguinchor,755,393,2024-08-29,64,75,356,2,399,365,22,2.74,Paludisme,107,2,50.2,5.46,élevé,27.5,68.2,861.5,True,0.4,0.37,0.02,89.6,57.5
14,Centre Hospitalier Régional de Ziguinchor,Ziguinchor,Ziguinchor,755,393,2024-02-12,91,74,526,7,229,347,15,3.95,Paludisme,48,1,80.0,9.67,modéré,36.9,53.4,1786.4,False,0.81,0.86,0.02,140.6,26.8
14,Centre Hospitalier Régional de Ziguinchor,Ziguinchor,Ziguinchor,755,393,2024-02-13,92,70,280,25,475,382,59,3.06,Dengue,82,1,83.45,28.75,élevé,24.7,88.6,355.1,True,0.63,0.35,0.07,63.5,35.4
14,Centre Hospitalier Régional de Ziguinchor,Ziguinchor,Ziguinchor,755,393,2024-02-14,94,36,269,5,486,391,1,3.48,Covid-19,115,10,93.06,15.44,élevé,36.1,74.7,3034.8,True,0.93,0.82,0.03,71.2,33.5
14,Centre Hospitalier Régional de Ziguinchor,Ziguinchor,Ziguinchor,755,393,2024-02-15,67,29,160,20,595,383,3,0.61,Paludisme,91,2,49.52,16.12,élevé,38.8,71.3,4945.2,True,0.67,0.42,0.01,95.6,25.6
14,Centre Hospitalier Régional de Ziguinchor,Ziguinchor,Ziguinchor,755,393,2024-02-16,38,22,572,15,183,375,40,3.31,Grippe,1,10,86.49,21.16,faible,29.5,72.7,4184.4,False,0.57,0.7,0.08,172.3,43.9
14,Centre Hospitalier Régional de Ziguinchor,Ziguinchor,Ziguinchor,755,393,2024-02-17,37,90,336,20,419,371,36,2.58,Paludisme,29,4,43.63,18.18,faible,28.2,49.1,4472.7,False,0.34,0.31,0.0,150.5,20.9
14,Centre Hospitalier Régional de Ziguinchor,Ziguinchor,Ziguinchor,755,393,2024-02-18,15,45,375,3,380,363,8,2.57,Grippe,9,8,63.63,15.49,faible,37.4,60.8,580.1,False,0.24,0.85,0.0,19.2,5.9
14,Centre Hospitalier Régional de Ziguinchor,Ziguinchor,Ziguinchor,755,393,2024-02-19,24,12,548,8,207,348,59,0.59,Dengue,112,1,52.22,4.9,élevé,29.0,60.2,2154.3,True,0.8,0.61,0.15,98.5,44.1
14,Centre Hospitalier Régional de Ziguinchor,Ziguinchor,Ziguinchor,755,393,2024-02-20,94,17,321,4,434,352,4,1.73,Paludisme,110,1,80.66,19.54,élevé,22.5,73.0,2841.2,True,0.59,0.91,0.04,40.3,10.0
14,Centre Hospitalier Régional de Ziguinchor,Ziguinchor,Ziguinchor,755,393,2024-02-21,15,16,645,16,110,369,34,2.66,Choléra,61,9,37.16,6.24,modéré,34.2,57.4,2410.4,False,0.28,0.49,0.09,97.7,49.5
14,Centre Hospitalier Régional de Ziguinchor,Ziguinchor,Ziguinchor,755,393,2024-02-22,40,30,551,19,204,382,53,3.8,Paludisme,98,3,56.21,19.39,élevé,23.3,63.9,1845.9,True,0.64,0.77,0.09,73.4,53.2
14,Centre Hospitalier Régional de Ziguinchor,Ziguinchor,Ziguinchor,755,393,2024-02-23,58,62,293,7,462,366,2,2.95,Covid-19,38,8,44.91,8.58,modéré,23.1,61.9,4351.4,False,0.21,0.56,0.14,41.1,47.6
14,Centre Hospitalier Régional de Ziguinchor,Ziguinchor,Ziguinchor,755,393,2024-02-24,84,40,549,3,206,391,55,3.62,Paludisme,19,1,76.89,1.63,faible,35.9,72.4,618.0,False,0.45,0.76,0.11,140.9,46.1
14,Centre Hospitalier Régional de Ziguinchor,Ziguinchor,Ziguinchor,755,393,2024-02-25,17,48,408,23,347,350,29,0.99,Covid-19,64,10,32.64,19.42,modéré,31.6,53.7,1115.6,False,0.56,0.53,0.12,117.8,23.1
14,Centre Hospitalier Régional de Ziguinchor,Ziguinchor,Ziguinchor,755,393,2024-02-26,30,64,462,18,293,369,12,1.4,Choléra,93,6,51.14,10.16,élevé,26.2,76.4,4448.3,True,0.52,0.45,0.12,27.5,37.4
14,Centre Hospitalier Régional de Ziguinchor,Ziguinchor,Ziguinchor,755,393,2024-02-27,14,36,354,14,401,372,15,1.6,Paludisme,81,7,64.74,25.43,élevé,29.2,59.6,4680.7,True,0.61,0.93,0.14,138.8,35.9
14,Centre Hospitalier Régional de Ziguinchor,Ziguinchor,Ziguinchor,755,393,2024-02-28,74,77,586,5,169,365,49,1.03,Dengue,30,1,41.2,6.12,modéré,37.4,72.8,3943.7,False,0.61,0.33,0.18,61.5,59.6
14,Centre Hospitalier Régional de Ziguinchor,Ziguinchor,Ziguinchor,755,393,2024-02-29,74,73,737,20,18,379,15,3.29,Dengue,28,9,34.22,24.15,faible,31.7,53.7,767.3,False,0.21,0.71,0.08,175.7,35.5
14,Centre Hospitalier Régional de Ziguinchor,Ziguinchor,Ziguinchor,755,393,2024-03-01,10,45,204,10,551,361,36,0.16,Dengue,83,6,82.18,25.7,élevé,34.8,53.8,768.1,True,0.32,0.39,0.16,82.1,7.3
14,Centre Hospitalier Régional de Ziguinchor,Ziguinchor,Ziguinchor,755,393,2024-03-02,91,22,337,16,418,350,10,3.96,Paludisme,31,7,85.33,12.86,modéré,24.6,46.4,2266.4,False,0.81,0.96,0.15,92.3,42.0
14,Centre Hospitalier Régional de Ziguinchor,Ziguinchor,Ziguinchor,755,393,2024-03-03,96,71,476,14,279,389,1,0.85,Grippe,16,2,45.83,16.72,faible,28.7,69.1,511.7,False,0.85,0.42,0.19,47.1,38.7
14,Centre Hospitalier Régional de Ziguinchor,Ziguinchor,Ziguinchor,755,393,2024-03-04,99,42,203,16,552,367,11,3.47,Paludisme,115,4,61.29,25.57,élevé,33.2,60.3,496.4,True,0.88,0.62,0.15,108.0,34.8
14,Centre Hospitalier Régional de Ziguinchor,Ziguinchor,Ziguinchor,755,393,2024-03-05,94,6,87,6,668,384,17,3.7,Covid-19,92,0,50.51,23.75,élevé,26.4,59.8,3596.1,True,0.62,0.71,0.05,169.9,25.0
14,Centre Hospitalier Régional de Ziguinchor,Ziguinchor,Ziguinchor,755,393,2024-03-06,98,59,292,10,463,382,13,1.13,Covid-19,6,8,69.7,18.28,faible,35.2,52.4,3744.2,False,0.31,0.32,0.18,128.8,12.2
14,Centre Hospitalier Régional de Ziguinchor,Ziguinchor,Ziguinchor,755,393,2024-03-07,37,32,264,4,491,374,55,3.83,Covid-19,7,3,42.33,27.93,faible,27.6,59.5,4876.3,False,0.45,0.38,0.01,118.2,6.9
14,Centre Hospitalier Régional de Ziguinchor,Ziguinchor,Ziguinchor,755,393,2024-03-08,90,65,126,20,629,381,19,1.98,Dengue,8,9,74.05,19.98,faible,36.3,56.0,709.2,False,0.43,0.92,0.03,72.3,55.0
14,Centre Hospitalier Régional de Ziguinchor,Ziguinchor,Ziguinchor,755,393,2024-03-09,37,13,730,10,25,357,13,0.48,Grippe,30,1,67.61,20.23,modéré,27.3,73.6,3316.2,False,0.94,0.97,0.12,118.2,21.8
14,Centre Hospitalier Régional de Ziguinchor,Ziguinchor,Ziguinchor,755,393,2024-03-10,31,74,283,9,472,353,5,2.86,Dengue,64,5,94.52,28.03,modéré,38.9,81.4,2730.8,False,0.81,0.88,0.05,161.0,6.3
14,Centre Hospitalier Régional de Ziguinchor,Ziguinchor,Ziguinchor,755,393,2024-03-11,16,19,516,5,239,359,9,0.62,Choléra,41,1,58.94,29.24,modéré,27.5,82.1,446.5,False,0.2,0.34,0.06,128.3,51.8
14,Centre Hospitalier Régional de Ziguinchor,Ziguinchor,Ziguinchor,755,393,2024-03-12,98,85,85,20,670,359,10,3.76,Grippe,44,4,55.18,14.3,modéré,27.2,52.1,3268.3,False,0.23,0.62,0.19,168.4,19.7
14,Centre Hospitalier Régional de Ziguinchor,Ziguinchor,Ziguinchor,755,393,2024-03-13,45,74,101,21,654,344,34,1.18,Choléra,16,7,83.04,26.55,faible,35.0,58.9,3164.4,False,0.62,0.49,0.12,170.5,37.8
14,Centre Hospitalier Régional de Ziguinchor,Ziguinchor,Ziguinchor,755,393,2024-03-14,97,61,555,10,200,361,49,3.33,Paludisme,115,10,90.06,24.66,élevé,34.5,88.8,2040.7,True,0.45,0.85,0.06,138.7,41.5
14,Centre Hospitalier Régional de Ziguinchor,Ziguinchor,Ziguinchor,755,393,2024-03-15,25,47,253,14,502,382,52,2.26,Covid-19,11,5,49.21,9.71,faible,22.9,47.6,1521.3,False,0.3,0.88,0.08,57.0,37.6
14,Centre Hospitalier Régional de Ziguinchor,Ziguinchor,Ziguinchor,755,393,2024-03-16,34,53,333,24,422,357,40,2.37,Grippe,34,10,44.55,29.6,modéré,28.3,72.9,4863.9,False,0.2,0.88,0.01,46.4,24.7
14,Centre Hospitalier Régional de Ziguinchor,Ziguinchor,Ziguinchor,755,393,2024-03-17,85,87,668,20,87,349,1,1.37,Choléra,115,7,45.74,3.04,élevé,32.4,83.4,2959.5,True,0.62,0.73,0.14,107.0,59.4
14,Centre Hospitalier Régional de Ziguinchor,Ziguinchor,Ziguinchor,755,393,2024-03-18,62,24,643,15,112,354,0,1.01,Paludisme,91,3,84.21,21.33,élevé,29.6,62.5,1880.5,True,0.37,0.54,0.01,90.4,20.3
14,Centre Hospitalier Régional de Ziguinchor,Ziguinchor,Ziguinchor,755,393,2024-03-19,94,29,510,9,245,345,28,1.98,Paludisme,118,1,35.85,9.71,élevé,29.4,46.3,181.5,True,0.61,0.66,0.02,94.7,4.1
14,Centre Hospitalier Régional de Ziguinchor,Ziguinchor,Ziguinchor,755,393,2024-03-20,96,43,60,7,695,393,47,0.24,Dengue,16,10,52.53,21.99,faible,26.3,69.9,3735.7,False,0.57,0.34,0.03,17.5,15.2
14,Centre Hospitalier Régional de Ziguinchor,Ziguinchor,Ziguinchor,755,393,2024-03-21,11,40,632,18,123,386,22,1.57,Covid-19,39,2,88.75,20.24,modéré,37.3,62.8,2653.0,False,0.38,0.91,0.19,52.8,45.9
14,Centre Hospitalier Régional de Ziguinchor,Ziguinchor,Ziguinchor,755,393,2024-03-22,37,35,670,8,85,357,51,1.37,Paludisme,33,0,79.83,22.9,modéré,27.4,78.0,964.8,False,0.35,0.31,0.06,96.7,23.4
14,Centre Hospitalier Régional de Ziguinchor,Ziguinchor,Ziguinchor,755,393,2024-03-23,99,58,248,18,507,353,52,3.64,Grippe,78,6,77.1,9.93,modéré,28.4,54.0,1003.5,False,0.69,0.56,0.11,110.9,36.0
14,Centre Hospitalier Régional de Ziguinchor,Ziguinchor,Ziguinchor,755,393,2024-03-24,18,62,626,4,129,374,22,3.26,Choléra,108,3,63.89,10.29,élevé,27.7,57.7,3167.0,True,0.36,0.41,0.13,30.8,43.0
14,Centre Hospitalier Régional de Ziguinchor,Ziguinchor,Ziguinchor,755,393,2024-03-25,66,37,331,14,424,358,1,3.5,Grippe,77,4,51.95,21.88,modéré,27.7,62.1,2158.6,False,0.43,0.63,0.19,169.8,25.1
14,Centre Hospitalier Régional de Ziguinchor,Ziguinchor,Ziguinchor,755,393,2024-03-26,68,31,580,10,175,345,28,3.0,Grippe,62,5,85.11,10.44,modéré,30.3,52.2,4511.4,False,0.23,0.75,0.07,160.0,23.2
14,Centre Hospitalier Régional de Ziguinchor,Ziguinchor,Ziguinchor,755,393,2024-03-27,67,59,719,4,36,357,9,0.84,Grippe,102,9,30.65,18.56,élevé,36.4,73.4,1648.2,True,0.61,0.55,0.05,10.7,42.1
14,Centre Hospitalier Régional de Ziguinchor,Ziguinchor,Ziguinchor,755,393,2024-03-28,36,70,682,8,73,371,32,2.29,Paludisme,6,3,44.59,24.48,faible,37.7,60.8,547.3,False,0.32,0.72,0.1,106.7,22.3
14,Centre Hospitalier Régional de Ziguinchor,Ziguinchor,Ziguinchor,755,393,2024-03-29,76,31,746,19,9,365,21,0.22,Choléra,98,10,76.73,11.12,élevé,25.1,56.6,4081.5,True,0.92,0.98,0.17,15.5,13.8
14,Centre Hospitalier Régional de Ziguinchor,Ziguinchor,Ziguinchor,755,393,2024-03-30,80,90,657,11,98,388,57,0.63,Dengue,78,6,91.21,10.15,modéré,30.8,66.7,2010.5,False,0.78,0.9,0.04,99.3,10.5
14,Centre Hospitalier Régional de Ziguinchor,Ziguinchor,Ziguinchor,755,393,2024-03-31,65,9,180,18,575,358,3,1.55,Dengue,29,3,32.14,18.85,faible,24.1,70.2,4701.7,False,0.25,0.46,0.05,113.0,8.5
14,Centre Hospitalier Régional de Ziguinchor,Ziguinchor,Ziguinchor,755,393,2024-04-01,18,88,379,8,376,392,19,3.07,Grippe,27,9,87.05,17.47,faible,28.0,72.8,3297.9,False,0.71,0.57,0.16,60.2,18.0
14,Centre Hospitalier Régional de Ziguinchor,Ziguinchor,Ziguinchor,755,393,2024-04-02,72,11,747,3,8,392,7,3.46,Covid-19,51,6,34.51,26.68,modéré,28.4,43.7,966.4,False,0.4,0.35,0.03,86.3,33.4
14,Centre Hospitalier Régional de Ziguinchor,Ziguinchor,Ziguinchor,755,393,2024-04-03,26,58,195,5,560,371,9,1.49,Paludisme,5,10,80.56,19.81,faible,28.3,68.1,4834.7,False,0.9,0.99,0.1,25.7,34.5
14,Centre Hospitalier Régional de Ziguinchor,Ziguinchor,Ziguinchor,755,393,2024-04-04,39,78,689,7,66,351,18,1.44,Dengue,60,3,79.67,24.86,modéré,27.9,58.2,4251.2,False,0.88,0.91,0.04,69.2,47.6
14,Centre Hospitalier Régional de Ziguinchor,Ziguinchor,Ziguinchor,755,393,2024-04-05,57,55,575,2,180,381,35,0.72,Grippe,15,2,80.95,15.62,faible,37.0,59.4,4283.2,False,0.75,0.61,0.09,14.6,7.7
14,Centre Hospitalier Régional de Ziguinchor,Ziguinchor,Ziguinchor,755,393,2024-04-06,78,21,515,15,240,363,57,1.24,Grippe,33,8,69.31,27.88,modéré,25.1,72.6,1357.7,False,0.51,0.99,0.19,153.1,19.7
14,Centre Hospitalier Régional de Ziguinchor,Ziguinchor,Ziguinchor,755,393,2024-04-07,14,7,354,25,401,383,51,0.12,Covid-19,60,5,61.21,14.88,modéré,29.1,74.6,1036.2,False,0.78,0.92,0.1,43.5,26.8
14,Centre Hospitalier Régional de Ziguinchor,Ziguinchor,Ziguinchor,755,393,2024-04-08,68,86,331,6,424,363,39,2.5,Choléra,43,4,75.85,10.1,modéré,30.8,49.4,2759.2,False,0.27,0.3,0.05,93.9,6.4
14,Centre Hospitalier Régional de Ziguinchor,Ziguinchor,Ziguinchor,755,393,2024-04-09,20,8,30,25,725,361,9,3.81,Covid-19,16,4,66.22,2.24,faible,28.8,62.1,4723.8,False,0.4,0.52,0.13,158.1,41.4
14,Centre Hospitalier Régional de Ziguinchor,Ziguinchor,Ziguinchor,755,393,2024-04-10,47,82,743,1,12,377,3,1.24,Choléra,23,3,31.59,15.23,faible,37.5,47.4,4784.8,False,0.29,0.8,0.14,50.4,30.0
14,Centre Hospitalier Régional de Ziguinchor,Ziguinchor,Ziguinchor,755,393,2024-04-11,100,34,392,6,363,371,6,1.29,Choléra,117,4,93.5,21.71,élevé,36.3,58.9,3706.0,True,0.61,0.6,0.09,148.1,17.8
14,Centre Hospitalier Régional de Ziguinchor,Ziguinchor,Ziguinchor,755,393,2024-04-12,34,78,141,3,614,382,6,2.89,Grippe,73,9,58.03,19.42,modéré,36.7,72.2,2667.9,False,0.58,0.74,0.2,58.2,28.7
14,Centre Hospitalier Régional de Ziguinchor,Ziguinchor,Ziguinchor,755,393,2024-04-13,17,45,460,12,295,371,17,1.81,Choléra,86,6,76.96,16.99,élevé,25.8,86.9,4555.8,True,0.23,0.57,0.16,157.8,58.2
14,Centre Hospitalier Régional de Ziguinchor,Ziguinchor,Ziguinchor,755,393,2024-04-14,72,7,502,5,253,356,20,2.29,Grippe,13,9,83.07,26.11,faible,26.5,70.3,2527.1,False,0.86,0.49,0.15,78.0,52.1
14,Centre Hospitalier Régional de Ziguinchor,Ziguinchor,Ziguinchor,755,393,2024-04-15,57,41,560,10,195,379,50,1.13,Dengue,77,1,38.25,25.44,modéré,22.6,58.6,167.6,False,0.93,0.94,0.16,36.4,4.5
14,Centre Hospitalier Régional de Ziguinchor,Ziguinchor,Ziguinchor,755,393,2024-04-16,58,12,675,2,80,359,44,0.99,Dengue,22,3,61.39,21.56,faible,25.4,85.4,3260.9,False,0.36,0.6,0.02,21.2,6.9
14,Centre Hospitalier Régional de Ziguinchor,Ziguinchor,Ziguinchor,755,393,2024-04-17,36,11,446,9,309,349,55,1.84,Dengue,104,2,84.37,9.46,élevé,38.5,58.9,2141.7,True,0.29,0.31,0.13,122.8,16.0
14,Centre Hospitalier Régional de Ziguinchor,Ziguinchor,Ziguinchor,755,393,2024-04-18,31,86,93,22,662,346,3,0.64,Choléra,116,8,49.25,5.49,élevé,28.7,51.5,228.2,True,0.21,0.87,0.09,48.9,37.3
14,Centre Hospitalier Régional de Ziguinchor,Ziguinchor,Ziguinchor,755,393,2024-04-19,36,72,744,18,11,356,53,2.96,Paludisme,92,2,45.47,22.51,élevé,36.7,58.2,2375.7,True,0.36,0.69,0.06,127.9,10.3
14,Centre Hospitalier Régional de Ziguinchor,Ziguinchor,Ziguinchor,755,393,2024-04-20,31,87,175,13,580,383,58,3.26,Choléra,9,6,89.5,21.55,faible,23.9,52.5,4046.1,False,0.93,0.51,0.17,103.1,31.6
14,Centre Hospitalier Régional de Ziguinchor,Ziguinchor,Ziguinchor,755,393,2024-04-21,56,33,612,0,143,383,56,2.19,Grippe,50,4,71.93,25.2,modéré,27.9,74.0,4139.4,False,0.59,0.69,0.13,93.5,26.5
14,Centre Hospitalier Régional de Ziguinchor,Ziguinchor,Ziguinchor,755,393,2024-04-22,47,21,273,17,482,362,20,1.16,Grippe,44,7,35.09,5.01,modéré,22.8,49.3,568.1,False,0.43,0.37,0.11,169.6,54.2
14,Centre Hospitalier Régional de Ziguinchor,Ziguinchor,Ziguinchor,755,393,2024-04-23,53,22,722,11,33,389,52,1.07,Choléra,15,6,93.75,14.63,faible,25.6,84.0,3706.6,False,0.21,0.44,0.05,178.3,55.5
14,Centre Hospitalier Régional de Ziguinchor,Ziguinchor,Ziguinchor,755,393,2024-04-24,100,72,656,0,99,350,27,3.87,Paludisme,82,10,72.84,3.63,élevé,33.2,60.3,1871.9,True,0.83,0.55,0.08,114.7,17.5
14,Centre Hospitalier Régional de Ziguinchor,Ziguinchor,Ziguinchor,755,393,2024-04-25,50,18,74,13,681,386,54,3.41,Choléra,116,2,43.29,2.35,élevé,22.3,47.3,4402.9,True,0.76,0.7,0.19,82.6,35.1
14,Centre Hospitalier Régional de Ziguinchor,Ziguinchor,Ziguinchor,755,393,2024-04-26,91,5,409,15,346,374,14,1.23,Covid-19,26,2,36.47,16.93,faible,24.2,67.4,1337.7,False,0.83,0.96,0.12,36.2,11.0
14,Centre Hospitalier Régional de Ziguinchor,Ziguinchor,Ziguinchor,755,393,2024-04-27,36,60,191,6,564,386,26,3.84,Paludisme,97,6,69.42,12.03,élevé,29.8,59.1,3660.4,True,0.9,0.44,0.19,138.3,39.4
14,Centre Hospitalier Régional de Ziguinchor,Ziguinchor,Ziguinchor,755,393,2024-04-28,50,47,677,18,78,366,56,2.55,Grippe,80,7,84.59,3.95,élevé,33.8,75.0,1927.3,False,0.73,0.31,0.14,120.2,22.8
14,Centre Hospitalier Régional de Ziguinchor,Ziguinchor,Ziguinchor,755,393,2024-04-29,50,61,239,20,516,364,46,0.29,Grippe,55,7,94.71,12.23,modéré,38.0,61.2,3463.5,False,0.33,0.58,0.02,129.3,55.8
14,Centre Hospitalier Régional de Ziguinchor,Ziguinchor,Ziguinchor,755,393,2024-04-30,84,31,90,0,665,364,46,3.79,Paludisme,95,0,78.64,6.01,élevé,35.5,77.7,1822.5,True,0.33,0.71,0.03,86.9,19.3
14,Centre Hospitalier Régional de Ziguinchor,Ziguinchor,Ziguinchor,755,393,2024-05-01,77,20,368,7,387,353,40,0.56,Choléra,65,8,48.56,23.8,modéré,33.6,40.5,1796.4,False,0.83,0.53,0.08,143.9,42.1
14,Centre Hospitalier Régional de Ziguinchor,Ziguinchor,Ziguinchor,755,393,2024-05-02,12,48,677,24,78,385,10,1.36,Covid-19,68,2,65.42,21.88,modéré,23.1,69.8,2346.4,False,0.36,0.55,0.12,30.9,39.5
14,Centre Hospitalier Régional de Ziguinchor,Ziguinchor,Ziguinchor,755,393,2024-05-03,92,84,293,14,462,351,15,1.41,Choléra,57,3,58.71,24.6,modéré,23.7,77.4,4043.6,False,0.76,0.66,0.03,166.1,10.1
14,Centre Hospitalier Régional de Ziguinchor,Ziguinchor,Ziguinchor,755,393,2024-05-04,40,81,361,22,394,360,34,2.28,Dengue,115,2,84.6,22.57,élevé,23.7,85.1,1962.6,True,0.91,0.88,0.16,68.2,18.6
14,Centre Hospitalier Régional de Ziguinchor,Ziguinchor,Ziguinchor,755,393,2024-05-05,93,16,260,22,495,371,27,0.89,Grippe,115,5,45.52,15.52,élevé,38.0,47.8,3073.4,True,0.74,0.79,0.19,42.7,35.5
14,Centre Hospitalier Régional de Ziguinchor,Ziguinchor,Ziguinchor,755,393,2024-05-06,32,30,325,0,430,377,54,2.86,Dengue,27,1,60.63,1.77,faible,25.2,61.8,1231.3,False,0.86,0.43,0.15,101.1,29.3
14,Centre Hospitalier Régional de Ziguinchor,Ziguinchor,Ziguinchor,755,393,2024-05-07,37,79,656,13,99,349,28,1.36,Dengue,102,1,69.52,29.42,élevé,33.6,76.2,4832.5,True,0.42,0.66,0.03,76.2,52.1
14,Centre Hospitalier Régional de Ziguinchor,Ziguinchor,Ziguinchor,755,393,2024-05-08,29,17,35,17,720,384,25,0.66,Paludisme,50,0,86.08,12.77,modéré,26.0,43.6,288.7,False,0.67,0.57,0.14,79.2,22.4
14,Centre Hospitalier Régional de Ziguinchor,Ziguinchor,Ziguinchor,755,393,2024-05-09,78,63,229,16,526,389,30,2.42,Choléra,78,9,42.7,10.49,modéré,36.5,66.7,3219.4,False,0.21,0.42,0.03,140.3,32.8
14,Centre Hospitalier Régional de Ziguinchor,Ziguinchor,Ziguinchor,755,393,2024-05-10,65,60,457,20,298,353,55,3.98,Paludisme,82,2,41.94,23.86,élevé,25.9,73.0,435.6,True,0.31,0.67,0.02,93.2,21.4
14,Centre Hospitalier Régional de Ziguinchor,Ziguinchor,Ziguinchor,755,393,2024-05-11,83,83,198,0,557,357,21,1.07,Choléra,54,3,39.9,12.54,modéré,26.8,81.0,3972.3,False,0.53,0.32,0.08,10.3,9.0
14,Centre Hospitalier Régional de Ziguinchor,Ziguinchor,Ziguinchor,755,393,2024-05-12,77,22,261,19,494,359,38,0.43,Covid-19,8,6,57.3,6.05,faible,23.5,68.9,2978.9,False,0.93,0.52,0.18,6.7,13.9
14,Centre Hospitalier Régional de Ziguinchor,Ziguinchor,Ziguinchor,755,393,2024-05-13,76,34,80,16,675,389,3,0.9,Grippe,26,2,92.49,16.8,faible,24.4,74.7,2192.5,False,0.62,0.38,0.14,5.8,46.8
14,Centre Hospitalier Régional de Ziguinchor,Ziguinchor,Ziguinchor,755,393,2024-05-14,25,68,542,9,213,390,16,3.85,Choléra,41,0,62.08,22.56,modéré,24.2,72.3,4918.9,False,0.3,0.68,0.15,6.9,34.1
14,Centre Hospitalier Régional de Ziguinchor,Ziguinchor,Ziguinchor,755,393,2024-05-15,13,73,191,15,564,393,25,0.17,Covid-19,22,6,67.0,20.2,faible,25.6,53.5,2040.3,False,0.4,0.99,0.1,15.6,35.4
14,Centre Hospitalier Régional de Ziguinchor,Ziguinchor,Ziguinchor,755,393,2024-05-16,21,61,543,11,212,353,15,2.72,Covid-19,31,5,47.31,8.4,modéré,27.4,53.3,3652.1,False,0.96,0.69,0.11,48.0,33.5
14,Centre Hospitalier Régional de Ziguinchor,Ziguinchor,Ziguinchor,755,393,2024-05-17,95,42,563,11,192,352,19,1.81,Grippe,52,4,54.69,27.06,modéré,25.8,54.9,827.0,False,0.96,0.9,0.1,106.4,51.2
14,Centre Hospitalier Régional de Ziguinchor,Ziguinchor,Ziguinchor,755,393,2024-05-18,88,36,264,24,491,379,35,0.11,Paludisme,56,9,57.98,15.53,modéré,33.6,59.1,2048.8,False,0.21,0.49,0.18,101.8,48.2
14,Centre Hospitalier Régional de Ziguinchor,Ziguinchor,Ziguinchor,755,393,2024-05-19,59,30,517,12,238,356,55,2.82,Paludisme,56,2,70.3,12.21,modéré,34.6,88.2,2242.2,False,0.67,0.59,0.2,12.3,16.4
14,Centre Hospitalier Régional de Ziguinchor,Ziguinchor,Ziguinchor,755,393,2024-05-20,69,69,563,1,192,355,23,2.54,Grippe,97,3,44.54,11.24,élevé,34.6,69.0,719.7,True,0.29,0.56,0.12,152.8,53.2
14,Centre Hospitalier Régional de Ziguinchor,Ziguinchor,Ziguinchor,755,393,2024-05-21,58,59,622,6,133,389,48,0.4,Paludisme,49,6,59.56,29.39,modéré,33.4,86.7,555.0,False,0.8,0.32,0.2,145.0,14.5
13,Centre Hospitalier Régional de Sédhiou,Sédhiou,Sédhiou,355,168,2024-12-24,30,23,126,24,229,150,55,3.35,Dengue,113,6,76.47,4.08,élevé,23.7,47.0,599.6,True,0.57,0.8,0.19,139.2,36.9
13,Centre Hospitalier Régional de Sédhiou,Sédhiou,Sédhiou,355,168,2024-12-25,84,84,171,25,184,153,56,2.36,Paludisme,1,3,55.86,27.79,faible,38.9,81.8,3507.9,False,0.25,0.54,0.0,156.1,13.7
13,Centre Hospitalier Régional de Sédhiou,Sédhiou,Sédhiou,355,168,2024-12-26,94,62,299,8,56,123,23,1.77,Choléra,5,2,84.16,25.08,faible,34.2,75.5,1809.3,False,0.37,0.73,0.11,43.5,40.0
13,Centre Hospitalier Régional de Sédhiou,Sédhiou,Sédhiou,355,168,2024-12-27,89,73,138,9,217,145,34,2.43,Dengue,79,3,80.17,8.76,modéré,37.6,53.4,1741.3,False,0.39,0.77,0.17,45.2,30.8
13,Centre Hospitalier Régional de Sédhiou,Sédhiou,Sédhiou,355,168,2024-12-28,15,66,89,23,266,137,39,0.87,Dengue,21,3,91.95,3.83,faible,28.9,44.5,4504.7,False,0.67,0.76,0.14,10.3,11.7
13,Centre Hospitalier Régional de Sédhiou,Sédhiou,Sédhiou,355,168,2024-12-29,64,27,238,18,117,122,35,0.49,Paludisme,87,8,32.76,25.92,élevé,27.9,59.3,4977.8,True,0.35,0.77,0.13,148.6,45.3
13,Centre Hospitalier Régional de Sédhiou,Sédhiou,Sédhiou,355,168,2024-12-30,10,23,292,22,63,146,46,3.9,Covid-19,91,4,83.02,4.35,élevé,36.0,53.6,3347.9,True,0.42,0.67,0.19,57.7,3.7
13,Centre Hospitalier Régional de Sédhiou,Sédhiou,Sédhiou,355,168,2024-12-31,75,47,105,7,250,158,12,0.18,Paludisme,63,10,69.83,2.53,modéré,26.4,63.4,3932.7,False,0.94,0.87,0.13,176.9,27.9
14,Centre Hospitalier Régional de Ziguinchor,Ziguinchor,Ziguinchor,755,393,2024-01-01,79,56,499,4,256,377,52,1.54,Dengue,117,2,80.35,24.98,élevé,34.2,65.1,4375.7,True,0.31,0.54,0.05,112.9,34.9
14,Centre Hospitalier Régional de Ziguinchor,Ziguinchor,Ziguinchor,755,393,2024-01-02,84,61,70,10,685,359,37,1.57,Grippe,63,7,80.34,4.17,modéré,32.7,46.8,4194.0,False,0.32,0.43,0.13,62.0,11.3
14,Centre Hospitalier Régional de Ziguinchor,Ziguinchor,Ziguinchor,755,393,2024-01-03,72,39,183,22,572,351,27,0.21,Covid-19,28,2,94.23,4.02,faible,38.0,43.9,3163.3,False,0.4,0.52,0.1,38.5,47.6
14,Centre Hospitalier Régional de Ziguinchor,Ziguinchor,Ziguinchor,755,393,2024-01-04,92,30,199,8,556,358,16,1.05,Choléra,37,10,72.23,22.66,modéré,37.3,72.5,2317.4,False,0.41,0.52,0.11,92.7,50.7
14,Centre Hospitalier Régional de Ziguinchor,Ziguinchor,Ziguinchor,755,393,2024-01-05,59,87,622,4,133,388,49,2.08,Covid-19,119,4,80.12,5.27,élevé,23.1,45.2,2241.8,True,0.43,0.56,0.11,133.7,37.5
14,Centre Hospitalier Régional de Ziguinchor,Ziguinchor,Ziguinchor,755,393,2024-01-06,83,66,470,23,285,359,12,0.48,Paludisme,99,3,31.05,5.19,élevé,26.5,70.8,1874.4,True,0.58,0.41,0.04,150.6,44.7
14,Centre Hospitalier Régional de Ziguinchor,Ziguinchor,Ziguinchor,755,393,2024-01-07,51,34,496,13,259,354,17,0.58,Paludisme,91,1,83.3,20.69,élevé,28.8,41.7,814.2,True,0.45,0.34,0.13,173.0,16.6
14,Centre Hospitalier Régional de Ziguinchor,Ziguinchor,Ziguinchor,755,393,2024-01-08,22,70,711,13,44,387,23,0.16,Covid-19,65,2,74.19,4.74,modéré,36.5,77.5,4348.1,False,0.5,0.34,0.03,11.6,12.9
14,Centre Hospitalier Régional de Ziguinchor,Ziguinchor,Ziguinchor,755,393,2024-01-09,81,56,140,20,615,352,12,0.65,Dengue,101,8,53.22,16.37,élevé,25.7,48.1,1083.5,True,0.41,0.75,0.12,171.6,45.8
14,Centre Hospitalier Régional de Ziguinchor,Ziguinchor,Ziguinchor,755,393,2024-01-10,100,58,671,25,84,358,18,0.47,Dengue,47,8,64.29,29.03,modéré,34.4,47.1,3980.4,False,0.42,0.56,0.15,127.9,25.6
14,Centre Hospitalier Régional de Ziguinchor,Ziguinchor,Ziguinchor,755,393,2024-01-11,36,84,77,13,678,366,13,2.5,Covid-19,82,3,32.97,26.42,élevé,31.5,76.7,760.2,True,0.64,0.31,0.15,141.4,32.8
14,Centre Hospitalier Régional de Ziguinchor,Ziguinchor,Ziguinchor,755,393,2024-01-12,76,41,397,11,358,387,10,3.41,Paludisme,65,10,49.63,27.33,modéré,37.1,48.9,2067.6,False,0.78,0.97,0.02,25.5,3.5
14,Centre Hospitalier Régional de Ziguinchor,Ziguinchor,Ziguinchor,755,393,2024-01-13,91,60,48,3,707,371,56,0.9,Paludisme,3,7,52.37,19.83,faible,26.8,48.8,1448.1,False,0.47,1.0,0.14,157.0,24.7
14,Centre Hospitalier Régional de Ziguinchor,Ziguinchor,Ziguinchor,755,393,2024-01-14,26,7,607,3,148,361,9,1.38,Choléra,16,9,34.97,23.63,faible,38.3,86.7,3383.3,False,0.68,0.98,0.2,57.1,7.9
14,Centre Hospitalier Régional de Ziguinchor,Ziguinchor,Ziguinchor,755,393,2024-01-15,42,44,737,18,18,366,19,1.2,Covid-19,2,2,78.09,25.97,faible,24.7,61.3,3848.8,False,0.28,0.49,0.03,138.8,29.6
14,Centre Hospitalier Régional de Ziguinchor,Ziguinchor,Ziguinchor,755,393,2024-01-16,71,19,152,2,603,362,34,1.21,Covid-19,77,4,64.98,18.69,modéré,29.2,40.1,4773.9,False,0.79,0.7,0.09,15.4,11.8
14,Centre Hospitalier Régional de Ziguinchor,Ziguinchor,Ziguinchor,755,393,2024-01-17,56,54,540,20,215,353,34,3.64,Choléra,29,0,90.14,22.74,faible,27.0,46.9,2456.4,False,0.21,0.52,0.05,177.4,13.5
14,Centre Hospitalier Régional de Ziguinchor,Ziguinchor,Ziguinchor,755,393,2024-01-18,15,79,124,14,631,370,18,2.05,Covid-19,68,9,48.15,29.58,modéré,30.2,87.1,2504.9,False,0.43,0.47,0.11,156.3,48.9
14,Centre Hospitalier Régional de Ziguinchor,Ziguinchor,Ziguinchor,755,393,2024-01-19,67,55,747,4,8,388,47,1.02,Dengue,49,1,50.23,3.38,modéré,35.2,55.9,3278.9,False,0.96,0.48,0.07,51.3,18.9
14,Centre Hospitalier Régional de Ziguinchor,Ziguinchor,Ziguinchor,755,393,2024-01-20,33,7,514,22,241,348,47,1.25,Choléra,22,2,37.73,14.3,faible,33.4,60.9,4628.9,False,0.37,0.69,0.17,174.0,38.0
14,Centre Hospitalier Régional de Ziguinchor,Ziguinchor,Ziguinchor,755,393,2024-01-21,39,50,123,15,632,359,16,2.76,Paludisme,80,9,70.12,2.85,élevé,31.2,84.8,1507.1,False,0.82,0.9,0.18,141.8,42.8
14,Centre Hospitalier Régional de Ziguinchor,Ziguinchor,Ziguinchor,755,393,2024-01-22,16,15,248,12,507,387,53,1.86,Paludisme,101,9,40.75,8.42,élevé,28.9,57.1,2940.2,True,0.42,0.75,0.05,107.0,8.6
14,Centre Hospitalier Régional de Ziguinchor,Ziguinchor,Ziguinchor,755,393,2024-01-23,37,11,90,8,665,380,1,2.86,Paludisme,87,1,91.85,19.75,élevé,23.6,74.6,2313.5,True,0.96,0.47,0.09,98.9,54.3
14,Centre Hospitalier Régional de Ziguinchor,Ziguinchor,Ziguinchor,755,393,2024-01-24,88,48,151,4,604,380,40,2.67,Grippe,4,6,35.85,5.22,faible,23.6,75.3,4645.2,False,0.93,0.4,0.13,108.3,43.6
14,Centre Hospitalier Régional de Ziguinchor,Ziguinchor,Ziguinchor,755,393,2024-01-25,39,7,727,3,28,372,26,0.25,Choléra,96,10,92.09,3.36,élevé,39.0,52.8,3534.0,True,0.21,0.98,0.14,77.4,19.9
14,Centre Hospitalier Régional de Ziguinchor,Ziguinchor,Ziguinchor,755,393,2024-01-26,78,75,59,9,696,371,15,0.55,Choléra,89,5,45.88,13.01,élevé,30.1,55.4,3104.4,True,0.86,0.86,0.03,179.6,15.4
14,Centre Hospitalier Régional de Ziguinchor,Ziguinchor,Ziguinchor,755,393,2024-01-27,59,77,530,2,225,344,14,2.44,Grippe,82,4,40.79,6.71,élevé,26.7,52.6,3595.6,True,0.72,0.97,0.02,65.8,26.6
14,Centre Hospitalier Régional de Ziguinchor,Ziguinchor,Ziguinchor,755,393,2024-01-28,54,15,435,23,320,360,21,0.99,Choléra,21,10,64.82,10.84,faible,35.4,87.6,2503.3,False,0.57,0.78,0.15,13.0,57.4
14,Centre Hospitalier Régional de Ziguinchor,Ziguinchor,Ziguinchor,755,393,2024-01-29,75,75,198,21,557,348,10,3.06,Dengue,7,0,48.21,14.29,faible,35.2,66.4,4858.5,False,0.29,0.58,0.18,30.1,36.8
14,Centre Hospitalier Régional de Ziguinchor,Ziguinchor,Ziguinchor,755,393,2024-01-30,36,18,208,25,547,350,4,3.33,Grippe,18,9,91.1,4.8,faible,29.4,80.8,2486.7,False,0.26,0.71,0.07,62.4,53.6
14,Centre Hospitalier Régional de Ziguinchor,Ziguinchor,Ziguinchor,755,393,2024-01-31,14,18,466,24,289,379,38,2.39,Covid-19,83,10,51.73,18.1,élevé,36.5,48.8,2497.4,True,0.94,0.41,0.09,69.0,29.0
14,Centre Hospitalier Régional de Ziguinchor,Ziguinchor,Ziguinchor,755,393,2024-02-01,95,19,462,13,293,343,0,1.86,Dengue,57,8,50.48,17.58,modéré,34.6,50.1,3844.0,False,0.7,0.76,0.15,173.1,24.2
14,Centre Hospitalier Régional de Ziguinchor,Ziguinchor,Ziguinchor,755,393,2024-02-02,48,8,102,11,653,369,47,1.39,Paludisme,32,6,76.24,9.31,modéré,24.1,47.0,2652.4,False,0.52,0.82,0.09,151.9,34.8
14,Centre Hospitalier Régional de Ziguinchor,Ziguinchor,Ziguinchor,755,393,2024-02-03,58,35,191,11,564,348,39,1.52,Grippe,68,1,63.31,21.08,modéré,29.9,74.2,311.7,False,0.63,0.44,0.06,16.7,31.4
14,Centre Hospitalier Régional de Ziguinchor,Ziguinchor,Ziguinchor,755,393,2024-02-04,56,38,239,16,516,362,35,1.61,Paludisme,24,10,75.29,29.94,faible,26.1,78.4,313.5,False,0.95,0.32,0.12,120.5,52.2
14,Centre Hospitalier Régional de Ziguinchor,Ziguinchor,Ziguinchor,755,393,2024-02-05,44,52,332,6,423,351,56,1.9,Dengue,26,0,71.17,27.17,faible,28.9,46.8,266.6,False,0.73,0.74,0.18,6.0,30.4
14,Centre Hospitalier Régional de Ziguinchor,Ziguinchor,Ziguinchor,755,393,2024-02-06,36,18,736,6,19,376,17,3.28,Covid-19,98,6,83.68,25.77,élevé,29.6,75.7,4901.8,True,0.34,0.68,0.14,157.3,39.9
14,Centre Hospitalier Régional de Ziguinchor,Ziguinchor,Ziguinchor,755,393,2024-02-07,28,48,251,11,504,373,59,1.98,Choléra,18,1,80.54,8.93,faible,31.3,62.4,1828.1,False,0.69,0.9,0.05,144.3,27.7
14,Centre Hospitalier Régional de Ziguinchor,Ziguinchor,Ziguinchor,755,393,2024-02-08,55,63,672,7,83,382,33,1.1,Choléra,90,0,85.34,7.36,élevé,29.3,65.3,4982.4,True,0.56,0.43,0.1,80.4,41.5
14,Centre Hospitalier Régional de Ziguinchor,Ziguinchor,Ziguinchor,755,393,2024-02-09,98,32,500,6,255,359,23,1.27,Grippe,112,10,38.46,6.18,élevé,28.6,59.2,311.7,True,0.28,0.81,0.03,79.8,22.4
14,Centre Hospitalier Régional de Ziguinchor,Ziguinchor,Ziguinchor,755,393,2024-02-10,13,65,645,13,110,365,53,0.47,Grippe,71,10,55.13,7.21,modéré,26.6,46.3,1648.4,False,0.56,0.41,0.04,64.2,32.8
14,Centre Hospitalier Régional de Ziguinchor,Ziguinchor,Ziguinchor,755,393,2024-02-11,83,89,595,2,160,357,12,2.74,Covid-19,117,0,42.49,1.72,élevé,32.5,76.2,611.6,True,0.98,0.32,0.03,156.1,55.3
10,Centre Hospitalier Régional de Tambacounda,Tambacounda,Tambacounda,284,397,2024-12-22,65,58,158,1,126,378,34,2.54,Paludisme,59,8,31.82,6.87,modéré,22.9,59.6,3229.3,False,0.86,0.81,0.04,23.8,11.6
10,Centre Hospitalier Régional de Tambacounda,Tambacounda,Tambacounda,284,397,2024-12-23,45,6,282,10,2,354,9,3.4,Dengue,30,10,81.21,9.19,modéré,28.3,88.0,2497.4,False,0.62,0.55,0.05,135.4,32.0
10,Centre Hospitalier Régional de Tambacounda,Tambacounda,Tambacounda,284,397,2024-12-24,87,26,55,17,229,393,11,1.46,Paludisme,55,3,69.22,25.12,modéré,32.8,58.1,4614.9,False,0.83,0.91,0.11,57.7,9.5
10,Centre Hospitalier Régional de Tambacounda,Tambacounda,Tambacounda,284,397,2024-12-25,69,51,176,1,108,376,49,2.45,Covid-19,85,7,47.03,18.53,élevé,28.4,85.2,2586.0,True,0.72,0.57,0.07,174.0,28.6
10,Centre Hospitalier Régional de Tambacounda,Tambacounda,Tambacounda,284,397,2024-12-26,58,10,63,6,221,387,44,0.32,Dengue,118,6,41.96,17.66,élevé,27.8,74.4,682.5,True,0.44,0.33,0.05,130.7,25.8
10,Centre Hospitalier Régional de Tambacounda,Tambacounda,Tambacounda,284,397,2024-12-27,34,33,32,10,252,373,1,2.22,Grippe,82,10,83.35,24.2,élevé,25.7,89.6,2525.4,True,0.72,0.5,0.05,154.2,51.2
10,Centre Hospitalier Régional de Tambacounda,Tambacounda,Tambacounda,284,397,2024-12-28,76,49,106,1,178,372,55,3.34,Dengue,91,4,42.74,20.06,élevé,23.5,79.3,4300.4,True,0.97,0.81,0.15,96.5,6.8
10,Centre Hospitalier Régional de Tambacounda,Tambacounda,Tambacounda,284,397,2024-12-29,16,81,33,0,251,395,55,2.13,Covid-19,100,3,33.2,24.24,élevé,39.0,68.9,1701.6,True,0.71,0.84,0.08,83.8,50.1
10,Centre Hospitalier Régional de Tambacounda,Tambacounda,Tambacounda,284,397,2024-12-30,65,26,89,0,195,377,17,1.5,Dengue,44,2,33.08,25.03,modéré,39.0,41.2,2216.0,False,0.86,0.39,0.13,139.0,5.3
10,Centre Hospitalier Régional de Tambacounda,Tambacounda,Tambacounda,284,397,2024-12-31,24,85,131,25,153,386,17,0.17,Grippe,87,2,72.91,13.96,élevé,38.9,61.0,4568.4,True,0.97,0.62,0.17,151.0,24.2
11,Centre Hospitalier Régional de Kédougou,Kédougou,Kédougou,457,449,2024-01-01,90,41,311,15,146,425,49,2.68,Choléra,110,9,60.28,13.85,élevé,31.8,47.3,4546.6,True,0.57,0.32,0.11,114.5,41.9
11,Centre Hospitalier Régional de Kédougou,Kédougou,Kédougou,457,449,2024-01-02,62,32,76,10,381,429,9,2.99,Choléra,117,7,73.12,15.38,élevé,26.4,73.3,4965.9,True,0.25,0.55,0.11,105.8,49.3
11,Centre Hospitalier Régional de Kédougou,Kédougou,Kédougou,457,449,2024-01-03,86,34,217,18,240,400,19,1.1,Dengue,119,5,33.34,23.51,élevé,24.2,81.3,4542.5,True,0.23,0.53,0.12,98.1,59.3
11,Centre Hospitalier Régional de Kédougou,Kédougou,Kédougou,457,449,2024-01-04,54,84,456,11,1,428,40,2.74,Dengue,99,5,36.21,13.29,élevé,37.1,50.4,1416.9,True,0.42,0.52,0.0,12.7,18.5
11,Centre Hospitalier Régional de Kédougou,Kédougou,Kédougou,457,449,2024-01-05,93,59,22,7,435,422,46,0.28,Dengue,80,6,57.9,15.81,élevé,31.5,71.4,4049.6,False,0.67,0.85,0.18,12.0,40.6
11,Centre Hospitalier Régional de Kédougou,Kédougou,Kédougou,457,449,2024-01-06,19,11,391,4,66,401,26,0.36,Choléra,117,8,89.1,1.23,élevé,32.6,40.4,3640.4,True,0.72,0.88,0.02,151.4,45.7
11,Centre Hospitalier Régional de Kédougou,Kédougou,Kédougou,457,449,2024-01-07,82,18,169,4,288,422,34,3.06,Dengue,75,4,76.54,6.61,modéré,35.2,50.7,1181.0,False,0.54,0.66,0.18,133.5,19.1
11,Centre Hospitalier Régional de Kédougou,Kédougou,Kédougou,457,449,2024-01-08,11,40,75,25,382,401,59,3.4,Paludisme,107,1,53.12,28.92,élevé,23.6,83.2,4604.5,True,0.56,0.61,0.03,144.7,48.9
11,Centre Hospitalier Régional de Kédougou,Kédougou,Kédougou,457,449,2024-01-09,11,34,104,0,353,435,14,3.75,Dengue,0,9,74.12,22.45,faible,30.2,52.3,2527.0,False,0.45,0.57,0.09,77.8,20.5
11,Centre Hospitalier Régional de Kédougou,Kédougou,Kédougou,457,449,2024-01-10,18,25,72,9,385,413,29,3.46,Choléra,96,2,74.37,5.54,élevé,38.6,60.1,845.7,True,0.69,0.35,0.08,99.7,9.5
11,Centre Hospitalier Régional de Kédougou,Kédougou,Kédougou,457,449,2024-01-11,85,89,300,12,157,449,18,0.89,Paludisme,19,10,78.52,24.79,faible,24.7,71.6,4599.5,False,0.95,0.94,0.14,109.4,41.9
11,Centre Hospitalier Régional de Kédougou,Kédougou,Kédougou,457,449,2024-01-12,82,85,261,10,196,406,45,2.23,Covid-19,3,9,82.62,13.15,faible,29.4,50.2,1166.6,False,0.23,0.58,0.17,33.3,5.4
11,Centre Hospitalier Régional de Kédougou,Kédougou,Kédougou,457,449,2024-01-13,100,56,442,2,15,439,26,0.31,Paludisme,18,9,48.47,14.1,faible,32.4,74.3,3593.3,False,0.69,0.51,0.14,124.3,59.3
11,Centre Hospitalier Régional de Kédougou,Kédougou,Kédougou,457,449,2024-01-14,42,19,151,10,306,412,57,1.99,Covid-19,96,2,73.95,7.29,élevé,29.6,48.8,3147.0,True,0.53,0.64,0.11,159.9,22.5
11,Centre Hospitalier Régional de Kédougou,Kédougou,Kédougou,457,449,2024-01-15,68,15,148,10,309,415,40,3.18,Covid-19,28,4,89.74,29.67,faible,28.1,63.2,4704.9,False,0.49,0.88,0.1,77.3,43.4
11,Centre Hospitalier Régional de Kédougou,Kédougou,Kédougou,457,449,2024-01-16,44,59,42,10,415,445,55,3.34,Choléra,68,0,82.01,18.33,modéré,30.1,77.3,2149.9,False,0.7,0.4,0.14,19.9,5.8
11,Centre Hospitalier Régional de Kédougou,Kédougou,Kédougou,457,449,2024-01-17,52,62,149,2,308,434,53,1.39,Paludisme,116,1,76.74,18.2,élevé,24.9,47.0,662.1,True,0.59,0.43,0.03,22.4,18.9
11,Centre Hospitalier Régional de Kédougou,Kédougou,Kédougou,457,449,2024-01-18,65,53,400,25,57,438,22,1.34,Choléra,50,3,64.6,23.61,modéré,31.4,45.6,2870.5,False,0.66,0.69,0.0,43.7,6.4
11,Centre Hospitalier Régional de Kédougou,Kédougou,Kédougou,457,449,2024-01-19,66,58,164,24,293,413,57,3.41,Paludisme,29,2,64.54,24.78,faible,33.8,65.0,1867.4,False,0.28,0.34,0.19,108.4,39.8
11,Centre Hospitalier Régional de Kédougou,Kédougou,Kédougou,457,449,2024-01-20,93,58,367,23,90,435,53,2.64,Paludisme,11,9,78.04,23.19,faible,25.1,68.3,3221.3,False,0.54,0.53,0.04,8.8,47.3
11,Centre Hospitalier Régional de Kédougou,Kédougou,Kédougou,457,449,2024-01-21,59,76,56,22,401,416,23,2.01,Covid-19,80,10,93.29,20.21,élevé,34.2,88.4,2644.6,False,0.74,0.62,0.08,112.0,23.6
11,Centre Hospitalier Régional de Kédougou,Kédougou,Kédougou,457,449,2024-01-22,28,56,74,9,383,413,38,0.55,Grippe,34,10,36.31,25.1,modéré,28.7,55.3,4507.7,False,0.7,0.72,0.14,25.4,25.5
11,Centre Hospitalier Régional de Kédougou,Kédougou,Kédougou,457,449,2024-01-23,26,42,180,14,277,437,50,0.35,Covid-19,90,0,42.52,25.21,élevé,22.7,48.8,3623.3,True,0.86,0.9,0.12,169.8,3.9
11,Centre Hospitalier Régional de Kédougou,Kédougou,Kédougou,457,449,2024-01-24,95,82,165,4,292,433,44,3.49,Paludisme,110,2,56.91,18.1,élevé,22.9,86.1,1204.9,True,0.86,0.48,0.03,100.4,17.9
11,Centre Hospitalier Régional de Kédougou,Kédougou,Kédougou,457,449,2024-01-25,52,52,154,12,303,419,52,1.89,Covid-19,42,0,45.47,17.66,modéré,22.7,83.0,2065.7,False,0.49,0.41,0.15,122.8,15.6
11,Centre Hospitalier Régional de Kédougou,Kédougou,Kédougou,457,449,2024-01-26,51,75,444,12,13,438,5,1.87,Dengue,111,5,61.91,28.42,élevé,24.2,65.9,1741.6,True,0.9,0.99,0.1,70.8,57.8
11,Centre Hospitalier Régional de Kédougou,Kédougou,Kédougou,457,449,2024-01-27,34,90,172,22,285,429,47,0.84,Grippe,105,1,71.51,11.93,élevé,30.3,70.0,1754.3,True,0.96,0.53,0.12,87.3,32.7
11,Centre Hospitalier Régional de Kédougou,Kédougou,Kédougou,457,449,2024-01-28,21,10,318,10,139,425,44,0.21,Paludisme,29,7,36.72,6.62,faible,23.9,61.2,1843.8,False,0.28,0.62,0.02,101.8,40.3
11,Centre Hospitalier Régional de Kédougou,Kédougou,Kédougou,457,449,2024-01-29,35,74,320,9,137,442,55,2.7,Paludisme,64,2,31.94,1.5,modéré,28.6,88.7,945.5,False,0.97,0.96,0.12,98.7,44.0
11,Centre Hospitalier Régional de Kédougou,Kédougou,Kédougou,457,449,2024-01-30,71,13,456,17,1,399,42,0.21,Grippe,40,1,78.27,10.72,modéré,27.0,66.9,960.2,False,0.58,0.32,0.19,91.9,9.1
11,Centre Hospitalier Régional de Kédougou,Kédougou,Kédougou,457,449,2024-01-31,19,68,167,4,290,412,40,0.3,Grippe,50,3,48.1,12.21,modéré,24.0,59.3,759.4,False,0.39,0.31,0.17,164.4,43.9
11,Centre Hospitalier Régional de Kédougou,Kédougou,Kédougou,457,449,2024-02-01,63,68,299,3,158,415,16,2.68,Grippe,103,1,40.26,25.37,élevé,31.0,80.0,1854.5,True,0.95,0.58,0.1,102.1,44.6
11,Centre Hospitalier Régional de Kédougou,Kédougou,Kédougou,457,449,2024-02-02,89,61,55,24,402,417,1,2.8,Dengue,48,6,42.45,13.76,modéré,36.1,43.0,995.2,False,0.56,0.74,0.05,58.6,56.4
11,Centre Hospitalier Régional de Kédougou,Kédougou,Kédougou,457,449,2024-02-03,47,33,232,14,225,444,30,3.03,Choléra,40,3,68.68,14.47,modéré,31.8,64.0,3935.9,False,0.76,0.37,0.05,74.3,25.7
11,Centre Hospitalier Régional de Kédougou,Kédougou,Kédougou,457,449,2024-02-04,17,9,33,14,424,439,53,3.93,Covid-19,97,9,78.36,9.57,élevé,31.3,74.4,4333.9,True,0.71,0.49,0.2,50.6,42.8
11,Centre Hospitalier Régional de Kédougou,Kédougou,Kédougou,457,449,2024-02-05,83,82,326,18,131,436,40,3.3,Covid-19,0,4,82.52,23.84,faible,24.1,47.9,889.3,False,0.64,0.66,0.15,97.3,36.4
11,Centre Hospitalier Régional de Kédougou,Kédougou,Kédougou,457,449,2024-02-06,32,35,89,3,368,408,26,2.01,Dengue,11,3,34.57,5.1,faible,33.6,74.3,1970.3,False,0.33,0.6,0.15,67.4,4.8
11,Centre Hospitalier Régional de Kédougou,Kédougou,Kédougou,457,449,2024-02-07,28,30,287,4,170,445,29,2.38,Choléra,57,5,84.49,6.59,modéré,36.6,67.4,921.5,False,0.39,0.56,0.19,131.2,5.3
11,Centre Hospitalier Régional de Kédougou,Kédougou,Kédougou,457,449,2024-02-08,63,16,337,10,120,443,24,1.07,Choléra,10,2,72.75,19.2,faible,25.3,54.2,3701.3,False,0.88,0.99,0.03,93.4,43.0
11,Centre Hospitalier Régional de Kédougou,Kédougou,Kédougou,457,449,2024-02-09,36,33,238,12,219,416,45,1.7,Choléra,44,1,31.71,7.54,modéré,27.8,47.8,2199.4,False,0.87,0.62,0.01,135.2,3.3
11,Centre Hospitalier Régional de Kédougou,Kédougou,Kédougou,457,449,2024-08-28,46,24,220,10,237,444,27,1.13,Paludisme,81,6,37.57,15.69,élevé,29.9,89.2,440.9,True,0.74,0.87,0.16,93.9,4.1
11,Centre Hospitalier Régional de Kédougou,Kédougou,Kédougou,457,449,2024-08-29,66,16,79,3,378,410,46,1.04,Choléra,35,6,48.06,7.68,modéré,26.3,47.0,2415.1,False,0.88,0.89,0.14,40.7,33.5
11,Centre Hospitalier Régional de Kédougou,Kédougou,Kédougou,457,449,2024-08-30,89,53,138,11,319,410,10,3.17,Covid-19,91,6,33.37,16.13,élevé,25.3,64.6,126.2,True,0.3,0.74,0.11,168.5,16.6
11,Centre Hospitalier Régional de Kédougou,Kédougou,Kédougou,457,449,2024-08-31,14,38,239,25,218,418,6,3.52,Covid-19,100,3,43.0,24.88,élevé,32.8,64.5,4208.1,True,0.83,0.99,0.1,53.0,26.3
11,Centre Hospitalier Régional de Kédougou,Kédougou,Kédougou,457,449,2024-09-01,53,85,137,12,320,422,48,0.77,Choléra,81,7,50.44,28.83,élevé,32.1,52.7,3573.2,True,0.97,0.99,0.17,35.6,30.6
11,Centre Hospitalier Régional de Kédougou,Kédougou,Kédougou,457,449,2024-09-02,63,33,222,4,235,416,15,1.11,Covid-19,91,7,72.91,7.75,élevé,24.5,55.2,2596.4,True,0.9,0.87,0.07,121.7,48.8
11,Centre Hospitalier Régional de Kédougou,Kédougou,Kédougou,457,449,2024-09-03,12,89,334,0,123,420,19,0.14,Grippe,54,7,42.11,11.1,modéré,34.9,70.1,1159.9,False,0.61,0.54,0.16,133.0,59.4
11,Centre Hospitalier Régional de Kédougou,Kédougou,Kédougou,457,449,2024-09-04,46,26,455,17,2,412,22,0.44,Dengue,83,9,76.82,3.28,élevé,28.0,44.5,3269.5,True,0.24,0.3,0.15,129.6,3.2
11,Centre Hospitalier Régional de Kédougou,Kédougou,Kédougou,457,449,2024-09-05,71,71,435,4,22,410,29,1.94,Paludisme,24,2,73.67,18.11,faible,23.3,86.2,1217.1,False,0.7,0.79,0.13,136.1,14.8
11,Centre Hospitalier Régional de Kédougou,Kédougou,Kédougou,457,449,2024-09-06,19,80,236,21,221,437,60,1.41,Covid-19,63,1,38.76,26.39,modéré,31.7,58.2,4947.3,False,0.75,0.83,0.16,171.4,6.7
11,Centre Hospitalier Régional de Kédougou,Kédougou,Kédougou,457,449,2024-09-07,41,80,401,24,56,428,33,1.4,Dengue,45,6,46.77,14.03,modéré,22.4,66.2,4025.1,False,0.57,0.76,0.07,130.8,53.1
11,Centre Hospitalier Régional de Kédougou,Kédougou,Kédougou,457,449,2024-09-08,32,43,412,2,45,446,30,3.61,Choléra,31,2,75.52,21.15,modéré,27.1,87.1,4108.1,False,0.57,0.74,0.19,158.3,55.4
11,Centre Hospitalier Régional de Kédougou,Kédougou,Kédougou,457,449,2024-09-09,31,24,441,17,16,427,32,0.73,Choléra,5,4,93.14,1.13,faible,28.5,41.8,2853.1,False,0.54,0.7,0.14,172.0,10.2
11,Centre Hospitalier Régional de Kédougou,Kédougou,Kédougou,457,449,2024-09-10,72,26,446,14,11,421,38,2.52,Dengue,31,10,33.66,17.05,modéré,29.9,66.9,3881.2,False,0.77,0.71,0.14,106.5,26.2
11,Centre Hospitalier Régional de Kédougou,Kédougou,Kédougou,457,449,2024-09-11,59,56,358,24,99,416,59,1.31,Paludisme,27,10,35.86,12.91,faible,34.3,69.9,3783.6,False,0.27,0.89,0.12,178.4,33.9
11,Centre Hospitalier Régional de Kédougou,Kédougou,Kédougou,457,449,2024-09-12,63,54,416,1,41,404,52,0.37,Covid-19,14,7,42.71,4.48,faible,36.0,64.1,4639.4,False,0.52,0.43,0.13,149.3,39.5
11,Centre Hospitalier Régional de Kédougou,Kédougou,Kédougou,457,449,2024-09-13,62,9,243,12,214,449,31,1.62,Dengue,96,4,48.77,16.23,élevé,35.3,80.2,4897.8,True,0.2,0.67,0.15,123.0,44.1
11,Centre Hospitalier Régional de Kédougou,Kédougou,Kédougou,457,449,2024-09-14,22,43,361,3,96,426,54,2.54,Dengue,61,1,37.09,20.43,modéré,23.3,48.3,4843.7,False,0.66,0.62,0.18,14.0,6.7
11,Centre Hospitalier Régional de Kédougou,Kédougou,Kédougou,457,449,2024-09-15,94,53,437,19,20,438,58,0.17,Dengue,31,9,81.5,22.54,modéré,24.9,73.4,4476.6,False,0.24,0.69,0.13,6.9,7.2
11,Centre Hospitalier Régional de Kédougou,Kédougou,Kédougou,457,449,2024-09-16,20,11,116,5,341,434,18,1.61,Paludisme,61,8,71.0,17.96,modéré,26.1,60.0,2288.8,False,0.74,0.38,0.16,5.8,14.3
11,Centre Hospitalier Régional de Kédougou,Kédougou,Kédougou,457,449,2024-09-17,95,77,344,19,113,413,1,3.12,Covid-19,34,0,75.86,9.48,modéré,37.9,78.7,3636.8,False,0.7,0.45,0.14,132.5,60.0
11,Centre Hospitalier Régional de Kédougou,Kédougou,Kédougou,457,449,2024-09-18,77,71,348,3,109,415,1,2.85,Dengue,117,10,61.65,18.51,élevé,22.5,45.0,3376.5,True,0.94,0.86,0.02,80.4,26.5
11,Centre Hospitalier Régional de Kédougou,Kédougou,Kédougou,457,449,2024-09-19,75,43,439,7,18,420,31,0.3,Dengue,89,4,34.64,5.22,élevé,25.0,79.0,3091.1,True,0.88,0.93,0.07,70.5,46.4
11,Centre Hospitalier Régional de Kédougou,Kédougou,Kédougou,457,449,2024-09-20,100,70,44,10,413,443,22,2.31,Paludisme,52,6,62.16,16.37,modéré,35.1,49.6,1973.6,False,0.68,0.42,0.04,179.2,49.1
11,Centre Hospitalier Régional de Kédougou,Kédougou,Kédougou,457,449,2024-09-21,69,41,379,21,78,440,40,2.11,Grippe,66,10,87.02,22.47,modéré,28.1,78.8,4969.9,False,0.4,0.77,0.12,51.2,23.9
11,Centre Hospitalier Régional de Kédougou,Kédougou,Kédougou,457,449,2024-09-22,38,90,131,7,326,413,34,3.35,Covid-19,88,4,75.64,10.91,élevé,24.8,70.9,2024.7,True,0.79,0.89,0.16,25.7,59.1
11,Centre Hospitalier Régional de Kédougou,Kédougou,Kédougou,457,449,2024-09-23,33,21,143,12,314,446,41,1.61,Covid-19,92,2,85.26,2.45,élevé,23.1,85.8,4125.4,True,0.99,0.39,0.08,70.8,26.5
11,Centre Hospitalier Régional de Kédougou,Kédougou,Kédougou,457,449,2024-09-24,16,66,23,19,434,407,1,1.2,Dengue,84,9,72.34,9.77,élevé,32.7,41.4,3779.6,True,0.7,0.43,0.1,160.1,24.2
11,Centre Hospitalier Régional de Kédougou,Kédougou,Kédougou,457,449,2024-09-25,29,41,330,5,127,410,9,1.37,Choléra,101,4,60.15,24.8,élevé,30.0,74.7,1532.2,True,0.93,0.62,0.01,175.6,7.9
11,Centre Hospitalier Régional de Kédougou,Kédougou,Kédougou,457,449,2024-09-26,35,67,262,8,195,449,6,3.07,Covid-19,110,1,53.64,12.75,élevé,24.6,66.5,4916.7,True,0.76,0.86,0.04,129.5,37.5
11,Centre Hospitalier Régional de Kédougou,Kédougou,Kédougou,457,449,2024-09-27,33,25,49,15,408,432,22,1.72,Dengue,35,7,50.98,8.51,modéré,29.6,69.7,565.7,False,0.8,0.85,0.01,14.9,20.1
11,Centre Hospitalier Régional de Kédougou,Kédougou,Kédougou,457,449,2024-09-28,85,77,455,6,2,429,23,1.67,Dengue,64,7,73.68,1.36,modéré,22.9,82.4,598.7,False,0.65,0.4,0.06,117.4,47.0
11,Centre Hospitalier Régional de Kédougou,Kédougou,Kédougou,457,449,2024-09-29,43,49,192,13,265,436,60,1.61,Choléra,31,2,30.8,20.0,modéré,33.6,49.2,1558.1,False,0.28,0.49,0.14,30.8,55.9
11,Centre Hospitalier Régional de Kédougou,Kédougou,Kédougou,457,449,2024-09-30,100,83,155,18,302,406,25,3.25,Choléra,53,5,91.87,28.83,modéré,33.9,61.4,2635.1,False,0.37,0.8,0.18,162.2,28.0
11,Centre Hospitalier Régional de Kédougou,Kédougou,Kédougou,457,449,2024-10-01,96,11,197,8,260,429,5,2.8,Covid-19,58,2,48.28,18.81,modéré,25.3,48.4,2991.8,False,0.9,0.71,0.04,64.9,55.6
11,Centre Hospitalier Régional de Kédougou,Kédougou,Kédougou,457,449,2024-10-02,62,83,308,17,149,446,48,1.82,Dengue,117,0,56.72,27.75,élevé,35.6,43.7,3327.3,True,0.59,0.77,0.16,97.5,13.3
11,Centre Hospitalier Régional de Kédougou,Kédougou,Kédougou,457,449,2024-10-03,49,8,452,25,5,429,19,0.35,Paludisme,33,8,86.77,9.38,modéré,25.2,86.1,2706.1,False,0.93,0.84,0.19,25.0,50.1
11,Centre Hospitalier Régional de Kédougou,Kédougou,Kédougou,457,449,2024-10-04,50,39,271,22,186,441,60,0.71,Dengue,109,10,55.67,5.82,élevé,33.7,80.4,4533.5,True,0.82,0.77,0.19,57.7,18.3
11,Centre Hospitalier Régional de Kédougou,Kédougou,Kédougou,457,449,2024-10-05,81,7,421,3,36,409,50,1.54,Covid-19,66,4,60.12,21.25,modéré,24.4,60.6,2876.6,False,0.93,0.55,0.16,121.9,35.9
11,Centre Hospitalier Régional de Kédougou,Kédougou,Kédougou,457,449,2024-10-06,98,73,79,2,378,412,5,0.76,Paludisme,111,0,37.36,26.31,élevé,33.3,40.1,4233.6,True,0.72,0.48,0.02,162.6,15.0
11,Centre Hospitalier Régional de Kédougou,Kédougou,Kédougou,457,449,2024-10-07,46,45,41,8,416,399,46,0.95,Grippe,76,8,64.71,13.64,modéré,36.4,82.0,4125.7,False,0.41,0.83,0.1,178.8,33.4
11,Centre Hospitalier Régional de Kédougou,Kédougou,Kédougou,457,449,2024-10-08,39,26,111,23,346,404,7,1.26,Paludisme,101,3,53.22,20.64,élevé,35.1,70.8,1435.1,True,0.21,0.32,0.11,109.6,12.4
11,Centre Hospitalier Régional de Kédougou,Kédougou,Kédougou,457,449,2024-10-09,93,56,161,7,296,432,11,1.64,Dengue,52,3,76.79,5.98,modéré,29.1,84.6,3320.3,False,0.64,0.55,0.08,83.4,20.7
11,Centre Hospitalier Régional de Kédougou,Kédougou,Kédougou,457,449,2024-10-10,70,65,75,1,382,406,20,2.93,Paludisme,37,1,93.54,8.92,modéré,32.8,57.8,853.3,False,0.28,0.86,0.14,19.1,42.9
11,Centre Hospitalier Régional de Kédougou,Kédougou,Kédougou,457,449,2024-10-11,93,36,212,19,245,444,30,3.31,Choléra,108,10,67.76,23.82,élevé,32.1,47.7,2678.6,True,0.94,0.94,0.1,30.4,54.1
11,Centre Hospitalier Régional de Kédougou,Kédougou,Kédougou,457,449,2024-10-12,54,19,196,24,261,447,10,3.11,Grippe,72,5,45.74,12.02,modéré,28.1,73.9,3837.9,False,0.21,0.62,0.02,33.8,25.1
11,Centre Hospitalier Régional de Kédougou,Kédougou,Kédougou,457,449,2024-10-13,72,58,114,3,343,421,41,0.62,Covid-19,77,6,69.19,7.27,modéré,34.3,78.5,3459.8,False,0.51,0.58,0.13,172.0,15.4
11,Centre Hospitalier Régional de Kédougou,Kédougou,Kédougou,457,449,2024-10-14,81,37,346,17,111,439,38,2.46,Paludisme,27,1,63.91,6.89,faible,34.4,72.0,2808.7,False,0.68,0.59,0.17,59.9,59.0
11,Centre Hospitalier Régional de Kédougou,Kédougou,Kédougou,457,449,2024-10-15,98,40,160,21,297,400,17,2.97,Paludisme,4,5,74.18,25.22,faible,27.9,64.8,805.3,False,0.56,0.42,0.13,44.7,22.1
11,Centre Hospitalier Régional de Kédougou,Kédougou,Kédougou,457,449,2024-10-16,84,80,365,14,92,423,50,1.12,Covid-19,45,0,63.72,15.44,modéré,24.0,74.0,3014.6,False,0.51,0.49,0.0,7.1,59.6
11,Centre Hospitalier Régional de Kédougou,Kédougou,Kédougou,457,449,2024-05-20,87,52,378,20,79,422,41,1.42,Dengue,41,3,53.38,27.77,modéré,31.0,61.4,111.8,False,0.54,0.87,0.07,143.1,47.4
11,Centre Hospitalier Régional de Kédougou,Kédougou,Kédougou,457,449,2024-05-21,62,61,334,23,123,449,32,0.21,Paludisme,35,10,34.78,2.21,modéré,25.5,44.6,1158.6,False,0.81,0.59,0.14,31.7,20.7
11,Centre Hospitalier Régional de Kédougou,Kédougou,Kédougou,457,449,2024-05-22,56,71,264,22,193,414,44,1.89,Grippe,64,9,54.8,7.69,modéré,38.3,89.8,1308.0,False,0.71,0.96,0.01,50.7,31.0
11,Centre Hospitalier Régional de Kédougou,Kédougou,Kédougou,457,449,2024-05-23,27,54,131,12,326,426,39,0.84,Dengue,93,1,82.01,3.94,élevé,37.9,78.2,4798.9,True,0.49,0.73,0.2,58.9,17.4
11,Centre Hospitalier Régional de Kédougou,Kédougou,Kédougou,457,449,2024-05-24,40,50,452,17,5,418,11,3.93,Grippe,42,2,76.72,24.13,modéré,28.3,62.6,2545.7,False,0.85,0.34,0.2,126.6,15.8
11,Centre Hospitalier Régional de Kédougou,Kédougou,Kédougou,457,449,2024-05-25,17,21,436,8,21,406,40,3.27,Choléra,28,3,61.07,28.05,faible,36.1,59.6,3571.9,False,0.9,0.46,0.02,13.8,15.7
11,Centre Hospitalier Régional de Kédougou,Kédougou,Kédougou,457,449,2024-05-26,70,48,275,24,182,402,53,2.39,Dengue,43,1,59.08,21.49,modéré,32.6,54.2,3262.4,False,0.97,0.33,0.02,88.8,48.4
11,Centre Hospitalier Régional de Kédougou,Kédougou,Kédougou,457,449,2024-05-27,24,23,91,16,366,438,3,3.47,Grippe,74,4,41.79,23.4,modéré,22.4,46.5,3606.3,False,0.66,0.81,0.17,18.1,21.6
11,Centre Hospitalier Régional de Kédougou,Kédougou,Kédougou,457,449,2024-05-28,64,7,382,16,75,399,19,0.1,Dengue,65,5,67.78,10.52,modéré,29.3,61.3,4649.9,False,0.3,0.5,0.03,112.7,48.8
11,Centre Hospitalier Régional de Kédougou,Kédougou,Kédougou,457,449,2024-05-29,45,7,408,25,49,435,5,1.28,Grippe,19,10,51.75,15.02,faible,32.9,76.2,1324.0,False,0.26,0.82,0.05,155.5,57.2
11,Centre Hospitalier Régional de Kédougou,Kédougou,Kédougou,457,449,2024-05-30,83,48,370,24,87,406,22,3.82,Choléra,38,2,71.27,9.42,modéré,23.7,59.5,1395.3,False,0.55,0.34,0.02,15.3,28.4
11,Centre Hospitalier Régional de Kédougou,Kédougou,Kédougou,457,449,2024-05-31,71,30,47,17,410,437,58,2.67,Covid-19,109,1,35.68,20.41,élevé,32.8,76.2,2408.1,True,0.33,0.34,0.09,14.5,51.3
11,Centre Hospitalier Régional de Kédougou,Kédougou,Kédougou,457,449,2024-06-01,83,79,453,3,4,440,57,1.26,Covid-19,74,10,45.17,26.93,modéré,25.2,60.3,995.9,False,0.89,0.77,0.14,144.5,10.5
11,Centre Hospitalier Régional de Kédougou,Kédougou,Kédougou,457,449,2024-06-02,49,15,147,1,310,426,28,2.44,Covid-19,104,1,83.44,13.41,élevé,29.1,76.2,1385.3,True,0.92,0.77,0.03,48.2,13.6
11,Centre Hospitalier Régional de Kédougou,Kédougou,Kédougou,457,449,2024-06-03,69,37,186,13,271,444,50,1.12,Paludisme,72,0,94.69,22.29,modéré,35.7,41.5,1105.9,False,0.82,0.78,0.08,9.6,54.9
11,Centre Hospitalier Régional de Kédougou,Kédougou,Kédougou,457,449,2024-06-04,63,49,168,10,289,417,43,0.17,Grippe,66,4,75.76,11.72,modéré,28.2,57.8,2633.8,False,0.46,0.35,0.06,75.1,59.3
11,Centre Hospitalier Régional de Kédougou,Kédougou,Kédougou,457,449,2024-06-05,47,5,83,22,374,409,12,3.51,Grippe,44,4,77.52,7.79,modéré,28.9,56.9,1707.9,False,0.95,0.83,0.1,40.0,3.1
11,Centre Hospitalier Régional de Kédougou,Kédougou,Kédougou,457,449,2024-06-06,50,24,238,14,219,449,58,1.74,Grippe,17,7,57.9,17.53,faible,34.0,69.3,4527.7,False,0.49,0.33,0.04,110.6,24.1
11,Centre Hospitalier Régional de Kédougou,Kédougou,Kédougou,457,449,2024-06-07,82,63,326,19,131,446,60,0.76,Paludisme,89,2,33.7,6.62,élevé,25.7,52.8,4549.9,True,1.0,0.45,0.09,70.9,11.4
11,Centre Hospitalier Régional de Kédougou,Kédougou,Kédougou,457,449,2024-06-08,42,75,439,8,18,433,12,2.89,Choléra,20,2,55.3,27.96,faible,30.9,86.3,1820.7,False,0.28,0.97,0.15,176.7,10.8
11,Centre Hospitalier Régional de Kédougou,Kédougou,Kédougou,457,449,2024-06-09,53,67,434,18,23,420,30,3.25,Covid-19,85,7,94.91,1.68,élevé,24.4,80.3,4773.7,True,0.57,0.39,0.18,67.5,47.0
11,Centre Hospitalier Régional de Kédougou,Kédougou,Kédougou,457,449,2024-06-10,56,11,452,11,5,411,20,2.92,Paludisme,29,8,47.83,10.92,faible,36.2,80.2,1569.0,False,1.0,0.44,0.18,56.3,44.8
11,Centre Hospitalier Régional de Kédougou,Kédougou,Kédougou,457,449,2024-06-11,78,70,157,19,300,411,36,1.28,Grippe,90,3,44.6,22.73,élevé,25.3,53.5,625.4,True,0.8,0.34,0.11,140.9,15.3
11,Centre Hospitalier Régional de Kédougou,Kédougou,Kédougou,457,449,2024-06-12,39,40,238,0,219,415,39,0.39,Covid-19,42,8,61.73,18.92,modéré,27.9,66.9,3802.0,False,0.58,0.97,0.08,32.9,22.5
11,Centre Hospitalier Régional de Kédougou,Kédougou,Kédougou,457,449,2024-06-13,68,23,211,0,246,406,50,1.67,Covid-19,20,10,90.63,23.5,faible,28.5,87.0,2507.6,False,0.88,0.64,0.0,124.2,6.9
11,Centre Hospitalier Régional de Kédougou,Kédougou,Kédougou,457,449,2024-06-14,80,46,423,4,34,432,32,2.62,Choléra,40,10,59.7,16.67,modéré,29.0,57.2,2911.6,False,0.44,0.92,0.12,57.7,4.3
11,Centre Hospitalier Régional de Kédougou,Kédougou,Kédougou,457,449,2024-06-15,17,51,359,10,98,420,27,3.08,Paludisme,100,5,91.18,22.91,élevé,26.2,56.1,2008.4,True,0.26,0.93,0.08,171.9,50.3
11,Centre Hospitalier Régional de Kédougou,Kédougou,Kédougou,457,449,2024-06-16,31,26,301,22,156,406,4,2.08,Choléra,90,10,52.17,21.77,élevé,37.1,54.8,710.3,True,0.85,0.42,0.06,82.8,47.0
11,Centre Hospitalier Régional de Kédougou,Kédougou,Kédougou,457,449,2024-06-17,72,23,127,0,330,439,26,1.16,Choléra,104,5,67.1,18.23,élevé,26.8,66.1,4068.5,True,0.68,0.42,0.09,46.8,33.4
11,Centre Hospitalier Régional de Kédougou,Kédougou,Kédougou,457,449,2024-06-18,94,62,453,17,4,400,60,1.85,Paludisme,100,2,76.56,15.22,élevé,31.4,73.2,3960.1,True,0.59,0.95,0.17,40.5,31.6
11,Centre Hospitalier Régional de Kédougou,Kédougou,Kédougou,457,449,2024-06-19,50,23,204,3,253,416,21,3.24,Dengue,93,0,75.86,23.74,élevé,38.3,47.6,2409.1,True,0.45,0.94,0.01,32.6,36.9
11,Centre Hospitalier Régional de Kédougou,Kédougou,Kédougou,457,449,2024-06-20,47,65,86,3,371,421,28,1.31,Paludisme,114,0,44.0,11.19,élevé,24.2,85.5,2180.8,True,0.33,0.3,0.18,11.0,24.8
11,Centre Hospitalier Régional de Kédougou,Kédougou,Kédougou,457,449,2024-06-21,55,38,251,8,206,446,17,1.1,Covid-19,87,4,55.38,19.01,élevé,35.5,66.8,4420.1,True,0.36,0.73,0.09,39.5,47.5
11,Centre Hospitalier Régional de Kédougou,Kédougou,Kédougou,457,449,2024-06-22,54,28,390,6,67,422,26,0.41,Paludisme,117,3,84.27,22.28,élevé,33.1,60.0,1306.8,True,0.31,0.45,0.14,71.6,46.7
11,Centre Hospitalier Régional de Kédougou,Kédougou,Kédougou,457,449,2024-06-23,46,86,92,8,365,436,60,2.05,Covid-19,80,10,40.17,20.79,élevé,23.3,65.6,4852.5,False,0.27,0.5,0.05,147.0,35.2
11,Centre Hospitalier Régional de Kédougou,Kédougou,Kédougou,457,449,2024-06-24,29,83,24,20,433,433,40,0.12,Paludisme,93,4,66.65,13.5,élevé,28.1,40.1,2686.5,True,0.23,0.89,0.06,114.3,54.5
11,Centre Hospitalier Régional de Kédougou,Kédougou,Kédougou,457,449,2024-06-25,51,51,223,1,234,429,30,3.33,Paludisme,17,3,87.94,5.8,faible,29.0,86.2,1470.7,False,0.32,0.8,0.17,150.2,8.1
11,Centre Hospitalier Régional de Kédougou,Kédougou,Kédougou,457,449,2024-06-26,11,55,423,12,34,402,2,2.32,Paludisme,118,6,45.26,23.28,élevé,26.6,69.2,298.9,True,0.28,0.85,0.11,84.9,48.9
11,Centre Hospitalier Régional de Kédougou,Kédougou,Kédougou,457,449,2024-06-27,30,89,257,19,200,400,48,2.93,Paludisme,92,3,35.94,17.34,élevé,33.2,50.6,3237.2,True,0.78,0.47,0.13,154.9,24.6
11,Centre Hospitalier Régional de Kédougou,Kédougou,Kédougou,457,449,2024-06-28,56,28,276,10,181,443,49,2.38,Covid-19,22,9,77.77,3.56,faible,35.7,82.7,2759.3,False,0.67,0.89,0.2,47.7,3.8
11,Centre Hospitalier Régional de Kédougou,Kédougou,Kédougou,457,449,2024-06-29,70,65,424,20,33,448,8,2.67,Choléra,117,8,35.34,26.43,élevé,26.9,54.4,4471.8,True,0.53,0.81,0.1,153.3,44.9
11,Centre Hospitalier Régional de Kédougou,Kédougou,Kédougou,457,449,2024-06-30,63,59,188,9,269,439,37,3.19,Dengue,110,3,37.68,11.38,élevé,33.4,83.3,3455.2,True,0.87,0.94,0.03,128.9,14.4
11,Centre Hospitalier Régional de Kédougou,Kédougou,Kédougou,457,449,2024-07-01,52,45,245,20,212,425,14,2.16,Covid-19,111,3,48.58,6.23,élevé,31.3,59.0,3563.5,True,0.68,0.53,0.02,30.2,40.7
11,Centre Hospitalier Régional de Kédougou,Kédougou,Kédougou,457,449,2024-07-02,99,52,444,7,13,445,31,0.43,Grippe,0,3,44.0,6.34,faible,31.3,75.2,4854.4,False,0.56,0.97,0.15,84.5,19.8
11,Centre Hospitalier Régional de Kédougou,Kédougou,Kédougou,457,449,2024-07-03,57,49,355,0,102,440,28,0.16,Grippe,18,10,46.14,28.24,faible,27.5,79.1,4633.6,False,0.29,0.69,0.18,39.7,26.0
11,Centre Hospitalier Régional de Kédougou,Kédougou,Kédougou,457,449,2024-07-04,13,12,380,9,77,431,58,3.75,Covid-19,108,3,72.29,24.16,élevé,37.0,48.3,1241.8,True,0.65,0.32,0.1,51.6,23.1
11,Centre Hospitalier Régional de Kédougou,Kédougou,Kédougou,457,449,2024-07-05,69,74,228,5,229,416,1,3.93,Paludisme,21,9,92.63,18.49,faible,30.1,60.9,550.4,False,0.77,0.35,0.04,127.4,25.5
11,Centre Hospitalier Régional de Kédougou,Kédougou,Kédougou,457,449,2024-07-06,73,56,405,5,52,411,16,3.3,Covid-19,45,2,88.95,17.07,modéré,23.5,43.1,3279.4,False,0.76,0.38,0.16,142.2,50.3
11,Centre Hospitalier Régional de Kédougou,Kédougou,Kédougou,457,449,2024-07-07,62,10,419,18,38,399,11,3.44,Paludisme,56,2,65.85,28.93,modéré,24.6,78.6,1406.3,False,0.66,0.39,0.14,103.9,16.2
11,Centre Hospitalier Régional de Kédougou,Kédougou,Kédougou,457,449,2024-07-08,86,77,183,11,274,424,0,3.99,Covid-19,51,10,49.16,15.86,modéré,33.0,88.6,418.8,False,0.28,0.81,0.05,45.1,17.8
11,Centre Hospitalier Régional de Kédougou,Kédougou,Kédougou,457,449,2024-02-10,19,76,33,10,424,430,32,0.26,Paludisme,77,0,87.6,8.91,modéré,25.5,53.3,1781.4,False,0.85,0.53,0.06,117.2,59.3
11,Centre Hospitalier Régional de Kédougou,Kédougou,Kédougou,457,449,2024-02-11,17,5,286,22,171,404,19,0.8,Grippe,86,3,71.86,21.0,élevé,32.3,74.2,825.5,True,0.65,0.4,0.13,19.5,26.5
11,Centre Hospitalier Régional de Kédougou,Kédougou,Kédougou,457,449,2024-02-12,84,72,361,12,96,448,4,2.55,Choléra,10,5,74.62,24.58,faible,35.5,62.4,3358.8,False,0.65,0.44,0.0,170.6,31.0
11,Centre Hospitalier Régional de Kédougou,Kédougou,Kédougou,457,449,2024-02-13,80,9,39,21,418,430,11,0.78,Paludisme,58,8,85.74,13.17,modéré,27.7,76.0,2657.1,False,0.35,0.88,0.03,134.1,35.1
11,Centre Hospitalier Régional de Kédougou,Kédougou,Kédougou,457,449,2024-02-14,93,35,252,20,205,442,23,3.28,Grippe,9,3,94.92,9.33,faible,23.5,73.4,398.3,False,0.58,0.8,0.1,54.9,54.9
11,Centre Hospitalier Régional de Kédougou,Kédougou,Kédougou,457,449,2024-02-15,62,89,181,12,276,400,2,3.32,Grippe,94,2,60.49,2.44,élevé,35.0,62.6,4297.2,True,0.29,0.54,0.08,32.3,51.4
11,Centre Hospitalier Régional de Kédougou,Kédougou,Kédougou,457,449,2024-02-16,58,18,129,16,328,410,46,1.12,Dengue,14,9,73.91,2.49,faible,27.6,49.2,673.6,False,0.46,0.99,0.03,74.0,21.0
11,Centre Hospitalier Régional de Kédougou,Kédougou,Kédougou,457,449,2024-02-17,98,37,335,5,122,421,47,0.69,Covid-19,24,7,49.02,23.5,faible,27.8,87.8,3800.4,False,0.36,0.89,0.19,129.2,30.8
11,Centre Hospitalier Régional de Kédougou,Kédougou,Kédougou,457,449,2024-02-18,99,78,380,0,77,413,58,2.47,Covid-19,47,10,88.32,10.48,modéré,35.7,45.4,2188.5,False,0.63,0.65,0.16,160.0,36.5
11,Centre Hospitalier Régional de Kédougou,Kédougou,Kédougou,457,449,2024-02-19,50,63,435,1,22,412,36,1.91,Grippe,79,0,47.32,17.42,modéré,35.8,51.4,4779.4,False,0.95,0.52,0.02,27.2,58.2
11,Centre Hospitalier Régional de Kédougou,Kédougou,Kédougou,457,449,2024-02-20,59,87,30,7,427,435,1,2.8,Choléra,4,10,66.67,17.12,faible,22.4,41.1,4184.8,False,0.92,0.59,0.14,59.8,54.6
11,Centre Hospitalier Régional de Kédougou,Kédougou,Kédougou,457,449,2024-02-21,53,54,233,25,224,429,50,2.68,Covid-19,60,6,42.66,16.29,modéré,29.8,84.7,2635.4,False,0.89,0.9,0.02,170.8,23.0
11,Centre Hospitalier Régional de Kédougou,Kédougou,Kédougou,457,449,2024-02-22,83,89,247,24,210,403,12,0.27,Paludisme,3,1,48.8,21.32,faible,25.3,85.2,1121.5,False,0.34,0.5,0.17,74.1,9.6
11,Centre Hospitalier Régional de Kédougou,Kédougou,Kédougou,457,449,2024-02-23,44,48,141,19,316,411,30,1.85,Dengue,59,3,66.14,21.98,modéré,31.0,63.6,2644.1,False,0.41,0.51,0.09,51.2,43.4
11,Centre Hospitalier Régional de Kédougou,Kédougou,Kédougou,457,449,2024-02-24,99,15,433,8,24,401,20,1.26,Choléra,119,4,57.48,2.9,élevé,32.3,60.4,1573.3,True,0.71,0.76,0.06,66.8,27.3
11,Centre Hospitalier Régional de Kédougou,Kédougou,Kédougou,457,449,2024-02-25,86,40,241,8,216,437,55,1.67,Dengue,41,1,50.28,11.11,modéré,35.1,47.2,2094.2,False,0.47,0.67,0.13,176.4,20.3
11,Centre Hospitalier Régional de Kédougou,Kédougou,Kédougou,457,449,2024-02-26,61,66,187,22,270,448,9,1.24,Choléra,93,8,72.43,10.59,élevé,23.2,75.3,1030.7,True,0.81,0.83,0.16,71.1,22.0
11,Centre Hospitalier Régional de Kédougou,Kédougou,Kédougou,457,449,2024-02-27,89,55,180,20,277,417,15,0.61,Paludisme,60,1,82.51,25.43,modéré,29.1,70.5,3153.9,False,0.96,0.62,0.04,57.0,45.2
11,Centre Hospitalier Régional de Kédougou,Kédougou,Kédougou,457,449,2024-02-28,39,27,317,16,140,402,1,3.09,Covid-19,37,4,72.72,25.45,modéré,36.2,57.6,109.4,False,0.64,0.52,0.2,90.7,49.7
11,Centre Hospitalier Régional de Kédougou,Kédougou,Kédougou,457,449,2024-02-29,60,23,205,18,252,417,30,3.69,Dengue,114,7,80.97,27.42,élevé,33.4,83.7,2248.9,True,0.26,0.72,0.02,60.7,3.2
11,Centre Hospitalier Régional de Kédougou,Kédougou,Kédougou,457,449,2024-03-01,26,36,425,22,32,400,33,3.34,Grippe,51,3,74.31,28.98,modéré,37.8,84.2,4727.2,False,0.95,0.93,0.01,60.5,22.0
11,Centre Hospitalier Régional de Kédougou,Kédougou,Kédougou,457,449,2024-03-02,91,43,390,3,67,422,36,1.61,Choléra,101,8,42.52,27.54,élevé,25.8,61.4,2943.7,True,0.79,0.48,0.18,123.4,52.5
11,Centre Hospitalier Régional de Kédougou,Kédougou,Kédougou,457,449,2024-03-03,83,37,181,11,276,444,14,0.85,Covid-19,113,9,52.59,22.09,élevé,33.0,82.2,4207.5,True,0.62,0.85,0.03,11.5,7.0
11,Centre Hospitalier Régional de Kédougou,Kédougou,Kédougou,457,449,2024-03-04,41,40,45,1,412,448,3,3.62,Paludisme,86,6,79.55,10.57,élevé,37.6,83.3,3742.2,True,0.94,0.32,0.05,146.1,25.8
11,Centre Hospitalier Régional de Kédougou,Kédougou,Kédougou,457,449,2024-03-05,47,6,119,1,338,406,53,3.72,Choléra,117,7,37.63,23.93,élevé,37.8,49.2,3944.6,True,0.43,0.52,0.07,44.1,18.7
11,Centre Hospitalier Régional de Kédougou,Kédougou,Kédougou,457,449,2024-03-06,29,64,354,18,103,413,59,2.42,Choléra,45,7,63.46,16.5,modéré,22.1,73.1,2477.8,False,0.33,0.94,0.04,65.2,10.3
11,Centre Hospitalier Régional de Kédougou,Kédougou,Kédougou,457,449,2024-03-07,87,81,98,1,359,403,26,3.66,Grippe,0,4,94.87,17.14,faible,36.6,84.9,4669.4,False,0.36,0.35,0.12,177.3,47.8
11,Centre Hospitalier Régional de Kédougou,Kédougou,Kédougou,457,449,2024-03-08,34,90,419,23,38,416,31,3.35,Paludisme,52,0,63.55,21.0,modéré,32.6,84.4,1144.5,False,0.41,0.35,0.18,77.0,17.1
11,Centre Hospitalier Régional de Kédougou,Kédougou,Kédougou,457,449,2024-03-09,73,23,76,9,381,400,0,3.32,Choléra,9,7,51.0,17.02,faible,26.1,88.2,660.4,False,0.6,0.84,0.1,10.9,46.2
11,Centre Hospitalier Régional de Kédougou,Kédougou,Kédougou,457,449,2024-03-10,15,64,97,13,360,400,52,3.29,Covid-19,49,9,54.69,5.08,modéré,31.6,45.7,3099.3,False,0.3,0.47,0.05,91.6,14.1
11,Centre Hospitalier Régional de Kédougou,Kédougou,Kédougou,457,449,2024-03-11,35,9,116,21,341,422,26,2.61,Paludisme,72,2,39.5,10.77,modéré,29.1,60.4,3674.6,False,0.22,0.42,0.15,111.6,22.4
11,Centre Hospitalier Régional de Kédougou,Kédougou,Kédougou,457,449,2024-03-12,17,22,235,10,222,407,43,0.28,Covid-19,59,4,88.1,29.36,modéré,32.7,50.8,2431.5,False,0.79,0.9,0.05,65.2,45.4
11,Centre Hospitalier Régional de Kédougou,Kédougou,Kédougou,457,449,2024-03-13,51,46,401,4,56,407,1,3.23,Dengue,88,4,86.96,16.74,élevé,26.8,69.0,518.6,True,0.25,0.93,0.05,12.2,43.5
11,Centre Hospitalier Régional de Kédougou,Kédougou,Kédougou,457,449,2024-03-14,24,40,109,8,348,413,9,2.87,Covid-19,23,7,83.27,4.44,faible,33.6,80.6,4938.8,False,0.2,0.48,0.02,106.0,48.2
11,Centre Hospitalier Régional de Kédougou,Kédougou,Kédougou,457,449,2024-03-15,58,30,401,11,56,415,59,1.45,Dengue,83,9,93.68,1.46,élevé,24.0,71.4,1395.3,True,0.92,0.75,0.07,24.4,41.4
11,Centre Hospitalier Régional de Kédougou,Kédougou,Kédougou,457,449,2024-03-16,98,35,117,19,340,414,51,2.73,Choléra,15,9,48.54,7.11,faible,34.2,85.0,110.4,False,0.35,0.49,0.13,100.2,25.7
11,Centre Hospitalier Régional de Kédougou,Kédougou,Kédougou,457,449,2024-03-17,84,65,351,13,106,407,44,0.92,Covid-19,117,0,42.56,15.83,élevé,26.6,83.1,2841.1,True,0.76,0.38,0.13,121.0,4.5
11,Centre Hospitalier Régional de Kédougou,Kédougou,Kédougou,457,449,2024-03-18,96,41,30,18,427,424,47,1.13,Covid-19,69,2,60.82,27.37,modéré,33.4,43.5,3195.3,False,0.86,0.34,0.13,68.3,50.8
11,Centre Hospitalier Régional de Kédougou,Kédougou,Kédougou,457,449,2024-03-19,80,63,362,18,95,445,46,1.0,Paludisme,53,0,64.51,10.83,modéré,37.0,89.7,1068.9,False,0.83,0.83,0.16,49.0,44.8
11,Centre Hospitalier Régional de Kédougou,Kédougou,Kédougou,457,449,2024-03-20,75,86,203,23,254,415,10,3.62,Paludisme,112,1,93.31,20.97,élevé,33.2,62.9,912.2,True,0.9,0.44,0.15,104.0,58.1
11,Centre Hospitalier Régional de Kédougou,Kédougou,Kédougou,457,449,2024-03-21,14,34,195,21,262,432,2,1.43,Grippe,103,9,58.51,14.2,élevé,25.8,64.2,1253.2,True,0.78,0.51,0.14,17.7,7.2
11,Centre Hospitalier Régional de Kédougou,Kédougou,Kédougou,457,449,2024-03-22,15,7,207,4,250,438,56,3.25,Covid-19,47,5,87.2,23.31,modéré,24.2,88.5,3907.2,False,0.83,0.66,0.19,103.7,45.5
11,Centre Hospitalier Régional de Kédougou,Kédougou,Kédougou,457,449,2024-03-23,52,48,408,0,49,420,9,2.71,Dengue,18,5,31.86,23.73,faible,22.0,79.2,1387.5,False,0.39,0.65,0.17,40.5,40.9
11,Centre Hospitalier Régional de Kédougou,Kédougou,Kédougou,457,449,2024-03-24,68,80,298,15,159,427,36,0.68,Choléra,39,7,68.9,10.98,modéré,36.6,88.0,4094.1,False,0.55,0.45,0.16,64.5,54.2
11,Centre Hospitalier Régional de Kédougou,Kédougou,Kédougou,457,449,2024-03-25,11,26,385,4,72,425,5,3.13,Grippe,73,8,60.96,13.53,modéré,30.8,61.2,3680.9,False,0.28,0.63,0.09,42.2,27.6
11,Centre Hospitalier Régional de Kédougou,Kédougou,Kédougou,457,449,2024-03-26,78,41,168,22,289,444,24,0.72,Paludisme,55,10,92.66,27.99,modéré,23.1,66.0,1185.0,False,0.55,0.83,0.06,12.3,28.1
11,Centre Hospitalier Régional de Kédougou,Kédougou,Kédougou,457,449,2024-03-27,51,49,318,6,139,428,36,1.91,Covid-19,61,9,40.2,24.77,modéré,31.3,65.5,342.9,False,0.56,0.42,0.19,141.9,4.6
11,Centre Hospitalier Régional de Kédougou,Kédougou,Kédougou,457,449,2024-03-28,17,29,312,22,145,400,0,2.7,Choléra,16,1,40.69,4.86,faible,26.8,80.6,1475.6,False,0.88,0.49,0.13,142.4,3.7
11,Centre Hospitalier Régional de Kédougou,Kédougou,Kédougou,457,449,2024-03-29,87,33,191,4,266,437,27,2.05,Paludisme,91,1,72.45,17.0,élevé,37.5,81.6,1042.2,True,0.47,0.7,0.14,106.5,24.9
11,Centre Hospitalier Régional de Kédougou,Kédougou,Kédougou,457,449,2024-03-30,69,36,36,22,421,446,57,1.14,Dengue,15,5,31.19,3.59,faible,35.0,88.3,105.3,False,0.34,0.56,0.03,95.0,29.0
11,Centre Hospitalier Régional de Kédougou,Kédougou,Kédougou,457,449,2024-10-17,35,32,105,16,352,413,44,2.27,Paludisme,68,8,51.84,25.51,modéré,38.1,74.5,1765.6,False,0.59,0.93,0.02,138.3,11.8
11,Centre Hospitalier Régional de Kédougou,Kédougou,Kédougou,457,449,2024-10-18,92,32,176,16,281,401,12,2.34,Choléra,68,3,31.07,4.81,modéré,35.6,62.6,119.4,False,0.86,0.36,0.2,33.4,6.1
11,Centre Hospitalier Régional de Kédougou,Kédougou,Kédougou,457,449,2024-10-19,36,80,403,24,54,449,43,1.0,Covid-19,67,2,62.16,9.62,modéré,25.1,47.2,2371.7,False,0.91,0.76,0.03,12.0,37.4
11,Centre Hospitalier Régional de Kédougou,Kédougou,Kédougou,457,449,2024-10-20,37,8,175,12,282,447,53,1.98,Grippe,110,1,49.7,24.99,élevé,37.0,55.1,2151.2,True,0.81,0.95,0.15,163.8,4.1
11,Centre Hospitalier Régional de Kédougou,Kédougou,Kédougou,457,449,2024-10-21,36,23,165,22,292,428,44,3.93,Covid-19,71,7,93.92,9.29,modéré,33.5,78.8,4635.3,False,0.25,0.58,0.19,63.9,56.8
11,Centre Hospitalier Régional de Kédougou,Kédougou,Kédougou,457,449,2024-10-22,36,52,308,20,149,436,60,1.92,Grippe,82,3,82.55,13.57,élevé,25.7,60.0,3148.5,True,0.42,0.93,0.14,60.4,54.8
11,Centre Hospitalier Régional de Kédougou,Kédougou,Kédougou,457,449,2024-10-23,88,22,294,9,163,406,23,3.19,Covid-19,63,5,67.62,9.9,modéré,32.0,63.2,4987.6,False,0.52,0.52,0.12,35.8,53.5
11,Centre Hospitalier Régional de Kédougou,Kédougou,Kédougou,457,449,2024-10-24,96,17,32,7,425,444,54,0.6,Choléra,1,8,89.48,11.64,faible,38.3,59.2,3948.9,False,0.83,0.51,0.04,67.1,34.5
11,Centre Hospitalier Régional de Kédougou,Kédougou,Kédougou,457,449,2024-10-25,48,85,207,22,250,441,59,1.84,Dengue,77,10,57.92,26.41,modéré,23.0,51.9,4896.5,False,0.98,0.65,0.17,145.2,42.8
11,Centre Hospitalier Régional de Kédougou,Kédougou,Kédougou,457,449,2024-10-26,90,37,198,19,259,445,3,3.34,Paludisme,15,10,51.68,7.97,faible,35.2,78.5,426.6,False,0.59,0.65,0.12,105.6,18.4
11,Centre Hospitalier Régional de Kédougou,Kédougou,Kédougou,457,449,2024-10-27,72,73,88,15,369,428,15,2.99,Grippe,96,10,78.08,24.8,élevé,30.0,72.6,3023.4,True,0.28,0.33,0.13,152.3,22.1
11,Centre Hospitalier Régional de Kédougou,Kédougou,Kédougou,457,449,2024-10-28,86,51,296,15,161,411,28,3.49,Dengue,33,0,73.06,26.69,modéré,34.4,56.7,1013.6,False,0.21,0.47,0.01,119.1,43.3
11,Centre Hospitalier Régional de Kédougou,Kédougou,Kédougou,457,449,2024-10-29,42,32,237,4,220,402,48,2.81,Paludisme,3,1,49.41,9.96,faible,28.4,55.5,451.1,False,0.57,0.37,0.06,72.0,34.6
11,Centre Hospitalier Régional de Kédougou,Kédougou,Kédougou,457,449,2024-10-30,41,35,150,7,307,445,3,3.06,Grippe,74,10,64.84,15.62,modéré,23.0,42.5,3224.6,False,0.72,0.84,0.05,141.9,21.5
11,Centre Hospitalier Régional de Kédougou,Kédougou,Kédougou,457,449,2024-10-31,22,49,72,20,385,403,12,2.54,Covid-19,2,9,87.0,9.0,faible,36.5,79.7,148.3,False,0.87,0.88,0.02,32.9,7.3
11,Centre Hospitalier Régional de Kédougou,Kédougou,Kédougou,457,449,2024-11-01,89,17,324,2,133,424,56,0.44,Paludisme,104,3,43.36,26.61,élevé,26.3,83.4,2692.3,True,0.75,0.76,0.15,104.8,29.1
11,Centre Hospitalier Régional de Kédougou,Kédougou,Kédougou,457,449,2024-11-02,23,27,212,2,245,426,14,1.66,Covid-19,32,9,68.75,5.89,modéré,36.9,50.6,3430.3,False,0.57,0.39,0.2,119.6,15.7
11,Centre Hospitalier Régional de Kédougou,Kédougou,Kédougou,457,449,2024-11-03,97,90,207,16,250,408,52,3.96,Dengue,38,10,37.79,2.59,modéré,27.2,71.1,3097.1,False,0.35,0.86,0.03,97.2,8.2
11,Centre Hospitalier Régional de Kédougou,Kédougou,Kédougou,457,449,2024-11-04,44,30,225,14,232,412,40,3.95,Choléra,91,2,86.31,10.01,élevé,27.8,48.3,2674.5,True,0.35,0.45,0.01,25.4,10.1
11,Centre Hospitalier Régional de Kédougou,Kédougou,Kédougou,457,449,2024-11-05,37,21,324,18,133,408,36,2.98,Paludisme,45,3,72.59,25.45,modéré,25.2,59.2,1514.1,False,0.6,0.55,0.01,76.4,3.2
11,Centre Hospitalier Régional de Kédougou,Kédougou,Kédougou,457,449,2024-11-06,93,88,434,6,23,415,58,1.32,Paludisme,30,0,91.97,9.51,modéré,36.9,84.3,2025.8,False,0.46,0.98,0.19,18.5,24.0
11,Centre Hospitalier Régional de Kédougou,Kédougou,Kédougou,457,449,2024-11-07,21,9,58,10,399,430,9,3.14,Paludisme,54,6,33.13,17.12,modéré,24.6,66.5,2281.6,False,0.72,0.8,0.04,138.4,15.5
11,Centre Hospitalier Régional de Kédougou,Kédougou,Kédougou,457,449,2024-11-08,52,38,78,12,379,402,15,2.56,Paludisme,72,2,57.08,9.99,modéré,34.3,44.2,4933.3,False,0.31,0.57,0.2,156.9,53.5
11,Centre Hospitalier Régional de Kédougou,Kédougou,Kédougou,457,449,2024-11-09,82,88,139,6,318,446,32,3.37,Grippe,120,7,94.63,4.4,élevé,23.4,67.1,3326.4,True,0.32,0.63,0.1,176.6,49.6
11,Centre Hospitalier Régional de Kédougou,Kédougou,Kédougou,457,449,2024-11-10,71,60,39,14,418,446,6,1.56,Dengue,40,10,52.85,26.62,modéré,22.4,74.8,1036.2,False,0.68,0.32,0.19,149.5,54.3
11,Centre Hospitalier Régional de Kédougou,Kédougou,Kédougou,457,449,2024-11-11,45,30,334,9,123,427,18,1.49,Dengue,6,10,66.64,2.24,faible,38.1,63.7,395.7,False,0.27,0.96,0.06,35.9,5.8
11,Centre Hospitalier Régional de Kédougou,Kédougou,Kédougou,457,449,2024-11-12,27,47,305,20,152,425,6,3.91,Covid-19,37,10,33.26,5.67,modéré,29.6,88.8,2391.7,False,0.74,0.75,0.15,132.0,8.1
11,Centre Hospitalier Régional de Kédougou,Kédougou,Kédougou,457,449,2024-11-13,87,65,77,20,380,427,32,1.81,Grippe,75,10,41.75,15.1,modéré,37.8,47.3,2535.1,False,0.26,0.4,0.06,175.4,36.8
11,Centre Hospitalier Régional de Kédougou,Kédougou,Kédougou,457,449,2024-11-14,64,10,222,3,235,401,50,1.52,Choléra,85,5,39.1,23.87,élevé,25.3,81.1,4352.1,True,0.68,0.41,0.11,30.9,18.5
11,Centre Hospitalier Régional de Kédougou,Kédougou,Kédougou,457,449,2024-11-15,68,37,172,2,285,420,4,3.92,Choléra,115,2,64.97,5.85,élevé,35.4,63.2,2965.5,True,0.66,0.8,0.01,83.2,46.7
11,Centre Hospitalier Régional de Kédougou,Kédougou,Kédougou,457,449,2024-11-16,95,54,230,11,227,432,13,2.22,Grippe,31,8,50.55,11.43,modéré,22.0,83.3,541.9,False,0.37,0.73,0.15,128.4,7.1
11,Centre Hospitalier Régional de Kédougou,Kédougou,Kédougou,457,449,2024-11-17,77,16,435,16,22,423,0,0.56,Choléra,13,9,74.79,6.19,faible,29.5,43.9,4667.4,False,0.85,0.44,0.01,35.5,22.3
11,Centre Hospitalier Régional de Kédougou,Kédougou,Kédougou,457,449,2024-11-18,51,54,380,4,77,415,41,0.2,Choléra,119,3,40.97,18.95,élevé,33.0,78.7,3405.9,True,0.38,0.43,0.01,27.4,16.4
11,Centre Hospitalier Régional de Kédougou,Kédougou,Kédougou,457,449,2024-11-19,86,6,198,20,259,411,20,2.57,Choléra,23,1,88.25,20.95,faible,24.6,52.6,1618.6,False,0.88,0.85,0.18,107.3,29.5
11,Centre Hospitalier Régional de Kédougou,Kédougou,Kédougou,457,449,2024-11-20,49,8,410,10,47,405,24,2.55,Covid-19,78,8,65.13,18.11,modéré,31.0,69.7,1487.5,False,0.83,0.79,0.19,110.6,44.2
11,Centre Hospitalier Régional de Kédougou,Kédougou,Kédougou,457,449,2024-11-21,56,66,162,8,295,401,20,1.1,Dengue,20,6,38.15,15.97,faible,32.9,65.0,3511.8,False,0.76,0.91,0.05,88.6,56.3
11,Centre Hospitalier Régional de Kédougou,Kédougou,Kédougou,457,449,2024-11-22,31,80,365,23,92,401,59,2.01,Dengue,35,3,38.45,4.04,modéré,22.1,78.4,2201.5,False,0.43,0.5,0.11,23.7,8.8
11,Centre Hospitalier Régional de Kédougou,Kédougou,Kédougou,457,449,2024-11-23,94,90,214,20,243,441,60,1.67,Dengue,95,5,54.29,7.94,élevé,24.0,72.1,3422.0,True,0.81,0.8,0.15,164.5,19.9
11,Centre Hospitalier Régional de Kédougou,Kédougou,Kédougou,457,449,2024-11-24,55,32,207,11,250,436,41,2.28,Grippe,5,3,84.77,21.64,faible,35.3,57.4,3757.4,False,0.92,0.8,0.18,170.5,41.5
11,Centre Hospitalier Régional de Kédougou,Kédougou,Kédougou,457,449,2024-11-25,84,46,109,25,348,410,30,0.6,Choléra,52,1,40.72,4.04,modéré,36.9,69.6,2844.7,False,0.25,0.35,0.19,46.7,44.3
11,Centre Hospitalier Régional de Kédougou,Kédougou,Kédougou,457,449,2024-11-26,11,64,93,8,364,447,5,0.79,Grippe,20,1,79.3,21.25,faible,37.6,50.0,2855.3,False,0.51,0.88,0.04,134.2,44.6
11,Centre Hospitalier Régional de Kédougou,Kédougou,Kédougou,457,449,2024-11-27,93,80,204,8,253,425,10,1.5,Covid-19,11,7,40.92,1.26,faible,31.6,77.8,1927.4,False,0.68,0.91,0.12,161.9,17.6
11,Centre Hospitalier Régional de Kédougou,Kédougou,Kédougou,457,449,2024-11-28,88,90,451,10,6,439,1,3.76,Grippe,108,2,31.73,26.74,élevé,27.5,49.1,1936.1,True,0.93,0.57,0.13,98.0,17.2
11,Centre Hospitalier Régional de Kédougou,Kédougou,Kédougou,457,449,2024-11-29,34,78,69,22,388,422,34,2.07,Covid-19,87,5,78.91,21.31,élevé,31.3,83.4,2854.5,True,0.56,0.33,0.12,116.8,37.3
11,Centre Hospitalier Régional de Kédougou,Kédougou,Kédougou,457,449,2024-11-30,84,25,363,15,94,418,40,1.01,Dengue,19,8,51.7,20.67,faible,36.5,59.4,791.6,False,0.5,0.92,0.11,178.3,25.9
11,Centre Hospitalier Régional de Kédougou,Kédougou,Kédougou,457,449,2024-12-01,28,77,65,1,392,438,0,0.59,Grippe,102,1,42.97,22.89,élevé,24.9,52.0,3344.1,True,0.4,0.89,0.06,139.0,18.4
11,Centre Hospitalier Régional de Kédougou,Kédougou,Kédougou,457,449,2024-12-02,34,64,457,21,0,403,22,2.01,Paludisme,69,0,55.27,12.77,modéré,28.3,81.4,4942.1,False,0.63,0.84,0.09,140.9,15.9
11,Centre Hospitalier Régional de Kédougou,Kédougou,Kédougou,457,449,2024-12-03,52,67,79,23,378,404,3,3.78,Grippe,17,1,71.16,1.98,faible,28.1,64.2,4570.0,False,0.4,0.94,0.18,159.9,21.2
11,Centre Hospitalier Régional de Kédougou,Kédougou,Kédougou,457,449,2024-12-04,36,17,186,20,271,429,58,3.63,Dengue,93,6,42.2,3.11,élevé,23.9,49.3,4949.8,True,0.73,0.66,0.18,8.4,57.1
11,Centre Hospitalier Régional de Kédougou,Kédougou,Kédougou,457,449,2024-12-05,74,53,303,24,154,432,60,2.89,Covid-19,65,7,84.6,21.9,modéré,22.5,87.4,1598.9,False,0.71,0.58,0.16,72.7,48.0
11,Centre Hospitalier Régional de Kédougou,Kédougou,Kédougou,457,449,2024-07-09,29,65,325,2,132,438,52,0.35,Choléra,54,2,47.7,13.08,modéré,35.5,72.2,2705.7,False,0.87,0.74,0.04,78.2,21.8
11,Centre Hospitalier Régional de Kédougou,Kédougou,Kédougou,457,449,2024-07-10,14,73,352,22,105,414,5,0.36,Choléra,68,5,91.65,28.65,modéré,33.1,65.5,224.9,False,0.41,0.94,0.01,73.4,22.7
11,Centre Hospitalier Régional de Kédougou,Kédougou,Kédougou,457,449,2024-07-11,90,7,180,9,277,418,16,1.54,Paludisme,103,3,77.63,29.16,élevé,25.1,76.4,1097.4,True,0.38,0.45,0.13,170.7,21.9
11,Centre Hospitalier Régional de Kédougou,Kédougou,Kédougou,457,449,2024-07-12,59,49,222,6,235,422,15,1.84,Covid-19,14,2,54.68,7.23,faible,27.2,44.1,2096.5,False,0.33,0.72,0.11,18.7,51.9
11,Centre Hospitalier Régional de Kédougou,Kédougou,Kédougou,457,449,2024-07-13,92,73,67,6,390,419,15,2.69,Paludisme,87,3,70.76,3.14,élevé,30.1,76.6,2643.3,True,0.92,0.72,0.2,126.2,16.0
11,Centre Hospitalier Régional de Kédougou,Kédougou,Kédougou,457,449,2024-07-14,86,52,436,13,21,444,32,2.75,Dengue,111,1,45.67,2.51,élevé,30.7,79.0,3572.6,True,0.66,0.96,0.03,28.2,35.8
11,Centre Hospitalier Régional de Kédougou,Kédougou,Kédougou,457,449,2024-07-15,68,85,228,7,229,445,24,3.64,Grippe,107,4,44.46,6.51,élevé,36.3,84.5,4840.1,True,0.71,0.32,0.12,44.0,10.0
11,Centre Hospitalier Régional de Kédougou,Kédougou,Kédougou,457,449,2024-07-16,64,81,55,14,402,423,28,3.38,Paludisme,23,6,47.81,25.12,faible,36.5,67.7,772.4,False,0.64,0.58,0.09,102.1,30.9
11,Centre Hospitalier Régional de Kédougou,Kédougou,Kédougou,457,449,2024-07-17,55,32,35,4,422,425,38,0.98,Choléra,80,1,78.66,6.8,élevé,29.2,72.2,3184.2,False,0.47,0.9,0.06,42.2,31.8
11,Centre Hospitalier Régional de Kédougou,Kédougou,Kédougou,457,449,2024-07-18,21,34,122,1,335,448,24,2.42,Dengue,59,8,87.03,5.4,modéré,36.9,40.7,2724.7,False,0.37,0.68,0.14,40.9,37.0
11,Centre Hospitalier Régional de Kédougou,Kédougou,Kédougou,457,449,2024-07-19,51,61,447,18,10,399,11,2.05,Dengue,65,7,38.72,16.38,modéré,22.5,64.0,4728.8,False,0.33,0.67,0.09,62.9,39.1
11,Centre Hospitalier Régional de Kédougou,Kédougou,Kédougou,457,449,2024-07-20,67,52,165,9,292,425,38,2.41,Choléra,33,8,70.24,18.59,modéré,31.8,45.6,4730.3,False,0.93,0.84,0.09,47.8,29.5
11,Centre Hospitalier Régional de Kédougou,Kédougou,Kédougou,457,449,2024-07-21,79,23,248,13,209,437,47,1.3,Covid-19,48,0,88.2,18.69,modéré,29.1,56.9,312.1,False,0.63,0.81,0.18,134.5,53.1
11,Centre Hospitalier Régional de Kédougou,Kédougou,Kédougou,457,449,2024-07-22,82,56,334,0,123,405,34,0.82,Paludisme,11,0,63.82,1.14,faible,22.0,74.0,1127.5,False,0.77,0.97,0.05,69.0,26.3
11,Centre Hospitalier Régional de Kédougou,Kédougou,Kédougou,457,449,2024-07-23,75,19,285,10,172,399,27,3.06,Choléra,68,1,78.77,4.45,modéré,22.4,85.6,4843.7,False,1.0,0.35,0.16,5.1,23.5
11,Centre Hospitalier Régional de Kédougou,Kédougou,Kédougou,457,449,2024-07-24,23,42,158,1,299,443,40,1.01,Choléra,100,7,42.37,15.64,élevé,34.2,47.1,2181.8,True,0.36,0.34,0.09,21.2,50.2
11,Centre Hospitalier Régional de Kédougou,Kédougou,Kédougou,457,449,2024-07-25,73,83,394,14,63,430,11,3.87,Covid-19,85,0,50.54,10.38,élevé,28.2,65.1,1935.3,True,0.22,0.48,0.18,80.0,4.4
11,Centre Hospitalier Régional de Kédougou,Kédougou,Kédougou,457,449,2024-07-26,87,8,209,1,248,443,23,2.24,Dengue,31,7,78.7,29.37,modéré,22.4,40.7,4167.3,False,0.67,0.86,0.03,14.7,26.2
11,Centre Hospitalier Régional de Kédougou,Kédougou,Kédougou,457,449,2024-07-27,37,42,313,11,144,446,21,1.99,Covid-19,13,0,94.6,21.59,faible,24.6,44.3,1504.7,False,0.39,0.37,0.03,153.3,24.0
11,Centre Hospitalier Régional de Kédougou,Kédougou,Kédougou,457,449,2024-07-28,34,51,120,14,337,425,2,0.3,Choléra,21,5,93.78,11.52,faible,33.1,88.0,1250.7,False,0.57,0.44,0.14,96.0,7.3
11,Centre Hospitalier Régional de Kédougou,Kédougou,Kédougou,457,449,2024-07-29,85,36,440,1,17,406,29,1.9,Choléra,56,8,39.7,17.48,modéré,32.7,81.9,4846.5,False,0.6,0.47,0.07,27.5,22.2
11,Centre Hospitalier Régional de Kédougou,Kédougou,Kédougou,457,449,2024-07-30,26,66,59,24,398,423,24,1.39,Grippe,79,6,86.28,4.53,modéré,28.9,86.6,3484.0,False,0.46,0.39,0.05,40.3,22.2
11,Centre Hospitalier Régional de Kédougou,Kédougou,Kédougou,457,449,2024-07-31,97,46,105,0,352,436,33,0.29,Grippe,48,3,48.61,14.22,modéré,31.8,56.9,3405.5,False,0.93,0.76,0.15,84.1,49.5
11,Centre Hospitalier Régional de Kédougou,Kédougou,Kédougou,457,449,2024-08-01,80,87,226,6,231,440,31,0.88,Dengue,60,9,56.35,23.37,modéré,23.1,72.4,350.2,False,0.79,0.96,0.15,109.4,48.5
11,Centre Hospitalier Régional de Kédougou,Kédougou,Kédougou,457,449,2024-08-02,33,79,301,11,156,408,21,2.0,Grippe,63,4,89.73,24.67,modéré,33.1,52.8,3697.1,False,0.45,0.73,0.14,82.8,28.1
11,Centre Hospitalier Régional de Kédougou,Kédougou,Kédougou,457,449,2024-08-03,69,60,370,17,87,443,55,1.24,Dengue,80,4,46.63,14.55,élevé,23.6,40.9,395.5,False,0.29,0.43,0.12,144.0,27.5
11,Centre Hospitalier Régional de Kédougou,Kédougou,Kédougou,457,449,2024-08-04,17,16,44,6,413,420,15,1.31,Grippe,52,2,86.27,12.33,modéré,25.9,45.5,2513.4,False,0.38,0.7,0.1,132.3,47.2
11,Centre Hospitalier Régional de Kédougou,Kédougou,Kédougou,457,449,2024-08-05,50,64,104,9,353,446,32,3.67,Paludisme,11,9,67.72,14.22,faible,37.2,89.3,3518.9,False,0.75,0.96,0.17,153.7,37.6
11,Centre Hospitalier Régional de Kédougou,Kédougou,Kédougou,457,449,2024-08-06,61,66,270,9,187,414,46,0.27,Paludisme,84,10,89.73,7.5,élevé,34.6,89.2,4694.5,True,0.71,0.32,0.03,108.3,21.7
11,Centre Hospitalier Régional de Kédougou,Kédougou,Kédougou,457,449,2024-08-07,39,30,54,12,403,412,30,1.16,Dengue,84,1,34.44,25.97,élevé,35.1,55.3,4928.8,True,0.3,0.78,0.17,96.8,56.5
11,Centre Hospitalier Régional de Kédougou,Kédougou,Kédougou,457,449,2024-08-08,25,51,297,9,160,414,35,0.54,Choléra,71,1,49.34,29.26,modéré,35.1,50.0,2522.9,False,0.3,0.47,0.2,42.9,6.8
11,Centre Hospitalier Régional de Kédougou,Kédougou,Kédougou,457,449,2024-08-09,36,47,330,19,127,443,6,0.83,Grippe,25,0,88.11,24.2,faible,27.9,67.6,1517.6,False,0.36,0.92,0.11,92.6,32.6
11,Centre Hospitalier Régional de Kédougou,Kédougou,Kédougou,457,449,2024-08-10,67,15,283,1,174,440,36,1.17,Dengue,95,10,88.55,9.93,élevé,28.9,76.6,472.9,True,0.66,0.94,0.14,67.8,35.9
11,Centre Hospitalier Régional de Kédougou,Kédougou,Kédougou,457,449,2024-08-11,40,67,124,23,333,407,24,1.19,Dengue,67,3,43.38,20.75,modéré,31.6,65.6,2753.7,False,0.72,0.49,0.04,17.9,12.6
11,Centre Hospitalier Régional de Kédougou,Kédougou,Kédougou,457,449,2024-08-12,53,47,181,12,276,446,37,2.94,Grippe,108,4,89.36,17.57,élevé,29.8,77.5,818.4,True,0.76,0.53,0.01,152.1,58.8
11,Centre Hospitalier Régional de Kédougou,Kédougou,Kédougou,457,449,2024-08-13,20,8,252,23,205,400,35,2.48,Choléra,20,10,53.86,22.22,faible,28.6,56.6,1489.6,False,0.69,0.57,0.02,55.1,36.2
11,Centre Hospitalier Régional de Kédougou,Kédougou,Kédougou,457,449,2024-08-14,42,38,158,1,299,413,4,1.97,Paludisme,109,4,78.0,6.78,élevé,28.8,60.3,4685.9,True,0.68,0.33,0.07,40.5,48.9
11,Centre Hospitalier Régional de Kédougou,Kédougou,Kédougou,457,449,2024-08-15,68,13,89,3,368,405,20,3.26,Covid-19,94,3,53.89,5.98,élevé,23.1,40.4,1811.4,True,0.96,0.61,0.12,90.3,49.9
11,Centre Hospitalier Régional de Kédougou,Kédougou,Kédougou,457,449,2024-08-16,57,27,427,14,30,415,47,1.77,Choléra,23,9,56.44,23.43,faible,25.0,69.1,737.1,False,0.82,0.33,0.01,132.8,18.0
11,Centre Hospitalier Régional de Kédougou,Kédougou,Kédougou,457,449,2024-08-17,63,50,49,14,408,449,37,2.06,Grippe,100,6,80.13,1.06,élevé,32.3,74.1,2843.5,True,0.3,0.75,0.0,36.0,22.4
11,Centre Hospitalier Régional de Kédougou,Kédougou,Kédougou,457,449,2024-08-18,60,57,225,2,232,416,46,1.17,Grippe,103,4,89.26,12.98,élevé,26.0,65.3,1855.4,True,0.54,0.93,0.09,90.1,28.4
11,Centre Hospitalier Régional de Kédougou,Kédougou,Kédougou,457,449,2024-08-19,59,21,137,15,320,419,32,0.28,Covid-19,95,4,60.59,27.55,élevé,31.7,81.2,3679.7,True,0.35,0.48,0.1,146.1,24.0
11,Centre Hospitalier Régional de Kédougou,Kédougou,Kédougou,457,449,2024-08-20,52,8,360,10,97,414,47,0.99,Grippe,60,3,31.82,16.02,modéré,33.1,81.1,1240.6,False,0.73,0.88,0.06,136.3,24.7
11,Centre Hospitalier Régional de Kédougou,Kédougou,Kédougou,457,449,2024-08-21,52,85,141,14,316,435,51,2.62,Covid-19,61,8,71.78,11.67,modéré,28.3,81.8,261.0,False,0.61,0.64,0.04,73.0,41.6
11,Centre Hospitalier Régional de Kédougou,Kédougou,Kédougou,457,449,2024-08-22,33,42,21,3,436,415,30,3.02,Paludisme,16,2,46.83,17.9,faible,32.9,78.3,2617.4,False,0.77,0.68,0.02,46.0,54.3
11,Centre Hospitalier Régional de Kédougou,Kédougou,Kédougou,457,449,2024-08-23,75,25,273,17,184,411,30,1.6,Grippe,48,7,52.61,9.29,modéré,23.5,78.9,1490.8,False,0.41,0.55,0.1,100.4,6.2
11,Centre Hospitalier Régional de Kédougou,Kédougou,Kédougou,457,449,2024-08-24,67,64,343,3,114,420,28,1.48,Grippe,52,3,80.37,28.83,modéré,25.9,85.1,2372.1,False,0.87,0.52,0.02,169.4,35.9
11,Centre Hospitalier Régional de Kédougou,Kédougou,Kédougou,457,449,2024-08-25,98,7,380,16,77,435,16,2.54,Grippe,35,7,84.85,8.79,modéré,36.7,48.1,2609.1,False,0.52,0.39,0.06,43.1,28.6
11,Centre Hospitalier Régional de Kédougou,Kédougou,Kédougou,457,449,2024-08-26,37,48,318,1,139,439,9,3.13,Dengue,68,2,48.88,23.85,modéré,28.3,65.6,998.3,False,0.58,0.91,0.16,104.7,43.5
11,Centre Hospitalier Régional de Kédougou,Kédougou,Kédougou,457,449,2024-08-27,98,7,81,3,376,431,48,3.36,Choléra,19,5,87.8,23.51,faible,24.1,83.5,1069.5,False,0.66,0.62,0.09,162.4,43.5
11,Centre Hospitalier Régional de Kédougou,Kédougou,Kédougou,457,449,2024-03-31,41,36,29,15,428,424,37,1.78,Covid-19,41,4,61.16,6.92,modéré,22.4,89.4,2131.5,False,0.35,0.44,0.15,77.9,42.3
11,Centre Hospitalier Régional de Kédougou,Kédougou,Kédougou,457,449,2024-04-01,34,67,228,18,229,429,6,3.31,Choléra,50,0,53.1,27.06,modéré,34.9,46.3,542.1,False,0.3,0.94,0.01,136.4,17.8
11,Centre Hospitalier Régional de Kédougou,Kédougou,Kédougou,457,449,2024-04-02,11,14,298,0,159,435,22,1.17,Grippe,23,4,87.57,13.19,faible,29.3,49.3,3431.0,False,0.41,0.84,0.1,11.9,33.9
11,Centre Hospitalier Régional de Kédougou,Kédougou,Kédougou,457,449,2024-04-03,51,87,68,15,389,401,52,2.17,Choléra,99,10,92.07,16.52,élevé,29.1,67.1,4893.4,True,0.38,0.69,0.08,120.8,36.7
11,Centre Hospitalier Régional de Kédougou,Kédougou,Kédougou,457,449,2024-04-04,77,50,265,4,192,442,9,2.08,Covid-19,110,6,63.78,5.41,élevé,35.3,43.5,4288.9,True,0.67,0.38,0.05,168.0,17.5
11,Centre Hospitalier Régional de Kédougou,Kédougou,Kédougou,457,449,2024-04-05,70,35,348,14,109,400,45,0.39,Paludisme,102,1,74.65,24.8,élevé,25.3,89.7,2776.3,True,0.95,0.72,0.0,39.6,29.4
11,Centre Hospitalier Régional de Kédougou,Kédougou,Kédougou,457,449,2024-04-06,30,42,284,5,173,435,10,0.54,Covid-19,46,9,57.59,29.11,modéré,25.8,79.6,2979.4,False,0.4,0.9,0.03,57.0,37.9
11,Centre Hospitalier Régional de Kédougou,Kédougou,Kédougou,457,449,2024-04-07,61,18,343,7,114,427,25,1.62,Covid-19,49,8,41.84,10.63,modéré,36.0,85.0,2256.0,False,0.71,0.33,0.18,175.1,35.1
11,Centre Hospitalier Régional de Kédougou,Kédougou,Kédougou,457,449,2024-04-08,85,64,412,20,45,434,11,1.46,Dengue,30,5,76.68,16.33,modéré,29.3,86.4,4430.4,False,0.56,0.76,0.1,157.3,29.6
11,Centre Hospitalier Régional de Kédougou,Kédougou,Kédougou,457,449,2024-04-09,99,33,291,3,166,425,42,0.18,Paludisme,117,2,35.77,6.58,élevé,24.7,42.9,4953.6,True,0.92,0.82,0.14,162.1,54.3
11,Centre Hospitalier Régional de Kédougou,Kédougou,Kédougou,457,449,2024-04-10,65,73,356,7,101,427,29,0.41,Dengue,57,4,67.53,7.89,modéré,32.7,87.4,2246.6,False,0.5,0.59,0.04,154.0,56.6
11,Centre Hospitalier Régional de Kédougou,Kédougou,Kédougou,457,449,2024-04-11,32,61,339,17,118,416,14,2.29,Choléra,110,3,48.19,19.45,élevé,33.9,88.1,200.9,True,0.86,0.59,0.06,40.9,34.0
11,Centre Hospitalier Régional de Kédougou,Kédougou,Kédougou,457,449,2024-04-12,92,7,383,1,74,421,9,1.89,Covid-19,91,9,36.5,2.2,élevé,25.4,52.1,331.9,True,0.93,0.38,0.09,130.1,19.1
11,Centre Hospitalier Régional de Kédougou,Kédougou,Kédougou,457,449,2024-04-13,86,5,424,13,33,432,34,2.31,Dengue,53,10,93.6,7.49,modéré,34.7,60.0,3461.4,False,0.59,0.98,0.05,71.6,53.1
11,Centre Hospitalier Régional de Kédougou,Kédougou,Kédougou,457,449,2024-04-14,90,50,32,11,425,434,18,0.2,Dengue,35,1,85.82,23.89,modéré,27.7,53.1,3994.6,False,0.2,0.54,0.16,107.1,14.5
11,Centre Hospitalier Régional de Kédougou,Kédougou,Kédougou,457,449,2024-04-15,47,47,297,9,160,413,53,0.75,Paludisme,88,2,60.48,28.9,élevé,29.8,45.0,2108.5,True,0.54,0.67,0.09,73.8,38.5
11,Centre Hospitalier Régional de Kédougou,Kédougou,Kédougou,457,449,2024-04-16,62,85,358,15,99,449,15,1.63,Dengue,76,10,71.25,3.16,modéré,35.1,73.5,3691.4,False,0.62,0.88,0.12,15.4,37.8
11,Centre Hospitalier Régional de Kédougou,Kédougou,Kédougou,457,449,2024-04-17,13,90,134,2,323,417,53,0.73,Grippe,13,8,35.73,14.37,faible,27.0,61.4,3139.9,False,0.81,0.31,0.18,85.2,47.2
11,Centre Hospitalier Régional de Kédougou,Kédougou,Kédougou,457,449,2024-04-18,52,66,211,24,246,447,0,2.19,Covid-19,92,10,39.78,5.62,élevé,32.6,84.7,4389.7,True,0.56,0.69,0.17,85.5,30.4
11,Centre Hospitalier Régional de Kédougou,Kédougou,Kédougou,457,449,2024-04-19,91,33,232,16,225,406,17,0.4,Covid-19,88,4,72.73,28.11,élevé,31.4,73.3,1192.7,True,0.7,0.58,0.04,98.0,52.2
11,Centre Hospitalier Régional de Kédougou,Kédougou,Kédougou,457,449,2024-04-20,35,22,411,16,46,402,3,2.49,Dengue,73,7,91.09,13.41,modéré,24.2,75.4,2435.1,False,0.23,0.57,0.13,76.8,27.5
11,Centre Hospitalier Régional de Kédougou,Kédougou,Kédougou,457,449,2024-04-21,78,5,316,0,141,404,4,2.58,Paludisme,101,5,71.06,22.33,élevé,24.5,53.2,1120.6,True,0.7,0.42,0.18,35.1,31.8
11,Centre Hospitalier Régional de Kédougou,Kédougou,Kédougou,457,449,2024-04-22,82,75,179,0,278,403,0,2.37,Grippe,92,3,73.3,7.0,élevé,22.2,65.9,3103.4,True,0.97,0.76,0.03,132.0,11.7
11,Centre Hospitalier Régional de Kédougou,Kédougou,Kédougou,457,449,2024-04-23,20,69,278,3,179,408,3,3.87,Dengue,0,9,94.88,7.08,faible,24.8,53.9,2457.5,False,0.61,0.31,0.08,161.8,51.5
11,Centre Hospitalier Régional de Kédougou,Kédougou,Kédougou,457,449,2024-04-24,99,39,293,5,164,412,8,3.69,Choléra,106,8,44.96,24.35,élevé,24.8,85.6,4232.4,True,0.66,0.42,0.2,138.4,47.2
11,Centre Hospitalier Régional de Kédougou,Kédougou,Kédougou,457,449,2024-04-25,66,9,141,25,316,413,48,3.11,Choléra,98,7,32.64,19.25,élevé,38.5,75.5,2940.9,True,0.87,0.68,0.18,129.7,8.2
11,Centre Hospitalier Régional de Kédougou,Kédougou,Kédougou,457,449,2024-04-26,43,6,194,2,263,425,48,2.03,Dengue,83,9,62.63,19.66,élevé,30.8,83.4,4836.5,True,0.5,0.49,0.12,118.4,28.2
11,Centre Hospitalier Régional de Kédougou,Kédougou,Kédougou,457,449,2024-04-27,26,8,92,21,365,426,11,2.69,Grippe,63,1,39.04,22.83,modéré,22.1,64.4,4521.7,False,0.96,0.95,0.09,138.3,4.1
11,Centre Hospitalier Régional de Kédougou,Kédougou,Kédougou,457,449,2024-04-28,95,35,27,9,430,444,27,0.4,Covid-19,117,10,67.03,16.66,élevé,30.1,87.8,650.1,True,0.77,0.97,0.11,131.0,8.8
11,Centre Hospitalier Régional de Kédougou,Kédougou,Kédougou,457,449,2024-04-29,85,35,99,2,358,434,24,1.27,Grippe,15,10,40.67,3.03,faible,23.7,46.6,2249.9,False,0.44,0.66,0.02,68.0,44.9
11,Centre Hospitalier Régional de Kédougou,Kédougou,Kédougou,457,449,2024-04-30,16,24,153,6,304,438,35,1.83,Grippe,62,7,58.86,12.69,modéré,27.9,46.8,3314.0,False,0.52,0.83,0.14,24.3,57.1
11,Centre Hospitalier Régional de Kédougou,Kédougou,Kédougou,457,449,2024-05-01,29,40,50,13,407,419,44,3.62,Grippe,115,2,68.33,5.71,élevé,37.2,89.8,975.0,True,0.87,0.98,0.09,9.3,45.5
11,Centre Hospitalier Régional de Kédougou,Kédougou,Kédougou,457,449,2024-05-02,20,38,375,7,82,415,23,2.98,Covid-19,97,6,61.21,26.74,élevé,29.8,86.5,1192.6,True,0.55,0.74,0.13,170.5,25.3
11,Centre Hospitalier Régional de Kédougou,Kédougou,Kédougou,457,449,2024-05-03,39,7,72,8,385,416,35,2.51,Dengue,97,0,40.18,4.47,élevé,38.7,52.8,4951.8,True,0.71,0.41,0.18,40.1,37.5
11,Centre Hospitalier Régional de Kédougou,Kédougou,Kédougou,457,449,2024-05-04,26,36,381,16,76,406,58,1.58,Choléra,68,9,69.99,4.38,modéré,25.0,61.9,4695.3,False,0.69,0.43,0.0,23.0,30.3
11,Centre Hospitalier Régional de Kédougou,Kédougou,Kédougou,457,449,2024-05-05,11,70,213,3,244,426,58,0.36,Choléra,114,8,47.31,7.35,élevé,33.4,55.3,524.6,True,0.84,0.39,0.14,169.2,14.5
11,Centre Hospitalier Régional de Kédougou,Kédougou,Kédougou,457,449,2024-05-06,25,68,106,23,351,436,4,2.11,Grippe,103,8,43.94,20.23,élevé,28.7,45.2,4157.6,True,0.66,0.68,0.08,81.5,6.2
11,Centre Hospitalier Régional de Kédougou,Kédougou,Kédougou,457,449,2024-05-07,73,12,419,25,38,447,15,0.59,Paludisme,13,1,61.0,1.04,faible,36.9,83.5,3255.4,False,0.66,0.56,0.14,84.1,16.1
11,Centre Hospitalier Régional de Kédougou,Kédougou,Kédougou,457,449,2024-05-08,31,52,325,13,132,407,15,2.14,Covid-19,21,3,72.86,4.3,faible,26.8,71.4,4852.4,False,0.32,0.91,0.14,134.7,7.0
11,Centre Hospitalier Régional de Kédougou,Kédougou,Kédougou,457,449,2024-05-09,28,52,316,14,141,437,35,1.77,Paludisme,30,0,38.35,17.6,modéré,31.1,79.0,182.5,False,0.23,0.33,0.01,96.9,7.5
11,Centre Hospitalier Régional de Kédougou,Kédougou,Kédougou,457,449,2024-05-10,34,63,221,2,236,404,15,2.03,Grippe,18,4,58.63,29.67,faible,22.5,73.6,1634.5,False,0.82,0.52,0.16,75.6,11.8
11,Centre Hospitalier Régional de Kédougou,Kédougou,Kédougou,457,449,2024-05-11,88,26,199,17,258,423,33,1.82,Choléra,54,5,85.74,16.56,modéré,36.0,56.7,4702.4,False,0.72,0.97,0.01,160.9,28.6
11,Centre Hospitalier Régional de Kédougou,Kédougou,Kédougou,457,449,2024-05-12,36,71,406,6,51,421,54,3.73,Covid-19,43,4,77.6,20.29,modéré,31.0,64.4,1872.5,False,0.85,0.35,0.07,129.1,47.0
11,Centre Hospitalier Régional de Kédougou,Kédougou,Kédougou,457,449,2024-05-13,15,9,78,16,379,438,12,1.94,Covid-19,20,1,93.62,5.07,faible,27.8,72.7,1914.2,False,0.71,0.42,0.08,70.7,52.1
11,Centre Hospitalier Régional de Kédougou,Kédougou,Kédougou,457,449,2024-05-14,47,88,354,9,103,409,56,3.43,Paludisme,81,3,72.18,6.84,élevé,24.2,84.5,4350.5,True,0.93,0.47,0.19,120.9,3.8
11,Centre Hospitalier Régional de Kédougou,Kédougou,Kédougou,457,449,2024-05-15,58,43,278,20,179,418,58,2.35,Choléra,63,8,73.8,29.09,modéré,31.4,63.5,2334.6,False,0.88,0.44,0.11,54.6,52.0
11,Centre Hospitalier Régional de Kédougou,Kédougou,Kédougou,457,449,2024-05-16,79,52,183,23,274,420,49,3.26,Grippe,116,0,82.82,9.02,élevé,26.3,49.8,915.5,True,0.21,0.35,0.13,89.3,32.8
11,Centre Hospitalier Régional de Kédougou,Kédougou,Kédougou,457,449,2024-05-17,97,32,199,16,258,449,60,0.31,Covid-19,82,6,60.45,22.25,élevé,36.8,78.1,748.8,True,0.75,0.9,0.02,119.7,13.9
11,Centre Hospitalier Régional de Kédougou,Kédougou,Kédougou,457,449,2024-05-18,43,29,32,20,425,446,42,3.41,Choléra,2,9,59.59,22.78,faible,35.3,85.7,2157.8,False,0.95,0.77,0.19,9.2,6.6
11,Centre Hospitalier Régional de Kédougou,Kédougou,Kédougou,457,449,2024-05-19,82,34,104,0,353,420,8,1.65,Choléra,78,9,78.0,19.31,modéré,29.8,63.6,1568.6,False,0.94,0.79,0.11,129.9,23.5
13,Centre Hospitalier Régional de Sédhiou,Sédhiou,Sédhiou,355,168,2024-07-27,30,85,142,9,213,157,7,2.68,Grippe,38,4,48.43,11.14,modéré,30.0,82.0,2933.3,False,0.84,0.81,0.07,167.7,43.1
13,Centre Hospitalier Régional de Sédhiou,Sédhiou,Sédhiou,355,168,2024-07-28,64,67,257,0,98,158,56,2.26,Grippe,29,8,62.57,9.05,faible,23.3,73.8,2386.4,False,0.57,0.77,0.08,26.1,39.4
13,Centre Hospitalier Régional de Sédhiou,Sédhiou,Sédhiou,355,168,2024-07-29,50,90,224,12,131,158,42,1.89,Grippe,41,10,42.06,6.02,modéré,37.3,81.9,4646.9,False,0.46,0.37,0.16,78.7,25.7
13,Centre Hospitalier Régional de Sédhiou,Sédhiou,Sédhiou,355,168,2024-07-30,30,49,219,0,136,130,42,1.82,Paludisme,55,4,54.54,3.47,modéré,27.6,68.1,4279.4,False,0.98,0.33,0.01,32.1,50.7
13,Centre Hospitalier Régional de Sédhiou,Sédhiou,Sédhiou,355,168,2024-07-31,53,32,163,16,192,122,4,3.38,Paludisme,99,0,56.59,19.25,élevé,38.7,87.9,4370.6,True,0.97,0.31,0.03,85.3,49.1
13,Centre Hospitalier Régional de Sédhiou,Sédhiou,Sédhiou,355,168,2024-08-01,15,17,39,9,316,142,47,3.5,Grippe,80,0,33.33,29.54,élevé,33.3,78.8,1721.7,False,0.56,0.55,0.11,84.7,51.1
13,Centre Hospitalier Régional de Sédhiou,Sédhiou,Sédhiou,355,168,2024-08-02,75,74,241,16,114,140,5,3.79,Paludisme,27,10,54.75,7.56,faible,38.2,63.1,4714.1,False,0.4,1.0,0.12,143.0,57.7
13,Centre Hospitalier Régional de Sédhiou,Sédhiou,Sédhiou,355,168,2024-08-03,33,73,84,15,271,157,8,3.77,Choléra,48,3,50.62,14.14,modéré,28.3,74.4,2336.3,False,0.62,0.42,0.04,26.2,49.5
13,Centre Hospitalier Régional de Sédhiou,Sédhiou,Sédhiou,355,168,2024-08-04,93,83,330,16,25,153,44,3.77,Grippe,109,6,40.86,7.39,élevé,32.5,58.5,3730.2,True,0.76,0.64,0.11,178.1,27.7
13,Centre Hospitalier Régional de Sédhiou,Sédhiou,Sédhiou,355,168,2024-08-05,63,72,98,9,257,148,27,1.9,Dengue,18,9,58.73,15.56,faible,27.3,78.0,2363.7,False,0.85,0.9,0.02,95.7,52.7
13,Centre Hospitalier Régional de Sédhiou,Sédhiou,Sédhiou,355,168,2024-08-06,22,67,167,5,188,132,38,1.16,Choléra,38,8,38.87,15.17,modéré,35.3,71.7,4985.4,False,0.62,0.66,0.03,129.4,49.2
13,Centre Hospitalier Régional de Sédhiou,Sédhiou,Sédhiou,355,168,2024-08-07,44,89,345,10,10,168,53,0.7,Covid-19,113,2,44.07,25.05,élevé,29.1,82.2,188.0,True,0.94,0.59,0.18,88.3,42.3
13,Centre Hospitalier Régional de Sédhiou,Sédhiou,Sédhiou,355,168,2024-08-08,34,60,279,3,76,163,16,3.19,Grippe,61,0,34.11,5.3,modéré,27.7,71.9,3685.4,False,0.29,0.87,0.02,152.3,4.0
13,Centre Hospitalier Régional de Sédhiou,Sédhiou,Sédhiou,355,168,2024-08-09,15,89,250,22,105,147,6,2.36,Dengue,35,3,60.28,11.24,modéré,22.1,76.2,2451.6,False,0.97,0.41,0.07,125.8,35.2
13,Centre Hospitalier Régional de Sédhiou,Sédhiou,Sédhiou,355,168,2024-08-10,12,5,179,25,176,166,57,1.51,Paludisme,75,10,33.68,29.97,modéré,30.8,49.4,3500.5,False,0.27,0.77,0.04,129.0,45.7
13,Centre Hospitalier Régional de Sédhiou,Sédhiou,Sédhiou,355,168,2024-08-11,44,19,231,14,124,166,54,3.54,Grippe,28,6,40.08,13.72,faible,32.5,59.2,2594.2,False,0.64,0.36,0.11,135.7,37.1
13,Centre Hospitalier Régional de Sédhiou,Sédhiou,Sédhiou,355,168,2024-08-12,79,13,77,10,278,119,11,2.69,Grippe,35,6,91.61,17.93,modéré,22.6,43.0,173.5,False,0.68,0.65,0.08,172.8,34.4
13,Centre Hospitalier Régional de Sédhiou,Sédhiou,Sédhiou,355,168,2024-08-13,82,32,37,25,318,167,38,1.06,Covid-19,12,2,88.33,25.95,faible,31.3,46.7,1802.7,False,0.61,0.71,0.02,137.9,9.9
13,Centre Hospitalier Régional de Sédhiou,Sédhiou,Sédhiou,355,168,2024-08-14,54,63,327,13,28,153,38,2.17,Covid-19,96,10,63.66,13.51,élevé,30.1,43.7,4601.5,True,0.82,0.62,0.19,70.1,25.5
13,Centre Hospitalier Régional de Sédhiou,Sédhiou,Sédhiou,355,168,2024-08-15,25,58,307,21,48,165,51,0.62,Paludisme,68,5,57.24,25.21,modéré,37.8,51.6,3803.4,False,0.31,0.92,0.1,158.4,6.8
13,Centre Hospitalier Régional de Sédhiou,Sédhiou,Sédhiou,355,168,2024-08-16,99,76,172,7,183,165,6,0.32,Dengue,4,2,94.99,10.03,faible,36.3,72.0,3364.1,False,0.5,0.61,0.14,22.2,18.8
13,Centre Hospitalier Régional de Sédhiou,Sédhiou,Sédhiou,355,168,2024-08-17,78,75,87,17,268,145,24,3.39,Grippe,95,8,94.92,20.3,élevé,33.1,42.2,4421.6,True,0.35,0.61,0.19,149.8,22.0
13,Centre Hospitalier Régional de Sédhiou,Sédhiou,Sédhiou,355,168,2024-08-18,63,51,41,11,314,126,25,3.93,Covid-19,48,7,87.33,15.94,modéré,27.1,80.9,4669.2,False,0.6,0.68,0.18,172.3,57.0
13,Centre Hospitalier Régional de Sédhiou,Sédhiou,Sédhiou,355,168,2024-08-19,82,55,212,19,143,153,5,2.5,Choléra,10,8,69.84,16.41,faible,37.3,64.4,2740.4,False,0.59,0.77,0.14,11.1,50.5
13,Centre Hospitalier Régional de Sédhiou,Sédhiou,Sédhiou,355,168,2024-08-20,48,80,36,11,319,126,19,0.36,Dengue,0,3,74.25,18.95,faible,23.5,62.2,3449.5,False,0.48,0.98,0.13,50.9,12.8
13,Centre Hospitalier Régional de Sédhiou,Sédhiou,Sédhiou,355,168,2024-08-21,17,61,160,24,195,134,33,2.6,Paludisme,68,0,93.32,6.63,modéré,26.0,77.4,3383.5,False,0.5,0.56,0.18,40.6,7.5
13,Centre Hospitalier Régional de Sédhiou,Sédhiou,Sédhiou,355,168,2024-08-22,91,31,88,14,267,132,55,3.63,Paludisme,76,4,65.72,18.09,modéré,24.7,59.7,4284.6,False,0.25,0.68,0.18,38.9,4.3
13,Centre Hospitalier Régional de Sédhiou,Sédhiou,Sédhiou,355,168,2024-08-23,43,45,174,15,181,147,56,3.65,Covid-19,2,8,55.51,16.78,faible,30.3,47.0,1860.2,False,0.45,0.35,0.09,63.7,19.4
13,Centre Hospitalier Régional de Sédhiou,Sédhiou,Sédhiou,355,168,2024-08-24,12,48,310,1,45,128,40,3.28,Paludisme,99,9,79.66,10.99,élevé,22.2,64.1,3090.3,True,0.34,0.71,0.15,166.8,40.1
13,Centre Hospitalier Régional de Sédhiou,Sédhiou,Sédhiou,355,168,2024-08-25,90,72,246,3,109,120,59,2.34,Choléra,84,10,32.92,21.12,élevé,23.4,80.6,3923.9,True,0.34,0.46,0.06,74.2,33.1
13,Centre Hospitalier Régional de Sédhiou,Sédhiou,Sédhiou,355,168,2024-08-26,33,37,190,2,165,122,2,2.6,Paludisme,3,8,72.85,1.02,faible,38.6,43.8,2853.9,False,0.78,0.5,0.11,33.7,58.0
13,Centre Hospitalier Régional de Sédhiou,Sédhiou,Sédhiou,355,168,2024-08-27,77,39,220,15,135,134,44,0.59,Covid-19,21,7,49.67,18.62,faible,31.2,84.9,4789.9,False,0.48,0.45,0.16,20.4,15.2
13,Centre Hospitalier Régional de Sédhiou,Sédhiou,Sédhiou,355,168,2024-08-28,88,34,238,1,117,144,42,3.05,Paludisme,78,0,94.68,15.78,modéré,28.1,65.4,3013.5,False,0.77,0.44,0.05,98.0,43.8
13,Centre Hospitalier Régional de Sédhiou,Sédhiou,Sédhiou,355,168,2024-08-29,86,28,117,16,238,147,35,1.95,Covid-19,114,1,75.9,21.57,élevé,33.0,49.3,3323.8,True,0.2,0.71,0.1,94.6,41.7
13,Centre Hospitalier Régional de Sédhiou,Sédhiou,Sédhiou,355,168,2024-08-30,56,59,317,20,38,133,21,0.9,Dengue,47,4,86.18,17.05,modéré,31.8,51.7,4108.2,False,0.93,0.9,0.05,123.9,18.8
13,Centre Hospitalier Régional de Sédhiou,Sédhiou,Sédhiou,355,168,2024-08-31,34,21,296,10,59,123,57,3.52,Paludisme,35,0,84.16,15.14,modéré,22.2,52.0,397.0,False,0.46,0.84,0.14,144.5,44.0
13,Centre Hospitalier Régional de Sédhiou,Sédhiou,Sédhiou,355,168,2024-09-01,83,40,256,24,99,136,4,0.53,Covid-19,29,10,61.21,7.2,faible,37.5,42.4,3760.2,False,0.26,0.99,0.06,119.4,56.8
13,Centre Hospitalier Régional de Sédhiou,Sédhiou,Sédhiou,355,168,2024-09-02,32,59,190,2,165,124,20,3.16,Paludisme,30,0,66.2,13.62,modéré,38.6,78.5,876.5,False,0.22,0.65,0.09,157.2,46.3
13,Centre Hospitalier Régional de Sédhiou,Sédhiou,Sédhiou,355,168,2024-09-03,95,69,296,10,59,145,31,1.21,Choléra,76,8,66.24,19.41,modéré,23.4,64.6,1020.4,False,0.68,0.98,0.11,124.2,16.9
13,Centre Hospitalier Régional de Sédhiou,Sédhiou,Sédhiou,355,168,2024-09-04,17,9,162,6,193,139,40,3.81,Dengue,77,8,33.77,2.79,modéré,35.8,40.6,4074.5,False,0.71,0.44,0.18,111.5,26.5
13,Centre Hospitalier Régional de Sédhiou,Sédhiou,Sédhiou,355,168,2024-09-05,53,48,99,19,256,160,31,1.96,Paludisme,64,7,36.41,15.05,modéré,27.4,59.8,1163.5,False,0.32,0.53,0.19,153.8,19.4
13,Centre Hospitalier Régional de Sédhiou,Sédhiou,Sédhiou,355,168,2024-09-06,24,65,287,5,68,151,16,1.19,Choléra,76,2,79.78,10.79,modéré,35.1,47.3,779.3,False,0.54,0.39,0.04,38.1,38.9
13,Centre Hospitalier Régional de Sédhiou,Sédhiou,Sédhiou,355,168,2024-09-07,73,77,27,17,328,134,48,1.56,Grippe,67,6,45.04,11.41,modéré,35.8,58.5,4116.6,False,0.22,0.79,0.08,137.4,37.8
13,Centre Hospitalier Régional de Sédhiou,Sédhiou,Sédhiou,355,168,2024-09-08,84,27,119,15,236,128,20,2.48,Covid-19,57,7,47.39,17.09,modéré,24.3,40.5,3383.9,False,0.34,0.31,0.14,28.2,17.5
13,Centre Hospitalier Régional de Sédhiou,Sédhiou,Sédhiou,355,168,2024-09-09,82,81,75,8,280,147,23,2.86,Covid-19,64,3,35.19,8.12,modéré,28.0,84.4,1423.6,False,0.89,0.56,0.05,45.8,57.9
13,Centre Hospitalier Régional de Sédhiou,Sédhiou,Sédhiou,355,168,2024-09-10,16,46,171,11,184,140,13,0.35,Grippe,41,3,85.26,9.37,modéré,33.0,60.7,1744.9,False,0.3,0.36,0.11,100.7,41.2
13,Centre Hospitalier Régional de Sédhiou,Sédhiou,Sédhiou,355,168,2024-09-11,39,58,293,19,62,120,13,1.43,Paludisme,74,6,71.79,9.06,modéré,29.9,69.8,3038.5,False,0.46,0.6,0.13,6.9,7.6
13,Centre Hospitalier Régional de Sédhiou,Sédhiou,Sédhiou,355,168,2024-09-12,40,34,354,17,1,166,41,2.69,Covid-19,58,1,61.36,2.8,modéré,34.9,69.8,1513.1,False,0.52,0.95,0.12,11.8,33.3
13,Centre Hospitalier Régional de Sédhiou,Sédhiou,Sédhiou,355,168,2024-09-13,69,73,220,8,135,150,14,2.53,Grippe,60,4,83.4,6.42,modéré,36.8,53.3,325.8,False,0.53,0.45,0.08,107.8,52.9
13,Centre Hospitalier Régional de Sédhiou,Sédhiou,Sédhiou,355,168,2024-09-14,28,45,351,18,4,139,8,1.57,Grippe,106,0,65.33,23.6,élevé,22.3,45.8,3045.4,True,0.77,0.65,0.06,88.4,54.9
13,Centre Hospitalier Régional de Sédhiou,Sédhiou,Sédhiou,355,168,2024-11-04,90,90,188,12,167,155,36,2.48,Grippe,38,7,58.58,7.46,modéré,34.2,85.6,2225.0,False,0.81,0.94,0.14,110.7,57.6
13,Centre Hospitalier Régional de Sédhiou,Sédhiou,Sédhiou,355,168,2024-11-05,92,62,96,16,259,123,15,3.9,Paludisme,104,8,30.31,14.93,élevé,38.4,61.9,4553.7,True,0.47,0.79,0.07,54.1,27.1
13,Centre Hospitalier Régional de Sédhiou,Sédhiou,Sédhiou,355,168,2024-11-06,25,72,210,14,145,123,27,1.65,Grippe,77,6,79.63,12.11,modéré,29.0,63.3,1002.7,False,0.81,0.87,0.17,110.6,21.5
13,Centre Hospitalier Régional de Sédhiou,Sédhiou,Sédhiou,355,168,2024-11-07,82,61,22,14,333,153,51,2.59,Dengue,85,10,64.35,22.04,élevé,25.5,81.2,4769.5,True,0.84,0.75,0.17,115.0,41.3
13,Centre Hospitalier Régional de Sédhiou,Sédhiou,Sédhiou,355,168,2024-11-08,57,84,194,6,161,143,30,2.79,Grippe,43,8,44.83,28.61,modéré,32.4,64.6,1831.8,False,0.69,0.66,0.19,54.3,4.9
13,Centre Hospitalier Régional de Sédhiou,Sédhiou,Sédhiou,355,168,2024-11-09,57,57,290,1,65,165,24,1.59,Paludisme,49,8,64.4,12.71,modéré,38.3,44.5,3322.1,False,0.57,0.64,0.17,141.2,11.6
13,Centre Hospitalier Régional de Sédhiou,Sédhiou,Sédhiou,355,168,2024-11-10,66,56,322,18,33,122,14,3.2,Dengue,28,1,67.95,15.91,faible,36.0,70.5,3786.3,False,0.77,0.76,0.19,111.9,43.4
13,Centre Hospitalier Régional de Sédhiou,Sédhiou,Sédhiou,355,168,2024-11-11,88,48,131,21,224,155,43,1.51,Choléra,49,8,71.37,1.25,modéré,35.2,69.3,1106.2,False,0.77,0.89,0.1,57.3,39.8
13,Centre Hospitalier Régional de Sédhiou,Sédhiou,Sédhiou,355,168,2024-11-12,59,67,59,1,296,167,27,2.71,Grippe,108,10,31.2,20.52,élevé,25.4,84.3,4362.6,True,0.99,0.95,0.04,55.4,9.0
13,Centre Hospitalier Régional de Sédhiou,Sédhiou,Sédhiou,355,168,2024-11-13,40,47,46,10,309,147,18,3.98,Grippe,80,3,51.08,23.62,élevé,29.9,72.1,1601.4,False,0.9,0.97,0.06,99.2,19.6
13,Centre Hospitalier Régional de Sédhiou,Sédhiou,Sédhiou,355,168,2024-11-14,95,51,122,17,233,122,21,3.46,Dengue,99,8,58.07,7.18,élevé,29.6,56.3,2412.0,True,0.85,0.45,0.17,25.5,54.6
13,Centre Hospitalier Régional de Sédhiou,Sédhiou,Sédhiou,355,168,2024-11-15,65,17,274,18,81,151,23,0.44,Covid-19,56,3,66.33,13.85,modéré,30.3,59.9,1589.2,False,0.35,0.38,0.08,118.7,20.2
13,Centre Hospitalier Régional de Sédhiou,Sédhiou,Sédhiou,355,168,2024-11-16,82,78,250,18,105,136,55,2.12,Choléra,72,10,76.43,14.25,modéré,33.1,53.9,4485.4,False,0.85,0.54,0.03,57.9,53.1
13,Centre Hospitalier Régional de Sédhiou,Sédhiou,Sédhiou,355,168,2024-11-17,46,71,138,14,217,135,5,3.8,Paludisme,117,5,89.45,21.57,élevé,32.3,52.7,2309.4,True,0.34,0.47,0.15,150.1,22.0
13,Centre Hospitalier Régional de Sédhiou,Sédhiou,Sédhiou,355,168,2024-11-18,60,29,276,11,79,166,35,3.23,Paludisme,63,0,91.61,3.78,modéré,27.5,65.2,3329.7,False,0.88,0.91,0.09,106.7,11.4
13,Centre Hospitalier Régional de Sédhiou,Sédhiou,Sédhiou,355,168,2024-11-19,49,32,218,21,137,162,60,0.48,Dengue,85,4,65.37,17.72,élevé,38.3,53.9,3972.1,True,0.74,0.42,0.15,85.7,47.6
13,Centre Hospitalier Régional de Sédhiou,Sédhiou,Sédhiou,355,168,2024-11-20,59,15,247,14,108,143,60,0.79,Choléra,78,7,52.93,14.8,modéré,29.8,68.2,551.9,False,0.78,0.41,0.05,112.5,27.5
13,Centre Hospitalier Régional de Sédhiou,Sédhiou,Sédhiou,355,168,2024-11-21,14,88,320,8,35,140,58,2.77,Grippe,99,2,62.62,17.09,élevé,35.9,50.9,745.8,True,0.3,0.9,0.1,179.7,59.4
13,Centre Hospitalier Régional de Sédhiou,Sédhiou,Sédhiou,355,168,2024-11-22,56,15,257,5,98,119,32,2.89,Paludisme,11,7,49.74,2.98,faible,31.2,58.1,2827.4,False,0.35,0.73,0.06,10.7,47.3
13,Centre Hospitalier Régional de Sédhiou,Sédhiou,Sédhiou,355,168,2024-11-23,53,44,282,13,73,168,56,0.76,Covid-19,88,6,56.86,26.14,élevé,24.3,48.3,1268.0,True,0.51,0.55,0.06,14.5,19.1
13,Centre Hospitalier Régional de Sédhiou,Sédhiou,Sédhiou,355,168,2024-11-24,14,7,143,17,212,124,47,0.93,Covid-19,13,9,88.09,11.43,faible,36.5,70.2,934.3,False,0.88,0.52,0.02,120.5,51.8
13,Centre Hospitalier Régional de Sédhiou,Sédhiou,Sédhiou,355,168,2024-11-25,28,46,267,23,88,126,18,3.93,Paludisme,32,9,37.15,4.69,modéré,30.7,69.1,449.7,False,0.54,0.67,0.0,55.3,24.0
13,Centre Hospitalier Régional de Sédhiou,Sédhiou,Sédhiou,355,168,2024-11-26,92,68,210,1,145,132,6,3.6,Grippe,70,2,60.43,20.65,modéré,28.2,70.8,3190.4,False,0.37,0.37,0.0,24.8,59.5
13,Centre Hospitalier Régional de Sédhiou,Sédhiou,Sédhiou,355,168,2024-11-27,28,47,131,5,224,163,33,0.86,Dengue,71,0,72.24,18.05,modéré,23.3,79.8,3971.7,False,0.96,0.67,0.12,12.6,52.3
13,Centre Hospitalier Régional de Sédhiou,Sédhiou,Sédhiou,355,168,2024-11-28,81,7,332,4,23,124,56,0.55,Paludisme,36,10,40.78,27.45,modéré,36.7,58.3,4628.0,False,0.98,0.77,0.08,99.5,44.1
13,Centre Hospitalier Régional de Sédhiou,Sédhiou,Sédhiou,355,168,2024-11-29,18,64,286,3,69,123,4,0.22,Grippe,117,6,82.31,21.68,élevé,38.8,76.6,622.8,True,0.97,0.92,0.06,139.0,24.9
13,Centre Hospitalier Régional de Sédhiou,Sédhiou,Sédhiou,355,168,2024-11-30,48,7,90,4,265,142,44,3.73,Covid-19,114,6,53.25,19.55,élevé,26.3,49.9,1747.7,True,0.84,0.84,0.18,15.3,41.8
13,Centre Hospitalier Régional de Sédhiou,Sédhiou,Sédhiou,355,168,2024-12-01,97,73,202,1,153,123,24,3.26,Choléra,38,7,41.97,5.28,modéré,27.4,79.0,3856.2,False,0.68,0.45,0.14,178.3,27.5
13,Centre Hospitalier Régional de Sédhiou,Sédhiou,Sédhiou,355,168,2024-12-02,57,18,347,11,8,156,2,0.36,Covid-19,82,1,44.86,19.71,élevé,25.6,58.5,106.0,True,0.24,0.34,0.15,128.3,58.5
13,Centre Hospitalier Régional de Sédhiou,Sédhiou,Sédhiou,355,168,2024-12-03,30,77,52,15,303,168,34,3.94,Covid-19,40,2,69.6,22.99,modéré,28.0,42.9,3663.0,False,0.48,0.74,0.03,133.4,14.8
13,Centre Hospitalier Régional de Sédhiou,Sédhiou,Sédhiou,355,168,2024-12-04,40,70,82,3,273,163,29,0.78,Grippe,34,9,60.85,24.18,modéré,35.0,79.8,1365.6,False,0.91,0.33,0.07,76.7,32.4
13,Centre Hospitalier Régional de Sédhiou,Sédhiou,Sédhiou,355,168,2024-12-05,96,48,57,4,298,154,35,0.51,Paludisme,116,4,82.53,29.7,élevé,31.1,49.0,1347.7,True,0.26,0.91,0.03,149.3,18.9
13,Centre Hospitalier Régional de Sédhiou,Sédhiou,Sédhiou,355,168,2024-12-06,33,38,71,18,284,150,32,3.95,Paludisme,38,3,40.09,14.18,modéré,34.8,77.2,952.1,False,0.8,0.44,0.12,121.0,36.4
13,Centre Hospitalier Régional de Sédhiou,Sédhiou,Sédhiou,355,168,2024-12-07,61,6,353,24,2,129,40,3.38,Grippe,117,3,60.16,16.5,élevé,36.6,90.0,333.9,True,0.69,0.7,0.07,124.2,41.1
13,Centre Hospitalier Régional de Sédhiou,Sédhiou,Sédhiou,355,168,2024-12-08,40,17,289,10,66,161,55,0.71,Dengue,6,10,68.57,7.39,faible,23.4,87.8,3648.8,False,0.79,0.54,0.17,165.7,39.9
13,Centre Hospitalier Régional de Sédhiou,Sédhiou,Sédhiou,355,168,2024-12-09,37,70,207,8,148,125,19,0.29,Dengue,100,6,35.99,15.37,élevé,34.0,45.8,2083.7,True,0.28,0.4,0.02,117.8,16.9
13,Centre Hospitalier Régional de Sédhiou,Sédhiou,Sédhiou,355,168,2024-12-10,77,8,322,13,33,163,20,2.41,Dengue,23,10,92.39,9.77,faible,22.7,71.8,3731.5,False,0.72,0.45,0.08,49.0,26.2
13,Centre Hospitalier Régional de Sédhiou,Sédhiou,Sédhiou,355,168,2024-12-11,65,37,163,3,192,148,16,1.04,Covid-19,22,1,67.22,3.01,faible,38.6,74.0,209.8,False,0.36,0.85,0.09,109.3,42.6
13,Centre Hospitalier Régional de Sédhiou,Sédhiou,Sédhiou,355,168,2024-12-12,84,49,261,16,94,166,40,1.78,Dengue,45,0,87.74,13.54,modéré,33.7,47.8,812.4,False,0.87,0.73,0.06,5.2,33.4
13,Centre Hospitalier Régional de Sédhiou,Sédhiou,Sédhiou,355,168,2024-12-13,66,73,49,20,306,120,40,1.11,Choléra,35,2,63.3,14.85,modéré,34.1,79.5,3183.8,False,0.54,0.34,0.1,85.4,5.0
13,Centre Hospitalier Régional de Sédhiou,Sédhiou,Sédhiou,355,168,2024-12-14,79,26,276,22,79,151,49,2.66,Dengue,94,9,82.32,18.54,élevé,33.5,69.4,4408.5,True,0.56,0.45,0.07,145.9,42.1
13,Centre Hospitalier Régional de Sédhiou,Sédhiou,Sédhiou,355,168,2024-12-15,88,33,114,21,241,151,33,3.96,Grippe,11,1,93.84,29.51,faible,30.0,75.4,3192.9,False,0.88,0.53,0.16,21.0,49.0
13,Centre Hospitalier Régional de Sédhiou,Sédhiou,Sédhiou,355,168,2024-12-16,21,76,88,17,267,124,34,1.28,Paludisme,79,0,89.34,6.0,modéré,34.1,83.3,4667.9,False,0.28,0.85,0.03,101.0,17.8
13,Centre Hospitalier Régional de Sédhiou,Sédhiou,Sédhiou,355,168,2024-12-17,29,17,228,15,127,156,45,0.92,Grippe,15,4,70.77,27.47,faible,35.2,64.3,4816.5,False,0.53,0.75,0.03,55.8,29.9
13,Centre Hospitalier Régional de Sédhiou,Sédhiou,Sédhiou,355,168,2024-12-18,63,62,30,21,325,128,34,2.49,Dengue,58,1,92.71,23.5,modéré,34.8,78.8,435.9,False,0.63,0.61,0.02,156.8,35.0
13,Centre Hospitalier Régional de Sédhiou,Sédhiou,Sédhiou,355,168,2024-12-19,97,85,310,13,45,149,30,2.36,Paludisme,36,8,36.02,6.45,modéré,37.0,75.4,1939.1,False,0.85,0.95,0.11,56.1,12.9
13,Centre Hospitalier Régional de Sédhiou,Sédhiou,Sédhiou,355,168,2024-12-20,97,19,88,9,267,164,49,3.87,Dengue,61,3,50.6,18.66,modéré,27.5,50.8,4556.4,False,0.46,0.72,0.16,94.8,36.6
13,Centre Hospitalier Régional de Sédhiou,Sédhiou,Sédhiou,355,168,2024-12-21,73,63,177,12,178,152,36,2.17,Paludisme,58,8,50.91,10.39,modéré,28.6,60.4,2512.8,False,0.57,0.56,0.1,100.6,37.7
13,Centre Hospitalier Régional de Sédhiou,Sédhiou,Sédhiou,355,168,2024-12-22,70,22,166,16,189,163,60,0.53,Paludisme,37,9,63.56,10.93,modéré,36.4,55.9,1627.0,False,0.89,0.54,0.15,143.7,28.3
13,Centre Hospitalier Régional de Sédhiou,Sédhiou,Sédhiou,355,168,2024-12-23,36,34,233,9,122,129,30,0.15,Choléra,57,5,55.71,5.37,modéré,29.2,75.7,4944.9,False,0.84,0.47,0.06,101.9,9.9
13,Centre Hospitalier Régional de Sédhiou,Sédhiou,Sédhiou,355,168,2024-09-15,59,27,320,24,35,127,24,3.96,Paludisme,13,7,70.04,14.85,faible,23.0,71.9,2683.9,False,0.91,0.97,0.11,23.4,23.8
13,Centre Hospitalier Régional de Sédhiou,Sédhiou,Sédhiou,355,168,2024-09-16,70,6,83,10,272,129,38,1.81,Covid-19,53,0,90.16,20.27,modéré,35.8,73.0,4127.1,False,0.94,0.55,0.18,14.8,45.0
13,Centre Hospitalier Régional de Sédhiou,Sédhiou,Sédhiou,355,168,2024-09-17,67,89,162,25,193,165,52,0.24,Paludisme,79,3,38.24,12.37,modéré,33.8,76.1,4127.9,False,0.6,0.92,0.15,145.5,57.4
13,Centre Hospitalier Régional de Sédhiou,Sédhiou,Sédhiou,355,168,2024-09-18,83,82,78,10,277,152,6,3.22,Dengue,41,1,65.8,19.94,modéré,26.7,60.4,2242.0,False,0.41,0.58,0.11,34.6,10.2
13,Centre Hospitalier Régional de Sédhiou,Sédhiou,Sédhiou,355,168,2024-09-19,66,79,324,12,31,157,43,0.73,Choléra,59,10,32.34,29.55,modéré,26.1,56.7,287.7,False,0.61,0.65,0.12,107.0,19.1
13,Centre Hospitalier Régional de Sédhiou,Sédhiou,Sédhiou,355,168,2024-09-20,29,46,310,17,45,146,20,0.41,Choléra,53,10,54.34,1.22,modéré,35.3,58.7,4926.2,False,0.48,0.34,0.15,41.6,33.1
13,Centre Hospitalier Régional de Sédhiou,Sédhiou,Sédhiou,355,168,2024-09-21,10,86,247,5,108,163,39,3.32,Choléra,89,9,72.67,28.4,élevé,22.6,40.6,3575.4,True,0.37,0.65,0.04,107.4,10.3
13,Centre Hospitalier Régional de Sédhiou,Sédhiou,Sédhiou,355,168,2024-09-22,64,75,313,8,42,119,45,3.28,Covid-19,13,10,63.37,11.22,faible,25.6,83.0,3152.6,False,0.83,0.65,0.02,93.2,21.0
13,Centre Hospitalier Régional de Sédhiou,Sédhiou,Sédhiou,355,168,2024-09-23,51,37,190,13,165,152,31,1.15,Grippe,83,4,78.69,16.6,élevé,30.3,60.4,4174.8,True,0.25,0.61,0.19,61.7,39.6
13,Centre Hospitalier Régional de Sédhiou,Sédhiou,Sédhiou,355,168,2024-09-24,79,32,53,4,302,132,20,0.57,Paludisme,20,5,42.41,1.86,faible,29.8,47.0,2851.7,False,0.43,0.53,0.19,12.1,47.8
13,Centre Hospitalier Régional de Sédhiou,Sédhiou,Sédhiou,355,168,2024-09-25,22,70,277,6,78,129,57,0.52,Dengue,75,9,51.14,1.62,modéré,37.8,53.4,2049.0,False,0.87,0.38,0.18,149.4,56.6
13,Centre Hospitalier Régional de Sédhiou,Sédhiou,Sédhiou,355,168,2024-09-26,22,46,285,14,70,166,47,1.17,Covid-19,39,8,62.42,15.49,modéré,35.7,87.1,392.7,False,0.47,0.85,0.07,123.7,43.4
13,Centre Hospitalier Régional de Sédhiou,Sédhiou,Sédhiou,355,168,2024-09-27,98,78,221,10,134,167,31,1.89,Grippe,80,2,82.54,27.35,élevé,27.2,85.6,1777.4,False,0.36,0.32,0.18,140.9,15.4
13,Centre Hospitalier Régional de Sédhiou,Sédhiou,Sédhiou,355,168,2024-09-28,67,16,262,8,93,134,40,0.41,Choléra,15,2,39.87,27.78,faible,30.2,63.2,2061.0,False,0.65,0.85,0.08,43.5,14.6
13,Centre Hospitalier Régional de Sédhiou,Sédhiou,Sédhiou,355,168,2024-09-29,42,14,165,21,190,157,33,1.89,Choléra,17,5,68.4,13.36,faible,22.9,62.5,1052.6,False,0.74,0.47,0.09,88.2,18.1
13,Centre Hospitalier Régional de Sédhiou,Sédhiou,Sédhiou,355,168,2024-09-30,85,57,32,8,323,130,29,2.5,Covid-19,80,5,64.08,22.03,élevé,31.9,51.6,2048.1,False,0.51,0.72,0.12,109.9,44.7
13,Centre Hospitalier Régional de Sédhiou,Sédhiou,Sédhiou,355,168,2024-10-01,45,57,246,7,109,136,53,1.73,Dengue,38,9,41.28,26.3,modéré,25.9,78.9,639.2,False,0.68,0.66,0.17,14.3,42.4
13,Centre Hospitalier Régional de Sédhiou,Sédhiou,Sédhiou,355,168,2024-10-02,41,26,54,12,301,165,53,0.82,Grippe,0,1,65.31,10.69,faible,26.6,63.0,2412.4,False,0.29,0.72,0.13,73.0,48.4
13,Centre Hospitalier Régional de Sédhiou,Sédhiou,Sédhiou,355,168,2024-10-03,52,57,47,14,308,165,16,3.02,Choléra,6,5,75.82,3.38,faible,29.7,48.3,4902.8,False,0.66,0.63,0.16,58.2,28.1
13,Centre Hospitalier Régional de Sédhiou,Sédhiou,Sédhiou,355,168,2024-10-04,61,37,28,11,327,119,5,3.5,Dengue,69,0,42.05,12.34,modéré,31.4,64.1,893.9,False,0.31,0.57,0.08,44.9,19.7
13,Centre Hospitalier Régional de Sédhiou,Sédhiou,Sédhiou,355,168,2024-10-05,29,66,326,5,29,121,22,1.35,Grippe,100,10,41.83,11.25,élevé,23.3,49.1,2771.1,True,0.82,0.73,0.17,176.3,58.9
13,Centre Hospitalier Régional de Sédhiou,Sédhiou,Sédhiou,355,168,2024-10-06,72,68,209,2,146,143,2,2.9,Choléra,9,10,86.01,16.47,faible,37.4,52.7,4407.1,False,0.69,0.83,0.03,166.1,39.5
13,Centre Hospitalier Régional de Sédhiou,Sédhiou,Sédhiou,355,168,2024-10-07,50,27,155,13,200,164,47,0.96,Paludisme,95,1,92.18,11.1,élevé,23.6,48.0,1636.0,True,0.6,0.88,0.17,170.8,59.0
13,Centre Hospitalier Régional de Sédhiou,Sédhiou,Sédhiou,355,168,2024-10-08,33,53,40,18,315,157,42,3.98,Grippe,3,7,59.81,7.06,faible,33.1,41.9,463.6,False,0.99,0.88,0.05,72.7,24.2
13,Centre Hospitalier Régional de Sédhiou,Sédhiou,Sédhiou,355,168,2024-10-09,43,25,337,2,18,166,51,3.43,Covid-19,37,2,37.64,28.68,modéré,38.5,85.3,2006.0,False,0.28,0.76,0.16,36.0,54.4
13,Centre Hospitalier Régional de Sédhiou,Sédhiou,Sédhiou,355,168,2024-10-10,83,22,224,2,131,151,33,3.88,Dengue,72,1,44.26,21.14,modéré,34.5,48.4,2986.4,False,0.35,0.77,0.2,14.5,17.4
13,Centre Hospitalier Régional de Sédhiou,Sédhiou,Sédhiou,355,168,2024-10-11,10,14,203,7,152,161,50,2.56,Choléra,78,10,46.1,2.53,modéré,35.8,82.1,856.4,False,0.61,0.73,0.17,138.5,11.0
13,Centre Hospitalier Régional de Sédhiou,Sédhiou,Sédhiou,355,168,2024-10-12,68,56,223,4,132,167,25,0.34,Grippe,98,0,38.61,17.66,élevé,37.2,77.8,2012.4,True,0.32,0.84,0.06,79.6,44.4
13,Centre Hospitalier Régional de Sédhiou,Sédhiou,Sédhiou,355,168,2024-10-13,33,16,91,2,264,124,8,2.5,Paludisme,37,7,64.66,24.55,modéré,22.0,68.8,4649.0,False,0.29,0.48,0.06,137.0,3.4
13,Centre Hospitalier Régional de Sédhiou,Sédhiou,Sédhiou,355,168,2024-10-14,76,46,236,2,119,154,7,2.47,Choléra,63,9,45.87,18.16,modéré,37.0,51.4,2702.4,False,0.64,0.69,0.01,41.0,36.4
13,Centre Hospitalier Régional de Sédhiou,Sédhiou,Sédhiou,355,168,2024-10-15,35,36,87,9,268,156,16,1.59,Covid-19,17,7,74.58,2.44,faible,25.8,74.0,3700.8,False,0.86,0.9,0.08,38.5,49.8
13,Centre Hospitalier Régional de Sédhiou,Sédhiou,Sédhiou,355,168,2024-10-16,84,60,201,23,154,125,40,3.11,Choléra,117,6,39.07,23.73,élevé,25.0,73.0,742.0,True,0.21,0.31,0.2,29.0,34.2
13,Centre Hospitalier Régional de Sédhiou,Sédhiou,Sédhiou,355,168,2024-10-17,28,12,241,18,114,160,58,1.69,Covid-19,89,10,42.9,15.57,élevé,32.8,44.2,618.7,True,0.39,0.43,0.02,125.9,28.1
13,Centre Hospitalier Régional de Sédhiou,Sédhiou,Sédhiou,355,168,2024-10-18,91,51,203,0,152,156,11,2.58,Dengue,22,0,58.0,17.44,faible,25.2,68.1,1700.0,False,0.91,0.34,0.01,154.6,48.2
13,Centre Hospitalier Régional de Sédhiou,Sédhiou,Sédhiou,355,168,2024-10-19,56,16,334,0,21,154,26,1.2,Dengue,43,3,77.09,16.76,modéré,22.0,44.3,2290.3,False,0.77,0.44,0.2,9.4,21.1
13,Centre Hospitalier Régional de Sédhiou,Sédhiou,Sédhiou,355,168,2024-10-20,48,55,99,17,256,136,14,2.86,Choléra,54,7,56.36,24.64,modéré,24.8,83.7,1483.3,False,0.75,0.78,0.09,168.3,55.6
13,Centre Hospitalier Régional de Sédhiou,Sédhiou,Sédhiou,355,168,2024-10-21,19,36,38,25,317,118,32,1.14,Choléra,63,7,77.54,23.14,modéré,26.8,44.2,3217.6,False,0.72,0.35,0.12,137.9,53.0
13,Centre Hospitalier Régional de Sédhiou,Sédhiou,Sédhiou,355,168,2024-10-22,57,45,98,0,257,168,20,0.71,Paludisme,38,5,40.72,29.85,modéré,37.1,86.3,3317.5,False,0.53,0.69,0.03,23.6,59.6
13,Centre Hospitalier Régional de Sédhiou,Sédhiou,Sédhiou,355,168,2024-10-23,51,55,192,3,163,146,31,3.76,Choléra,16,0,47.71,19.3,faible,34.9,76.4,2554.6,False,0.43,0.9,0.03,50.2,49.3
13,Centre Hospitalier Régional de Sédhiou,Sédhiou,Sédhiou,355,168,2024-10-24,79,54,348,6,7,118,2,1.08,Choléra,70,10,74.47,27.21,modéré,37.4,80.2,1738.9,False,0.54,0.65,0.1,139.6,34.2
13,Centre Hospitalier Régional de Sédhiou,Sédhiou,Sédhiou,355,168,2024-10-25,16,36,71,1,284,147,19,2.2,Dengue,45,2,50.39,27.51,modéré,37.2,52.6,4410.2,False,0.66,0.61,0.03,124.7,13.6
13,Centre Hospitalier Régional de Sédhiou,Sédhiou,Sédhiou,355,168,2024-10-26,75,53,169,23,186,152,42,2.88,Covid-19,109,1,70.87,7.93,élevé,35.9,83.8,3490.0,True,0.91,0.65,0.17,68.8,23.8
13,Centre Hospitalier Régional de Sédhiou,Sédhiou,Sédhiou,355,168,2024-10-27,93,42,208,25,147,166,60,1.67,Grippe,38,9,59.35,29.74,modéré,22.5,74.3,4679.0,False,0.27,0.71,0.07,76.2,39.0
13,Centre Hospitalier Régional de Sédhiou,Sédhiou,Sédhiou,355,168,2024-10-28,64,34,167,23,188,150,43,1.74,Dengue,22,0,85.29,10.48,faible,24.4,59.9,1285.6,False,0.35,0.93,0.09,57.8,53.0
13,Centre Hospitalier Régional de Sédhiou,Sédhiou,Sédhiou,355,168,2024-10-29,82,33,178,16,177,124,13,0.89,Grippe,8,2,80.08,5.79,faible,22.5,68.0,3184.5,False,0.25,1.0,0.07,90.3,9.9
13,Centre Hospitalier Régional de Sédhiou,Sédhiou,Sédhiou,355,168,2024-10-30,44,56,136,2,219,157,11,2.76,Grippe,43,2,74.99,1.72,modéré,30.0,65.9,4429.9,False,0.47,0.79,0.01,40.4,20.6
13,Centre Hospitalier Régional de Sédhiou,Sédhiou,Sédhiou,355,168,2024-10-31,61,57,130,12,225,136,47,0.73,Paludisme,32,3,77.92,7.69,modéré,32.2,53.0,1200.6,False,0.96,0.35,0.09,9.0,55.8
13,Centre Hospitalier Régional de Sédhiou,Sédhiou,Sédhiou,355,168,2024-11-01,25,57,85,23,270,150,7,2.84,Choléra,18,2,53.35,26.16,faible,25.3,46.4,1953.7,False,0.77,0.78,0.08,148.9,15.3
13,Centre Hospitalier Régional de Sédhiou,Sédhiou,Sédhiou,355,168,2024-11-02,72,45,309,21,46,129,1,0.48,Dengue,89,1,43.81,16.35,élevé,32.6,53.1,1099.2,True,0.95,0.85,0.0,130.0,47.5
13,Centre Hospitalier Régional de Sédhiou,Sédhiou,Sédhiou,355,168,2024-11-03,80,7,198,24,157,141,13,3.0,Grippe,13,9,51.01,16.35,faible,38.6,43.4,3311.8,False,0.94,0.34,0.19,129.8,46.9
3,Centre Hospitalier Régional de Diourbel,Diourbel,Diourbel,442,419,2024-03-09,48,36,187,7,255,384,14,2.32,Covid-19,14,1,89.59,17.67,faible,23.9,86.4,3470.7,False,0.67,0.67,0.04,74.9,45.8
3,Centre Hospitalier Régional de Diourbel,Diourbel,Diourbel,442,419,2024-03-10,55,73,319,8,123,383,55,0.43,Paludisme,66,4,63.35,9.75,modéré,30.4,59.8,829.1,False,0.77,0.79,0.12,21.0,6.7
3,Centre Hospitalier Régional de Diourbel,Diourbel,Diourbel,442,419,2024-03-11,84,54,164,23,278,374,23,1.18,Paludisme,40,0,84.71,20.81,modéré,23.7,84.1,2002.9,False,0.3,0.82,0.09,93.0,53.3
3,Centre Hospitalier Régional de Diourbel,Diourbel,Diourbel,442,419,2024-03-12,28,71,233,13,209,402,22,2.39,Paludisme,5,9,41.21,24.11,faible,33.6,53.7,4184.6,False,0.45,0.54,0.11,58.8,37.6
3,Centre Hospitalier Régional de Diourbel,Diourbel,Diourbel,442,419,2024-03-13,77,52,239,3,203,370,34,2.7,Paludisme,65,5,68.89,17.44,modéré,25.0,54.2,515.0,False,0.85,0.81,0.04,121.0,17.4
3,Centre Hospitalier Régional de Diourbel,Diourbel,Diourbel,442,419,2024-03-14,28,67,417,17,25,372,18,2.96,Choléra,54,4,36.89,29.57,modéré,31.9,84.4,3258.1,False,0.81,0.96,0.19,88.8,25.6
3,Centre Hospitalier Régional de Diourbel,Diourbel,Diourbel,442,419,2024-03-15,21,26,397,17,45,384,24,1.17,Paludisme,36,8,32.53,3.35,modéré,22.7,89.1,4552.4,False,0.79,0.44,0.12,14.7,42.4
3,Centre Hospitalier Régional de Diourbel,Diourbel,Diourbel,442,419,2024-03-16,91,75,282,3,160,412,52,1.29,Choléra,99,3,79.84,7.98,élevé,36.1,74.2,836.0,True,0.69,0.87,0.19,20.1,36.3
3,Centre Hospitalier Régional de Diourbel,Diourbel,Diourbel,442,419,2024-03-17,64,59,178,20,264,378,37,0.33,Choléra,58,7,48.52,28.45,modéré,31.6,51.8,3374.8,False,0.86,0.62,0.2,148.0,46.0
3,Centre Hospitalier Régional de Diourbel,Diourbel,Diourbel,442,419,2024-03-18,84,20,205,23,237,384,40,1.32,Grippe,39,7,33.61,24.11,modéré,35.8,46.0,3185.2,False,0.58,0.51,0.14,142.8,18.8
3,Centre Hospitalier Régional de Diourbel,Diourbel,Diourbel,442,419,2024-03-19,52,17,75,12,367,387,17,2.17,Covid-19,97,1,49.8,5.91,élevé,28.3,40.1,3044.6,True,0.87,0.6,0.1,63.1,26.3
3,Centre Hospitalier Régional de Diourbel,Diourbel,Diourbel,442,419,2024-03-20,18,79,318,4,124,380,0,1.96,Dengue,67,5,40.74,11.26,modéré,29.6,45.8,191.2,False,0.73,0.98,0.14,28.8,40.5
3,Centre Hospitalier Régional de Diourbel,Diourbel,Diourbel,442,419,2024-03-21,36,69,80,7,362,413,35,3.49,Covid-19,94,0,61.52,27.59,élevé,25.3,46.1,2774.4,True,0.97,0.98,0.03,97.4,19.4
3,Centre Hospitalier Régional de Diourbel,Diourbel,Diourbel,442,419,2024-03-22,65,76,27,15,415,385,33,2.81,Covid-19,9,3,79.96,15.94,faible,34.8,81.6,3457.7,False,0.77,0.79,0.0,135.6,30.0
3,Centre Hospitalier Régional de Diourbel,Diourbel,Diourbel,442,419,2024-03-23,79,21,298,15,144,415,34,2.77,Choléra,103,0,41.83,29.55,élevé,35.7,60.1,2596.2,True,0.64,0.62,0.16,8.4,39.5
3,Centre Hospitalier Régional de Diourbel,Diourbel,Diourbel,442,419,2024-03-24,69,15,154,18,288,377,56,2.72,Covid-19,63,1,62.57,4.07,modéré,27.8,71.5,2014.5,False,0.55,0.36,0.06,98.3,18.4
3,Centre Hospitalier Régional de Diourbel,Diourbel,Diourbel,442,419,2024-03-25,89,89,160,11,282,406,43,1.14,Grippe,55,9,94.46,16.57,modéré,29.1,57.3,2747.7,False,0.56,0.88,0.2,43.4,36.2
3,Centre Hospitalier Régional de Diourbel,Diourbel,Diourbel,442,419,2024-03-26,46,43,116,16,326,401,11,2.16,Paludisme,7,3,84.22,21.54,faible,28.3,78.1,3674.5,False,0.51,0.57,0.1,126.9,46.6
3,Centre Hospitalier Régional de Diourbel,Diourbel,Diourbel,442,419,2024-03-27,11,88,407,0,35,417,19,1.23,Choléra,19,8,55.62,14.31,faible,26.2,88.3,1403.7,False,0.38,0.93,0.12,100.5,57.3
3,Centre Hospitalier Régional de Diourbel,Diourbel,Diourbel,442,419,2024-03-28,17,20,284,7,158,373,43,3.78,Paludisme,50,3,74.63,2.5,modéré,32.6,79.7,3565.4,False,0.42,0.88,0.03,155.5,28.7
3,Centre Hospitalier Régional de Diourbel,Diourbel,Diourbel,442,419,2024-03-29,29,89,262,19,180,372,33,2.12,Grippe,57,1,61.92,23.31,modéré,22.5,63.6,3060.8,False,0.67,0.44,0.14,124.3,4.0
3,Centre Hospitalier Régional de Diourbel,Diourbel,Diourbel,442,419,2024-03-30,37,77,215,13,227,396,43,1.65,Paludisme,114,4,61.78,7.2,élevé,23.4,82.3,2033.5,True,0.28,0.68,0.14,46.5,31.9
3,Centre Hospitalier Régional de Diourbel,Diourbel,Diourbel,442,419,2024-03-31,72,88,97,11,345,378,30,0.6,Dengue,6,7,67.57,13.2,faible,27.6,71.7,2338.0,False,0.34,0.8,0.19,172.5,25.8
3,Centre Hospitalier Régional de Diourbel,Diourbel,Diourbel,442,419,2024-04-01,73,68,135,16,307,399,5,1.47,Choléra,73,9,88.34,9.26,modéré,37.1,76.9,3953.6,False,0.37,0.73,0.01,29.8,7.7
3,Centre Hospitalier Régional de Diourbel,Diourbel,Diourbel,442,419,2024-04-02,63,81,263,2,179,375,19,0.81,Paludisme,8,9,75.38,5.09,faible,25.5,52.5,693.0,False,0.82,0.31,0.19,158.0,28.1
3,Centre Hospitalier Régional de Diourbel,Diourbel,Diourbel,442,419,2024-04-03,50,89,381,24,61,411,40,3.1,Paludisme,118,9,54.01,11.58,élevé,36.2,51.1,3227.7,True,0.21,0.32,0.11,70.3,32.2
3,Centre Hospitalier Régional de Diourbel,Diourbel,Diourbel,442,419,2024-04-04,69,32,244,1,198,415,12,1.95,Paludisme,99,10,48.42,21.26,élevé,35.1,60.1,3171.1,True,0.97,0.83,0.19,47.5,19.3
3,Centre Hospitalier Régional de Diourbel,Diourbel,Diourbel,442,419,2024-04-05,46,39,385,11,57,406,39,0.58,Choléra,37,1,56.84,22.62,modéré,26.8,73.1,4275.3,False,0.86,0.42,0.16,55.7,23.2
3,Centre Hospitalier Régional de Diourbel,Diourbel,Diourbel,442,419,2024-04-06,13,49,395,21,47,419,27,3.95,Dengue,51,0,38.05,23.95,modéré,23.0,55.6,1483.3,False,0.57,0.64,0.08,141.6,18.0
3,Centre Hospitalier Régional de Diourbel,Diourbel,Diourbel,442,419,2024-04-07,15,27,150,22,292,406,23,3.59,Covid-19,69,4,77.2,8.11,modéré,27.9,69.0,4573.7,False,0.43,0.49,0.08,13.8,58.5
3,Centre Hospitalier Régional de Diourbel,Diourbel,Diourbel,442,419,2024-04-08,35,24,90,24,352,387,32,2.59,Dengue,60,9,64.85,21.44,modéré,34.6,82.5,4157.6,False,0.71,0.92,0.17,94.4,41.6
3,Centre Hospitalier Régional de Diourbel,Diourbel,Diourbel,442,419,2024-04-09,76,68,49,10,393,416,46,2.78,Paludisme,114,1,79.38,16.07,élevé,25.5,53.0,4134.1,True,0.38,0.97,0.13,115.6,16.1
3,Centre Hospitalier Régional de Diourbel,Diourbel,Diourbel,442,419,2024-04-10,77,69,68,25,374,369,57,2.31,Paludisme,87,3,58.51,5.79,élevé,38.6,48.1,2912.7,True,0.59,0.54,0.14,104.4,56.3
3,Centre Hospitalier Régional de Diourbel,Diourbel,Diourbel,442,419,2024-04-11,94,14,288,0,154,375,47,0.47,Grippe,64,8,73.48,18.4,modéré,27.9,45.2,1166.6,False,0.43,0.78,0.18,25.1,19.7
3,Centre Hospitalier Régional de Diourbel,Diourbel,Diourbel,442,419,2024-04-12,100,48,172,2,270,418,26,1.03,Choléra,45,3,82.66,25.54,modéré,35.9,72.1,2163.3,False,0.76,0.86,0.11,112.0,8.1
3,Centre Hospitalier Régional de Diourbel,Diourbel,Diourbel,442,419,2024-04-13,66,33,429,10,13,401,60,0.65,Covid-19,59,6,89.08,10.87,modéré,26.7,50.3,2955.4,False,0.67,0.52,0.05,164.5,55.1
3,Centre Hospitalier Régional de Diourbel,Diourbel,Diourbel,442,419,2024-04-14,59,31,170,11,272,390,31,1.59,Choléra,79,4,43.5,28.87,modéré,36.6,62.2,2084.1,False,0.74,0.51,0.14,86.6,27.7
3,Centre Hospitalier Régional de Diourbel,Diourbel,Diourbel,442,419,2024-04-15,29,76,71,16,371,375,51,2.63,Paludisme,62,8,63.32,5.06,modéré,27.2,83.7,493.4,False,0.44,0.87,0.07,127.2,24.5
3,Centre Hospitalier Régional de Diourbel,Diourbel,Diourbel,442,419,2024-04-16,87,73,233,17,209,408,0,1.63,Paludisme,9,3,61.63,1.28,faible,28.7,81.4,1101.4,False,0.69,0.93,0.1,179.7,43.8
3,Centre Hospitalier Régional de Diourbel,Diourbel,Diourbel,442,419,2024-04-17,85,43,413,9,29,395,26,0.23,Grippe,11,6,90.96,12.86,faible,38.3,69.2,1239.6,False,0.54,0.85,0.0,134.9,47.9
3,Centre Hospitalier Régional de Diourbel,Diourbel,Diourbel,442,419,2024-04-18,94,26,85,25,357,411,37,1.83,Covid-19,35,3,64.08,14.62,modéré,28.1,76.9,3414.1,False,0.22,0.41,0.03,12.4,18.9
3,Centre Hospitalier Régional de Diourbel,Diourbel,Diourbel,442,419,2024-04-19,64,8,168,6,274,379,23,0.34,Choléra,58,7,34.1,14.07,modéré,38.0,52.1,4911.3,False,0.99,0.78,0.02,177.4,50.1
3,Centre Hospitalier Régional de Diourbel,Diourbel,Diourbel,442,419,2024-04-20,67,61,255,22,187,376,10,1.04,Grippe,114,5,37.96,3.69,élevé,36.7,65.7,2183.2,True,0.99,0.33,0.11,156.1,46.7
3,Centre Hospitalier Régional de Diourbel,Diourbel,Diourbel,442,419,2024-04-21,25,77,151,18,291,415,41,0.7,Dengue,54,6,83.97,14.92,modéré,32.6,81.0,3047.4,False,0.52,0.99,0.03,44.6,32.9
3,Centre Hospitalier Régional de Diourbel,Diourbel,Diourbel,442,419,2024-04-22,56,83,161,14,281,370,23,0.17,Dengue,31,5,34.58,29.11,modéré,22.1,87.4,3450.9,False,0.42,0.38,0.03,106.1,17.8
3,Centre Hospitalier Régional de Diourbel,Diourbel,Diourbel,442,419,2024-04-23,35,31,29,2,413,396,4,1.25,Paludisme,97,2,93.74,28.9,élevé,28.1,49.2,1271.2,True,0.58,0.42,0.09,47.4,41.7
3,Centre Hospitalier Régional de Diourbel,Diourbel,Diourbel,442,419,2024-04-24,70,48,357,12,85,369,59,0.18,Choléra,48,7,77.24,24.46,modéré,31.4,82.2,4365.7,False,0.31,0.54,0.02,52.5,37.6
3,Centre Hospitalier Régional de Diourbel,Diourbel,Diourbel,442,419,2024-04-25,100,18,344,25,98,386,49,2.59,Choléra,29,5,48.46,11.32,faible,28.9,70.1,3635.5,False,0.5,0.36,0.14,7.8,13.1
3,Centre Hospitalier Régional de Diourbel,Diourbel,Diourbel,442,419,2024-04-26,20,86,377,7,65,413,48,2.21,Choléra,47,8,87.21,19.09,modéré,29.5,63.4,2460.1,False,0.25,0.42,0.05,117.5,58.3
3,Centre Hospitalier Régional de Diourbel,Diourbel,Diourbel,442,419,2024-04-27,36,16,326,6,116,374,41,1.71,Choléra,43,2,65.72,17.32,modéré,24.5,64.9,1130.7,False,0.91,0.55,0.1,106.1,12.2
13,Centre Hospitalier Régional de Sédhiou,Sédhiou,Sédhiou,355,168,2024-02-28,84,81,183,8,172,155,37,2.33,Grippe,81,1,47.24,19.68,élevé,37.5,76.0,2193.1,True,0.33,0.9,0.18,71.6,21.5
13,Centre Hospitalier Régional de Sédhiou,Sédhiou,Sédhiou,355,168,2024-02-29,40,50,339,17,16,157,11,3.29,Grippe,76,10,56.22,22.66,modéré,30.3,76.7,3222.1,False,0.27,0.77,0.06,116.6,57.6
13,Centre Hospitalier Régional de Sédhiou,Sédhiou,Sédhiou,355,168,2024-03-01,54,80,21,7,334,151,35,3.26,Grippe,3,4,46.31,23.02,faible,29.8,80.9,3133.2,False,0.56,0.61,0.18,57.6,54.6
13,Centre Hospitalier Régional de Sédhiou,Sédhiou,Sédhiou,355,168,2024-03-02,59,59,90,14,265,141,30,1.75,Grippe,33,1,56.04,24.96,modéré,34.6,66.2,669.0,False,0.81,0.61,0.13,16.7,16.8
13,Centre Hospitalier Régional de Sédhiou,Sédhiou,Sédhiou,355,168,2024-03-03,68,38,136,2,219,131,53,1.83,Paludisme,61,1,76.51,16.91,modéré,28.3,79.0,3680.2,False,0.26,0.52,0.16,84.6,20.1
13,Centre Hospitalier Régional de Sédhiou,Sédhiou,Sédhiou,355,168,2024-03-04,40,37,280,20,75,142,23,1.48,Grippe,106,2,60.93,7.46,élevé,30.5,68.6,221.8,True,0.41,0.52,0.09,102.6,56.6
13,Centre Hospitalier Régional de Sédhiou,Sédhiou,Sédhiou,355,168,2024-03-05,28,90,290,9,65,138,13,2.69,Covid-19,109,4,61.41,24.86,élevé,32.2,65.9,3773.4,True,0.44,1.0,0.09,21.7,26.4
13,Centre Hospitalier Régional de Sédhiou,Sédhiou,Sédhiou,355,168,2024-03-06,49,64,198,5,157,139,46,3.26,Grippe,116,7,36.46,13.44,élevé,31.8,59.1,2232.2,True,0.68,0.81,0.18,5.4,26.8
13,Centre Hospitalier Régional de Sédhiou,Sédhiou,Sédhiou,355,168,2024-03-07,96,23,149,21,206,155,9,3.32,Covid-19,40,4,59.93,28.33,modéré,27.8,44.8,3145.4,False,0.51,0.35,0.18,135.8,45.8
13,Centre Hospitalier Régional de Sédhiou,Sédhiou,Sédhiou,355,168,2024-03-08,59,46,49,25,306,141,14,3.55,Paludisme,68,1,93.06,1.38,modéré,25.4,81.2,1305.7,False,0.92,0.92,0.13,21.5,19.3
13,Centre Hospitalier Régional de Sédhiou,Sédhiou,Sédhiou,355,168,2024-03-09,48,83,118,23,237,167,1,2.59,Covid-19,29,2,89.43,16.67,faible,27.1,86.3,4790.6,False,0.2,0.94,0.09,79.8,50.4
13,Centre Hospitalier Régional de Sédhiou,Sédhiou,Sédhiou,355,168,2024-03-10,65,35,244,10,111,157,45,2.0,Paludisme,15,9,66.16,14.78,faible,30.4,77.6,3106.6,False,0.2,0.64,0.09,27.5,10.1
13,Centre Hospitalier Régional de Sédhiou,Sédhiou,Sédhiou,355,168,2024-03-11,25,13,262,2,93,157,22,3.41,Dengue,55,8,58.84,3.14,modéré,37.6,59.0,2422.5,False,0.59,0.53,0.19,20.4,33.1
13,Centre Hospitalier Régional de Sédhiou,Sédhiou,Sédhiou,355,168,2024-03-12,12,36,275,12,80,155,52,0.9,Covid-19,22,7,94.77,12.3,faible,27.3,60.0,3035.1,False,0.88,0.68,0.07,129.9,20.4
13,Centre Hospitalier Régional de Sédhiou,Sédhiou,Sédhiou,355,168,2024-03-13,49,45,66,22,289,129,24,3.07,Paludisme,34,10,38.66,4.74,modéré,38.1,53.1,1781.5,False,0.43,0.9,0.11,124.7,20.6
13,Centre Hospitalier Régional de Sédhiou,Sédhiou,Sédhiou,355,168,2024-03-14,16,19,72,18,283,135,43,0.94,Dengue,70,9,40.12,8.91,modéré,38.7,60.9,2780.6,False,0.75,0.45,0.12,10.2,38.9
13,Centre Hospitalier Régional de Sédhiou,Sédhiou,Sédhiou,355,168,2024-03-15,88,76,163,25,192,125,7,0.37,Covid-19,14,10,81.39,27.66,faible,32.8,66.1,2739.4,False,0.21,0.31,0.04,69.3,50.6
13,Centre Hospitalier Régional de Sédhiou,Sédhiou,Sédhiou,355,168,2024-03-16,77,20,242,9,113,156,37,3.15,Paludisme,96,1,45.76,20.34,élevé,24.9,76.8,3092.4,True,0.62,0.78,0.1,113.6,8.2
13,Centre Hospitalier Régional de Sédhiou,Sédhiou,Sédhiou,355,168,2024-03-17,62,42,291,7,64,154,23,1.8,Covid-19,105,1,83.14,29.79,élevé,31.7,84.5,4367.6,True,0.58,0.65,0.15,159.1,51.8
13,Centre Hospitalier Régional de Sédhiou,Sédhiou,Sédhiou,355,168,2024-03-18,17,61,235,5,120,160,44,2.43,Dengue,23,0,69.03,8.85,faible,24.9,72.5,2318.9,False,0.4,0.81,0.2,83.1,43.6
13,Centre Hospitalier Régional de Sédhiou,Sédhiou,Sédhiou,355,168,2024-03-19,85,29,45,11,310,139,31,2.04,Covid-19,118,0,84.23,13.4,élevé,32.8,85.8,4439.7,True,0.47,0.47,0.06,68.0,21.7
13,Centre Hospitalier Régional de Sédhiou,Sédhiou,Sédhiou,355,168,2024-03-20,77,58,45,8,310,121,11,2.97,Covid-19,20,0,63.24,22.77,faible,24.6,54.8,1540.4,False,0.71,0.49,0.07,165.4,6.2
13,Centre Hospitalier Régional de Sédhiou,Sédhiou,Sédhiou,355,168,2024-03-21,90,83,252,20,103,142,17,0.57,Dengue,18,5,51.9,27.48,faible,32.9,64.9,3736.3,False,0.57,0.53,0.14,172.0,15.3
13,Centre Hospitalier Régional de Sédhiou,Sédhiou,Sédhiou,355,168,2024-03-22,41,40,349,13,6,164,2,1.99,Covid-19,34,5,80.1,2.73,modéré,32.0,51.3,3618.9,False,0.78,0.68,0.04,63.4,37.6
13,Centre Hospitalier Régional de Sédhiou,Sédhiou,Sédhiou,355,168,2024-03-23,82,44,157,18,198,160,24,1.59,Choléra,1,7,46.75,29.37,faible,25.9,81.8,4991.0,False,0.79,0.36,0.09,128.3,12.1
13,Centre Hospitalier Régional de Sédhiou,Sédhiou,Sédhiou,355,168,2024-03-24,61,64,335,6,20,128,20,0.65,Paludisme,50,1,37.05,2.39,modéré,33.6,63.7,1250.2,False,0.53,0.46,0.19,156.0,58.2
13,Centre Hospitalier Régional de Sédhiou,Sédhiou,Sédhiou,355,168,2024-03-25,55,60,331,19,24,130,27,2.74,Dengue,71,4,67.76,10.33,modéré,22.1,62.2,2547.9,False,0.92,0.33,0.08,56.6,6.6
13,Centre Hospitalier Régional de Sédhiou,Sédhiou,Sédhiou,355,168,2024-03-26,29,34,179,19,176,160,36,0.78,Dengue,31,1,55.95,28.05,modéré,35.3,65.6,4210.2,False,0.33,0.5,0.06,94.5,50.8
13,Centre Hospitalier Régional de Sédhiou,Sédhiou,Sédhiou,355,168,2024-03-27,44,11,41,6,314,153,48,1.8,Paludisme,6,3,31.8,15.71,faible,27.6,45.1,1008.5,False,0.66,0.88,0.07,168.4,43.6
13,Centre Hospitalier Régional de Sédhiou,Sédhiou,Sédhiou,355,168,2024-03-28,92,59,300,20,55,145,21,3.06,Choléra,39,7,53.91,24.16,modéré,32.9,55.5,4179.0,False,0.97,0.59,0.11,173.8,28.5
13,Centre Hospitalier Régional de Sédhiou,Sédhiou,Sédhiou,355,168,2024-03-29,78,70,210,17,145,151,8,3.73,Paludisme,63,8,34.59,18.12,modéré,31.5,56.3,652.4,False,0.66,0.37,0.09,37.5,59.0
13,Centre Hospitalier Régional de Sédhiou,Sédhiou,Sédhiou,355,168,2024-03-30,66,54,59,23,296,125,6,0.85,Choléra,18,6,92.62,26.62,faible,29.4,42.0,4056.1,False,0.53,0.54,0.05,177.8,19.1
13,Centre Hospitalier Régional de Sédhiou,Sédhiou,Sédhiou,355,168,2024-03-31,51,65,299,11,56,142,52,3.32,Grippe,4,1,67.0,7.66,faible,30.4,62.5,2770.2,False,0.52,0.33,0.15,62.3,20.7
13,Centre Hospitalier Régional de Sédhiou,Sédhiou,Sédhiou,355,168,2024-04-01,27,28,175,25,180,150,40,1.87,Covid-19,53,5,60.92,4.59,modéré,36.7,60.3,3915.4,False,0.96,0.4,0.08,87.1,47.0
13,Centre Hospitalier Régional de Sédhiou,Sédhiou,Sédhiou,355,168,2024-04-02,95,27,180,7,175,156,41,2.91,Dengue,106,10,50.97,6.94,élevé,29.4,80.4,2044.8,True,0.27,0.57,0.13,76.5,30.6
13,Centre Hospitalier Régional de Sédhiou,Sédhiou,Sédhiou,355,168,2024-04-03,38,9,179,6,176,135,26,0.42,Paludisme,11,1,91.62,16.08,faible,37.3,81.9,220.1,False,0.9,0.57,0.06,56.1,23.6
13,Centre Hospitalier Régional de Sédhiou,Sédhiou,Sédhiou,355,168,2024-04-04,29,81,53,7,302,149,44,2.25,Covid-19,27,4,68.63,22.82,faible,36.6,42.2,3426.6,False,0.41,0.47,0.09,117.6,42.5
13,Centre Hospitalier Régional de Sédhiou,Sédhiou,Sédhiou,355,168,2024-04-05,97,74,335,15,20,121,12,2.54,Grippe,76,6,87.71,21.18,modéré,32.6,84.9,2592.3,False,0.56,0.53,0.19,73.3,57.3
13,Centre Hospitalier Régional de Sédhiou,Sédhiou,Sédhiou,355,168,2024-04-06,76,36,195,20,160,166,30,0.81,Grippe,91,5,79.13,14.94,élevé,24.6,84.1,4051.0,True,0.64,0.55,0.08,145.6,48.9
13,Centre Hospitalier Régional de Sédhiou,Sédhiou,Sédhiou,355,168,2024-04-07,23,86,213,16,142,166,41,0.76,Grippe,52,7,49.51,20.49,modéré,23.3,50.4,2256.3,False,0.74,0.99,0.04,44.6,53.3
13,Centre Hospitalier Régional de Sédhiou,Sédhiou,Sédhiou,355,168,2024-04-08,87,41,171,10,184,148,8,3.49,Dengue,115,8,81.49,12.43,élevé,27.9,87.4,3190.2,True,0.35,0.94,0.08,60.3,31.0
13,Centre Hospitalier Régional de Sédhiou,Sédhiou,Sédhiou,355,168,2024-04-09,71,71,230,12,125,126,29,2.12,Choléra,16,2,80.71,25.93,faible,29.4,81.7,4717.5,False,0.52,0.99,0.1,169.5,55.0
13,Centre Hospitalier Régional de Sédhiou,Sédhiou,Sédhiou,355,168,2024-04-10,55,86,312,22,43,140,59,2.82,Grippe,15,0,38.85,2.32,faible,28.4,61.1,3882.1,False,0.35,0.6,0.16,97.5,19.2
13,Centre Hospitalier Régional de Sédhiou,Sédhiou,Sédhiou,355,168,2024-04-11,26,30,299,15,56,119,14,2.42,Grippe,115,9,67.77,24.13,élevé,23.0,75.0,1824.9,True,0.47,0.4,0.15,62.4,17.5
13,Centre Hospitalier Régional de Sédhiou,Sédhiou,Sédhiou,355,168,2024-04-12,26,58,301,23,54,137,28,2.13,Choléra,49,3,89.3,29.23,modéré,26.6,81.6,1526.0,False,0.46,0.33,0.1,34.5,36.6
13,Centre Hospitalier Régional de Sédhiou,Sédhiou,Sédhiou,355,168,2024-04-13,29,52,342,9,13,134,25,2.35,Paludisme,78,4,79.44,29.77,modéré,31.3,83.6,3429.0,False,0.71,0.8,0.09,58.2,60.0
13,Centre Hospitalier Régional de Sédhiou,Sédhiou,Sédhiou,355,168,2024-04-14,76,54,125,2,230,161,10,2.25,Covid-19,97,1,86.12,20.04,élevé,30.9,41.6,3112.3,True,0.48,0.64,0.01,115.8,23.7
13,Centre Hospitalier Régional de Sédhiou,Sédhiou,Sédhiou,355,168,2024-04-15,45,48,126,6,229,122,7,3.37,Covid-19,84,4,78.63,25.11,élevé,26.9,85.1,688.4,True,0.87,0.88,0.03,174.2,8.3
13,Centre Hospitalier Régional de Sédhiou,Sédhiou,Sédhiou,355,168,2024-04-16,73,74,182,21,173,121,31,2.19,Dengue,20,7,58.89,18.29,faible,29.0,41.6,2048.8,False,0.74,0.87,0.04,17.7,45.9
13,Centre Hospitalier Régional de Sédhiou,Sédhiou,Sédhiou,355,168,2024-04-17,55,41,354,3,1,138,49,2.38,Paludisme,22,2,78.29,9.9,faible,25.2,71.3,2626.5,False,0.47,0.88,0.13,174.8,48.9
13,Centre Hospitalier Régional de Sédhiou,Sédhiou,Sédhiou,355,168,2024-06-07,50,89,264,17,91,122,27,1.15,Grippe,38,4,87.29,15.51,modéré,25.8,80.6,1242.6,False,0.72,0.55,0.19,36.0,48.7
13,Centre Hospitalier Régional de Sédhiou,Sédhiou,Sédhiou,355,168,2024-06-08,89,10,285,8,70,133,4,1.42,Choléra,109,0,75.37,20.56,élevé,36.7,42.6,2235.2,True,0.79,0.68,0.16,67.2,11.6
13,Centre Hospitalier Régional de Sédhiou,Sédhiou,Sédhiou,355,168,2024-06-09,65,68,284,3,71,146,24,0.75,Choléra,102,9,80.27,9.07,élevé,29.9,55.2,2074.3,True,0.41,0.91,0.1,47.0,57.0
13,Centre Hospitalier Régional de Sédhiou,Sédhiou,Sédhiou,355,168,2024-06-10,96,63,52,0,303,146,47,0.68,Covid-19,56,1,88.75,18.99,modéré,24.8,44.4,268.4,False,0.51,0.56,0.18,146.7,36.9
13,Centre Hospitalier Régional de Sédhiou,Sédhiou,Sédhiou,355,168,2024-06-11,57,63,193,11,162,165,3,2.6,Paludisme,85,7,92.13,8.02,élevé,24.1,63.4,4293.1,True,0.56,0.31,0.11,47.9,45.8
13,Centre Hospitalier Régional de Sédhiou,Sédhiou,Sédhiou,355,168,2024-06-12,98,55,275,0,80,148,27,3.47,Grippe,79,7,33.96,28.52,modéré,30.8,56.9,2334.3,False,0.39,0.65,0.13,83.5,18.0
13,Centre Hospitalier Régional de Sédhiou,Sédhiou,Sédhiou,355,168,2024-06-13,30,45,95,16,260,158,51,0.89,Covid-19,80,4,82.75,23.18,élevé,38.7,40.0,4336.3,False,0.98,0.89,0.14,57.5,7.5
13,Centre Hospitalier Régional de Sédhiou,Sédhiou,Sédhiou,355,168,2024-06-14,61,76,299,0,56,163,21,2.73,Choléra,35,2,57.09,26.02,modéré,25.8,76.4,444.4,False,0.71,0.45,0.11,9.4,28.4
13,Centre Hospitalier Régional de Sédhiou,Sédhiou,Sédhiou,355,168,2024-06-15,48,66,47,13,308,163,21,1.35,Covid-19,26,2,87.02,12.34,faible,28.4,61.0,1732.9,False,0.52,0.69,0.05,96.3,18.2
13,Centre Hospitalier Régional de Sédhiou,Sédhiou,Sédhiou,355,168,2024-06-16,40,53,169,25,186,155,6,2.02,Covid-19,7,6,86.89,15.74,faible,31.6,46.5,767.2,False,0.33,0.86,0.19,63.3,25.3
13,Centre Hospitalier Régional de Sédhiou,Sédhiou,Sédhiou,355,168,2024-06-17,66,29,339,12,16,123,27,0.28,Covid-19,50,8,94.97,14.55,modéré,34.1,68.2,1312.7,False,0.64,0.34,0.14,160.4,52.9
13,Centre Hospitalier Régional de Sédhiou,Sédhiou,Sédhiou,355,168,2024-06-18,80,40,158,3,197,156,27,3.97,Choléra,96,3,48.84,5.28,élevé,37.8,79.3,2939.5,True,0.52,0.7,0.01,28.9,37.2
13,Centre Hospitalier Régional de Sédhiou,Sédhiou,Sédhiou,355,168,2024-06-19,25,34,106,0,249,155,60,2.52,Dengue,118,6,79.05,17.49,élevé,24.9,49.0,4477.1,True,0.7,0.77,0.13,158.4,40.9
13,Centre Hospitalier Régional de Sédhiou,Sédhiou,Sédhiou,355,168,2024-06-20,37,67,247,22,108,129,60,1.16,Paludisme,16,5,50.5,25.07,faible,23.6,82.4,1132.8,False,0.58,0.34,0.03,48.6,19.4
13,Centre Hospitalier Régional de Sédhiou,Sédhiou,Sédhiou,355,168,2024-06-21,24,61,197,17,158,136,47,3.17,Paludisme,64,6,82.24,4.47,modéré,34.8,76.0,3206.3,False,0.7,0.54,0.09,141.1,33.7
13,Centre Hospitalier Régional de Sédhiou,Sédhiou,Sédhiou,355,168,2024-06-22,41,7,275,3,80,146,3,0.31,Choléra,102,1,38.55,11.43,élevé,38.0,72.0,3715.4,True,0.56,0.99,0.15,14.0,42.0
13,Centre Hospitalier Régional de Sédhiou,Sédhiou,Sédhiou,355,168,2024-06-23,76,7,334,23,21,149,9,2.26,Choléra,3,9,87.25,4.5,faible,34.1,88.3,276.8,False,0.35,0.48,0.19,148.4,43.9
13,Centre Hospitalier Régional de Sédhiou,Sédhiou,Sédhiou,355,168,2024-06-24,59,24,217,7,138,135,23,0.79,Paludisme,3,10,80.76,4.27,faible,38.7,78.4,1101.8,False,0.35,0.99,0.16,178.0,17.8
13,Centre Hospitalier Régional de Sédhiou,Sédhiou,Sédhiou,355,168,2024-06-25,20,49,118,19,237,130,52,3.91,Dengue,76,5,92.08,21.57,modéré,34.0,79.4,4921.8,False,0.61,0.31,0.14,66.4,16.9
13,Centre Hospitalier Régional de Sédhiou,Sédhiou,Sédhiou,355,168,2024-06-26,93,27,181,0,174,159,37,2.48,Covid-19,62,5,35.91,21.59,modéré,35.5,48.1,699.3,False,0.81,0.88,0.04,158.1,30.0
13,Centre Hospitalier Régional de Sédhiou,Sédhiou,Sédhiou,355,168,2024-06-27,85,52,235,17,120,154,38,3.45,Dengue,21,7,67.81,26.25,faible,32.2,59.1,4061.6,False,0.59,0.99,0.0,75.1,7.5
13,Centre Hospitalier Régional de Sédhiou,Sédhiou,Sédhiou,355,168,2024-06-28,94,47,279,2,76,156,15,3.59,Paludisme,72,3,41.44,9.1,modéré,34.7,57.9,4676.6,False,0.95,0.99,0.14,142.6,40.8
13,Centre Hospitalier Régional de Sédhiou,Sédhiou,Sédhiou,355,168,2024-06-29,98,43,293,13,62,160,22,0.18,Dengue,15,1,52.93,14.5,faible,30.7,56.9,3061.4,False,0.3,0.46,0.09,111.0,10.4
13,Centre Hospitalier Régional de Sédhiou,Sédhiou,Sédhiou,355,168,2024-06-30,49,62,345,10,10,138,44,0.43,Dengue,28,0,63.96,12.54,faible,28.6,44.7,2597.3,False,0.87,0.46,0.03,73.6,32.5
13,Centre Hospitalier Régional de Sédhiou,Sédhiou,Sédhiou,355,168,2024-07-01,91,17,81,4,274,136,28,0.99,Choléra,47,7,42.95,9.01,modéré,27.3,80.4,3731.1,False,0.9,0.61,0.07,71.4,56.1
13,Centre Hospitalier Régional de Sédhiou,Sédhiou,Sédhiou,355,168,2024-07-02,36,22,272,1,83,141,33,1.09,Paludisme,68,6,94.77,28.12,modéré,38.8,40.4,3711.1,False,0.52,0.99,0.19,5.5,21.7
13,Centre Hospitalier Régional de Sédhiou,Sédhiou,Sédhiou,355,168,2024-07-03,40,62,344,19,11,138,39,1.14,Dengue,116,4,60.43,7.77,élevé,23.8,84.8,2585.1,True,0.22,0.78,0.16,159.1,52.0
13,Centre Hospitalier Régional de Sédhiou,Sédhiou,Sédhiou,355,168,2024-07-04,95,6,281,9,74,130,39,3.75,Covid-19,10,7,57.49,15.52,faible,27.9,75.6,347.7,False,0.33,0.61,0.13,46.0,49.7
13,Centre Hospitalier Régional de Sédhiou,Sédhiou,Sédhiou,355,168,2024-07-05,81,62,99,22,256,125,49,2.6,Paludisme,111,10,91.0,24.33,élevé,38.0,40.9,4011.2,True,0.6,0.74,0.02,126.5,37.1
13,Centre Hospitalier Régional de Sédhiou,Sédhiou,Sédhiou,355,168,2024-07-06,83,18,41,20,314,158,50,1.16,Choléra,12,10,83.89,4.83,faible,24.4,48.7,1389.0,False,1.0,0.58,0.07,24.4,23.5
13,Centre Hospitalier Régional de Sédhiou,Sédhiou,Sédhiou,355,168,2024-07-07,35,25,98,19,257,165,25,0.85,Grippe,109,6,66.55,10.57,élevé,28.4,77.7,504.5,True,0.59,0.89,0.15,52.8,15.4
13,Centre Hospitalier Régional de Sédhiou,Sédhiou,Sédhiou,355,168,2024-07-08,24,74,224,9,131,159,40,3.86,Dengue,56,5,62.74,26.84,modéré,34.8,61.3,4211.5,False,0.68,0.82,0.19,124.1,25.7
13,Centre Hospitalier Régional de Sédhiou,Sédhiou,Sédhiou,355,168,2024-07-09,37,20,20,21,335,168,3,0.35,Grippe,66,9,37.64,12.15,modéré,29.0,88.6,165.2,False,0.48,0.86,0.07,59.7,11.0
13,Centre Hospitalier Régional de Sédhiou,Sédhiou,Sédhiou,355,168,2024-07-10,12,52,316,22,39,153,13,0.7,Dengue,91,2,86.55,11.01,élevé,38.3,76.4,1742.1,True,0.96,0.78,0.16,79.1,40.5
13,Centre Hospitalier Régional de Sédhiou,Sédhiou,Sédhiou,355,168,2024-07-11,22,10,270,17,85,140,10,0.44,Choléra,37,0,72.93,25.94,modéré,24.8,68.2,393.6,False,0.45,0.5,0.06,86.5,43.4
13,Centre Hospitalier Régional de Sédhiou,Sédhiou,Sédhiou,355,168,2024-07-12,87,83,181,19,174,159,10,1.78,Dengue,101,6,68.66,6.37,élevé,28.3,47.7,3279.5,True,0.4,0.91,0.06,122.9,42.8
13,Centre Hospitalier Régional de Sédhiou,Sédhiou,Sédhiou,355,168,2024-07-13,22,51,47,21,308,139,27,2.17,Paludisme,71,8,91.03,16.44,modéré,36.9,54.5,4593.4,False,0.67,0.42,0.02,36.3,3.1
13,Centre Hospitalier Régional de Sédhiou,Sédhiou,Sédhiou,355,168,2024-07-14,37,6,144,16,211,150,50,0.8,Choléra,52,8,89.44,5.61,modéré,31.5,85.1,1332.0,False,0.81,0.73,0.15,55.4,38.0
13,Centre Hospitalier Régional de Sédhiou,Sédhiou,Sédhiou,355,168,2024-07-15,75,33,278,24,77,168,55,0.31,Grippe,97,1,60.73,23.13,élevé,22.2,82.7,4293.4,True,0.72,0.83,0.16,23.6,50.5
13,Centre Hospitalier Régional de Sédhiou,Sédhiou,Sédhiou,355,168,2024-07-16,90,65,308,19,47,158,23,2.67,Covid-19,33,4,64.27,11.97,modéré,32.5,74.9,4750.0,False,0.59,0.53,0.03,44.4,26.7
13,Centre Hospitalier Régional de Sédhiou,Sédhiou,Sédhiou,355,168,2024-07-17,26,6,323,25,32,127,54,2.7,Paludisme,104,8,76.85,21.57,élevé,35.9,53.4,2701.2,True,0.6,1.0,0.06,69.8,16.3
13,Centre Hospitalier Régional de Sédhiou,Sédhiou,Sédhiou,355,168,2024-07-18,33,25,137,13,218,122,32,2.51,Covid-19,20,3,69.2,27.37,faible,26.5,48.2,3193.4,False,0.81,0.51,0.08,144.1,37.6
13,Centre Hospitalier Régional de Sédhiou,Sédhiou,Sédhiou,355,168,2024-07-19,28,41,140,17,215,151,32,3.22,Covid-19,40,4,86.79,20.12,modéré,32.5,40.4,3444.6,False,0.83,0.94,0.18,80.3,34.7
13,Centre Hospitalier Régional de Sédhiou,Sédhiou,Sédhiou,355,168,2024-07-20,81,35,64,2,291,139,20,2.6,Dengue,18,8,79.57,9.08,faible,31.8,75.2,4431.5,False,0.98,0.42,0.07,59.2,53.7
13,Centre Hospitalier Régional de Sédhiou,Sédhiou,Sédhiou,355,168,2024-07-21,42,38,147,3,208,130,60,0.7,Grippe,28,8,83.71,6.78,faible,34.1,85.3,3717.4,False,0.86,0.67,0.02,168.7,34.3
13,Centre Hospitalier Régional de Sédhiou,Sédhiou,Sédhiou,355,168,2024-07-22,93,85,176,12,179,135,31,1.57,Choléra,107,0,81.21,11.14,élevé,27.4,71.6,3900.1,True,0.24,0.58,0.16,54.0,46.8
13,Centre Hospitalier Régional de Sédhiou,Sédhiou,Sédhiou,355,168,2024-07-23,97,71,354,11,1,161,53,0.51,Dengue,86,2,92.16,19.61,élevé,35.7,86.9,2024.8,True,0.29,0.5,0.03,85.3,47.3
13,Centre Hospitalier Régional de Sédhiou,Sédhiou,Sédhiou,355,168,2024-07-24,43,80,299,10,56,130,43,3.71,Covid-19,112,1,84.92,19.76,élevé,29.0,40.1,1228.4,True,0.71,0.38,0.18,78.3,7.7
13,Centre Hospitalier Régional de Sédhiou,Sédhiou,Sédhiou,355,168,2024-07-25,31,86,238,0,117,143,25,3.44,Grippe,89,2,58.6,11.42,élevé,30.5,66.8,3418.2,True,0.74,0.57,0.12,73.9,41.0
13,Centre Hospitalier Régional de Sédhiou,Sédhiou,Sédhiou,355,168,2024-07-26,20,8,255,17,100,159,55,3.47,Paludisme,15,8,58.4,15.7,faible,26.9,82.1,877.4,False,0.72,0.81,0.04,52.8,49.9
13,Centre Hospitalier Régional de Sédhiou,Sédhiou,Sédhiou,355,168,2024-04-18,75,7,127,11,228,130,40,1.39,Covid-19,68,7,92.2,7.8,modéré,28.5,52.5,1848.6,False,0.58,0.69,0.18,56.7,14.7
13,Centre Hospitalier Régional de Sédhiou,Sédhiou,Sédhiou,355,168,2024-04-19,63,84,123,17,232,146,60,1.38,Choléra,66,6,87.41,15.01,modéré,24.4,64.8,498.9,False,0.69,0.88,0.15,57.0,46.1
13,Centre Hospitalier Régional de Sédhiou,Sédhiou,Sédhiou,355,168,2024-04-20,74,31,37,12,318,123,50,0.97,Grippe,120,2,77.02,7.01,élevé,26.6,42.1,1676.2,True,0.45,0.85,0.01,25.8,12.1
13,Centre Hospitalier Régional de Sédhiou,Sédhiou,Sédhiou,355,168,2024-04-21,93,5,182,6,173,146,34,3.8,Grippe,22,10,56.86,26.36,faible,25.6,54.9,4539.6,False,0.79,0.97,0.14,154.8,9.3
13,Centre Hospitalier Régional de Sédhiou,Sédhiou,Sédhiou,355,168,2024-04-22,42,86,190,16,165,157,18,3.41,Grippe,27,4,94.62,18.21,faible,35.5,77.9,3802.8,False,0.32,0.64,0.19,31.1,18.0
13,Centre Hospitalier Régional de Sédhiou,Sédhiou,Sédhiou,355,168,2024-04-23,23,88,205,10,150,164,8,2.19,Covid-19,93,8,63.65,19.39,élevé,29.0,88.7,4695.3,True,0.35,0.58,0.15,178.3,6.5
13,Centre Hospitalier Régional de Sédhiou,Sédhiou,Sédhiou,355,168,2024-04-24,69,33,67,6,288,138,30,3.57,Grippe,80,5,30.16,4.32,élevé,25.1,61.5,3604.9,False,1.0,0.66,0.19,114.7,59.5
13,Centre Hospitalier Régional de Sédhiou,Sédhiou,Sédhiou,355,168,2024-04-25,40,45,186,21,169,150,18,0.83,Covid-19,56,1,89.11,1.18,modéré,32.9,58.8,2091.1,False,0.62,0.53,0.18,131.9,34.4
13,Centre Hospitalier Régional de Sédhiou,Sédhiou,Sédhiou,355,168,2024-04-26,39,53,167,15,188,152,47,2.73,Covid-19,55,5,31.49,4.25,modéré,36.4,45.7,3357.6,False,0.6,0.65,0.08,81.9,16.0
13,Centre Hospitalier Régional de Sédhiou,Sédhiou,Sédhiou,355,168,2024-04-27,64,57,41,2,314,123,43,1.69,Dengue,113,3,47.13,20.43,élevé,26.8,88.6,279.6,True,1.0,0.49,0.03,5.3,53.2
13,Centre Hospitalier Régional de Sédhiou,Sédhiou,Sédhiou,355,168,2024-04-28,20,62,198,19,157,144,7,0.43,Grippe,101,7,75.23,3.08,élevé,35.8,56.5,1815.7,True,0.48,1.0,0.17,13.9,22.1
13,Centre Hospitalier Régional de Sédhiou,Sédhiou,Sédhiou,355,168,2024-04-29,81,13,180,5,175,136,18,1.1,Paludisme,10,9,53.02,10.81,faible,30.0,64.6,4637.9,False,0.72,0.82,0.13,72.8,42.0
13,Centre Hospitalier Régional de Sédhiou,Sédhiou,Sédhiou,355,168,2024-04-30,72,77,157,8,198,144,47,1.26,Choléra,80,6,49.37,14.41,élevé,37.8,69.4,435.6,False,1.0,0.59,0.06,144.7,7.0
13,Centre Hospitalier Régional de Sédhiou,Sédhiou,Sédhiou,355,168,2024-05-01,42,69,192,12,163,156,21,1.96,Dengue,17,2,91.56,29.7,faible,25.0,67.2,1479.8,False,0.74,0.82,0.02,99.3,15.3
13,Centre Hospitalier Régional de Sédhiou,Sédhiou,Sédhiou,355,168,2024-05-02,90,80,207,5,148,135,26,2.5,Grippe,87,10,62.88,9.35,élevé,33.5,74.9,1087.3,True,0.85,0.5,0.03,25.0,23.2
13,Centre Hospitalier Régional de Sédhiou,Sédhiou,Sédhiou,355,168,2024-05-03,62,82,325,15,30,150,22,1.71,Dengue,38,9,85.98,16.67,modéré,38.6,40.8,4412.1,False,0.32,0.59,0.13,135.1,12.9
13,Centre Hospitalier Régional de Sédhiou,Sédhiou,Sédhiou,355,168,2024-05-04,69,30,178,12,177,125,28,3.26,Grippe,14,0,60.11,22.8,faible,26.5,88.2,4182.6,False,0.4,0.46,0.09,42.0,22.9
13,Centre Hospitalier Régional de Sédhiou,Sédhiou,Sédhiou,355,168,2024-05-05,21,70,67,8,288,149,5,1.86,Dengue,111,7,66.65,28.91,élevé,34.6,81.0,1518.1,True,0.8,0.82,0.08,42.3,39.7
13,Centre Hospitalier Régional de Sédhiou,Sédhiou,Sédhiou,355,168,2024-05-06,59,17,69,19,286,163,9,1.43,Covid-19,56,8,51.49,25.39,modéré,36.2,84.0,391.4,False,0.41,0.43,0.1,122.9,45.4
13,Centre Hospitalier Régional de Sédhiou,Sédhiou,Sédhiou,355,168,2024-05-07,40,73,260,10,95,143,12,3.31,Paludisme,53,9,55.54,10.18,modéré,22.6,58.3,1317.8,False,0.31,0.92,0.14,121.9,19.7
13,Centre Hospitalier Régional de Sédhiou,Sédhiou,Sédhiou,355,168,2024-05-08,97,78,109,20,246,157,59,2.72,Covid-19,23,2,88.56,22.82,faible,23.1,44.7,2799.3,False,0.54,0.97,0.0,170.7,37.0
13,Centre Hospitalier Régional de Sédhiou,Sédhiou,Sédhiou,355,168,2024-05-09,74,19,132,9,223,165,31,3.08,Grippe,39,8,71.99,21.42,modéré,24.6,67.2,368.8,False,0.26,0.78,0.03,95.5,43.6
13,Centre Hospitalier Régional de Sédhiou,Sédhiou,Sédhiou,355,168,2024-05-10,70,19,93,25,262,158,35,2.65,Grippe,0,9,36.69,1.45,faible,25.2,70.0,1096.3,False,0.75,0.76,0.07,141.0,12.8
13,Centre Hospitalier Régional de Sédhiou,Sédhiou,Sédhiou,355,168,2024-05-11,80,55,296,10,59,131,55,0.46,Covid-19,118,7,76.55,20.63,élevé,32.7,40.3,947.0,True,0.62,0.71,0.09,121.2,31.4
13,Centre Hospitalier Régional de Sédhiou,Sédhiou,Sédhiou,355,168,2024-05-12,89,60,313,4,42,158,6,1.87,Covid-19,44,5,70.98,11.54,modéré,35.0,87.1,4646.3,False,0.71,0.86,0.04,55.7,41.6
13,Centre Hospitalier Régional de Sédhiou,Sédhiou,Sédhiou,355,168,2024-05-13,60,22,37,2,318,159,46,3.9,Covid-19,92,3,47.56,14.73,élevé,29.0,49.0,4841.0,True,0.91,0.49,0.06,107.6,5.6
13,Centre Hospitalier Régional de Sédhiou,Sédhiou,Sédhiou,355,168,2024-05-14,92,77,90,13,265,153,35,3.33,Dengue,58,9,68.42,19.51,modéré,37.8,68.8,2178.6,False,0.9,0.78,0.03,143.5,33.6
13,Centre Hospitalier Régional de Sédhiou,Sédhiou,Sédhiou,355,168,2024-05-15,34,59,22,7,333,166,32,3.08,Dengue,21,7,56.98,28.61,faible,32.8,60.5,4267.6,False,0.48,0.72,0.1,84.8,22.2
13,Centre Hospitalier Régional de Sédhiou,Sédhiou,Sédhiou,355,168,2024-05-16,68,55,239,21,116,168,9,1.68,Grippe,30,5,72.7,21.01,modéré,38.7,53.1,4618.1,False,0.91,0.36,0.05,150.5,14.3
13,Centre Hospitalier Régional de Sédhiou,Sédhiou,Sédhiou,355,168,2024-05-17,11,49,258,8,97,148,3,1.52,Paludisme,33,9,32.04,1.36,modéré,27.5,70.1,2318.1,False,0.36,0.75,0.04,117.4,24.9
13,Centre Hospitalier Régional de Sédhiou,Sédhiou,Sédhiou,355,168,2024-05-18,37,56,33,17,322,143,55,1.14,Choléra,98,0,54.67,27.64,élevé,25.9,62.4,4315.1,True,0.58,0.7,0.09,52.3,35.8
13,Centre Hospitalier Régional de Sédhiou,Sédhiou,Sédhiou,355,168,2024-05-19,10,87,281,24,74,168,4,2.7,Choléra,36,6,57.29,8.38,modéré,22.8,46.7,4103.2,False,0.79,0.93,0.09,32.0,28.4
13,Centre Hospitalier Régional de Sédhiou,Sédhiou,Sédhiou,355,168,2024-05-20,93,32,134,10,221,144,57,2.28,Covid-19,2,8,48.74,28.3,faible,35.3,87.3,4879.2,False,0.67,0.84,0.14,157.2,36.6
13,Centre Hospitalier Régional de Sédhiou,Sédhiou,Sédhiou,355,168,2024-05-21,53,85,211,12,144,118,32,2.31,Covid-19,96,6,58.76,7.79,élevé,28.4,46.9,3929.0,True,0.75,0.91,0.05,123.7,40.1
13,Centre Hospitalier Régional de Sédhiou,Sédhiou,Sédhiou,355,168,2024-05-22,72,58,49,4,306,135,21,2.16,Choléra,49,3,94.31,8.02,modéré,25.6,40.6,4759.5,False,0.98,0.89,0.16,48.6,8.5
13,Centre Hospitalier Régional de Sédhiou,Sédhiou,Sédhiou,355,168,2024-05-23,59,64,150,20,205,140,42,0.41,Grippe,86,5,80.14,12.09,élevé,38.2,41.1,1486.8,True,0.74,0.71,0.0,41.2,50.5
13,Centre Hospitalier Régional de Sédhiou,Sédhiou,Sédhiou,355,168,2024-05-24,32,64,169,19,186,166,35,2.29,Dengue,89,3,76.43,24.77,élevé,27.0,45.1,616.9,True,0.54,0.52,0.17,178.9,22.0
13,Centre Hospitalier Régional de Sédhiou,Sédhiou,Sédhiou,355,168,2024-05-25,79,58,41,17,314,133,29,2.29,Choléra,65,7,62.79,19.25,modéré,23.3,79.0,1925.1,False,0.55,0.73,0.12,65.1,27.4
13,Centre Hospitalier Régional de Sédhiou,Sédhiou,Sédhiou,355,168,2024-05-26,80,27,326,14,29,127,24,0.28,Choléra,27,4,49.17,15.56,faible,35.1,81.5,904.8,False,0.26,0.54,0.12,11.4,36.7
13,Centre Hospitalier Régional de Sédhiou,Sédhiou,Sédhiou,355,168,2024-05-27,31,47,346,2,9,151,46,0.63,Choléra,16,4,87.5,18.08,faible,38.4,59.5,2702.9,False,0.55,0.91,0.11,67.5,18.8
13,Centre Hospitalier Régional de Sédhiou,Sédhiou,Sédhiou,355,168,2024-05-28,31,40,112,19,243,124,57,1.86,Paludisme,108,6,66.86,5.44,élevé,29.6,45.1,4680.3,True,0.87,0.3,0.0,78.2,13.9
13,Centre Hospitalier Régional de Sédhiou,Sédhiou,Sédhiou,355,168,2024-05-29,86,80,88,8,267,146,27,1.71,Choléra,120,9,63.76,10.56,élevé,24.2,88.8,400.3,True,0.26,0.76,0.14,178.6,52.6
13,Centre Hospitalier Régional de Sédhiou,Sédhiou,Sédhiou,355,168,2024-05-30,87,60,170,7,185,153,29,3.22,Dengue,93,6,63.82,22.72,élevé,30.9,69.1,4329.8,True,0.45,0.72,0.2,72.4,12.6
13,Centre Hospitalier Régional de Sédhiou,Sédhiou,Sédhiou,355,168,2024-05-31,51,36,253,1,102,132,47,1.35,Dengue,12,9,51.95,5.39,faible,25.1,63.4,1854.3,False,0.66,0.35,0.05,122.4,30.0
13,Centre Hospitalier Régional de Sédhiou,Sédhiou,Sédhiou,355,168,2024-06-01,31,53,53,25,302,134,23,2.8,Covid-19,89,7,85.21,2.52,élevé,34.8,61.1,3612.6,True,0.33,0.72,0.01,177.7,18.1
13,Centre Hospitalier Régional de Sédhiou,Sédhiou,Sédhiou,355,168,2024-06-02,24,36,90,0,265,134,24,2.11,Grippe,27,0,52.69,19.46,faible,30.4,83.8,4482.4,False,0.73,0.73,0.15,8.7,47.3
13,Centre Hospitalier Régional de Sédhiou,Sédhiou,Sédhiou,355,168,2024-06-03,33,41,97,10,258,158,16,0.24,Covid-19,61,8,31.57,13.54,modéré,22.2,44.9,3176.4,False,0.63,0.96,0.01,174.6,16.4
13,Centre Hospitalier Régional de Sédhiou,Sédhiou,Sédhiou,355,168,2024-06-04,20,56,64,8,291,135,35,2.05,Paludisme,66,0,82.39,24.07,modéré,37.0,57.0,1593.0,False,0.23,0.36,0.12,118.3,20.6
13,Centre Hospitalier Régional de Sédhiou,Sédhiou,Sédhiou,355,168,2024-06-05,76,82,165,21,190,130,33,3.26,Covid-19,14,1,61.28,7.04,faible,25.9,76.3,4098.6,False,0.62,0.95,0.02,159.2,15.5
13,Centre Hospitalier Régional de Sédhiou,Sédhiou,Sédhiou,355,168,2024-06-06,42,18,176,4,179,156,51,1.96,Grippe,28,1,40.48,10.05,faible,30.3,71.2,3189.9,False,0.82,0.36,0.19,117.2,38.7
13,Centre Hospitalier Régional de Sédhiou,Sédhiou,Sédhiou,355,168,2024-01-09,81,8,110,11,245,127,39,2.49,Choléra,72,2,61.99,29.11,modéré,31.2,42.3,1637.9,False,0.54,0.95,0.11,61.0,17.1
13,Centre Hospitalier Régional de Sédhiou,Sédhiou,Sédhiou,355,168,2024-01-10,71,85,306,18,49,131,21,1.43,Choléra,81,3,43.65,24.16,élevé,23.1,63.9,4562.9,True,0.54,0.72,0.16,74.7,23.6
13,Centre Hospitalier Régional de Sédhiou,Sédhiou,Sédhiou,355,168,2024-01-11,51,54,266,25,89,125,15,3.04,Grippe,46,7,80.38,15.29,modéré,28.9,40.8,2426.6,False,0.67,0.36,0.04,155.2,15.2
13,Centre Hospitalier Régional de Sédhiou,Sédhiou,Sédhiou,355,168,2024-01-12,43,28,317,8,38,139,57,0.33,Dengue,75,9,47.06,23.67,modéré,29.0,71.0,2995.4,False,0.26,0.9,0.05,75.3,59.7
13,Centre Hospitalier Régional de Sédhiou,Sédhiou,Sédhiou,355,168,2024-01-13,74,18,229,9,126,130,46,2.48,Grippe,73,6,75.54,12.24,modéré,31.7,45.1,2715.2,False,0.64,0.77,0.09,6.0,48.1
13,Centre Hospitalier Régional de Sédhiou,Sédhiou,Sédhiou,355,168,2024-01-14,42,18,124,3,231,145,42,3.76,Choléra,108,1,87.52,4.29,élevé,36.4,61.3,323.1,True,0.94,0.35,0.0,20.7,37.1
13,Centre Hospitalier Régional de Sédhiou,Sédhiou,Sédhiou,355,168,2024-01-15,44,32,218,3,137,134,20,0.42,Paludisme,53,3,31.42,12.2,modéré,27.4,89.6,3578.5,False,0.79,0.47,0.04,131.9,13.4
13,Centre Hospitalier Régional de Sédhiou,Sédhiou,Sédhiou,355,168,2024-01-16,50,41,114,16,241,127,32,1.15,Choléra,7,6,75.11,28.11,faible,33.4,80.3,549.4,False,0.65,0.73,0.1,174.5,56.5
13,Centre Hospitalier Régional de Sédhiou,Sédhiou,Sédhiou,355,168,2024-01-17,89,77,158,20,197,129,36,2.81,Choléra,19,1,45.64,18.35,faible,39.0,79.9,185.0,False,0.22,0.68,0.2,128.5,59.7
13,Centre Hospitalier Régional de Sédhiou,Sédhiou,Sédhiou,355,168,2024-01-18,44,54,147,6,208,127,0,2.87,Paludisme,1,4,52.89,21.83,faible,35.9,75.5,2600.4,False,0.71,0.61,0.14,108.0,21.4
13,Centre Hospitalier Régional de Sédhiou,Sédhiou,Sédhiou,355,168,2024-01-19,88,20,46,7,309,155,16,3.43,Covid-19,90,0,81.18,11.96,élevé,27.5,41.1,1147.1,True,0.78,0.8,0.1,108.1,9.2
13,Centre Hospitalier Régional de Sédhiou,Sédhiou,Sédhiou,355,168,2024-01-20,43,42,111,18,244,125,44,1.61,Dengue,55,0,48.51,28.19,modéré,28.0,49.3,2504.6,False,0.66,0.64,0.13,48.9,12.4
13,Centre Hospitalier Régional de Sédhiou,Sédhiou,Sédhiou,355,168,2024-01-21,77,55,82,7,273,151,50,1.12,Paludisme,5,2,52.05,7.71,faible,25.0,86.0,2670.8,False,0.85,0.9,0.16,11.1,8.8
13,Centre Hospitalier Régional de Sédhiou,Sédhiou,Sédhiou,355,168,2024-01-22,91,59,319,16,36,160,18,2.92,Dengue,115,10,34.78,3.56,élevé,35.6,40.6,3830.4,True,0.69,0.49,0.04,103.5,51.7
13,Centre Hospitalier Régional de Sédhiou,Sédhiou,Sédhiou,355,168,2024-01-23,33,59,315,21,40,133,16,0.44,Dengue,41,10,54.05,18.88,modéré,38.5,43.7,2835.7,False,0.5,0.5,0.09,13.8,40.4
13,Centre Hospitalier Régional de Sédhiou,Sédhiou,Sédhiou,355,168,2024-01-24,52,79,305,7,50,146,18,1.65,Dengue,118,10,51.14,21.75,élevé,27.7,83.9,2104.1,True,0.78,0.83,0.19,19.7,30.3
13,Centre Hospitalier Régional de Sédhiou,Sédhiou,Sédhiou,355,168,2024-01-25,87,35,161,24,194,140,1,1.85,Dengue,91,0,73.64,12.83,élevé,27.7,64.8,2915.9,True,0.23,0.34,0.09,79.9,31.9
13,Centre Hospitalier Régional de Sédhiou,Sédhiou,Sédhiou,355,168,2024-01-26,83,88,52,20,303,147,13,2.63,Grippe,120,6,77.28,5.5,élevé,23.9,78.8,1595.6,True,0.66,0.67,0.17,148.2,21.7
13,Centre Hospitalier Régional de Sédhiou,Sédhiou,Sédhiou,355,168,2024-01-27,20,52,77,16,278,137,9,0.64,Grippe,39,8,38.16,24.82,modéré,30.3,77.8,1424.2,False,0.87,0.57,0.16,58.3,34.8
13,Centre Hospitalier Régional de Sédhiou,Sédhiou,Sédhiou,355,168,2024-01-28,36,49,174,13,181,136,38,1.42,Paludisme,5,2,58.92,4.8,faible,36.0,86.8,860.6,False,0.99,0.47,0.18,91.3,57.6
13,Centre Hospitalier Régional de Sédhiou,Sédhiou,Sédhiou,355,168,2024-01-29,65,89,284,8,71,160,44,2.18,Choléra,92,3,54.44,11.17,élevé,23.5,77.1,3399.3,True,0.22,0.64,0.06,156.2,32.9
13,Centre Hospitalier Régional de Sédhiou,Sédhiou,Sédhiou,355,168,2024-01-30,22,14,350,2,5,143,18,2.58,Dengue,83,7,86.28,28.9,élevé,29.6,48.8,625.3,True,0.46,1.0,0.16,154.9,51.5
13,Centre Hospitalier Régional de Sédhiou,Sédhiou,Sédhiou,355,168,2024-01-31,75,43,162,16,193,148,17,2.18,Grippe,33,4,91.96,13.1,modéré,27.1,66.0,3817.1,False,0.53,0.54,0.01,20.2,6.0
13,Centre Hospitalier Régional de Sédhiou,Sédhiou,Sédhiou,355,168,2024-02-01,30,72,152,21,203,130,44,2.94,Dengue,111,8,36.97,4.86,élevé,23.5,89.0,3464.9,True,0.55,0.89,0.17,25.6,15.7
13,Centre Hospitalier Régional de Sédhiou,Sédhiou,Sédhiou,355,168,2024-02-02,56,34,243,17,112,164,59,2.77,Choléra,95,8,50.36,22.54,élevé,33.6,86.0,2744.8,True,0.92,0.76,0.11,104.7,21.4
13,Centre Hospitalier Régional de Sédhiou,Sédhiou,Sédhiou,355,168,2024-02-03,22,11,264,12,91,134,32,2.96,Covid-19,104,1,40.44,3.14,élevé,37.6,57.1,2934.9,True,0.32,0.9,0.1,153.6,4.5
13,Centre Hospitalier Régional de Sédhiou,Sédhiou,Sédhiou,355,168,2024-02-04,94,72,216,13,139,150,12,2.29,Grippe,84,0,78.6,4.05,élevé,29.2,80.0,4026.5,True,0.68,0.69,0.07,58.0,42.3
13,Centre Hospitalier Régional de Sédhiou,Sédhiou,Sédhiou,355,168,2024-02-05,63,59,111,22,244,166,46,3.98,Grippe,91,0,67.32,2.98,élevé,30.2,42.3,1441.3,True,0.53,1.0,0.12,19.0,27.5
13,Centre Hospitalier Régional de Sédhiou,Sédhiou,Sédhiou,355,168,2024-02-06,74,38,328,3,27,124,57,2.02,Grippe,4,6,78.17,28.97,faible,31.9,42.7,423.7,False,0.39,0.99,0.06,52.8,46.8
13,Centre Hospitalier Régional de Sédhiou,Sédhiou,Sédhiou,355,168,2024-02-07,23,56,255,25,100,134,13,0.71,Covid-19,109,0,38.63,20.85,élevé,33.8,58.1,3091.4,True,0.61,0.61,0.14,108.5,30.0
13,Centre Hospitalier Régional de Sédhiou,Sédhiou,Sédhiou,355,168,2024-02-08,71,62,34,17,321,140,37,3.09,Choléra,97,9,76.46,29.55,élevé,34.8,84.5,1968.6,True,0.41,0.6,0.05,91.9,57.7
13,Centre Hospitalier Régional de Sédhiou,Sédhiou,Sédhiou,355,168,2024-02-09,58,37,91,5,264,120,50,3.86,Choléra,3,4,88.12,15.76,faible,30.0,66.4,3307.7,False,0.24,0.92,0.04,61.3,13.7
13,Centre Hospitalier Régional de Sédhiou,Sédhiou,Sédhiou,355,168,2024-02-10,60,47,204,9,151,149,30,2.13,Choléra,24,8,64.37,10.0,faible,26.0,85.1,1730.2,False,0.24,0.76,0.11,116.1,11.9
13,Centre Hospitalier Régional de Sédhiou,Sédhiou,Sédhiou,355,168,2024-02-11,20,40,283,15,72,159,51,1.39,Grippe,20,8,87.89,23.28,faible,34.4,82.1,3810.6,False,0.74,0.53,0.12,150.2,6.5
13,Centre Hospitalier Régional de Sédhiou,Sédhiou,Sédhiou,355,168,2024-02-12,97,68,132,16,223,128,24,2.51,Choléra,24,8,94.56,4.59,faible,27.3,75.0,2003.1,False,0.91,0.85,0.05,140.4,32.7
13,Centre Hospitalier Régional de Sédhiou,Sédhiou,Sédhiou,355,168,2024-02-13,100,82,237,18,118,131,10,3.48,Grippe,54,6,54.36,3.08,modéré,38.0,52.4,2206.7,False,0.79,0.67,0.05,83.4,27.0
13,Centre Hospitalier Régional de Sédhiou,Sédhiou,Sédhiou,355,168,2024-02-14,35,24,280,10,75,155,31,0.96,Paludisme,40,4,66.98,4.4,modéré,25.8,80.8,587.7,False,0.89,0.85,0.09,64.3,58.2
13,Centre Hospitalier Régional de Sédhiou,Sédhiou,Sédhiou,355,168,2024-02-15,17,11,130,0,225,164,0,2.53,Covid-19,0,1,84.53,24.45,faible,37.2,81.0,2141.8,False,0.67,0.71,0.14,161.3,24.4
13,Centre Hospitalier Régional de Sédhiou,Sédhiou,Sédhiou,355,168,2024-02-16,83,70,45,17,310,127,54,2.29,Grippe,8,2,79.93,29.8,faible,38.6,82.8,1152.2,False,0.96,0.66,0.19,37.2,52.7
13,Centre Hospitalier Régional de Sédhiou,Sédhiou,Sédhiou,355,168,2024-02-17,27,32,331,24,24,134,29,2.21,Choléra,31,0,59.35,15.42,modéré,28.4,58.5,4191.8,False,0.9,0.65,0.2,72.5,55.4
13,Centre Hospitalier Régional de Sédhiou,Sédhiou,Sédhiou,355,168,2024-02-18,15,21,156,15,199,136,52,2.22,Covid-19,70,6,41.38,12.23,modéré,32.0,64.2,4262.5,False,0.98,0.44,0.12,71.7,56.3
13,Centre Hospitalier Régional de Sédhiou,Sédhiou,Sédhiou,355,168,2024-02-19,83,84,59,15,296,127,52,1.77,Choléra,100,1,66.98,1.31,élevé,22.3,47.2,2515.5,True,0.86,0.64,0.13,49.2,59.1
13,Centre Hospitalier Régional de Sédhiou,Sédhiou,Sédhiou,355,168,2024-02-20,13,48,258,18,97,132,53,1.93,Paludisme,114,6,48.22,10.14,élevé,35.0,72.0,3781.4,True,0.53,0.81,0.17,94.4,30.3
13,Centre Hospitalier Régional de Sédhiou,Sédhiou,Sédhiou,355,168,2024-02-21,49,5,38,21,317,136,12,3.91,Dengue,109,0,40.85,27.29,élevé,23.0,87.7,3210.5,True,0.2,0.57,0.16,99.6,20.0
13,Centre Hospitalier Régional de Sédhiou,Sédhiou,Sédhiou,355,168,2024-02-22,87,62,33,7,322,130,52,2.22,Choléra,29,2,90.97,23.17,faible,35.1,74.7,680.5,False,0.81,0.34,0.05,136.1,57.6
13,Centre Hospitalier Régional de Sédhiou,Sédhiou,Sédhiou,355,168,2024-02-23,93,62,194,0,161,155,10,0.67,Paludisme,86,0,37.57,17.19,élevé,32.2,64.6,1046.1,True,0.69,0.55,0.1,59.7,21.8
13,Centre Hospitalier Régional de Sédhiou,Sédhiou,Sédhiou,355,168,2024-02-24,36,56,352,21,3,150,4,2.87,Grippe,8,7,90.02,14.77,faible,25.7,66.8,2750.0,False,0.63,0.38,0.11,19.1,18.7
13,Centre Hospitalier Régional de Sédhiou,Sédhiou,Sédhiou,355,168,2024-02-25,72,50,241,5,114,138,25,1.69,Choléra,100,10,47.97,14.37,élevé,38.4,76.2,4802.0,True,0.89,0.9,0.2,137.0,35.7
13,Centre Hospitalier Régional de Sédhiou,Sédhiou,Sédhiou,355,168,2024-02-26,12,7,53,18,302,155,31,2.61,Grippe,67,3,34.34,2.76,modéré,26.3,44.8,3263.2,False,0.85,0.44,0.17,150.9,33.1
13,Centre Hospitalier Régional de Sédhiou,Sédhiou,Sédhiou,355,168,2024-02-27,69,39,257,13,98,137,23,3.91,Choléra,31,2,89.46,12.69,modéré,22.0,89.6,1629.9,False,0.77,0.68,0.05,136.9,19.4
3,Centre Hospitalier Régional de Diourbel,Diourbel,Diourbel,442,419,2024-01-19,42,36,80,14,362,403,42,1.99,Dengue,26,3,32.85,15.96,faible,24.6,65.5,3751.3,False,0.68,0.86,0.14,140.0,16.0
3,Centre Hospitalier Régional de Diourbel,Diourbel,Diourbel,442,419,2024-01-20,25,36,230,0,212,390,39,0.32,Covid-19,54,5,48.99,21.34,modéré,36.3,83.1,3785.2,False,0.27,0.45,0.11,39.2,31.1
3,Centre Hospitalier Régional de Diourbel,Diourbel,Diourbel,442,419,2024-01-21,70,18,67,15,375,381,41,3.12,Choléra,23,4,55.89,24.44,faible,37.4,54.7,4845.6,False,0.84,0.63,0.01,105.5,31.2
3,Centre Hospitalier Régional de Diourbel,Diourbel,Diourbel,442,419,2024-01-22,75,8,84,15,358,377,10,3.99,Grippe,43,4,36.84,8.17,modéré,24.8,55.5,4526.2,False,0.84,0.7,0.15,112.2,28.8
3,Centre Hospitalier Régional de Diourbel,Diourbel,Diourbel,442,419,2024-01-23,98,57,39,18,403,372,54,1.25,Dengue,80,2,84.93,19.77,élevé,26.5,78.9,4793.2,False,0.79,0.55,0.04,170.3,21.4
3,Centre Hospitalier Régional de Diourbel,Diourbel,Diourbel,442,419,2024-01-24,65,54,440,3,2,408,36,3.47,Dengue,38,7,39.07,14.62,modéré,28.3,62.4,1404.8,False,0.63,0.57,0.12,101.2,5.2
3,Centre Hospitalier Régional de Diourbel,Diourbel,Diourbel,442,419,2024-01-25,78,41,195,8,247,381,19,2.65,Grippe,107,6,60.05,27.67,élevé,34.3,75.4,1509.1,True,0.31,0.93,0.01,53.2,28.9
3,Centre Hospitalier Régional de Diourbel,Diourbel,Diourbel,442,419,2024-01-26,48,84,318,23,124,409,15,3.45,Paludisme,110,9,92.27,24.88,élevé,23.6,82.5,3926.8,True,0.54,0.81,0.04,23.6,40.4
3,Centre Hospitalier Régional de Diourbel,Diourbel,Diourbel,442,419,2024-01-27,90,70,151,7,291,403,39,1.53,Covid-19,58,8,64.34,16.24,modéré,34.0,53.9,1973.4,False,0.85,0.45,0.2,75.7,18.8
3,Centre Hospitalier Régional de Diourbel,Diourbel,Diourbel,442,419,2024-01-28,12,35,255,6,187,417,36,3.8,Grippe,89,2,67.01,15.93,élevé,30.7,87.5,2273.3,True,0.6,0.93,0.17,174.5,53.7
3,Centre Hospitalier Régional de Diourbel,Diourbel,Diourbel,442,419,2024-01-29,23,65,222,2,220,371,22,1.47,Grippe,1,9,59.54,26.79,faible,30.7,48.2,1016.0,False,0.21,0.51,0.06,14.2,7.7
3,Centre Hospitalier Régional de Diourbel,Diourbel,Diourbel,442,419,2024-01-30,56,63,275,3,167,412,4,3.8,Covid-19,69,1,80.97,13.22,modéré,29.5,61.6,1315.3,False,0.79,1.0,0.16,120.8,42.7
3,Centre Hospitalier Régional de Diourbel,Diourbel,Diourbel,442,419,2024-01-31,77,33,238,22,204,374,29,2.96,Dengue,103,9,54.57,24.22,élevé,37.9,62.9,752.1,True,0.71,0.72,0.17,179.5,41.5
3,Centre Hospitalier Régional de Diourbel,Diourbel,Diourbel,442,419,2024-02-01,46,77,150,8,292,401,23,3.17,Choléra,50,5,69.61,22.03,modéré,23.5,76.5,3430.4,False,0.6,0.98,0.11,172.0,39.0
3,Centre Hospitalier Régional de Diourbel,Diourbel,Diourbel,442,419,2024-02-02,44,62,263,4,179,397,24,2.43,Grippe,69,9,80.03,16.55,modéré,27.3,66.2,2758.8,False,0.94,0.58,0.16,87.6,37.2
3,Centre Hospitalier Régional de Diourbel,Diourbel,Diourbel,442,419,2024-02-03,31,50,49,19,393,391,51,2.79,Choléra,74,8,49.3,23.32,modéré,34.4,43.4,4475.6,False,0.73,0.57,0.19,59.9,44.9
3,Centre Hospitalier Régional de Diourbel,Diourbel,Diourbel,442,419,2024-02-04,41,23,115,22,327,408,24,1.47,Grippe,100,9,45.35,25.24,élevé,28.2,42.3,1113.8,True,0.91,0.86,0.08,151.2,28.0
3,Centre Hospitalier Régional de Diourbel,Diourbel,Diourbel,442,419,2024-02-05,99,38,163,12,279,418,27,1.99,Grippe,93,3,44.64,2.84,élevé,36.1,89.0,699.6,True,0.4,0.41,0.04,129.1,30.0
3,Centre Hospitalier Régional de Diourbel,Diourbel,Diourbel,442,419,2024-02-06,79,40,358,14,84,412,12,1.13,Grippe,103,0,52.37,2.61,élevé,28.9,51.4,4979.9,True,0.91,0.42,0.13,7.2,7.9
3,Centre Hospitalier Régional de Diourbel,Diourbel,Diourbel,442,419,2024-02-07,55,22,250,9,192,397,4,0.77,Paludisme,64,2,44.88,15.08,modéré,37.6,53.2,488.3,False,0.9,0.38,0.04,43.7,42.6
3,Centre Hospitalier Régional de Diourbel,Diourbel,Diourbel,442,419,2024-02-08,66,38,153,10,289,391,40,0.17,Choléra,7,8,59.42,18.0,faible,29.7,41.4,4552.8,False,0.88,0.99,0.02,153.0,6.1
3,Centre Hospitalier Régional de Diourbel,Diourbel,Diourbel,442,419,2024-02-09,30,6,46,14,396,404,43,0.97,Paludisme,86,7,48.84,7.33,élevé,29.2,88.0,1913.5,True,0.58,0.75,0.05,77.9,57.9
3,Centre Hospitalier Régional de Diourbel,Diourbel,Diourbel,442,419,2024-02-10,41,52,126,11,316,371,3,2.1,Dengue,23,0,46.46,16.54,faible,26.5,68.2,2466.2,False,0.87,0.6,0.18,155.6,29.9
3,Centre Hospitalier Régional de Diourbel,Diourbel,Diourbel,442,419,2024-02-11,65,47,98,11,344,407,23,3.14,Dengue,16,4,55.67,28.36,faible,24.2,67.3,3627.7,False,0.95,0.6,0.07,132.0,35.8
3,Centre Hospitalier Régional de Diourbel,Diourbel,Diourbel,442,419,2024-02-12,52,7,182,5,260,396,36,0.56,Paludisme,15,2,75.68,11.27,faible,35.8,72.3,1968.2,False,0.48,0.79,0.12,164.7,33.8
3,Centre Hospitalier Régional de Diourbel,Diourbel,Diourbel,442,419,2024-02-13,42,21,334,5,108,370,32,3.16,Paludisme,115,10,80.73,2.07,élevé,22.1,61.9,1945.2,True,0.3,0.35,0.07,156.7,32.1
3,Centre Hospitalier Régional de Diourbel,Diourbel,Diourbel,442,419,2024-02-14,91,89,207,23,235,404,4,0.47,Choléra,51,10,61.96,15.0,modéré,34.2,59.7,534.9,False,0.91,0.75,0.19,138.4,58.5
3,Centre Hospitalier Régional de Diourbel,Diourbel,Diourbel,442,419,2024-02-15,98,37,81,0,361,396,17,3.7,Dengue,27,5,64.53,14.93,faible,30.7,56.7,1622.1,False,0.68,0.64,0.0,63.7,8.9
3,Centre Hospitalier Régional de Diourbel,Diourbel,Diourbel,442,419,2024-02-16,86,60,416,17,26,392,5,3.49,Dengue,89,10,87.64,4.12,élevé,24.5,66.3,2704.6,True,0.8,0.78,0.15,60.5,43.2
3,Centre Hospitalier Régional de Diourbel,Diourbel,Diourbel,442,419,2024-02-17,13,76,70,18,372,369,47,0.22,Covid-19,114,9,58.6,2.1,élevé,24.6,43.4,539.5,True,0.51,0.58,0.13,68.1,58.8
3,Centre Hospitalier Régional de Diourbel,Diourbel,Diourbel,442,419,2024-02-18,65,59,88,15,354,369,57,3.29,Grippe,89,0,64.93,25.51,élevé,30.9,89.7,2792.0,True,0.89,0.66,0.01,73.6,33.1
3,Centre Hospitalier Régional de Diourbel,Diourbel,Diourbel,442,419,2024-02-19,75,65,196,12,246,386,36,0.62,Covid-19,46,1,64.86,25.44,modéré,34.5,55.4,3863.2,False,0.66,0.4,0.04,47.6,42.1
3,Centre Hospitalier Régional de Diourbel,Diourbel,Diourbel,442,419,2024-02-20,44,67,220,24,222,389,0,1.94,Grippe,67,9,38.83,5.5,modéré,27.0,89.5,2145.4,False,0.36,0.42,0.19,129.8,46.8
3,Centre Hospitalier Régional de Diourbel,Diourbel,Diourbel,442,419,2024-02-21,54,24,266,23,176,392,53,1.09,Choléra,28,9,54.53,16.09,faible,29.5,56.3,4600.8,False,0.88,0.53,0.2,98.4,3.1
3,Centre Hospitalier Régional de Diourbel,Diourbel,Diourbel,442,419,2024-02-22,75,47,179,10,263,410,21,3.94,Covid-19,110,5,51.9,16.93,élevé,34.5,77.7,3554.1,True,0.95,0.8,0.07,168.0,50.8
3,Centre Hospitalier Régional de Diourbel,Diourbel,Diourbel,442,419,2024-02-23,86,45,176,3,266,391,25,2.94,Covid-19,38,7,56.46,6.73,modéré,34.9,61.2,1692.9,False,0.79,0.32,0.09,60.6,22.2
3,Centre Hospitalier Régional de Diourbel,Diourbel,Diourbel,442,419,2024-02-24,23,10,27,23,415,403,24,0.98,Dengue,21,9,48.96,10.55,faible,26.4,47.1,4509.7,False,0.84,0.55,0.14,38.3,31.2
3,Centre Hospitalier Régional de Diourbel,Diourbel,Diourbel,442,419,2024-02-25,47,71,239,23,203,379,14,2.49,Paludisme,70,9,30.24,16.06,modéré,30.5,47.2,3017.5,False,0.32,0.56,0.1,117.6,34.2
3,Centre Hospitalier Régional de Diourbel,Diourbel,Diourbel,442,419,2024-02-26,54,40,75,23,367,407,14,1.74,Dengue,93,4,46.54,22.79,élevé,38.0,81.3,4170.5,True,0.31,0.62,0.14,145.7,8.3
3,Centre Hospitalier Régional de Diourbel,Diourbel,Diourbel,442,419,2024-02-27,84,22,24,12,418,399,39,2.38,Grippe,15,4,66.51,12.42,faible,26.3,63.2,1586.6,False,0.84,0.55,0.19,163.3,39.5
3,Centre Hospitalier Régional de Diourbel,Diourbel,Diourbel,442,419,2024-02-28,46,14,33,3,409,374,49,0.46,Choléra,97,10,80.55,16.15,élevé,25.1,71.1,3303.7,True,0.79,0.67,0.17,18.4,41.1
3,Centre Hospitalier Régional de Diourbel,Diourbel,Diourbel,442,419,2024-02-29,37,45,97,18,345,369,30,3.79,Paludisme,30,2,84.1,7.02,modéré,33.1,89.1,3426.3,False,0.28,0.71,0.14,133.3,39.0
3,Centre Hospitalier Régional de Diourbel,Diourbel,Diourbel,442,419,2024-03-01,83,9,250,16,192,389,47,2.95,Covid-19,76,10,83.61,2.62,modéré,24.6,44.6,2411.9,False,0.73,0.72,0.11,119.9,13.3
3,Centre Hospitalier Régional de Diourbel,Diourbel,Diourbel,442,419,2024-03-02,36,16,135,10,307,387,20,2.14,Grippe,110,0,81.45,16.16,élevé,25.2,72.6,1673.3,True,0.56,0.35,0.02,65.6,33.5
3,Centre Hospitalier Régional de Diourbel,Diourbel,Diourbel,442,419,2024-03-03,34,88,81,10,361,387,12,3.37,Paludisme,43,9,91.66,16.21,modéré,23.0,69.4,4826.5,False,0.29,0.92,0.08,107.0,22.1
3,Centre Hospitalier Régional de Diourbel,Diourbel,Diourbel,442,419,2024-03-04,52,86,332,4,110,386,23,2.18,Paludisme,63,5,58.25,18.35,modéré,38.0,57.2,2465.0,False,0.3,0.54,0.09,159.1,18.0
3,Centre Hospitalier Régional de Diourbel,Diourbel,Diourbel,442,419,2024-03-05,79,88,211,22,231,380,7,0.67,Choléra,41,3,62.77,21.3,modéré,30.4,85.4,3818.5,False,0.56,0.45,0.04,20.0,10.1
3,Centre Hospitalier Régional de Diourbel,Diourbel,Diourbel,442,419,2024-03-06,51,42,240,16,202,369,29,3.55,Paludisme,98,3,54.01,18.14,élevé,31.5,84.9,484.6,True,0.71,0.89,0.05,138.4,13.5
3,Centre Hospitalier Régional de Diourbel,Diourbel,Diourbel,442,419,2024-03-07,14,50,223,20,219,383,31,2.14,Choléra,115,0,57.61,9.23,élevé,28.5,54.7,1247.9,True,0.89,0.41,0.12,149.7,13.0
3,Centre Hospitalier Régional de Diourbel,Diourbel,Diourbel,442,419,2024-03-08,27,85,395,25,47,391,32,0.62,Paludisme,114,10,84.34,9.87,élevé,22.7,54.4,3140.6,True,0.21,0.87,0.11,56.9,38.3
3,Centre Hospitalier Régional de Diourbel,Diourbel,Diourbel,442,419,2024-06-17,26,10,94,0,348,372,57,1.49,Choléra,97,4,90.97,19.29,élevé,35.3,71.2,2886.5,True,0.89,0.85,0.06,145.9,40.7
3,Centre Hospitalier Régional de Diourbel,Diourbel,Diourbel,442,419,2024-06-18,45,89,369,15,73,393,38,1.04,Dengue,50,8,63.34,10.4,modéré,27.7,48.6,383.6,False,0.27,0.83,0.15,116.1,10.3
3,Centre Hospitalier Régional de Diourbel,Diourbel,Diourbel,442,419,2024-06-19,68,5,332,13,110,388,23,1.96,Dengue,24,3,54.39,12.05,faible,26.6,65.0,4795.8,False,0.43,0.85,0.09,52.8,48.0
3,Centre Hospitalier Régional de Diourbel,Diourbel,Diourbel,442,419,2024-06-20,10,35,133,12,309,416,19,0.77,Choléra,0,0,39.51,13.61,faible,25.1,77.8,766.9,False,0.27,0.69,0.0,15.8,43.9
3,Centre Hospitalier Régional de Diourbel,Diourbel,Diourbel,442,419,2024-06-21,59,58,293,10,149,412,8,0.45,Dengue,93,8,76.14,15.71,élevé,23.5,67.8,2967.9,True,0.52,0.48,0.15,52.5,55.7
3,Centre Hospitalier Régional de Diourbel,Diourbel,Diourbel,442,419,2024-06-22,54,30,374,12,68,373,32,1.89,Covid-19,66,10,36.04,19.13,modéré,22.4,73.2,1655.4,False,0.31,0.49,0.08,101.3,17.9
3,Centre Hospitalier Régional de Diourbel,Diourbel,Diourbel,442,419,2024-06-23,10,18,292,9,150,371,33,1.42,Grippe,32,10,53.46,22.62,modéré,32.3,56.5,2809.2,False,0.38,0.42,0.15,54.4,24.4
3,Centre Hospitalier Régional de Diourbel,Diourbel,Diourbel,442,419,2024-06-24,10,21,144,7,298,419,4,1.83,Choléra,80,1,92.55,15.06,élevé,35.1,62.4,4233.7,False,0.51,0.43,0.03,173.2,55.7
3,Centre Hospitalier Régional de Diourbel,Diourbel,Diourbel,442,419,2024-06-25,42,47,190,7,252,407,34,2.61,Paludisme,100,2,66.36,25.18,élevé,33.2,70.6,4818.3,True,0.51,0.54,0.12,24.3,28.7
3,Centre Hospitalier Régional de Diourbel,Diourbel,Diourbel,442,419,2024-06-26,10,29,212,25,230,391,50,3.67,Dengue,85,10,37.12,10.08,élevé,34.4,89.9,1291.3,True,0.49,0.56,0.08,51.6,18.0
3,Centre Hospitalier Régional de Diourbel,Diourbel,Diourbel,442,419,2024-06-27,22,49,331,23,111,372,12,2.39,Dengue,74,10,72.33,18.7,modéré,26.4,57.8,419.4,False,0.65,1.0,0.02,134.8,16.3
3,Centre Hospitalier Régional de Diourbel,Diourbel,Diourbel,442,419,2024-06-28,96,10,50,23,392,403,18,2.21,Grippe,66,3,88.64,23.24,modéré,34.6,83.6,3219.6,False,0.86,0.3,0.15,114.9,30.6
3,Centre Hospitalier Régional de Diourbel,Diourbel,Diourbel,442,419,2024-06-29,77,70,268,7,174,409,22,0.59,Choléra,86,2,89.22,28.22,élevé,38.8,67.8,4922.3,True,0.65,0.31,0.07,116.9,51.4
3,Centre Hospitalier Régional de Diourbel,Diourbel,Diourbel,442,419,2024-06-30,53,76,63,22,379,396,40,3.02,Dengue,25,8,92.8,25.83,faible,23.7,75.8,851.0,False,0.63,0.57,0.02,86.7,4.1
3,Centre Hospitalier Régional de Diourbel,Diourbel,Diourbel,442,419,2024-07-01,95,52,264,4,178,379,34,0.63,Choléra,110,1,64.33,3.0,élevé,36.5,72.3,4153.6,True,0.74,0.66,0.02,91.5,51.6
3,Centre Hospitalier Régional de Diourbel,Diourbel,Diourbel,442,419,2024-07-02,56,45,59,4,383,419,0,2.97,Choléra,113,3,84.77,24.98,élevé,34.5,74.3,4000.8,True,0.42,0.45,0.19,97.1,59.4
3,Centre Hospitalier Régional de Diourbel,Diourbel,Diourbel,442,419,2024-07-03,53,52,302,9,140,378,23,0.13,Choléra,82,6,66.84,2.94,élevé,26.5,44.1,1965.8,True,1.0,0.42,0.05,83.2,22.2
3,Centre Hospitalier Régional de Diourbel,Diourbel,Diourbel,442,419,2024-07-04,79,73,124,13,318,376,6,0.14,Dengue,56,4,91.85,19.37,modéré,35.2,67.1,4511.7,False,0.49,0.32,0.14,38.7,34.5
3,Centre Hospitalier Régional de Diourbel,Diourbel,Diourbel,442,419,2024-07-05,56,77,351,4,91,389,21,3.92,Dengue,57,8,58.31,4.15,modéré,29.6,81.2,4474.3,False,0.74,0.8,0.16,112.8,14.8
3,Centre Hospitalier Régional de Diourbel,Diourbel,Diourbel,442,419,2024-07-06,91,31,286,10,156,405,54,2.49,Covid-19,0,9,50.45,17.12,faible,29.0,71.4,4657.0,False,0.76,0.97,0.0,69.5,31.1
3,Centre Hospitalier Régional de Diourbel,Diourbel,Diourbel,442,419,2024-07-07,94,34,139,17,303,408,60,3.42,Dengue,1,8,72.89,26.87,faible,31.7,47.0,2768.0,False,0.56,0.5,0.17,17.6,18.7
3,Centre Hospitalier Régional de Diourbel,Diourbel,Diourbel,442,419,2024-07-08,76,89,369,11,73,374,21,2.12,Grippe,9,7,51.14,7.4,faible,34.7,88.6,3048.0,False,0.89,0.74,0.1,72.3,27.1
3,Centre Hospitalier Régional de Diourbel,Diourbel,Diourbel,442,419,2024-07-09,72,82,172,10,270,384,19,2.45,Covid-19,20,8,30.71,20.16,faible,32.4,87.0,2367.1,False,0.88,0.86,0.07,80.3,13.5
3,Centre Hospitalier Régional de Diourbel,Diourbel,Diourbel,442,419,2024-07-10,61,62,181,1,261,403,42,2.14,Choléra,107,9,90.84,18.91,élevé,25.8,61.5,1406.1,True,0.51,0.76,0.17,8.0,49.0
3,Centre Hospitalier Régional de Diourbel,Diourbel,Diourbel,442,419,2024-07-11,17,6,297,19,145,379,32,3.62,Dengue,14,8,31.12,22.28,faible,33.2,69.8,642.9,False,0.72,0.39,0.05,41.7,46.1
3,Centre Hospitalier Régional de Diourbel,Diourbel,Diourbel,442,419,2024-07-12,59,87,142,23,300,384,16,2.29,Paludisme,18,1,47.46,5.17,faible,29.9,53.1,105.1,False,0.6,0.95,0.06,150.7,15.0
3,Centre Hospitalier Régional de Diourbel,Diourbel,Diourbel,442,419,2024-07-13,71,42,91,4,351,381,38,3.56,Paludisme,33,9,54.58,15.51,modéré,31.7,89.8,1925.0,False,0.84,0.75,0.06,90.6,48.2
3,Centre Hospitalier Régional de Diourbel,Diourbel,Diourbel,442,419,2024-07-14,30,52,69,0,373,380,50,2.36,Choléra,85,6,30.58,25.26,élevé,23.4,56.9,3767.8,True,0.35,0.92,0.1,123.1,12.9
3,Centre Hospitalier Régional de Diourbel,Diourbel,Diourbel,442,419,2024-07-15,22,80,302,4,140,378,33,1.83,Dengue,37,8,46.74,27.65,modéré,38.8,53.3,2106.9,False,0.62,0.66,0.03,48.1,32.0
3,Centre Hospitalier Régional de Diourbel,Diourbel,Diourbel,442,419,2024-07-16,82,28,54,18,388,397,0,2.53,Grippe,80,2,44.34,21.88,élevé,22.2,72.3,3433.8,False,0.67,0.52,0.01,12.6,10.4
3,Centre Hospitalier Régional de Diourbel,Diourbel,Diourbel,442,419,2024-07-17,14,29,338,14,104,374,53,2.1,Choléra,17,2,93.02,25.8,faible,34.3,48.0,4367.0,False,0.65,0.98,0.11,23.0,50.6
3,Centre Hospitalier Régional de Diourbel,Diourbel,Diourbel,442,419,2024-07-18,50,51,423,4,19,381,21,0.69,Paludisme,73,6,56.84,20.69,modéré,23.2,48.0,3447.8,False,0.71,0.31,0.09,174.2,21.3
3,Centre Hospitalier Régional de Diourbel,Diourbel,Diourbel,442,419,2024-07-19,20,77,101,2,341,370,55,3.89,Covid-19,112,6,56.53,19.49,élevé,26.8,80.1,3376.5,True,0.47,0.58,0.05,142.1,43.6
3,Centre Hospitalier Régional de Diourbel,Diourbel,Diourbel,442,419,2024-07-20,99,38,227,8,215,372,56,1.38,Paludisme,75,8,57.99,28.76,modéré,23.0,62.2,4460.9,False,0.91,0.32,0.14,27.4,36.1
3,Centre Hospitalier Régional de Diourbel,Diourbel,Diourbel,442,419,2024-07-21,91,67,199,9,243,393,34,2.54,Paludisme,119,9,73.97,16.13,élevé,37.3,50.0,3168.7,True,0.91,0.93,0.1,120.3,48.0
3,Centre Hospitalier Régional de Diourbel,Diourbel,Diourbel,442,419,2024-07-22,81,15,285,25,157,410,11,3.32,Grippe,13,9,50.7,1.08,faible,25.1,84.6,2530.1,False,0.5,0.81,0.05,143.7,35.4
3,Centre Hospitalier Régional de Diourbel,Diourbel,Diourbel,442,419,2024-07-23,56,54,122,20,320,412,7,1.44,Paludisme,30,10,38.54,14.21,modéré,36.3,49.9,1236.1,False,0.48,0.58,0.09,175.0,34.2
3,Centre Hospitalier Régional de Diourbel,Diourbel,Diourbel,442,419,2024-07-24,92,59,158,16,284,386,38,3.43,Covid-19,64,5,55.82,2.98,modéré,35.8,75.8,4699.1,False,0.5,0.53,0.02,83.4,32.2
3,Centre Hospitalier Régional de Diourbel,Diourbel,Diourbel,442,419,2024-07-25,67,89,215,20,227,382,54,0.68,Paludisme,36,4,40.17,2.47,modéré,27.8,84.4,3906.8,False,0.9,0.4,0.08,17.7,22.3
3,Centre Hospitalier Régional de Diourbel,Diourbel,Diourbel,442,419,2024-07-26,31,15,163,12,279,385,7,1.07,Paludisme,15,6,76.3,24.76,faible,25.2,60.0,1702.1,False,0.6,0.51,0.05,103.2,24.8
3,Centre Hospitalier Régional de Diourbel,Diourbel,Diourbel,442,419,2024-07-27,81,39,64,15,378,394,48,2.35,Grippe,46,9,67.82,2.4,modéré,31.7,60.6,1187.9,False,0.3,0.37,0.06,24.9,45.4
3,Centre Hospitalier Régional de Diourbel,Diourbel,Diourbel,442,419,2024-07-28,43,80,232,9,210,386,52,0.8,Covid-19,45,5,50.51,28.01,modéré,31.0,40.4,4325.0,False,0.23,0.57,0.06,145.4,36.1
3,Centre Hospitalier Régional de Diourbel,Diourbel,Diourbel,442,419,2024-07-29,59,38,41,1,401,394,26,1.71,Grippe,35,5,34.47,17.91,modéré,23.6,89.8,1101.1,False,0.95,0.65,0.07,145.1,44.3
3,Centre Hospitalier Régional de Diourbel,Diourbel,Diourbel,442,419,2024-07-30,64,86,321,4,121,385,33,1.51,Covid-19,9,2,77.48,11.09,faible,25.0,68.3,3498.0,False,0.74,0.96,0.12,32.9,23.4
3,Centre Hospitalier Régional de Diourbel,Diourbel,Diourbel,442,419,2024-07-31,94,8,165,7,277,392,10,0.1,Paludisme,60,10,36.05,20.41,modéré,38.8,74.0,1654.9,False,0.34,0.46,0.08,127.4,5.1
3,Centre Hospitalier Régional de Diourbel,Diourbel,Diourbel,442,419,2024-08-01,88,45,427,15,15,402,32,3.93,Dengue,51,9,47.88,11.01,modéré,27.1,51.6,3147.2,False,0.41,0.61,0.18,77.3,5.5
3,Centre Hospitalier Régional de Diourbel,Diourbel,Diourbel,442,419,2024-08-02,10,70,333,2,109,382,24,2.3,Covid-19,105,7,90.06,3.65,élevé,36.9,54.0,3292.9,True,0.8,0.67,0.19,170.7,47.9
3,Centre Hospitalier Régional de Diourbel,Diourbel,Diourbel,442,419,2024-08-03,44,82,251,0,191,374,42,1.8,Choléra,108,10,32.05,16.65,élevé,34.6,69.3,2830.8,True,0.26,0.76,0.11,58.3,54.3
3,Centre Hospitalier Régional de Diourbel,Diourbel,Diourbel,442,419,2024-08-04,84,16,222,14,220,402,11,3.46,Choléra,25,2,73.66,2.87,faible,35.4,66.1,2619.2,False,0.58,0.81,0.16,126.4,52.2
3,Centre Hospitalier Régional de Diourbel,Diourbel,Diourbel,442,419,2024-08-05,21,69,393,8,49,381,40,2.24,Choléra,93,2,73.78,16.79,élevé,34.0,47.5,3871.4,True,0.69,0.76,0.09,130.9,14.4
3,Centre Hospitalier Régional de Diourbel,Diourbel,Diourbel,442,419,2024-04-28,69,43,347,8,95,397,59,3.24,Covid-19,80,5,49.89,24.02,élevé,34.8,82.9,420.2,False,0.99,0.32,0.03,164.6,25.5
3,Centre Hospitalier Régional de Diourbel,Diourbel,Diourbel,442,419,2024-04-29,37,36,27,22,415,405,21,0.32,Choléra,82,1,58.19,7.59,élevé,38.4,81.4,4713.8,True,0.3,0.62,0.08,125.5,6.0
3,Centre Hospitalier Régional de Diourbel,Diourbel,Diourbel,442,419,2024-04-30,26,84,200,16,242,380,8,2.81,Grippe,108,9,45.92,1.5,élevé,23.6,43.1,859.9,True,0.25,0.52,0.2,177.2,8.3
3,Centre Hospitalier Régional de Diourbel,Diourbel,Diourbel,442,419,2024-05-01,21,67,88,8,354,383,43,3.62,Grippe,109,9,82.25,9.83,élevé,38.0,74.2,3922.3,True,0.8,0.6,0.01,166.2,13.7
3,Centre Hospitalier Régional de Diourbel,Diourbel,Diourbel,442,419,2024-05-02,92,80,39,11,403,386,50,1.36,Covid-19,5,8,48.62,2.27,faible,31.2,78.8,918.3,False,0.34,0.38,0.02,137.8,20.6
3,Centre Hospitalier Régional de Diourbel,Diourbel,Diourbel,442,419,2024-05-03,50,39,139,25,303,390,35,1.03,Dengue,29,0,50.47,17.4,faible,29.6,75.9,3620.6,False,0.41,0.61,0.1,109.8,56.2
3,Centre Hospitalier Régional de Diourbel,Diourbel,Diourbel,442,419,2024-05-04,25,70,325,21,117,418,40,2.75,Covid-19,32,9,61.06,25.0,modéré,26.0,69.6,3601.7,False,0.42,0.71,0.02,99.9,21.1
3,Centre Hospitalier Régional de Diourbel,Diourbel,Diourbel,442,419,2024-05-05,26,23,325,5,117,371,6,0.97,Dengue,20,9,59.47,20.69,faible,26.0,58.2,616.4,False,0.99,0.67,0.19,125.9,12.6
3,Centre Hospitalier Régional de Diourbel,Diourbel,Diourbel,442,419,2024-05-06,40,81,197,5,245,371,48,2.03,Dengue,58,0,65.6,3.08,modéré,22.7,54.9,4016.0,False,0.43,0.46,0.0,32.7,3.3
3,Centre Hospitalier Régional de Diourbel,Diourbel,Diourbel,442,419,2024-05-07,68,40,322,22,120,381,20,3.03,Covid-19,14,10,63.66,9.29,faible,35.1,57.0,1535.6,False,0.77,0.65,0.19,99.0,37.7
3,Centre Hospitalier Régional de Diourbel,Diourbel,Diourbel,442,419,2024-05-08,38,35,111,10,331,387,17,1.1,Paludisme,83,7,93.16,11.04,élevé,27.8,72.1,3491.4,True,0.2,0.8,0.18,40.9,53.3
3,Centre Hospitalier Régional de Diourbel,Diourbel,Diourbel,442,419,2024-05-09,93,78,308,15,134,414,1,2.36,Grippe,55,1,70.81,5.52,modéré,29.2,85.3,4923.2,False,0.29,0.71,0.0,35.2,44.5
3,Centre Hospitalier Régional de Diourbel,Diourbel,Diourbel,442,419,2024-05-10,38,20,180,17,262,371,38,3.99,Choléra,7,6,89.38,18.58,faible,29.4,47.6,3674.1,False,0.94,0.67,0.06,80.5,43.4
3,Centre Hospitalier Régional de Diourbel,Diourbel,Diourbel,442,419,2024-05-11,83,45,359,14,83,403,34,0.19,Grippe,112,7,44.27,12.61,élevé,30.6,89.6,2030.5,True,0.21,0.53,0.13,108.2,8.1
3,Centre Hospitalier Régional de Diourbel,Diourbel,Diourbel,442,419,2024-05-12,30,54,369,19,73,409,58,3.45,Choléra,33,5,65.3,26.95,modéré,31.5,79.1,874.7,False,0.77,0.52,0.05,70.7,39.9
3,Centre Hospitalier Régional de Diourbel,Diourbel,Diourbel,442,419,2024-05-13,77,25,285,8,157,397,33,0.15,Paludisme,113,8,61.85,23.33,élevé,29.1,78.0,2218.2,True,0.23,0.49,0.05,38.7,43.2
3,Centre Hospitalier Régional de Diourbel,Diourbel,Diourbel,442,419,2024-05-14,50,6,73,10,369,400,11,3.42,Dengue,15,5,90.97,3.04,faible,26.0,78.1,1272.4,False,0.21,0.37,0.15,42.5,33.6
3,Centre Hospitalier Régional de Diourbel,Diourbel,Diourbel,442,419,2024-05-15,43,40,84,13,358,385,50,0.63,Paludisme,106,2,70.82,25.44,élevé,35.0,61.5,2534.0,True,0.43,0.74,0.2,103.5,37.3
3,Centre Hospitalier Régional de Diourbel,Diourbel,Diourbel,442,419,2024-05-16,66,43,318,2,124,393,47,1.91,Dengue,9,7,91.83,12.16,faible,34.3,43.2,4055.8,False,0.7,0.85,0.01,152.6,49.2
3,Centre Hospitalier Régional de Diourbel,Diourbel,Diourbel,442,419,2024-05-17,40,54,173,17,269,398,38,2.02,Dengue,87,3,64.87,12.81,élevé,33.8,62.8,847.4,True,0.98,0.31,0.19,5.3,16.3
3,Centre Hospitalier Régional de Diourbel,Diourbel,Diourbel,442,419,2024-05-18,13,60,304,1,138,378,27,1.46,Dengue,42,10,74.72,5.52,modéré,29.7,69.6,105.7,False,0.74,0.88,0.02,47.4,48.3
3,Centre Hospitalier Régional de Diourbel,Diourbel,Diourbel,442,419,2024-05-19,77,65,37,11,405,371,59,0.27,Paludisme,32,9,85.91,17.42,modéré,36.3,56.7,2087.1,False,0.95,0.85,0.06,177.6,11.2
3,Centre Hospitalier Régional de Diourbel,Diourbel,Diourbel,442,419,2024-05-20,52,86,422,0,20,414,26,3.73,Covid-19,29,2,85.76,26.66,faible,38.1,52.2,4095.3,False,0.41,0.82,0.07,47.6,52.6
3,Centre Hospitalier Régional de Diourbel,Diourbel,Diourbel,442,419,2024-05-21,95,42,226,0,216,392,51,3.8,Choléra,17,1,39.95,21.97,faible,22.2,73.8,3735.4,False,0.59,0.62,0.13,133.6,18.9
3,Centre Hospitalier Régional de Diourbel,Diourbel,Diourbel,442,419,2024-05-22,43,45,320,8,122,369,28,1.09,Paludisme,79,10,64.77,17.08,modéré,24.9,54.6,1521.9,False,0.47,0.94,0.13,12.4,26.0
3,Centre Hospitalier Régional de Diourbel,Diourbel,Diourbel,442,419,2024-05-23,45,17,218,24,224,409,57,3.52,Choléra,4,10,68.68,26.86,faible,35.4,72.9,1774.5,False,0.69,0.56,0.02,75.2,47.7
3,Centre Hospitalier Régional de Diourbel,Diourbel,Diourbel,442,419,2024-05-24,11,51,183,7,259,416,37,1.13,Dengue,49,10,75.04,1.89,modéré,25.8,46.3,3158.1,False,0.44,0.79,0.17,121.2,41.6
3,Centre Hospitalier Régional de Diourbel,Diourbel,Diourbel,442,419,2024-05-25,31,27,139,12,303,408,5,0.7,Grippe,63,6,85.69,22.37,modéré,33.9,83.3,2392.1,False,0.78,0.41,0.13,77.7,36.9
3,Centre Hospitalier Régional de Diourbel,Diourbel,Diourbel,442,419,2024-05-26,80,53,268,2,174,399,53,3.97,Covid-19,113,2,43.34,27.3,élevé,24.3,88.3,1874.9,True,0.33,0.86,0.12,42.8,59.5
3,Centre Hospitalier Régional de Diourbel,Diourbel,Diourbel,442,419,2024-05-27,11,47,205,6,237,385,25,1.78,Dengue,43,1,51.65,18.04,modéré,24.6,77.8,4631.7,False,0.26,0.91,0.01,69.2,37.4
3,Centre Hospitalier Régional de Diourbel,Diourbel,Diourbel,442,419,2024-05-28,54,63,235,15,207,399,34,0.56,Covid-19,15,4,60.29,3.45,faible,26.9,68.6,1740.0,False,0.97,0.37,0.06,37.4,29.8
3,Centre Hospitalier Régional de Diourbel,Diourbel,Diourbel,442,419,2024-05-29,10,81,236,2,206,416,32,3.24,Choléra,9,2,51.48,16.11,faible,27.0,80.0,3088.0,False,0.92,0.38,0.06,172.0,52.9
3,Centre Hospitalier Régional de Diourbel,Diourbel,Diourbel,442,419,2024-05-30,38,78,133,7,309,400,27,1.26,Choléra,34,3,45.36,2.84,modéré,36.6,86.1,2719.9,False,0.44,0.53,0.19,80.0,56.4
3,Centre Hospitalier Régional de Diourbel,Diourbel,Diourbel,442,419,2024-05-31,77,90,236,8,206,380,15,3.73,Dengue,18,8,94.5,6.31,faible,31.9,58.6,3919.0,False,0.51,0.97,0.2,37.0,44.3
3,Centre Hospitalier Régional de Diourbel,Diourbel,Diourbel,442,419,2024-06-01,48,34,383,18,59,408,39,1.29,Grippe,80,1,91.37,23.82,élevé,23.5,86.6,2811.2,False,0.93,0.62,0.11,65.0,42.0
3,Centre Hospitalier Régional de Diourbel,Diourbel,Diourbel,442,419,2024-06-02,81,71,325,16,117,381,2,2.51,Dengue,3,7,82.59,6.04,faible,35.8,56.7,1783.4,False,0.52,0.31,0.04,177.5,24.3
3,Centre Hospitalier Régional de Diourbel,Diourbel,Diourbel,442,419,2024-06-03,64,34,321,18,121,419,53,0.2,Paludisme,85,10,88.08,2.57,élevé,36.9,55.7,2406.7,True,0.69,0.93,0.07,52.6,17.4
3,Centre Hospitalier Régional de Diourbel,Diourbel,Diourbel,442,419,2024-06-04,18,45,257,25,185,407,9,3.29,Covid-19,96,2,41.02,4.2,élevé,35.4,62.5,4324.7,True,0.41,0.68,0.07,58.5,19.5
3,Centre Hospitalier Régional de Diourbel,Diourbel,Diourbel,442,419,2024-06-05,32,27,206,12,236,369,58,0.26,Choléra,63,8,33.91,20.52,modéré,22.3,75.4,4063.5,False,0.23,0.38,0.05,103.1,27.6
3,Centre Hospitalier Régional de Diourbel,Diourbel,Diourbel,442,419,2024-06-06,68,31,234,10,208,410,39,3.14,Covid-19,32,10,63.06,20.73,modéré,37.8,77.9,2680.4,False,0.52,0.97,0.13,169.2,18.8
3,Centre Hospitalier Régional de Diourbel,Diourbel,Diourbel,442,419,2024-06-07,58,85,263,14,179,405,11,1.42,Paludisme,43,9,73.51,8.01,modéré,30.4,66.3,2928.9,False,0.72,0.58,0.1,45.1,6.8
3,Centre Hospitalier Régional de Diourbel,Diourbel,Diourbel,442,419,2024-06-08,99,70,300,13,142,392,44,0.26,Dengue,61,1,91.9,25.56,modéré,24.5,46.1,166.2,False,0.38,0.95,0.09,134.4,32.7
3,Centre Hospitalier Régional de Diourbel,Diourbel,Diourbel,442,419,2024-06-09,88,40,116,13,326,370,21,3.47,Choléra,79,3,92.69,11.87,modéré,25.9,68.9,2254.7,False,0.48,0.93,0.14,39.5,36.4
3,Centre Hospitalier Régional de Diourbel,Diourbel,Diourbel,442,419,2024-06-10,44,65,88,13,354,377,50,3.59,Covid-19,87,7,46.31,28.69,élevé,38.1,67.6,1985.8,True,0.6,0.43,0.03,125.7,13.2
3,Centre Hospitalier Régional de Diourbel,Diourbel,Diourbel,442,419,2024-06-11,18,11,118,8,324,404,29,3.66,Dengue,73,7,33.58,25.94,modéré,23.7,58.3,1189.4,False,0.51,0.33,0.18,132.8,25.3
3,Centre Hospitalier Régional de Diourbel,Diourbel,Diourbel,442,419,2024-06-12,20,61,211,20,231,418,13,3.09,Choléra,58,9,85.89,19.63,modéré,28.8,63.8,298.2,False,0.68,0.93,0.13,82.5,34.1
3,Centre Hospitalier Régional de Diourbel,Diourbel,Diourbel,442,419,2024-06-13,70,81,308,19,134,387,20,1.31,Dengue,90,1,83.7,17.91,élevé,23.3,84.4,928.8,True,0.5,0.96,0.11,83.5,21.1
3,Centre Hospitalier Régional de Diourbel,Diourbel,Diourbel,442,419,2024-06-14,60,35,412,9,30,413,43,3.07,Dengue,80,1,62.46,9.25,élevé,33.3,71.9,4849.4,False,0.9,0.77,0.18,82.6,45.9
3,Centre Hospitalier Régional de Diourbel,Diourbel,Diourbel,442,419,2024-06-15,38,80,69,4,373,408,40,0.42,Covid-19,73,9,70.55,13.5,modéré,23.9,65.6,902.7,False,0.36,0.41,0.11,75.1,48.3
3,Centre Hospitalier Régional de Diourbel,Diourbel,Diourbel,442,419,2024-06-16,24,5,352,25,90,373,18,2.27,Covid-19,92,7,43.27,4.65,élevé,33.3,42.1,1106.0,True,0.66,0.94,0.05,155.5,4.2
3,Centre Hospitalier Régional de Diourbel,Diourbel,Diourbel,442,419,2024-11-14,71,14,288,0,154,400,48,3.51,Dengue,31,4,71.88,24.01,modéré,38.4,40.7,4632.5,False,0.91,0.39,0.03,122.8,37.0
3,Centre Hospitalier Régional de Diourbel,Diourbel,Diourbel,442,419,2024-11-15,23,79,348,12,94,373,9,1.84,Grippe,13,5,35.22,7.98,faible,27.5,43.8,4722.6,False,0.4,0.61,0.14,139.2,15.9
3,Centre Hospitalier Régional de Diourbel,Diourbel,Diourbel,442,419,2024-11-16,24,30,375,24,67,376,53,2.8,Choléra,96,10,33.08,2.61,élevé,33.4,41.9,2249.0,True,0.77,0.51,0.05,125.2,44.6
3,Centre Hospitalier Régional de Diourbel,Diourbel,Diourbel,442,419,2024-11-17,49,13,392,19,50,383,50,0.18,Paludisme,30,6,78.04,8.0,modéré,25.4,47.1,2463.9,False,0.47,1.0,0.08,21.0,4.5
3,Centre Hospitalier Régional de Diourbel,Diourbel,Diourbel,442,419,2024-11-18,46,36,232,13,210,377,40,3.48,Dengue,50,4,62.2,27.16,modéré,38.4,70.7,4702.6,False,0.51,0.63,0.03,145.1,11.9
3,Centre Hospitalier Régional de Diourbel,Diourbel,Diourbel,442,419,2024-11-19,79,17,255,7,187,404,24,3.54,Dengue,120,0,93.84,18.87,élevé,27.6,72.7,2523.6,True,0.81,0.98,0.04,55.3,5.1
3,Centre Hospitalier Régional de Diourbel,Diourbel,Diourbel,442,419,2024-11-20,93,28,357,0,85,415,54,3.9,Dengue,62,8,89.81,16.32,modéré,23.9,43.3,1542.4,False,0.73,0.89,0.13,92.2,54.1
3,Centre Hospitalier Régional de Diourbel,Diourbel,Diourbel,442,419,2024-11-21,19,80,424,3,18,401,42,1.16,Grippe,65,7,87.75,21.1,modéré,27.9,84.6,591.1,False,0.68,0.71,0.05,50.0,48.4
3,Centre Hospitalier Régional de Diourbel,Diourbel,Diourbel,442,419,2024-11-22,16,9,150,3,292,402,12,3.09,Covid-19,40,8,54.11,16.38,modéré,25.8,51.4,541.8,False,0.72,0.93,0.16,18.5,54.8
3,Centre Hospitalier Régional de Diourbel,Diourbel,Diourbel,442,419,2024-11-23,18,53,211,3,231,411,50,1.06,Paludisme,94,9,53.88,27.78,élevé,26.1,42.0,1051.3,True,0.79,0.58,0.09,156.2,49.9
3,Centre Hospitalier Régional de Diourbel,Diourbel,Diourbel,442,419,2024-11-24,90,78,391,7,51,397,43,1.99,Grippe,106,8,56.49,14.89,élevé,36.9,74.8,1886.9,True,0.31,0.5,0.17,133.1,9.8
3,Centre Hospitalier Régional de Diourbel,Diourbel,Diourbel,442,419,2024-11-25,86,8,191,8,251,382,14,1.94,Choléra,64,0,93.78,8.35,modéré,27.2,78.1,3432.5,False,0.87,0.62,0.04,132.1,12.9
3,Centre Hospitalier Régional de Diourbel,Diourbel,Diourbel,442,419,2024-11-26,77,35,426,23,16,404,39,3.28,Paludisme,30,7,85.55,24.82,modéré,30.7,43.8,663.5,False,0.44,0.72,0.05,67.7,44.6
3,Centre Hospitalier Régional de Diourbel,Diourbel,Diourbel,442,419,2024-11-27,89,89,382,16,60,409,30,0.55,Dengue,72,0,36.14,16.24,modéré,32.5,63.6,1080.0,False,0.21,0.99,0.18,157.4,5.2
3,Centre Hospitalier Régional de Diourbel,Diourbel,Diourbel,442,419,2024-11-28,86,22,27,7,415,393,23,0.33,Grippe,100,3,43.1,16.84,élevé,36.5,47.2,4925.8,True,0.83,0.99,0.19,70.5,58.1
3,Centre Hospitalier Régional de Diourbel,Diourbel,Diourbel,442,419,2024-11-29,31,83,219,6,223,369,11,3.28,Dengue,98,2,70.81,28.94,élevé,30.9,68.4,3641.4,True,0.76,0.52,0.18,175.2,34.8
3,Centre Hospitalier Régional de Diourbel,Diourbel,Diourbel,442,419,2024-11-30,54,14,21,8,421,410,7,1.91,Choléra,58,10,42.64,9.65,modéré,28.9,43.2,4309.9,False,0.75,0.9,0.08,162.1,39.5
3,Centre Hospitalier Régional de Diourbel,Diourbel,Diourbel,442,419,2024-12-01,13,60,63,11,379,408,18,0.83,Grippe,23,0,81.54,20.93,faible,34.3,81.6,4488.9,False,1.0,0.44,0.06,95.6,41.4
3,Centre Hospitalier Régional de Diourbel,Diourbel,Diourbel,442,419,2024-12-02,14,55,126,14,316,418,58,2.31,Paludisme,60,3,82.1,20.49,modéré,27.2,62.0,1760.1,False,0.98,0.44,0.05,14.7,5.2
3,Centre Hospitalier Régional de Diourbel,Diourbel,Diourbel,442,419,2024-12-03,78,28,180,2,262,374,8,3.0,Choléra,35,2,75.93,27.06,modéré,26.1,64.3,3422.6,False,0.27,0.46,0.12,7.1,42.8
3,Centre Hospitalier Régional de Diourbel,Diourbel,Diourbel,442,419,2024-12-04,57,48,214,3,228,398,21,0.51,Paludisme,51,7,56.39,27.25,modéré,37.3,53.1,2502.7,False,0.22,0.65,0.14,162.7,44.0
3,Centre Hospitalier Régional de Diourbel,Diourbel,Diourbel,442,419,2024-12-05,32,46,340,7,102,381,14,1.95,Grippe,50,4,41.42,16.18,modéré,33.4,80.8,1952.5,False,0.57,0.41,0.07,88.1,17.8
3,Centre Hospitalier Régional de Diourbel,Diourbel,Diourbel,442,419,2024-12-06,46,56,274,18,168,373,30,1.54,Covid-19,47,5,62.82,1.02,modéré,38.3,43.8,4808.7,False,0.62,0.73,0.16,59.8,34.6
3,Centre Hospitalier Régional de Diourbel,Diourbel,Diourbel,442,419,2024-12-07,51,47,386,6,56,411,38,0.56,Choléra,71,6,86.74,11.32,modéré,35.4,71.8,4796.3,False,0.23,0.93,0.13,50.2,35.6
3,Centre Hospitalier Régional de Diourbel,Diourbel,Diourbel,442,419,2024-12-08,76,7,196,14,246,390,54,2.69,Paludisme,29,2,31.12,10.74,faible,38.9,59.0,4669.2,False,0.6,1.0,0.01,122.1,47.3
3,Centre Hospitalier Régional de Diourbel,Diourbel,Diourbel,442,419,2024-12-09,10,72,161,20,281,402,47,0.32,Paludisme,75,10,65.76,4.21,modéré,34.9,68.6,490.2,False,0.81,0.51,0.09,12.3,49.8
3,Centre Hospitalier Régional de Diourbel,Diourbel,Diourbel,442,419,2024-12-10,53,57,20,7,422,414,58,1.58,Choléra,28,0,53.28,29.92,faible,24.0,67.8,4930.9,False,0.58,0.62,0.0,62.6,19.3
3,Centre Hospitalier Régional de Diourbel,Diourbel,Diourbel,442,419,2024-12-11,43,65,415,22,27,404,53,2.17,Dengue,58,4,41.79,3.84,modéré,27.8,44.6,4976.3,False,0.34,0.95,0.12,10.6,41.8
3,Centre Hospitalier Régional de Diourbel,Diourbel,Diourbel,442,419,2024-12-12,55,56,294,11,148,394,14,2.82,Covid-19,54,1,30.75,20.78,modéré,27.7,84.3,1529.3,False,0.37,0.98,0.04,5.5,27.5
3,Centre Hospitalier Régional de Diourbel,Diourbel,Diourbel,442,419,2024-12-13,41,19,246,17,196,417,32,2.89,Covid-19,17,2,46.47,9.23,faible,34.3,47.3,1374.0,False,0.64,0.85,0.11,37.1,24.6
3,Centre Hospitalier Régional de Diourbel,Diourbel,Diourbel,442,419,2024-12-14,21,7,354,8,88,398,16,0.75,Choléra,90,6,76.12,24.27,élevé,31.5,56.5,4756.8,True,0.95,0.64,0.16,15.4,25.6
3,Centre Hospitalier Régional de Diourbel,Diourbel,Diourbel,442,419,2024-12-15,41,84,332,3,110,409,16,1.46,Covid-19,67,5,70.89,28.81,modéré,35.1,85.3,597.6,False,0.28,0.47,0.2,17.6,32.5
3,Centre Hospitalier Régional de Diourbel,Diourbel,Diourbel,442,419,2024-12-16,73,52,418,17,24,389,0,1.08,Dengue,97,3,61.14,9.52,élevé,36.6,61.2,4074.0,True,0.33,0.55,0.08,118.5,53.4
3,Centre Hospitalier Régional de Diourbel,Diourbel,Diourbel,442,419,2024-12-17,83,41,435,17,7,378,42,1.18,Grippe,93,6,77.73,20.73,élevé,34.4,57.6,3447.4,True,0.65,0.94,0.16,55.5,53.8
3,Centre Hospitalier Régional de Diourbel,Diourbel,Diourbel,442,419,2024-12-18,85,5,398,16,44,376,9,0.12,Paludisme,48,2,73.37,18.37,modéré,25.8,47.6,3894.0,False,0.78,0.71,0.11,159.6,28.6
3,Centre Hospitalier Régional de Diourbel,Diourbel,Diourbel,442,419,2024-12-19,32,19,436,20,6,408,30,0.41,Choléra,114,2,61.0,11.04,élevé,34.4,56.5,4780.4,True,0.35,0.93,0.16,104.0,21.3
3,Centre Hospitalier Régional de Diourbel,Diourbel,Diourbel,442,419,2024-12-20,59,73,43,19,399,394,55,2.88,Paludisme,19,0,32.55,12.68,faible,22.5,74.6,931.7,False,0.28,0.85,0.04,70.9,49.6
3,Centre Hospitalier Régional de Diourbel,Diourbel,Diourbel,442,419,2024-12-21,37,36,180,20,262,409,1,1.08,Dengue,69,4,77.51,8.1,modéré,33.3,40.2,4399.9,False,0.25,0.77,0.05,76.4,9.9
3,Centre Hospitalier Régional de Diourbel,Diourbel,Diourbel,442,419,2024-12-22,24,85,126,21,316,403,51,0.79,Covid-19,28,7,59.07,12.91,faible,27.5,86.1,4043.8,False,0.87,0.63,0.07,34.5,14.0
3,Centre Hospitalier Régional de Diourbel,Diourbel,Diourbel,442,419,2024-12-23,29,16,320,16,122,407,9,2.08,Choléra,24,6,67.45,23.19,faible,38.0,79.2,4668.5,False,0.46,0.38,0.02,155.6,10.8
3,Centre Hospitalier Régional de Diourbel,Diourbel,Diourbel,442,419,2024-12-24,65,23,67,18,375,410,27,2.84,Dengue,29,9,80.17,26.71,faible,24.8,75.3,4406.0,False,0.96,0.44,0.0,48.9,24.4
3,Centre Hospitalier Régional de Diourbel,Diourbel,Diourbel,442,419,2024-12-25,38,20,196,25,246,402,11,3.55,Grippe,16,6,41.23,9.34,faible,26.1,57.6,2688.0,False,0.4,0.89,0.1,53.5,32.3
3,Centre Hospitalier Régional de Diourbel,Diourbel,Diourbel,442,419,2024-12-26,96,81,204,3,238,410,46,3.79,Dengue,13,6,77.64,14.9,faible,32.4,76.3,1909.7,False,0.61,0.91,0.09,19.6,13.8
3,Centre Hospitalier Régional de Diourbel,Diourbel,Diourbel,442,419,2024-12-27,31,34,248,18,194,390,29,3.98,Grippe,36,5,82.05,28.37,modéré,37.6,66.3,1852.7,False,0.55,0.74,0.12,158.1,27.0
3,Centre Hospitalier Régional de Diourbel,Diourbel,Diourbel,442,419,2024-12-28,77,19,218,10,224,378,55,1.53,Paludisme,81,5,75.01,9.77,élevé,23.7,47.9,2195.0,True,0.37,0.77,0.16,135.1,44.6
3,Centre Hospitalier Régional de Diourbel,Diourbel,Diourbel,442,419,2024-12-29,44,31,156,12,286,384,7,2.27,Covid-19,75,7,46.75,3.16,modéré,32.7,59.2,1687.0,False,0.22,0.7,0.1,23.2,9.3
3,Centre Hospitalier Régional de Diourbel,Diourbel,Diourbel,442,419,2024-12-30,60,36,418,5,24,392,0,3.03,Choléra,78,0,61.08,16.51,modéré,28.7,50.9,3090.4,False,0.73,0.83,0.17,69.1,3.4
3,Centre Hospitalier Régional de Diourbel,Diourbel,Diourbel,442,419,2024-12-31,57,58,388,0,54,392,48,1.35,Covid-19,96,3,64.3,14.64,élevé,35.7,81.8,4847.8,True,0.34,0.56,0.15,87.9,20.0
4,Centre Hospitalier Régional de Kaolack,Kaolack,Kaolack,264,596,2024-01-01,17,58,79,0,185,562,1,0.15,Grippe,35,7,75.1,28.73,modéré,28.4,46.2,2746.0,False,0.25,0.68,0.19,108.8,8.7
4,Centre Hospitalier Régional de Kaolack,Kaolack,Kaolack,264,596,2024-01-02,73,66,162,3,102,563,27,1.92,Paludisme,100,7,75.41,3.1,élevé,26.4,76.3,2807.1,True,0.86,0.43,0.14,9.5,51.7
3,Centre Hospitalier Régional de Diourbel,Diourbel,Diourbel,442,419,2024-08-06,100,86,139,19,303,400,32,3.01,Covid-19,19,4,34.94,26.09,faible,37.2,87.2,2706.1,False,0.24,0.99,0.12,103.6,28.6
3,Centre Hospitalier Régional de Diourbel,Diourbel,Diourbel,442,419,2024-08-07,51,83,346,0,96,399,56,1.48,Paludisme,108,5,85.39,9.34,élevé,34.3,64.3,278.6,True,0.92,0.61,0.02,119.3,42.7
3,Centre Hospitalier Régional de Diourbel,Diourbel,Diourbel,442,419,2024-08-08,36,58,20,4,422,406,56,2.27,Covid-19,72,6,86.2,10.58,modéré,38.8,85.3,236.9,False,0.73,0.6,0.16,116.9,13.3
3,Centre Hospitalier Régional de Diourbel,Diourbel,Diourbel,442,419,2024-08-09,84,25,336,6,106,416,52,3.88,Covid-19,94,7,30.89,12.8,élevé,32.9,51.2,2342.5,True,0.22,0.7,0.15,13.8,7.5
3,Centre Hospitalier Régional de Diourbel,Diourbel,Diourbel,442,419,2024-08-10,70,35,285,17,157,402,48,2.76,Choléra,37,6,73.62,4.25,modéré,24.8,48.5,3757.6,False,0.21,0.69,0.17,12.9,15.2
3,Centre Hospitalier Régional de Diourbel,Diourbel,Diourbel,442,419,2024-08-11,34,61,426,13,16,397,28,2.37,Grippe,112,1,86.38,26.21,élevé,28.6,40.4,2725.0,True,0.68,0.7,0.15,167.6,11.3
3,Centre Hospitalier Régional de Diourbel,Diourbel,Diourbel,442,419,2024-08-12,51,34,68,9,374,413,13,1.03,Grippe,0,10,46.31,28.05,faible,30.4,65.3,4922.4,False,0.27,0.91,0.09,6.8,14.5
3,Centre Hospitalier Régional de Diourbel,Diourbel,Diourbel,442,419,2024-08-13,68,52,46,23,396,381,38,0.23,Covid-19,106,7,54.58,12.92,élevé,32.9,55.5,1622.1,True,0.47,0.83,0.01,154.1,25.9
3,Centre Hospitalier Régional de Diourbel,Diourbel,Diourbel,442,419,2024-08-14,24,71,339,1,103,407,35,2.2,Covid-19,71,1,49.37,25.1,modéré,26.0,64.7,4127.1,False,0.65,0.75,0.02,54.2,38.0
3,Centre Hospitalier Régional de Diourbel,Diourbel,Diourbel,442,419,2024-08-15,16,72,133,16,309,412,47,1.64,Covid-19,109,6,33.32,5.6,élevé,25.4,52.3,4782.2,True,0.4,0.71,0.17,136.9,16.3
3,Centre Hospitalier Régional de Diourbel,Diourbel,Diourbel,442,419,2024-08-16,80,72,403,10,39,377,13,3.85,Paludisme,117,1,35.75,22.07,élevé,32.6,88.5,3856.2,True,0.31,0.32,0.06,11.9,56.2
3,Centre Hospitalier Régional de Diourbel,Diourbel,Diourbel,442,419,2024-08-17,34,30,346,9,96,403,51,3.55,Grippe,103,2,50.62,13.93,élevé,24.2,76.4,542.2,True,0.4,0.95,0.02,135.4,18.0
3,Centre Hospitalier Régional de Diourbel,Diourbel,Diourbel,442,419,2024-08-18,14,12,204,15,238,399,17,2.8,Paludisme,24,5,31.03,25.59,faible,29.6,86.6,3279.5,False,0.74,0.99,0.03,168.1,54.6
3,Centre Hospitalier Régional de Diourbel,Diourbel,Diourbel,442,419,2024-08-19,47,79,389,15,53,419,28,2.32,Dengue,54,2,63.15,14.36,modéré,29.8,66.5,1066.1,False,0.67,0.4,0.09,134.1,50.4
3,Centre Hospitalier Régional de Diourbel,Diourbel,Diourbel,442,419,2024-08-20,99,18,403,1,39,382,11,0.9,Grippe,46,3,82.23,3.6,modéré,30.9,80.5,963.0,False,0.27,0.69,0.04,129.7,24.5
3,Centre Hospitalier Régional de Diourbel,Diourbel,Diourbel,442,419,2024-08-21,22,59,303,12,139,399,54,3.2,Grippe,116,3,62.03,20.11,élevé,24.9,70.4,4733.7,True,0.29,0.42,0.02,103.3,45.0
3,Centre Hospitalier Régional de Diourbel,Diourbel,Diourbel,442,419,2024-08-22,71,32,29,19,413,373,34,0.35,Covid-19,82,4,60.47,27.83,élevé,25.8,67.8,4228.6,True,0.43,0.96,0.05,18.1,25.1
3,Centre Hospitalier Régional de Diourbel,Diourbel,Diourbel,442,419,2024-08-23,73,40,356,24,86,410,16,1.3,Dengue,12,8,48.83,22.35,faible,32.5,70.6,1461.0,False,0.81,0.39,0.1,103.1,44.5
3,Centre Hospitalier Régional de Diourbel,Diourbel,Diourbel,442,419,2024-08-24,63,82,168,3,274,374,46,2.11,Grippe,116,7,57.73,26.67,élevé,32.6,49.6,1634.5,True,0.55,0.54,0.12,111.4,36.3
3,Centre Hospitalier Régional de Diourbel,Diourbel,Diourbel,442,419,2024-08-25,25,55,399,24,43,403,8,0.18,Covid-19,1,4,62.11,5.88,faible,36.0,56.5,2476.9,False,0.94,0.46,0.02,84.9,51.8
3,Centre Hospitalier Régional de Diourbel,Diourbel,Diourbel,442,419,2024-08-26,34,17,230,15,212,419,8,2.09,Covid-19,58,7,72.2,12.66,modéré,32.7,63.3,540.6,False,0.35,0.69,0.17,96.3,50.2
3,Centre Hospitalier Régional de Diourbel,Diourbel,Diourbel,442,419,2024-08-27,86,21,21,10,421,402,42,1.02,Dengue,101,0,88.31,11.58,élevé,38.4,45.0,4017.6,True,0.8,0.9,0.12,26.4,47.0
3,Centre Hospitalier Régional de Diourbel,Diourbel,Diourbel,442,419,2024-08-28,100,8,430,7,12,407,3,1.98,Dengue,24,6,86.99,23.54,faible,22.2,66.0,1735.1,False,0.35,0.45,0.15,144.8,26.1
3,Centre Hospitalier Régional de Diourbel,Diourbel,Diourbel,442,419,2024-08-29,53,65,87,21,355,387,9,0.24,Paludisme,23,0,34.8,28.78,faible,24.0,89.7,2992.8,False,0.95,0.75,0.14,86.6,37.2
3,Centre Hospitalier Régional de Diourbel,Diourbel,Diourbel,442,419,2024-08-30,33,58,278,10,164,376,47,2.0,Covid-19,60,9,69.3,24.49,modéré,23.6,45.4,833.0,False,0.53,0.54,0.1,154.2,15.5
3,Centre Hospitalier Régional de Diourbel,Diourbel,Diourbel,442,419,2024-08-31,72,18,360,23,82,382,5,0.77,Paludisme,44,3,82.0,2.06,modéré,26.5,49.2,3719.2,False,0.28,0.37,0.1,9.1,5.2
3,Centre Hospitalier Régional de Diourbel,Diourbel,Diourbel,442,419,2024-09-01,82,76,438,13,4,399,25,0.72,Paludisme,4,2,86.17,15.2,faible,37.4,59.7,4412.4,False,0.79,0.59,0.15,90.5,5.3
3,Centre Hospitalier Régional de Diourbel,Diourbel,Diourbel,442,419,2024-09-02,56,7,63,7,379,383,7,2.92,Covid-19,69,5,65.88,26.84,modéré,37.6,78.3,3130.3,False,0.85,0.87,0.11,37.3,50.8
3,Centre Hospitalier Régional de Diourbel,Diourbel,Diourbel,442,419,2024-09-03,100,64,78,17,364,376,35,2.22,Choléra,107,0,56.03,1.66,élevé,31.0,49.0,2459.3,True,0.84,0.79,0.07,64.2,54.4
3,Centre Hospitalier Régional de Diourbel,Diourbel,Diourbel,442,419,2024-09-04,50,85,66,4,376,416,19,3.57,Choléra,104,8,77.01,24.36,élevé,27.7,80.8,1702.1,True,0.46,0.54,0.19,170.6,6.1
3,Centre Hospitalier Régional de Diourbel,Diourbel,Diourbel,442,419,2024-09-05,93,49,47,2,395,399,54,2.37,Dengue,70,6,56.71,7.05,modéré,31.4,52.7,4503.7,False,0.42,0.96,0.02,44.4,25.8
3,Centre Hospitalier Régional de Diourbel,Diourbel,Diourbel,442,419,2024-09-06,53,44,375,6,67,393,0,0.44,Covid-19,99,3,40.33,1.62,élevé,36.4,85.7,4022.3,True,0.27,0.93,0.13,11.8,55.5
3,Centre Hospitalier Régional de Diourbel,Diourbel,Diourbel,442,419,2024-09-07,24,37,392,8,50,399,18,1.32,Dengue,106,3,88.42,11.45,élevé,25.9,88.8,410.7,True,0.88,0.4,0.09,77.6,44.4
3,Centre Hospitalier Régional de Diourbel,Diourbel,Diourbel,442,419,2024-09-08,92,77,41,8,401,373,9,2.81,Covid-19,107,10,84.33,14.45,élevé,35.7,66.3,1399.4,True,0.97,0.82,0.05,109.2,38.6
3,Centre Hospitalier Régional de Diourbel,Diourbel,Diourbel,442,419,2024-09-09,88,17,278,23,164,385,7,2.77,Dengue,110,8,66.97,21.37,élevé,31.4,83.7,2426.4,True,0.65,0.83,0.18,85.3,55.7
3,Centre Hospitalier Régional de Diourbel,Diourbel,Diourbel,442,419,2024-09-10,55,63,49,4,393,376,32,1.22,Grippe,12,7,50.67,24.33,faible,29.2,63.4,2013.8,False,0.72,0.42,0.19,136.3,15.2
3,Centre Hospitalier Régional de Diourbel,Diourbel,Diourbel,442,419,2024-09-11,66,85,103,4,339,388,29,1.6,Grippe,119,10,46.69,14.44,élevé,35.0,81.3,172.2,True,0.81,0.87,0.11,12.9,5.2
3,Centre Hospitalier Régional de Diourbel,Diourbel,Diourbel,442,419,2024-09-12,14,6,384,4,58,401,3,1.33,Grippe,44,9,91.71,6.55,modéré,27.9,60.2,4313.8,False,0.61,0.89,0.09,175.3,39.0
3,Centre Hospitalier Régional de Diourbel,Diourbel,Diourbel,442,419,2024-09-13,61,33,162,17,280,419,23,3.91,Dengue,87,2,58.93,5.64,élevé,31.0,88.7,1599.9,True,0.95,0.68,0.18,30.8,55.0
3,Centre Hospitalier Régional de Diourbel,Diourbel,Diourbel,442,419,2024-09-14,50,48,307,12,135,392,45,3.97,Grippe,26,1,73.64,3.08,faible,28.6,84.3,3465.2,False,0.83,0.84,0.04,102.5,29.8
3,Centre Hospitalier Régional de Diourbel,Diourbel,Diourbel,442,419,2024-09-15,45,80,430,22,12,397,22,3.6,Paludisme,10,9,90.0,20.54,faible,24.2,84.9,3403.1,False,0.94,0.41,0.12,58.6,11.1
3,Centre Hospitalier Régional de Diourbel,Diourbel,Diourbel,442,419,2024-09-16,12,27,37,10,405,371,20,2.66,Paludisme,91,8,62.33,16.11,élevé,24.9,46.9,3004.8,True,0.8,0.63,0.19,104.4,19.5
3,Centre Hospitalier Régional de Diourbel,Diourbel,Diourbel,442,419,2024-09-17,71,55,82,21,360,380,45,2.48,Grippe,83,8,59.07,13.27,élevé,31.6,63.8,1789.7,True,0.65,0.56,0.05,58.1,53.9
3,Centre Hospitalier Régional de Diourbel,Diourbel,Diourbel,442,419,2024-09-18,36,52,337,4,105,407,58,1.89,Covid-19,65,8,70.54,15.85,modéré,28.4,50.9,1262.3,False,0.54,0.38,0.08,176.1,51.9
3,Centre Hospitalier Régional de Diourbel,Diourbel,Diourbel,442,419,2024-09-19,73,26,319,22,123,419,24,2.93,Choléra,2,0,75.9,12.02,faible,24.2,53.7,1260.5,False,0.84,0.46,0.19,153.0,40.2
3,Centre Hospitalier Régional de Diourbel,Diourbel,Diourbel,442,419,2024-09-20,91,13,190,7,252,370,48,3.05,Paludisme,81,7,52.22,5.92,élevé,35.6,87.7,1806.6,True,0.39,0.34,0.17,103.9,50.2
3,Centre Hospitalier Régional de Diourbel,Diourbel,Diourbel,442,419,2024-09-21,23,45,333,4,109,414,27,2.67,Covid-19,2,5,33.88,18.59,faible,37.6,44.9,1429.4,False,0.79,0.86,0.16,54.6,46.0
3,Centre Hospitalier Régional de Diourbel,Diourbel,Diourbel,442,419,2024-09-22,87,49,244,0,198,389,4,1.98,Dengue,78,8,54.86,26.87,modéré,36.1,56.0,3710.9,False,0.29,0.35,0.05,145.4,44.5
3,Centre Hospitalier Régional de Diourbel,Diourbel,Diourbel,442,419,2024-09-23,47,24,206,14,236,393,53,1.0,Choléra,98,4,86.85,11.86,élevé,26.4,47.1,4962.1,True,0.35,0.75,0.1,91.7,59.1
3,Centre Hospitalier Régional de Diourbel,Diourbel,Diourbel,442,419,2024-09-24,80,60,392,6,50,372,28,1.54,Choléra,100,8,80.02,10.41,élevé,24.3,73.0,1076.4,True,0.29,0.62,0.1,131.3,15.6
3,Centre Hospitalier Régional de Diourbel,Diourbel,Diourbel,442,419,2024-09-25,56,75,75,22,367,409,53,3.33,Grippe,60,5,93.96,9.6,modéré,27.9,87.4,3295.9,False,0.51,0.55,0.05,98.1,43.6
3,Centre Hospitalier Régional de Diourbel,Diourbel,Diourbel,442,419,2024-09-26,81,18,435,25,7,403,27,0.68,Paludisme,75,8,65.89,14.39,modéré,33.2,59.9,4247.3,False,0.54,0.54,0.17,116.0,12.4
3,Centre Hospitalier Régional de Diourbel,Diourbel,Diourbel,442,419,2024-09-27,26,7,288,11,154,408,32,2.29,Grippe,56,1,75.46,1.59,modéré,26.0,67.0,3188.7,False,0.94,0.44,0.11,154.4,26.1
3,Centre Hospitalier Régional de Diourbel,Diourbel,Diourbel,442,419,2024-09-28,28,17,267,7,175,406,6,1.26,Choléra,4,1,80.97,2.18,faible,38.9,47.2,3415.5,False,0.81,0.96,0.08,27.4,17.3
3,Centre Hospitalier Régional de Diourbel,Diourbel,Diourbel,442,419,2024-09-29,63,48,352,12,90,372,43,1.41,Grippe,35,2,34.85,2.17,modéré,28.2,48.9,1495.6,False,0.87,0.48,0.12,79.4,13.8
3,Centre Hospitalier Régional de Diourbel,Diourbel,Diourbel,442,419,2024-09-30,38,69,384,10,58,414,34,2.86,Dengue,30,2,37.8,27.97,modéré,24.6,40.2,941.1,False,0.56,0.9,0.04,87.9,41.7
3,Centre Hospitalier Régional de Diourbel,Diourbel,Diourbel,442,419,2024-10-01,77,76,45,4,397,413,9,3.88,Covid-19,83,6,77.38,11.71,élevé,36.7,74.9,2672.5,True,0.74,0.45,0.13,23.4,27.8
3,Centre Hospitalier Régional de Diourbel,Diourbel,Diourbel,442,419,2024-10-02,83,62,401,1,41,412,20,3.73,Choléra,109,0,32.26,10.54,élevé,35.7,87.6,4269.8,True,0.6,0.94,0.12,12.1,10.0
3,Centre Hospitalier Régional de Diourbel,Diourbel,Diourbel,442,419,2024-10-03,79,6,241,22,201,394,38,0.29,Choléra,108,8,39.35,29.49,élevé,34.0,64.2,481.1,True,0.72,0.52,0.05,149.8,35.5
3,Centre Hospitalier Régional de Diourbel,Diourbel,Diourbel,442,419,2024-10-04,39,58,60,21,382,385,28,0.12,Covid-19,8,1,79.73,23.91,faible,35.0,56.2,4225.6,False,0.38,0.39,0.05,64.4,53.4
3,Centre Hospitalier Régional de Diourbel,Diourbel,Diourbel,442,419,2024-10-05,65,87,145,24,297,393,30,1.6,Paludisme,34,7,34.67,10.54,modéré,38.6,67.2,3970.6,False,0.46,0.99,0.14,31.6,13.7
3,Centre Hospitalier Régional de Diourbel,Diourbel,Diourbel,442,419,2024-10-06,81,80,227,13,215,408,8,3.1,Grippe,118,9,75.5,5.75,élevé,29.9,75.3,1004.6,True,0.61,0.79,0.11,73.0,39.3
3,Centre Hospitalier Régional de Diourbel,Diourbel,Diourbel,442,419,2024-10-07,80,65,119,1,323,417,13,2.74,Paludisme,113,10,59.97,16.47,élevé,35.8,56.9,1621.4,True,0.41,0.59,0.04,45.0,10.2
3,Centre Hospitalier Régional de Diourbel,Diourbel,Diourbel,442,419,2024-10-08,55,33,121,8,321,406,44,0.62,Paludisme,0,4,36.93,13.9,faible,26.8,49.3,1060.3,False,0.47,0.69,0.13,32.5,36.6
3,Centre Hospitalier Régional de Diourbel,Diourbel,Diourbel,442,419,2024-10-09,63,37,82,1,360,416,44,3.66,Paludisme,2,4,54.54,11.53,faible,35.5,87.0,1102.8,False,0.42,0.48,0.18,24.3,18.0
3,Centre Hospitalier Régional de Diourbel,Diourbel,Diourbel,442,419,2024-10-10,27,39,335,21,107,410,38,1.03,Paludisme,112,8,71.74,25.31,élevé,24.6,72.9,1288.3,True,0.46,0.48,0.17,44.0,38.6
3,Centre Hospitalier Régional de Diourbel,Diourbel,Diourbel,442,419,2024-10-11,77,29,372,15,70,387,48,2.18,Choléra,100,7,94.89,3.7,élevé,26.5,75.6,1891.3,True,0.54,0.66,0.17,61.0,58.5
3,Centre Hospitalier Régional de Diourbel,Diourbel,Diourbel,442,419,2024-10-12,34,10,40,14,402,391,23,2.45,Dengue,30,5,81.46,26.7,modéré,22.1,56.2,1104.3,False,0.95,0.36,0.15,177.8,53.9
3,Centre Hospitalier Régional de Diourbel,Diourbel,Diourbel,442,419,2024-10-13,62,51,50,18,392,418,56,3.34,Covid-19,28,4,84.87,18.42,faible,26.2,87.5,2954.8,False,0.4,0.82,0.15,95.0,47.6
3,Centre Hospitalier Régional de Diourbel,Diourbel,Diourbel,442,419,2024-10-14,71,90,119,22,323,383,23,3.8,Choléra,28,1,90.05,6.92,faible,36.7,87.9,2809.3,False,0.69,0.84,0.02,23.1,10.2
3,Centre Hospitalier Régional de Diourbel,Diourbel,Diourbel,442,419,2024-10-15,47,76,335,22,107,413,21,0.46,Grippe,14,4,39.85,17.24,faible,35.1,80.1,849.4,False,0.88,0.49,0.1,40.0,55.6
3,Centre Hospitalier Régional de Diourbel,Diourbel,Diourbel,442,419,2024-10-16,18,60,30,16,412,412,6,1.71,Choléra,16,7,54.93,27.46,faible,25.4,40.7,616.9,False,0.7,0.56,0.16,97.6,7.3
3,Centre Hospitalier Régional de Diourbel,Diourbel,Diourbel,442,419,2024-10-17,53,37,397,21,45,372,44,0.67,Dengue,98,0,30.38,5.87,élevé,32.9,54.9,3963.3,True,0.68,0.31,0.04,39.9,30.6
3,Centre Hospitalier Régional de Diourbel,Diourbel,Diourbel,442,419,2024-10-18,97,67,307,23,135,389,53,2.85,Choléra,67,5,48.24,19.79,modéré,34.3,44.6,1814.9,False,0.57,0.63,0.01,124.1,15.8
3,Centre Hospitalier Régional de Diourbel,Diourbel,Diourbel,442,419,2024-10-19,49,70,202,4,240,415,22,0.87,Choléra,27,10,39.86,5.36,faible,26.6,49.4,1327.6,False,0.67,0.92,0.19,94.4,27.0
3,Centre Hospitalier Régional de Diourbel,Diourbel,Diourbel,442,419,2024-10-20,41,8,424,4,18,379,30,0.69,Grippe,70,0,32.06,17.08,modéré,29.2,63.9,2997.2,False,0.55,0.98,0.19,166.1,17.2
3,Centre Hospitalier Régional de Diourbel,Diourbel,Diourbel,442,419,2024-10-21,44,56,350,9,92,395,15,3.6,Covid-19,34,2,76.42,25.9,modéré,38.8,53.2,3664.5,False,0.58,0.94,0.06,6.2,30.5
3,Centre Hospitalier Régional de Diourbel,Diourbel,Diourbel,442,419,2024-10-22,28,17,110,2,332,411,55,1.0,Dengue,119,2,58.64,5.23,élevé,33.6,80.7,4733.4,True,0.69,0.93,0.08,118.5,57.3
3,Centre Hospitalier Régional de Diourbel,Diourbel,Diourbel,442,419,2024-10-23,27,90,279,19,163,389,3,2.49,Choléra,95,9,50.1,11.12,élevé,37.6,68.7,319.8,True,0.58,0.54,0.02,24.9,39.6
3,Centre Hospitalier Régional de Diourbel,Diourbel,Diourbel,442,419,2024-10-24,72,33,220,5,222,402,56,1.37,Dengue,88,8,86.12,10.58,élevé,31.3,84.4,1242.5,True,0.94,0.72,0.15,101.5,35.7
3,Centre Hospitalier Régional de Diourbel,Diourbel,Diourbel,442,419,2024-10-25,59,36,353,14,89,412,40,1.32,Choléra,85,0,45.58,17.23,élevé,28.1,77.4,4598.9,True,0.7,0.49,0.15,12.2,14.7
3,Centre Hospitalier Régional de Diourbel,Diourbel,Diourbel,442,419,2024-10-26,74,32,115,9,327,401,32,3.52,Grippe,63,7,78.02,29.5,modéré,25.4,68.5,4962.9,False,0.31,0.61,0.04,138.2,54.6
3,Centre Hospitalier Régional de Diourbel,Diourbel,Diourbel,442,419,2024-10-27,58,5,179,3,263,419,41,3.03,Dengue,74,7,72.43,17.65,modéré,22.1,80.8,2724.9,False,0.52,0.53,0.05,112.3,21.6
3,Centre Hospitalier Régional de Diourbel,Diourbel,Diourbel,442,419,2024-10-28,34,19,160,16,282,381,28,2.0,Dengue,0,6,83.95,4.04,faible,35.8,79.5,236.1,False,0.63,0.72,0.2,143.5,18.1
3,Centre Hospitalier Régional de Diourbel,Diourbel,Diourbel,442,419,2024-10-29,45,23,185,0,257,414,23,0.58,Grippe,10,4,41.27,25.68,faible,32.6,45.9,895.8,False,0.32,0.63,0.1,40.4,38.3
3,Centre Hospitalier Régional de Diourbel,Diourbel,Diourbel,442,419,2024-10-30,12,81,387,7,55,404,28,3.83,Choléra,43,3,75.45,18.78,modéré,29.1,51.2,293.8,False,0.44,0.44,0.17,143.9,41.4
3,Centre Hospitalier Régional de Diourbel,Diourbel,Diourbel,442,419,2024-10-31,42,50,27,22,415,397,38,0.9,Choléra,4,7,66.33,20.18,faible,34.7,64.1,4978.1,False,0.25,0.9,0.11,148.4,33.8
3,Centre Hospitalier Régional de Diourbel,Diourbel,Diourbel,442,419,2024-11-01,64,61,83,22,359,388,45,1.97,Grippe,77,3,38.13,23.27,modéré,37.0,77.7,4586.7,False,0.68,0.35,0.09,75.2,16.5
3,Centre Hospitalier Régional de Diourbel,Diourbel,Diourbel,442,419,2024-11-02,91,60,124,25,318,396,6,2.28,Paludisme,109,7,89.71,23.93,élevé,38.9,42.5,2306.1,True,0.8,0.83,0.14,103.4,55.0
3,Centre Hospitalier Régional de Diourbel,Diourbel,Diourbel,442,419,2024-11-03,75,78,311,25,131,384,20,0.92,Covid-19,24,4,34.82,9.91,faible,34.1,52.0,476.3,False,0.96,0.49,0.19,94.0,41.0
3,Centre Hospitalier Régional de Diourbel,Diourbel,Diourbel,442,419,2024-11-04,69,42,339,25,103,408,1,0.16,Choléra,111,4,45.82,21.0,élevé,37.8,47.5,1889.0,True,0.84,0.37,0.02,63.8,21.7
3,Centre Hospitalier Régional de Diourbel,Diourbel,Diourbel,442,419,2024-11-05,98,50,267,22,175,399,11,3.83,Grippe,25,9,36.18,11.95,faible,22.9,45.8,3334.2,False,0.75,0.47,0.09,120.8,9.0
3,Centre Hospitalier Régional de Diourbel,Diourbel,Diourbel,442,419,2024-11-06,87,45,422,16,20,405,28,2.49,Dengue,53,1,39.47,11.9,modéré,31.8,55.1,1441.7,False,0.28,0.56,0.09,12.8,52.7
3,Centre Hospitalier Régional de Diourbel,Diourbel,Diourbel,442,419,2024-11-07,94,50,108,10,334,379,57,2.48,Grippe,23,6,69.43,4.92,faible,30.4,86.8,4794.4,False,0.41,0.99,0.0,161.4,22.7
3,Centre Hospitalier Régional de Diourbel,Diourbel,Diourbel,442,419,2024-11-08,56,47,347,21,95,386,5,3.78,Paludisme,23,8,47.58,11.31,faible,38.3,89.6,235.0,False,0.23,0.5,0.02,109.8,29.1
3,Centre Hospitalier Régional de Diourbel,Diourbel,Diourbel,442,419,2024-11-09,61,79,148,21,294,400,41,1.35,Grippe,89,8,84.99,26.92,élevé,36.2,50.1,604.9,True,0.86,0.5,0.12,66.4,19.1
3,Centre Hospitalier Régional de Diourbel,Diourbel,Diourbel,442,419,2024-11-10,39,61,397,11,45,373,45,3.27,Dengue,29,8,89.66,8.85,faible,22.2,58.3,356.8,False,0.94,0.74,0.05,66.2,52.8
3,Centre Hospitalier Régional de Diourbel,Diourbel,Diourbel,442,419,2024-11-11,19,79,439,15,3,404,38,1.4,Grippe,10,9,36.5,27.44,faible,24.2,82.1,2149.0,False,0.31,0.75,0.11,174.0,39.0
3,Centre Hospitalier Régional de Diourbel,Diourbel,Diourbel,442,419,2024-11-12,97,47,34,17,408,404,53,3.57,Covid-19,71,2,65.39,29.92,modéré,24.0,53.8,822.8,False,0.49,0.85,0.07,90.2,58.7
3,Centre Hospitalier Régional de Diourbel,Diourbel,Diourbel,442,419,2024-11-13,75,50,336,6,106,402,15,3.46,Grippe,94,9,31.03,19.29,élevé,34.2,40.1,2631.5,True,0.43,0.45,0.11,147.5,47.3
11,Centre Hospitalier Régional de Kédougou,Kédougou,Kédougou,457,449,2024-12-06,97,79,267,0,190,445,45,1.2,Dengue,92,9,67.34,28.65,élevé,26.4,48.0,2201.2,True,0.57,0.74,0.19,6.0,6.1
11,Centre Hospitalier Régional de Kédougou,Kédougou,Kédougou,457,449,2024-12-07,33,62,445,20,12,404,15,1.69,Covid-19,8,1,76.27,25.72,faible,26.2,54.5,1888.4,False,0.96,0.37,0.01,112.8,28.8
11,Centre Hospitalier Régional de Kédougou,Kédougou,Kédougou,457,449,2024-12-08,64,45,300,15,157,440,31,2.5,Covid-19,28,1,33.65,7.72,faible,28.6,42.5,1975.5,False,0.59,0.41,0.02,75.4,18.7
11,Centre Hospitalier Régional de Kédougou,Kédougou,Kédougou,457,449,2024-12-09,36,82,194,10,263,414,31,2.98,Choléra,48,1,56.73,17.79,modéré,23.7,63.7,3428.7,False,1.0,0.44,0.19,156.0,55.0
11,Centre Hospitalier Régional de Kédougou,Kédougou,Kédougou,457,449,2024-12-10,84,57,213,23,244,445,57,0.98,Choléra,71,3,36.0,13.05,modéré,34.1,47.3,4938.4,False,0.7,0.33,0.18,74.1,14.5
11,Centre Hospitalier Régional de Kédougou,Kédougou,Kédougou,457,449,2024-12-11,68,57,441,9,16,405,13,1.56,Dengue,26,8,70.48,11.69,faible,30.7,52.8,459.3,False,0.36,0.49,0.13,64.9,43.7
11,Centre Hospitalier Régional de Kédougou,Kédougou,Kédougou,457,449,2024-12-12,98,59,51,25,406,417,26,2.93,Dengue,109,0,34.07,8.44,élevé,34.8,66.1,3653.3,True,0.58,0.52,0.16,38.5,28.9
11,Centre Hospitalier Régional de Kédougou,Kédougou,Kédougou,457,449,2024-12-13,54,33,376,12,81,425,20,3.91,Covid-19,35,10,60.17,22.13,modéré,28.6,60.2,2586.1,False,0.57,0.42,0.12,65.5,30.2
11,Centre Hospitalier Régional de Kédougou,Kédougou,Kédougou,457,449,2024-12-14,30,66,116,10,341,399,2,1.05,Grippe,27,1,40.0,1.36,faible,23.9,57.1,1023.4,False,0.57,1.0,0.02,40.2,25.2
11,Centre Hospitalier Régional de Kédougou,Kédougou,Kédougou,457,449,2024-12-15,31,6,324,21,133,402,10,0.59,Grippe,46,7,44.89,9.7,modéré,26.6,58.6,3291.6,False,0.95,0.83,0.19,126.4,34.9
11,Centre Hospitalier Régional de Kédougou,Kédougou,Kédougou,457,449,2024-12-16,66,64,322,15,135,446,33,2.18,Choléra,16,0,88.17,25.89,faible,24.2,83.9,1814.2,False,0.92,0.43,0.09,179.1,6.5
11,Centre Hospitalier Régional de Kédougou,Kédougou,Kédougou,457,449,2024-12-17,49,10,157,0,300,434,40,1.94,Choléra,38,5,62.02,5.42,modéré,38.8,43.7,689.8,False,0.92,0.81,0.0,75.3,9.1
11,Centre Hospitalier Régional de Kédougou,Kédougou,Kédougou,457,449,2024-12-18,46,21,80,2,377,438,30,1.38,Covid-19,26,10,91.91,7.94,faible,38.7,70.9,4397.1,False,0.42,0.74,0.09,10.5,23.9
11,Centre Hospitalier Régional de Kédougou,Kédougou,Kédougou,457,449,2024-12-19,27,23,220,6,237,413,24,3.95,Choléra,113,10,92.29,23.31,élevé,25.4,88.8,278.2,True,0.5,0.54,0.17,88.4,11.9
11,Centre Hospitalier Régional de Kédougou,Kédougou,Kédougou,457,449,2024-12-20,40,32,198,19,259,445,17,3.82,Covid-19,83,5,37.25,14.85,élevé,38.3,76.3,4440.0,True,0.42,0.91,0.17,47.4,44.3
11,Centre Hospitalier Régional de Kédougou,Kédougou,Kédougou,457,449,2024-12-21,53,62,310,10,147,413,1,0.28,Choléra,98,2,52.12,19.57,élevé,35.3,83.1,3902.8,True,0.31,0.45,0.05,146.7,9.0
11,Centre Hospitalier Régional de Kédougou,Kédougou,Kédougou,457,449,2024-12-22,98,19,383,10,74,400,11,2.42,Choléra,49,3,30.46,17.53,modéré,38.0,53.6,4148.2,False,0.81,0.57,0.14,10.9,41.9
11,Centre Hospitalier Régional de Kédougou,Kédougou,Kédougou,457,449,2024-12-23,35,16,161,22,296,427,39,1.23,Covid-19,101,8,40.75,29.79,élevé,30.4,40.2,4821.7,True,0.74,0.38,0.03,162.2,40.1
11,Centre Hospitalier Régional de Kédougou,Kédougou,Kédougou,457,449,2024-12-24,31,72,139,2,318,415,26,0.36,Grippe,9,1,31.07,21.5,faible,29.0,88.8,2314.9,False,0.98,0.73,0.03,46.2,56.7
11,Centre Hospitalier Régional de Kédougou,Kédougou,Kédougou,457,449,2024-12-25,19,75,74,17,383,431,10,0.23,Paludisme,52,2,67.56,22.03,modéré,34.0,56.6,614.1,False,0.29,0.87,0.11,35.9,5.2
11,Centre Hospitalier Régional de Kédougou,Kédougou,Kédougou,457,449,2024-12-26,75,51,385,10,72,448,19,2.74,Covid-19,95,7,88.21,28.19,élevé,31.7,85.3,3602.1,True,0.35,0.36,0.03,90.5,19.0
11,Centre Hospitalier Régional de Kédougou,Kédougou,Kédougou,457,449,2024-12-27,63,33,439,12,18,426,25,2.58,Dengue,77,6,72.06,21.33,modéré,31.1,69.3,2920.9,False,0.43,0.3,0.12,149.4,53.7
11,Centre Hospitalier Régional de Kédougou,Kédougou,Kédougou,457,449,2024-12-28,100,8,73,14,384,410,28,0.9,Paludisme,73,10,38.02,28.87,modéré,25.4,80.2,284.1,False,0.55,0.3,0.16,134.3,45.2
11,Centre Hospitalier Régional de Kédougou,Kédougou,Kédougou,457,449,2024-12-29,93,12,337,23,120,449,7,3.66,Grippe,55,1,31.39,16.7,modéré,24.5,85.3,1617.6,False,0.85,0.77,0.09,47.3,33.0
11,Centre Hospitalier Régional de Kédougou,Kédougou,Kédougou,457,449,2024-12-30,41,84,188,13,269,442,22,0.67,Dengue,83,6,64.44,20.91,élevé,29.0,72.1,3501.7,True,0.5,0.54,0.1,19.4,45.3
11,Centre Hospitalier Régional de Kédougou,Kédougou,Kédougou,457,449,2024-12-31,94,70,316,25,141,414,49,1.13,Paludisme,77,10,42.23,29.71,modéré,33.5,43.6,3599.5,False,0.23,0.31,0.11,45.8,37.0
12,Centre Hospitalier Régional de Kolda,Kolda,Kolda,312,564,2024-01-01,99,53,230,13,82,537,20,1.31,Grippe,98,2,72.63,26.11,élevé,38.2,58.0,4951.6,True,0.47,0.83,0.06,117.8,55.5
12,Centre Hospitalier Régional de Kolda,Kolda,Kolda,312,564,2024-01-02,27,17,87,24,225,557,47,3.57,Grippe,20,8,30.33,8.74,faible,29.1,72.7,1109.9,False,0.4,0.61,0.16,72.2,57.0
12,Centre Hospitalier Régional de Kolda,Kolda,Kolda,312,564,2024-01-03,25,28,236,16,76,526,60,0.73,Covid-19,16,2,81.88,10.92,faible,29.2,50.6,4496.5,False,0.63,0.88,0.11,176.3,53.1
12,Centre Hospitalier Régional de Kolda,Kolda,Kolda,312,564,2024-01-04,48,57,287,11,25,560,50,0.89,Choléra,23,3,60.49,22.91,faible,23.9,60.2,1853.4,False,0.69,0.59,0.2,117.1,3.7
12,Centre Hospitalier Régional de Kolda,Kolda,Kolda,312,564,2024-01-05,73,14,241,10,71,539,40,1.51,Covid-19,55,5,79.84,23.63,modéré,22.6,78.0,2369.6,False,0.9,0.97,0.11,178.2,34.4
12,Centre Hospitalier Régional de Kolda,Kolda,Kolda,312,564,2024-01-06,79,24,270,14,42,561,4,2.21,Covid-19,24,4,55.86,3.87,faible,27.2,59.0,4125.1,False,0.33,0.92,0.04,102.1,23.3
12,Centre Hospitalier Régional de Kolda,Kolda,Kolda,312,564,2024-01-07,10,71,237,3,75,517,6,1.43,Dengue,70,4,85.27,4.24,modéré,28.1,67.2,415.7,False,0.71,0.31,0.13,153.5,30.7
12,Centre Hospitalier Régional de Kolda,Kolda,Kolda,312,564,2024-01-08,40,54,181,0,131,557,3,3.35,Grippe,116,0,38.44,15.04,élevé,38.1,69.5,2263.1,True,0.22,0.46,0.03,137.8,21.3
12,Centre Hospitalier Régional de Kolda,Kolda,Kolda,312,564,2024-01-09,26,56,152,16,160,558,49,1.69,Covid-19,73,2,89.49,25.01,modéré,24.5,72.1,537.4,False,1.0,0.86,0.1,75.0,47.3
12,Centre Hospitalier Régional de Kolda,Kolda,Kolda,312,564,2024-01-10,73,60,218,9,94,559,30,3.96,Grippe,89,9,31.26,26.91,élevé,30.9,55.3,4027.2,True,0.67,0.58,0.14,9.5,47.4
12,Centre Hospitalier Régional de Kolda,Kolda,Kolda,312,564,2024-01-11,71,22,90,13,222,549,47,3.46,Paludisme,63,4,30.16,10.06,modéré,27.5,88.2,2206.0,False,0.31,0.9,0.19,6.8,51.8
12,Centre Hospitalier Régional de Kolda,Kolda,Kolda,312,564,2024-01-12,51,75,222,8,90,560,60,0.44,Dengue,93,0,47.23,16.0,élevé,28.7,65.0,885.9,True,0.99,0.39,0.02,174.5,31.8
12,Centre Hospitalier Régional de Kolda,Kolda,Kolda,312,564,2024-01-13,27,41,81,6,231,534,35,3.53,Dengue,117,2,58.47,21.9,élevé,30.1,59.7,4180.5,True,0.21,0.54,0.16,108.5,16.1
12,Centre Hospitalier Régional de Kolda,Kolda,Kolda,312,564,2024-01-14,14,39,272,25,40,563,38,2.79,Covid-19,15,9,87.34,9.08,faible,36.2,41.5,4546.5,False,0.96,0.42,0.14,125.3,41.3
12,Centre Hospitalier Régional de Kolda,Kolda,Kolda,312,564,2024-01-15,98,23,305,25,7,529,23,1.81,Grippe,5,1,42.59,21.18,faible,36.8,65.3,1713.2,False,0.21,0.54,0.16,27.7,31.7
12,Centre Hospitalier Régional de Kolda,Kolda,Kolda,312,564,2024-01-16,37,25,280,11,32,550,48,3.47,Paludisme,111,7,32.11,19.55,élevé,37.7,49.6,2129.4,True,0.62,0.83,0.13,58.7,29.6
12,Centre Hospitalier Régional de Kolda,Kolda,Kolda,312,564,2024-01-17,10,78,145,8,167,545,16,2.8,Paludisme,31,9,59.66,22.36,modéré,24.1,40.0,4403.6,False,0.52,0.77,0.03,69.0,35.6
12,Centre Hospitalier Régional de Kolda,Kolda,Kolda,312,564,2024-01-18,59,32,217,12,95,547,54,2.66,Grippe,73,5,53.43,9.59,modéré,31.6,58.4,501.9,False,0.47,0.68,0.16,160.6,40.1
12,Centre Hospitalier Régional de Kolda,Kolda,Kolda,312,564,2024-01-19,87,8,31,12,281,546,30,0.49,Dengue,42,4,59.78,3.41,modéré,31.2,60.0,1838.1,False,0.39,0.76,0.08,7.4,34.7
12,Centre Hospitalier Régional de Kolda,Kolda,Kolda,312,564,2024-01-20,23,10,279,4,33,518,43,3.43,Paludisme,12,3,39.13,23.09,faible,23.8,85.7,2229.5,False,0.72,0.96,0.14,102.2,33.8
12,Centre Hospitalier Régional de Kolda,Kolda,Kolda,312,564,2024-01-21,92,17,120,10,192,515,15,0.16,Dengue,4,1,44.03,6.57,faible,27.8,48.7,2237.3,False,0.64,0.34,0.02,174.6,45.7
12,Centre Hospitalier Régional de Kolda,Kolda,Kolda,312,564,2024-01-22,97,20,142,16,170,558,42,3.2,Grippe,119,8,41.01,3.87,élevé,35.3,44.2,2021.5,True,0.68,0.32,0.19,28.3,6.7
12,Centre Hospitalier Régional de Kolda,Kolda,Kolda,312,564,2024-01-23,49,67,39,20,273,549,6,0.21,Grippe,86,3,45.36,17.78,élevé,37.6,87.5,3139.4,True,0.56,0.65,0.17,174.1,42.5
12,Centre Hospitalier Régional de Kolda,Kolda,Kolda,312,564,2024-01-24,96,34,292,4,20,524,15,1.56,Covid-19,65,5,73.19,14.9,modéré,27.1,64.7,3967.5,False,0.38,0.32,0.05,171.9,22.1
2,Centre Hospitalier Régional de Thiès,Thiès,Thiès,526,331,2024-11-30,37,81,118,12,408,314,44,2.56,Grippe,78,0,47.79,11.81,modéré,28.6,55.3,4753.2,False,0.54,0.96,0.11,86.2,57.6
2,Centre Hospitalier Régional de Thiès,Thiès,Thiès,526,331,2024-12-01,94,79,154,20,372,297,50,1.97,Dengue,24,1,78.41,16.77,faible,32.2,85.5,2392.2,False,0.85,0.93,0.02,115.7,47.8
2,Centre Hospitalier Régional de Thiès,Thiès,Thiès,526,331,2024-12-02,79,89,524,6,2,284,37,0.16,Covid-19,17,8,94.23,19.82,faible,36.6,52.4,3789.4,False,0.65,0.82,0.15,89.9,31.6
2,Centre Hospitalier Régional de Thiès,Thiès,Thiès,526,331,2024-12-03,55,31,351,11,175,315,30,1.84,Dengue,14,3,92.92,24.82,faible,24.8,44.0,4941.4,False,0.97,0.32,0.09,75.9,37.6
2,Centre Hospitalier Régional de Thiès,Thiès,Thiès,526,331,2024-12-04,26,71,505,9,21,296,37,1.29,Dengue,14,9,43.22,18.04,faible,30.6,88.9,4368.0,False,0.69,0.6,0.12,170.6,49.6
2,Centre Hospitalier Régional de Thiès,Thiès,Thiès,526,331,2024-12-05,49,44,289,1,237,326,43,2.63,Grippe,93,2,77.92,18.55,élevé,24.4,61.1,3409.4,True,0.79,0.6,0.04,93.7,26.7
2,Centre Hospitalier Régional de Thiès,Thiès,Thiès,526,331,2024-12-06,78,29,239,9,287,324,29,2.81,Grippe,80,6,40.62,3.69,élevé,37.4,89.6,1983.6,False,0.91,0.7,0.09,29.5,42.7
2,Centre Hospitalier Régional de Thiès,Thiès,Thiès,526,331,2024-12-07,32,36,349,16,177,308,47,3.5,Dengue,23,3,50.49,7.17,faible,29.5,62.3,4872.8,False,0.8,0.63,0.08,177.8,38.0
2,Centre Hospitalier Régional de Thiès,Thiès,Thiès,526,331,2024-12-08,33,29,267,1,259,315,29,0.37,Covid-19,13,8,44.03,8.22,faible,28.9,59.4,101.6,False,0.26,0.98,0.16,140.6,51.6
2,Centre Hospitalier Régional de Thiès,Thiès,Thiès,526,331,2024-12-09,33,26,416,18,110,322,40,2.6,Choléra,92,0,53.16,16.71,élevé,22.1,72.9,1419.8,True,0.54,0.85,0.11,179.9,28.7
2,Centre Hospitalier Régional de Thiès,Thiès,Thiès,526,331,2024-12-10,46,16,379,25,147,291,12,1.6,Dengue,87,0,47.74,25.73,élevé,30.9,69.0,989.3,True,0.77,0.49,0.08,43.8,40.1
2,Centre Hospitalier Régional de Thiès,Thiès,Thiès,526,331,2024-12-11,60,44,475,25,51,312,25,2.5,Choléra,72,0,49.24,14.8,modéré,38.7,70.0,3111.7,False,0.35,0.71,0.1,56.9,57.1
2,Centre Hospitalier Régional de Thiès,Thiès,Thiès,526,331,2024-12-12,14,83,281,19,245,319,48,3.58,Dengue,13,7,65.25,15.57,faible,22.9,70.5,455.6,False,0.44,0.77,0.09,135.1,36.8
2,Centre Hospitalier Régional de Thiès,Thiès,Thiès,526,331,2024-12-13,74,14,163,9,363,300,50,3.93,Choléra,22,10,70.66,9.23,faible,36.2,58.1,4065.0,False,0.59,0.45,0.03,29.4,39.8
2,Centre Hospitalier Régional de Thiès,Thiès,Thiès,526,331,2024-12-14,87,63,154,6,372,289,59,2.65,Dengue,70,10,94.53,11.14,modéré,27.9,57.1,2980.5,False,0.57,0.81,0.03,104.7,49.0
2,Centre Hospitalier Régional de Thiès,Thiès,Thiès,526,331,2024-12-15,75,7,58,21,468,300,3,2.47,Paludisme,108,5,58.2,13.05,élevé,37.5,88.6,3528.8,True,0.44,0.46,0.03,22.8,18.4
2,Centre Hospitalier Régional de Thiès,Thiès,Thiès,526,331,2024-12-16,70,73,446,14,80,318,48,3.5,Grippe,33,5,89.44,4.14,modéré,25.2,55.8,4684.8,False,0.33,0.94,0.03,154.5,36.2
2,Centre Hospitalier Régional de Thiès,Thiès,Thiès,526,331,2024-12-17,83,41,517,7,9,327,14,3.31,Paludisme,85,5,86.17,13.05,élevé,25.7,56.2,3978.4,True,0.72,0.33,0.05,110.2,51.4
2,Centre Hospitalier Régional de Thiès,Thiès,Thiès,526,331,2024-12-18,49,6,442,11,84,305,28,0.69,Choléra,45,0,38.61,24.64,modéré,23.5,62.9,3968.4,False,0.64,0.38,0.01,84.5,17.5
2,Centre Hospitalier Régional de Thiès,Thiès,Thiès,526,331,2024-12-19,12,68,281,9,245,317,27,3.57,Choléra,38,1,91.95,27.69,modéré,36.6,70.4,3782.0,False,0.32,0.95,0.03,167.2,21.9
2,Centre Hospitalier Régional de Thiès,Thiès,Thiès,526,331,2024-12-20,49,59,356,14,170,289,2,1.12,Choléra,28,5,83.84,14.25,faible,34.1,56.1,2011.6,False,0.41,0.41,0.18,104.5,9.9
2,Centre Hospitalier Régional de Thiès,Thiès,Thiès,526,331,2024-12-21,16,21,148,11,378,307,42,2.26,Grippe,41,5,59.16,27.73,modéré,27.9,59.9,571.6,False,0.64,0.71,0.0,77.2,36.0
2,Centre Hospitalier Régional de Thiès,Thiès,Thiès,526,331,2024-12-22,61,16,250,5,276,296,60,2.05,Choléra,67,8,42.62,29.45,modéré,35.2,89.0,3776.7,False,0.22,0.91,0.0,91.1,59.2
2,Centre Hospitalier Régional de Thiès,Thiès,Thiès,526,331,2024-12-23,85,25,260,23,266,328,10,1.52,Dengue,13,9,61.49,18.88,faible,38.2,49.8,814.1,False,0.52,0.87,0.12,143.6,11.6
2,Centre Hospitalier Régional de Thiès,Thiès,Thiès,526,331,2024-12-24,66,22,119,25,407,305,25,0.93,Paludisme,3,1,32.58,16.0,faible,29.0,78.0,482.8,False,0.88,0.43,0.08,129.0,29.8
2,Centre Hospitalier Régional de Thiès,Thiès,Thiès,526,331,2024-12-25,55,89,58,13,468,322,26,2.31,Grippe,95,10,70.21,19.26,élevé,22.7,84.8,4457.3,True,0.54,1.0,0.18,88.5,12.5
2,Centre Hospitalier Régional de Thiès,Thiès,Thiès,526,331,2024-12-26,88,18,456,7,70,293,35,0.52,Grippe,98,7,83.83,13.27,élevé,28.6,74.1,3581.8,True,0.98,0.56,0.12,158.2,11.8
2,Centre Hospitalier Régional de Thiès,Thiès,Thiès,526,331,2024-12-27,88,87,144,11,382,327,42,1.71,Grippe,64,7,43.5,21.66,modéré,24.4,85.6,4331.5,False,0.24,0.81,0.07,59.1,59.4
2,Centre Hospitalier Régional de Thiès,Thiès,Thiès,526,331,2024-12-28,83,23,191,13,335,296,38,2.57,Dengue,60,9,40.09,21.74,modéré,28.7,42.6,4622.1,False,0.72,0.48,0.16,178.4,16.6
2,Centre Hospitalier Régional de Thiès,Thiès,Thiès,526,331,2024-12-29,98,71,329,25,197,304,29,2.81,Covid-19,40,0,44.69,21.65,modéré,35.6,55.1,3278.5,False,0.4,0.54,0.07,71.6,19.2
2,Centre Hospitalier Régional de Thiès,Thiès,Thiès,526,331,2024-12-30,17,39,449,23,77,325,29,2.43,Choléra,101,2,71.53,9.81,élevé,29.4,84.6,1155.7,True,0.83,0.56,0.11,43.5,37.9
2,Centre Hospitalier Régional de Thiès,Thiès,Thiès,526,331,2024-12-31,68,83,378,25,148,314,3,3.82,Grippe,13,6,34.54,29.95,faible,22.0,85.2,4606.2,False,0.84,0.62,0.06,7.5,45.6
3,Centre Hospitalier Régional de Diourbel,Diourbel,Diourbel,442,419,2024-01-01,35,56,344,13,98,387,39,0.18,Grippe,50,2,52.86,11.4,modéré,25.9,55.8,4357.4,False,0.61,0.66,0.06,104.8,50.2
3,Centre Hospitalier Régional de Diourbel,Diourbel,Diourbel,442,419,2024-01-02,73,74,95,11,347,378,29,2.2,Dengue,66,8,84.81,23.76,modéré,27.9,85.3,3604.8,False,0.55,0.44,0.09,136.3,10.6
3,Centre Hospitalier Régional de Diourbel,Diourbel,Diourbel,442,419,2024-01-03,17,37,291,21,151,388,30,2.57,Paludisme,10,5,68.06,9.03,faible,34.7,79.4,404.2,False,0.45,0.99,0.18,168.2,5.6
3,Centre Hospitalier Régional de Diourbel,Diourbel,Diourbel,442,419,2024-01-04,25,90,126,2,316,379,46,2.95,Choléra,104,6,87.36,9.28,élevé,22.5,40.2,924.6,True,0.67,0.45,0.06,108.5,53.0
3,Centre Hospitalier Régional de Diourbel,Diourbel,Diourbel,442,419,2024-01-05,32,32,201,10,241,392,41,0.62,Choléra,111,10,60.12,12.72,élevé,32.5,77.1,1766.1,True,0.92,0.76,0.03,145.9,56.1
3,Centre Hospitalier Régional de Diourbel,Diourbel,Diourbel,442,419,2024-01-06,48,76,288,15,154,372,20,3.28,Grippe,5,5,89.77,16.29,faible,36.3,53.7,3065.8,False,0.6,0.35,0.17,121.6,37.4
3,Centre Hospitalier Régional de Diourbel,Diourbel,Diourbel,442,419,2024-01-07,62,34,382,24,60,408,21,1.55,Grippe,104,10,34.63,18.18,élevé,23.7,72.7,2422.3,True,0.85,0.33,0.03,176.9,32.6
3,Centre Hospitalier Régional de Diourbel,Diourbel,Diourbel,442,419,2024-01-08,35,31,251,23,191,412,1,0.33,Choléra,84,7,62.31,4.41,élevé,36.0,53.3,909.8,True,0.62,0.93,0.18,144.0,39.4
3,Centre Hospitalier Régional de Diourbel,Diourbel,Diourbel,442,419,2024-01-09,17,25,110,23,332,390,54,1.63,Choléra,102,6,37.22,6.36,élevé,25.3,53.1,4554.6,True,0.71,0.8,0.19,163.5,18.6
3,Centre Hospitalier Régional de Diourbel,Diourbel,Diourbel,442,419,2024-01-10,96,18,341,8,101,392,48,2.99,Grippe,56,2,86.66,6.37,modéré,38.2,71.9,4854.5,False,0.37,0.75,0.18,102.1,38.9
3,Centre Hospitalier Régional de Diourbel,Diourbel,Diourbel,442,419,2024-01-11,40,37,341,20,101,375,44,0.21,Covid-19,49,4,37.67,21.94,modéré,26.7,64.3,2397.6,False,0.57,0.63,0.08,38.3,34.9
3,Centre Hospitalier Régional de Diourbel,Diourbel,Diourbel,442,419,2024-01-12,50,66,311,0,131,406,48,3.12,Covid-19,86,8,31.82,20.18,élevé,25.3,52.7,1636.9,True,0.78,0.66,0.09,94.3,21.6
3,Centre Hospitalier Régional de Diourbel,Diourbel,Diourbel,442,419,2024-01-13,51,15,313,25,129,403,42,0.42,Paludisme,96,1,57.42,9.83,élevé,35.6,55.0,2570.3,True,0.32,0.77,0.01,46.9,23.2
3,Centre Hospitalier Régional de Diourbel,Diourbel,Diourbel,442,419,2024-01-14,96,73,21,1,421,412,40,2.22,Grippe,36,5,66.23,7.53,modéré,26.9,76.0,4688.4,False,0.43,0.75,0.02,153.1,25.3
3,Centre Hospitalier Régional de Diourbel,Diourbel,Diourbel,442,419,2024-01-15,24,70,208,6,234,406,53,0.15,Choléra,50,4,88.71,10.22,modéré,22.3,64.7,1442.1,False,0.85,0.81,0.17,123.1,25.7
3,Centre Hospitalier Régional de Diourbel,Diourbel,Diourbel,442,419,2024-01-16,95,77,100,18,342,407,6,1.3,Paludisme,15,6,33.5,16.51,faible,33.7,87.4,3673.6,False,0.47,0.34,0.17,40.2,4.1
3,Centre Hospitalier Régional de Diourbel,Diourbel,Diourbel,442,419,2024-01-17,15,25,226,8,216,386,56,1.48,Paludisme,114,1,92.78,10.92,élevé,23.9,74.8,3713.1,True,0.41,0.8,0.16,78.6,25.0
3,Centre Hospitalier Régional de Diourbel,Diourbel,Diourbel,442,419,2024-01-18,64,23,228,18,214,393,35,2.21,Paludisme,84,2,34.4,17.67,élevé,32.2,81.8,949.9,True,0.55,0.82,0.05,177.7,10.1
2,Centre Hospitalier Régional de Thiès,Thiès,Thiès,526,331,2024-03-25,38,7,289,9,237,316,6,3.01,Covid-19,61,1,76.04,23.17,modéré,23.8,53.1,2279.3,False,0.35,0.42,0.08,9.7,19.3
2,Centre Hospitalier Régional de Thiès,Thiès,Thiès,526,331,2024-03-26,61,43,166,9,360,323,59,0.84,Dengue,114,10,45.73,5.05,élevé,27.2,87.4,708.0,True,0.35,0.35,0.06,74.1,56.2
2,Centre Hospitalier Régional de Thiès,Thiès,Thiès,526,331,2024-03-27,15,23,292,16,234,294,23,1.0,Dengue,38,1,35.18,28.7,modéré,27.3,65.4,3231.4,False,0.5,0.97,0.19,139.6,44.6
2,Centre Hospitalier Régional de Thiès,Thiès,Thiès,526,331,2024-03-28,31,10,438,16,88,291,42,3.71,Covid-19,29,3,47.54,4.88,faible,23.2,48.6,676.3,False,0.57,0.55,0.17,50.0,24.5
2,Centre Hospitalier Régional de Thiès,Thiès,Thiès,526,331,2024-03-29,13,8,374,4,152,285,52,2.98,Covid-19,20,2,68.1,26.0,faible,22.0,68.6,2659.8,False,0.62,0.95,0.09,24.0,19.9
2,Centre Hospitalier Régional de Thiès,Thiès,Thiès,526,331,2024-03-30,36,12,451,13,75,324,13,0.54,Dengue,57,6,49.53,9.59,modéré,38.6,69.7,940.9,False,0.57,0.76,0.07,176.4,48.3
2,Centre Hospitalier Régional de Thiès,Thiès,Thiès,526,331,2024-03-31,43,61,414,18,112,289,60,0.15,Paludisme,38,8,78.43,3.3,modéré,22.2,84.9,2369.2,False,0.39,0.36,0.12,9.2,58.2
2,Centre Hospitalier Régional de Thiès,Thiès,Thiès,526,331,2024-04-01,63,18,376,7,150,292,45,0.24,Covid-19,113,6,83.6,20.18,élevé,31.2,46.4,4640.8,True,0.61,0.98,0.12,175.4,8.1
2,Centre Hospitalier Régional de Thiès,Thiès,Thiès,526,331,2024-04-02,44,63,461,7,65,316,17,2.48,Paludisme,19,10,70.84,19.95,faible,31.8,86.2,4390.3,False,0.76,0.89,0.16,87.9,48.2
2,Centre Hospitalier Régional de Thiès,Thiès,Thiès,526,331,2024-04-03,38,75,64,2,462,301,59,0.79,Choléra,34,10,78.62,20.24,modéré,25.0,56.5,1347.1,False,0.93,0.67,0.14,66.5,50.0
2,Centre Hospitalier Régional de Thiès,Thiès,Thiès,526,331,2024-04-04,69,24,411,12,115,285,52,0.72,Dengue,19,10,32.66,25.8,faible,36.7,49.4,4474.8,False,0.96,0.35,0.07,72.1,33.5
2,Centre Hospitalier Régional de Thiès,Thiès,Thiès,526,331,2024-04-05,89,56,115,18,411,299,44,0.35,Paludisme,68,3,44.97,27.31,modéré,22.5,70.0,3296.7,False,0.79,0.72,0.1,160.1,59.9
2,Centre Hospitalier Régional de Thiès,Thiès,Thiès,526,331,2024-04-06,91,63,210,2,316,293,19,3.31,Covid-19,53,1,47.88,11.39,modéré,38.9,74.0,546.5,False,0.58,0.54,0.07,68.4,16.9
2,Centre Hospitalier Régional de Thiès,Thiès,Thiès,526,331,2024-04-07,83,53,136,6,390,315,9,1.17,Covid-19,74,1,67.24,24.89,modéré,34.5,41.4,3652.6,False,0.99,0.63,0.11,122.2,25.4
2,Centre Hospitalier Régional de Thiès,Thiès,Thiès,526,331,2024-04-08,83,44,194,9,332,328,7,3.11,Choléra,105,9,55.75,4.08,élevé,33.9,40.3,2955.1,True,0.89,0.31,0.02,97.7,37.4
2,Centre Hospitalier Régional de Thiès,Thiès,Thiès,526,331,2024-04-09,47,8,438,10,88,318,38,3.19,Dengue,82,10,72.88,17.15,élevé,31.4,89.9,1771.0,True,0.21,0.52,0.01,61.3,42.6
2,Centre Hospitalier Régional de Thiès,Thiès,Thiès,526,331,2024-04-10,42,68,471,23,55,289,38,1.06,Choléra,120,1,39.54,12.04,élevé,35.3,47.6,2981.1,True,0.36,0.55,0.01,179.2,30.9
2,Centre Hospitalier Régional de Thiès,Thiès,Thiès,526,331,2024-04-11,94,47,266,4,260,327,25,2.28,Paludisme,36,0,85.45,19.6,modéré,39.0,60.8,802.8,False,0.3,0.65,0.07,23.7,18.3
2,Centre Hospitalier Régional de Thiès,Thiès,Thiès,526,331,2024-04-12,35,48,245,5,281,299,34,1.85,Dengue,114,3,39.4,6.9,élevé,25.8,66.7,4683.8,True,0.6,0.57,0.16,153.4,5.6
2,Centre Hospitalier Régional de Thiès,Thiès,Thiès,526,331,2024-04-13,33,44,405,18,121,284,51,1.51,Paludisme,91,4,34.15,1.53,élevé,28.7,89.9,2702.7,True,0.22,0.63,0.17,149.7,30.8
2,Centre Hospitalier Régional de Thiès,Thiès,Thiès,526,331,2024-04-14,98,73,404,21,122,298,0,1.81,Paludisme,76,3,81.47,17.69,modéré,30.1,77.5,1958.0,False,0.68,0.34,0.17,73.1,7.9
2,Centre Hospitalier Régional de Thiès,Thiès,Thiès,526,331,2024-04-15,37,79,365,16,161,298,22,1.41,Dengue,29,8,87.45,26.49,faible,38.1,42.9,229.4,False,0.3,0.72,0.19,13.8,33.5
2,Centre Hospitalier Régional de Thiès,Thiès,Thiès,526,331,2024-04-16,14,38,441,24,85,327,13,3.06,Dengue,55,0,44.55,21.44,modéré,34.3,66.8,1880.1,False,0.97,0.88,0.01,142.6,25.3
2,Centre Hospitalier Régional de Thiès,Thiès,Thiès,526,331,2024-04-17,59,30,242,11,284,326,22,0.89,Paludisme,89,3,90.71,22.15,élevé,32.6,52.8,168.3,True,0.29,0.62,0.17,102.6,23.4
2,Centre Hospitalier Régional de Thiès,Thiès,Thiès,526,331,2024-04-18,81,48,291,6,235,301,28,3.98,Paludisme,58,8,63.61,8.15,modéré,27.3,70.7,1739.8,False,0.51,0.89,0.09,67.3,56.0
2,Centre Hospitalier Régional de Thiès,Thiès,Thiès,526,331,2024-04-19,40,44,269,5,257,326,2,3.42,Dengue,13,4,66.78,26.57,faible,24.7,59.8,2067.3,False,0.34,0.94,0.19,52.5,54.9
2,Centre Hospitalier Régional de Thiès,Thiès,Thiès,526,331,2024-04-20,82,31,374,9,152,305,51,1.1,Grippe,120,6,76.64,9.43,élevé,27.2,83.4,4356.9,True,0.37,0.53,0.07,44.0,11.5
2,Centre Hospitalier Régional de Thiès,Thiès,Thiès,526,331,2024-04-21,76,74,258,2,268,307,11,2.69,Covid-19,110,5,38.95,16.32,élevé,26.8,63.2,1429.8,True,0.37,0.63,0.05,128.5,55.9
2,Centre Hospitalier Régional de Thiès,Thiès,Thiès,526,331,2024-04-22,35,87,307,3,219,300,55,2.34,Dengue,94,2,46.37,28.2,élevé,31.3,65.4,990.0,True,0.99,0.6,0.12,71.9,57.8
2,Centre Hospitalier Régional de Thiès,Thiès,Thiès,526,331,2024-04-23,99,9,194,15,332,297,46,1.23,Paludisme,1,2,57.44,6.83,faible,22.1,48.9,2394.0,False,0.71,0.47,0.02,168.9,40.8
2,Centre Hospitalier Régional de Thiès,Thiès,Thiès,526,331,2024-04-24,72,54,67,21,459,327,39,3.38,Covid-19,40,1,80.28,27.76,modéré,35.8,40.0,2491.1,False,0.43,0.65,0.1,27.5,35.6
2,Centre Hospitalier Régional de Thiès,Thiès,Thiès,526,331,2024-04-25,52,41,373,4,153,315,25,1.96,Covid-19,57,5,51.53,6.99,modéré,34.5,51.2,999.6,False,0.7,0.35,0.19,32.5,4.3
2,Centre Hospitalier Régional de Thiès,Thiès,Thiès,526,331,2024-04-26,15,13,423,9,103,285,13,3.99,Dengue,92,1,86.77,17.45,élevé,38.9,51.6,2793.2,True,0.3,0.8,0.19,132.4,52.5
2,Centre Hospitalier Régional de Thiès,Thiès,Thiès,526,331,2024-04-27,72,63,496,13,30,306,31,1.31,Covid-19,110,8,38.15,23.02,élevé,27.3,42.1,3393.0,True,0.51,0.45,0.11,8.3,50.1
2,Centre Hospitalier Régional de Thiès,Thiès,Thiès,526,331,2024-04-28,97,66,338,10,188,293,58,2.08,Grippe,32,10,93.28,20.91,modéré,35.0,53.4,4054.0,False,0.75,0.5,0.02,104.0,25.8
2,Centre Hospitalier Régional de Thiès,Thiès,Thiès,526,331,2024-04-29,91,21,398,7,128,308,51,0.41,Choléra,29,8,36.59,15.35,faible,36.4,44.7,3176.0,False,0.45,0.5,0.06,22.0,47.8
2,Centre Hospitalier Régional de Thiès,Thiès,Thiès,526,331,2024-04-30,37,67,191,19,335,290,22,0.23,Covid-19,74,1,57.54,14.24,modéré,28.2,64.1,1213.9,False,0.67,0.59,0.14,34.3,36.0
2,Centre Hospitalier Régional de Thiès,Thiès,Thiès,526,331,2024-05-01,21,86,473,21,53,318,30,0.88,Grippe,56,3,45.34,11.83,modéré,28.2,69.1,4741.9,False,0.76,0.87,0.13,17.5,43.5
2,Centre Hospitalier Régional de Thiès,Thiès,Thiès,526,331,2024-05-02,30,41,181,22,345,284,13,3.44,Covid-19,7,3,92.53,14.69,faible,38.0,67.4,886.4,False,0.96,0.49,0.06,19.6,46.7
2,Centre Hospitalier Régional de Thiès,Thiès,Thiès,526,331,2024-05-03,69,34,327,13,199,322,45,3.25,Paludisme,33,2,63.46,3.54,modéré,31.2,64.3,699.1,False,0.95,0.44,0.11,58.7,48.2
2,Centre Hospitalier Régional de Thiès,Thiès,Thiès,526,331,2024-05-04,22,54,341,5,185,320,42,3.66,Dengue,16,10,92.01,23.85,faible,27.1,40.7,3853.3,False,0.76,0.79,0.16,60.8,10.1
2,Centre Hospitalier Régional de Thiès,Thiès,Thiès,526,331,2024-05-05,46,14,434,5,92,283,29,0.33,Choléra,10,4,88.64,10.68,faible,33.0,61.0,1531.0,False,0.99,0.78,0.03,103.8,59.3
2,Centre Hospitalier Régional de Thiès,Thiès,Thiès,526,331,2024-05-06,69,87,464,24,62,300,38,3.71,Dengue,81,1,57.32,7.38,élevé,23.6,85.4,4578.9,True,0.83,0.97,0.06,133.1,59.9
2,Centre Hospitalier Régional de Thiès,Thiès,Thiès,526,331,2024-05-07,63,50,244,17,282,288,51,0.96,Covid-19,13,6,84.13,10.71,faible,34.8,73.8,2760.3,False,0.7,0.64,0.09,163.9,4.3
2,Centre Hospitalier Régional de Thiès,Thiès,Thiès,526,331,2024-05-08,17,19,296,25,230,293,7,0.4,Dengue,70,4,58.38,15.34,modéré,37.4,65.2,3352.7,False,0.83,0.84,0.1,123.9,3.1
2,Centre Hospitalier Régional de Thiès,Thiès,Thiès,526,331,2024-05-09,100,81,360,11,166,295,52,1.27,Choléra,5,9,47.48,21.15,faible,37.7,84.0,4152.6,False,0.44,0.58,0.01,167.4,43.1
2,Centre Hospitalier Régional de Thiès,Thiès,Thiès,526,331,2024-05-10,91,68,498,6,28,295,59,3.77,Dengue,88,7,46.1,4.39,élevé,36.9,72.3,2483.0,True,0.83,0.72,0.13,71.7,42.6
2,Centre Hospitalier Régional de Thiès,Thiès,Thiès,526,331,2024-05-11,17,50,323,6,203,322,51,1.7,Paludisme,61,0,65.04,1.93,modéré,30.9,66.2,574.4,False,0.67,0.57,0.01,140.1,44.5
2,Centre Hospitalier Régional de Thiès,Thiès,Thiès,526,331,2024-05-12,89,41,504,14,22,289,14,2.01,Covid-19,71,8,62.99,18.94,modéré,32.4,63.7,4439.9,False,0.62,0.48,0.08,92.5,50.6
2,Centre Hospitalier Régional de Thiès,Thiès,Thiès,526,331,2024-05-13,57,48,443,9,83,308,20,1.92,Grippe,100,2,44.81,1.99,élevé,24.8,73.5,4401.6,True,0.84,0.77,0.1,167.3,17.5
2,Centre Hospitalier Régional de Thiès,Thiès,Thiès,526,331,2024-05-14,46,70,131,10,395,314,53,0.83,Covid-19,57,1,41.55,1.79,modéré,29.8,65.3,1334.5,False,0.79,0.43,0.12,129.9,48.7
2,Centre Hospitalier Régional de Thiès,Thiès,Thiès,526,331,2024-05-15,51,30,455,17,71,304,16,1.53,Grippe,57,1,78.35,2.7,modéré,28.3,51.1,2436.7,False,0.7,0.98,0.09,73.4,25.7
2,Centre Hospitalier Régional de Thiès,Thiès,Thiès,526,331,2024-05-16,77,43,31,14,495,329,24,1.58,Covid-19,58,3,34.31,3.56,modéré,36.1,49.7,715.1,False,0.64,0.35,0.12,162.8,52.3
2,Centre Hospitalier Régional de Thiès,Thiès,Thiès,526,331,2024-05-17,33,81,375,10,151,330,11,2.36,Choléra,35,3,36.12,11.14,modéré,33.5,48.2,1659.0,False,0.46,0.71,0.07,84.7,34.1
2,Centre Hospitalier Régional de Thiès,Thiès,Thiès,526,331,2024-05-18,69,79,151,21,375,289,41,4.0,Covid-19,113,4,81.61,12.47,élevé,25.0,78.6,4814.7,True,0.47,0.57,0.03,156.9,58.2
2,Centre Hospitalier Régional de Thiès,Thiès,Thiès,526,331,2024-05-19,62,65,172,18,354,328,6,1.67,Grippe,108,2,76.02,29.82,élevé,32.0,42.0,3739.7,True,0.6,0.88,0.16,26.7,18.9
2,Centre Hospitalier Régional de Thiès,Thiès,Thiès,526,331,2024-05-20,96,32,147,9,379,331,5,1.72,Dengue,25,6,75.99,2.5,faible,30.4,75.7,2808.3,False,0.41,0.66,0.18,54.7,57.8
2,Centre Hospitalier Régional de Thiès,Thiès,Thiès,526,331,2024-05-21,32,35,384,14,142,290,57,1.42,Covid-19,21,7,69.91,13.8,faible,37.8,70.4,3846.9,False,0.32,0.74,0.18,107.6,29.0
2,Centre Hospitalier Régional de Thiès,Thiès,Thiès,526,331,2024-05-22,47,56,463,1,63,298,11,3.51,Dengue,59,1,54.81,15.85,modéré,26.6,44.5,1037.2,False,0.42,0.83,0.06,114.0,27.7
2,Centre Hospitalier Régional de Thiès,Thiès,Thiès,526,331,2024-05-23,37,51,468,2,58,302,53,0.22,Dengue,33,7,34.74,20.14,modéré,30.8,84.6,1740.5,False,0.64,0.31,0.19,26.4,39.1
2,Centre Hospitalier Régional de Thiès,Thiès,Thiès,526,331,2024-05-24,38,85,291,13,235,295,5,0.2,Choléra,53,1,64.45,19.05,modéré,37.2,85.4,703.0,False,0.47,0.85,0.12,157.8,25.8
2,Centre Hospitalier Régional de Thiès,Thiès,Thiès,526,331,2024-05-25,63,8,224,15,302,327,41,3.32,Grippe,62,8,66.51,18.63,modéré,27.2,46.4,2398.6,False,0.58,0.6,0.08,172.1,5.9
2,Centre Hospitalier Régional de Thiès,Thiès,Thiès,526,331,2024-05-26,11,64,360,25,166,323,12,0.17,Choléra,0,2,65.35,21.81,faible,23.4,60.4,3980.5,False,0.92,0.67,0.18,89.0,30.9
2,Centre Hospitalier Régional de Thiès,Thiès,Thiès,526,331,2024-05-27,55,17,62,8,464,287,54,2.37,Choléra,45,5,65.28,9.21,modéré,33.6,44.2,4321.9,False,0.4,0.38,0.01,78.1,32.6
2,Centre Hospitalier Régional de Thiès,Thiès,Thiès,526,331,2024-05-28,46,37,312,24,214,304,52,1.15,Paludisme,72,4,39.16,5.7,modéré,38.9,80.8,864.5,False,0.42,0.64,0.14,51.1,34.8
2,Centre Hospitalier Régional de Thiès,Thiès,Thiès,526,331,2024-05-29,13,33,352,0,174,314,41,3.01,Paludisme,91,2,65.94,3.74,élevé,35.7,66.5,3618.5,True,0.7,0.64,0.13,9.6,6.6
2,Centre Hospitalier Régional de Thiès,Thiès,Thiès,526,331,2024-05-30,10,73,228,1,298,318,39,2.07,Dengue,54,10,55.65,27.11,modéré,22.2,75.4,3702.9,False,0.87,0.6,0.08,124.5,16.0
2,Centre Hospitalier Régional de Thiès,Thiès,Thiès,526,331,2024-05-31,20,65,401,17,125,306,41,0.41,Grippe,10,9,64.37,16.56,faible,24.7,83.1,3379.1,False,0.27,0.7,0.19,125.1,53.3
2,Centre Hospitalier Régional de Thiès,Thiès,Thiès,526,331,2024-06-01,44,84,154,19,372,315,53,0.41,Grippe,12,3,93.61,9.35,faible,36.8,51.3,1795.9,False,0.81,0.51,0.03,48.6,54.3
2,Centre Hospitalier Régional de Thiès,Thiès,Thiès,526,331,2024-06-02,56,62,297,7,229,327,31,1.61,Covid-19,59,0,69.88,3.41,modéré,36.2,47.1,1390.2,False,0.77,0.33,0.12,36.4,58.5
2,Centre Hospitalier Régional de Thiès,Thiès,Thiès,526,331,2024-06-03,59,55,448,25,78,301,37,2.51,Grippe,64,9,50.18,28.14,modéré,32.5,51.1,1752.1,False,0.21,0.45,0.1,137.9,53.3
2,Centre Hospitalier Régional de Thiès,Thiès,Thiès,526,331,2024-06-04,50,68,494,9,32,295,21,2.47,Grippe,93,0,64.84,10.79,élevé,37.9,68.5,4588.6,True,0.57,0.93,0.04,159.0,34.9
2,Centre Hospitalier Régional de Thiès,Thiès,Thiès,526,331,2024-06-05,65,62,67,3,459,309,51,1.89,Paludisme,84,4,65.16,5.79,élevé,35.6,71.0,312.0,True,0.97,0.4,0.12,36.7,28.4
2,Centre Hospitalier Régional de Thiès,Thiès,Thiès,526,331,2024-06-06,85,21,50,1,476,319,24,3.99,Covid-19,93,7,88.32,1.18,élevé,23.1,79.6,4281.5,True,0.94,0.43,0.08,54.8,11.1
2,Centre Hospitalier Régional de Thiès,Thiès,Thiès,526,331,2024-06-07,69,75,348,24,178,293,21,2.64,Covid-19,106,2,66.63,8.37,élevé,24.3,80.3,4800.9,True,0.35,0.64,0.17,141.0,15.4
2,Centre Hospitalier Régional de Thiès,Thiès,Thiès,526,331,2024-06-08,45,39,521,14,5,284,16,0.93,Covid-19,20,1,80.0,23.68,faible,26.1,41.2,830.6,False,0.91,0.64,0.01,58.9,51.9
2,Centre Hospitalier Régional de Thiès,Thiès,Thiès,526,331,2024-06-09,25,80,432,21,94,318,22,1.8,Grippe,34,0,89.45,7.73,modéré,34.2,73.7,354.1,False,0.95,0.92,0.15,122.3,32.4
2,Centre Hospitalier Régional de Thiès,Thiès,Thiès,526,331,2024-06-10,39,10,475,13,51,318,7,0.25,Covid-19,85,6,92.35,22.26,élevé,27.6,55.1,1309.7,True,0.49,0.99,0.16,7.4,4.6
2,Centre Hospitalier Régional de Thiès,Thiès,Thiès,526,331,2024-06-11,47,36,309,1,217,296,35,0.68,Dengue,98,7,42.36,24.79,élevé,30.7,55.1,3424.4,True,0.45,0.48,0.16,73.3,23.8
2,Centre Hospitalier Régional de Thiès,Thiès,Thiès,526,331,2024-06-12,100,54,318,7,208,320,46,0.82,Grippe,73,10,35.58,18.61,modéré,29.3,49.0,2570.5,False,0.26,0.69,0.17,100.7,3.9
2,Centre Hospitalier Régional de Thiès,Thiès,Thiès,526,331,2024-06-13,29,42,77,20,449,294,18,1.29,Choléra,82,2,93.25,21.09,élevé,30.6,65.4,1781.8,True,0.3,0.99,0.17,140.5,3.0
2,Centre Hospitalier Régional de Thiès,Thiès,Thiès,526,331,2024-06-14,29,37,445,15,81,297,33,2.81,Covid-19,47,10,57.2,16.07,modéré,22.6,60.5,782.4,False,0.92,0.97,0.14,96.1,51.8
2,Centre Hospitalier Régional de Thiès,Thiès,Thiès,526,331,2024-06-15,86,34,151,15,375,283,60,2.93,Grippe,102,5,45.95,26.85,élevé,37.5,63.9,3128.0,True,0.95,0.41,0.12,114.3,44.8
2,Centre Hospitalier Régional de Thiès,Thiès,Thiès,526,331,2024-06-16,84,66,207,0,319,326,21,3.51,Grippe,16,4,75.43,17.1,faible,25.7,73.3,825.6,False,0.53,0.5,0.12,20.4,46.7
2,Centre Hospitalier Régional de Thiès,Thiès,Thiès,526,331,2024-06-17,45,54,405,6,121,328,58,0.89,Grippe,95,6,56.11,19.83,élevé,28.4,41.6,3995.3,True,0.42,0.83,0.17,153.5,53.1
2,Centre Hospitalier Régional de Thiès,Thiès,Thiès,526,331,2024-06-18,52,15,319,22,207,282,48,3.44,Dengue,63,4,58.05,29.98,modéré,27.4,86.8,429.8,False,0.45,0.38,0.04,155.0,28.8
2,Centre Hospitalier Régional de Thiès,Thiès,Thiès,526,331,2024-06-19,67,66,23,14,503,327,9,0.72,Dengue,45,1,51.59,29.39,modéré,30.8,61.0,486.7,False,0.54,0.61,0.09,139.3,55.5
2,Centre Hospitalier Régional de Thiès,Thiès,Thiès,526,331,2024-06-20,79,20,221,19,305,292,49,0.64,Choléra,70,9,59.95,23.71,modéré,22.4,79.2,3856.5,False,0.68,0.7,0.14,32.0,25.9
2,Centre Hospitalier Régional de Thiès,Thiès,Thiès,526,331,2024-06-21,93,81,455,18,71,308,47,1.86,Grippe,84,5,34.17,27.22,élevé,36.3,87.6,1521.7,True,0.3,0.43,0.13,34.8,6.6
2,Centre Hospitalier Régional de Thiès,Thiès,Thiès,526,331,2024-06-22,42,48,297,1,229,319,22,3.1,Dengue,49,6,93.19,4.05,modéré,22.1,82.7,2192.8,False,0.65,0.6,0.01,152.0,58.6
2,Centre Hospitalier Régional de Thiès,Thiès,Thiès,526,331,2024-06-23,78,35,188,22,338,307,12,0.87,Choléra,52,0,85.66,17.62,modéré,24.7,86.4,2566.2,False,0.83,0.65,0.07,67.0,3.1
2,Centre Hospitalier Régional de Thiès,Thiès,Thiès,526,331,2024-06-24,47,55,426,4,100,320,36,3.18,Paludisme,54,8,43.55,27.47,modéré,32.4,46.8,1753.2,False,0.29,0.55,0.06,162.7,51.5
2,Centre Hospitalier Régional de Thiès,Thiès,Thiès,526,331,2024-06-25,35,19,481,2,45,312,39,1.59,Choléra,36,0,81.19,23.31,modéré,36.6,72.3,2181.0,False,0.8,0.89,0.15,22.8,34.5
2,Centre Hospitalier Régional de Thiès,Thiès,Thiès,526,331,2024-06-26,94,70,74,3,452,331,3,3.5,Dengue,62,5,42.19,13.63,modéré,28.8,50.9,1330.8,False,0.28,0.81,0.14,145.8,8.9
2,Centre Hospitalier Régional de Thiès,Thiès,Thiès,526,331,2024-06-27,44,51,115,2,411,288,23,1.37,Choléra,107,2,75.76,28.25,élevé,37.7,75.2,4283.3,True,0.31,0.75,0.01,24.3,16.0
2,Centre Hospitalier Régional de Thiès,Thiès,Thiès,526,331,2024-06-28,47,84,94,6,432,309,25,2.73,Covid-19,82,2,55.17,27.48,élevé,32.4,87.3,332.0,True,0.72,0.87,0.1,128.8,46.0
2,Centre Hospitalier Régional de Thiès,Thiès,Thiès,526,331,2024-06-29,96,86,397,6,129,294,59,0.53,Grippe,28,8,34.32,20.22,faible,33.0,44.3,3858.4,False,0.39,0.61,0.02,177.9,52.4
2,Centre Hospitalier Régional de Thiès,Thiès,Thiès,526,331,2024-06-30,99,73,268,6,258,320,13,1.46,Covid-19,63,1,66.85,17.57,modéré,38.3,53.7,1857.4,False,0.32,0.3,0.06,134.4,47.1
2,Centre Hospitalier Régional de Thiès,Thiès,Thiès,526,331,2024-07-01,95,47,340,2,186,312,60,1.22,Covid-19,21,2,62.34,22.88,faible,28.6,69.1,3526.1,False,0.45,0.56,0.06,21.8,36.3
2,Centre Hospitalier Régional de Thiès,Thiès,Thiès,526,331,2024-07-02,88,54,420,11,106,293,32,1.08,Choléra,33,6,59.36,16.88,modéré,29.9,57.7,3716.9,False,0.85,0.55,0.12,95.2,31.2
2,Centre Hospitalier Régional de Thiès,Thiès,Thiès,526,331,2024-10-11,91,5,203,2,323,330,36,1.43,Grippe,68,7,36.13,15.18,modéré,34.3,44.4,905.6,False,1.0,0.35,0.16,110.1,5.6
2,Centre Hospitalier Régional de Thiès,Thiès,Thiès,526,331,2024-10-12,97,84,511,12,15,309,13,0.58,Paludisme,93,5,68.67,23.95,élevé,25.1,58.7,4356.5,True,0.71,0.52,0.08,60.5,51.5
2,Centre Hospitalier Régional de Thiès,Thiès,Thiès,526,331,2024-10-13,33,5,30,12,496,329,6,1.42,Covid-19,42,5,93.56,24.76,modéré,32.8,71.5,2930.0,False,0.33,0.4,0.04,5.2,35.9
2,Centre Hospitalier Régional de Thiès,Thiès,Thiès,526,331,2024-10-14,38,29,336,24,190,294,37,2.46,Grippe,107,6,44.1,10.85,élevé,33.5,76.1,3290.1,True,0.67,0.93,0.03,55.6,39.7
2,Centre Hospitalier Régional de Thiès,Thiès,Thiès,526,331,2024-10-15,85,32,26,14,500,308,27,3.84,Covid-19,86,3,52.64,1.43,élevé,34.5,75.0,3806.9,True,0.55,0.43,0.2,156.9,3.7
2,Centre Hospitalier Régional de Thiès,Thiès,Thiès,526,331,2024-10-16,26,10,479,15,47,312,12,1.45,Grippe,93,1,64.31,12.17,élevé,31.8,52.1,1127.5,True,0.84,0.93,0.2,126.0,26.4
2,Centre Hospitalier Régional de Thiès,Thiès,Thiès,526,331,2024-10-17,69,54,337,25,189,328,6,0.57,Dengue,11,6,37.8,28.54,faible,34.1,58.1,2920.6,False,0.68,0.44,0.18,70.8,33.0
2,Centre Hospitalier Régional de Thiès,Thiès,Thiès,526,331,2024-10-18,49,30,215,16,311,298,19,1.28,Choléra,30,7,35.8,19.69,modéré,38.0,80.6,3217.3,False,0.92,0.34,0.04,148.9,36.6
2,Centre Hospitalier Régional de Thiès,Thiès,Thiès,526,331,2024-10-19,37,12,254,10,272,327,56,1.95,Dengue,24,4,86.31,11.49,faible,30.5,67.7,3097.8,False,0.75,0.74,0.13,97.1,51.1
2,Centre Hospitalier Régional de Thiès,Thiès,Thiès,526,331,2024-10-20,99,80,290,10,236,318,34,0.41,Choléra,58,9,84.6,29.82,modéré,22.9,79.5,2435.5,False,0.57,0.82,0.18,69.8,34.0
2,Centre Hospitalier Régional de Thiès,Thiès,Thiès,526,331,2024-10-21,24,54,23,16,503,298,32,0.71,Paludisme,11,5,80.78,8.7,faible,23.4,70.9,2916.3,False,0.81,0.64,0.08,41.2,13.0
2,Centre Hospitalier Régional de Thiès,Thiès,Thiès,526,331,2024-10-22,89,62,76,18,450,295,11,2.98,Covid-19,65,9,40.51,5.45,modéré,34.4,46.0,3273.0,False,0.92,0.99,0.19,151.6,46.9
2,Centre Hospitalier Régional de Thiès,Thiès,Thiès,526,331,2024-10-23,26,36,55,2,471,311,28,3.87,Grippe,103,7,75.14,26.91,élevé,22.7,57.5,3287.6,True,0.64,0.39,0.11,170.6,54.3
2,Centre Hospitalier Régional de Thiès,Thiès,Thiès,526,331,2024-10-24,75,80,371,17,155,305,10,2.52,Choléra,36,1,54.58,11.42,modéré,22.7,71.1,2454.5,False,0.99,0.92,0.17,118.3,17.9
2,Centre Hospitalier Régional de Thiès,Thiès,Thiès,526,331,2024-10-25,41,47,465,13,61,296,37,2.53,Covid-19,20,4,53.37,25.31,faible,36.3,70.6,2408.3,False,0.21,0.5,0.09,125.9,59.5
2,Centre Hospitalier Régional de Thiès,Thiès,Thiès,526,331,2024-10-26,15,21,445,14,81,322,59,0.69,Grippe,104,1,79.16,20.86,élevé,36.3,82.2,4847.6,True,0.82,0.54,0.18,148.8,52.2
2,Centre Hospitalier Régional de Thiès,Thiès,Thiès,526,331,2024-10-27,100,54,141,10,385,287,2,2.13,Dengue,71,3,87.83,23.54,modéré,38.4,57.7,2222.1,False,0.89,0.59,0.01,19.1,13.3
2,Centre Hospitalier Régional de Thiès,Thiès,Thiès,526,331,2024-10-28,45,55,217,22,309,283,55,0.2,Covid-19,105,10,85.81,24.47,élevé,32.0,70.7,4103.7,True,0.86,0.53,0.19,85.5,15.4
2,Centre Hospitalier Régional de Thiès,Thiès,Thiès,526,331,2024-10-29,18,90,430,18,96,285,25,1.56,Paludisme,118,3,37.29,1.17,élevé,27.4,56.8,951.3,True,0.8,0.98,0.11,135.5,17.8
2,Centre Hospitalier Régional de Thiès,Thiès,Thiès,526,331,2024-10-30,64,19,349,10,177,326,49,1.5,Covid-19,101,1,33.05,8.99,élevé,25.8,74.4,3162.1,True,0.56,0.33,0.01,31.6,55.2
2,Centre Hospitalier Régional de Thiès,Thiès,Thiès,526,331,2024-10-31,21,56,56,21,470,284,51,3.82,Paludisme,0,2,46.22,1.67,faible,28.5,88.7,1584.8,False,0.25,0.86,0.05,155.4,49.8
2,Centre Hospitalier Régional de Thiès,Thiès,Thiès,526,331,2024-11-01,21,14,479,11,47,307,20,2.73,Paludisme,107,0,84.9,13.72,élevé,23.6,51.0,1677.3,True,0.93,0.65,0.04,87.7,33.7
2,Centre Hospitalier Régional de Thiès,Thiès,Thiès,526,331,2024-11-02,66,63,223,12,303,311,52,1.04,Paludisme,22,3,31.64,17.6,faible,34.1,66.4,3546.1,False,0.6,0.3,0.01,26.6,12.9
2,Centre Hospitalier Régional de Thiès,Thiès,Thiès,526,331,2024-11-03,32,45,47,8,479,312,35,3.19,Paludisme,56,2,83.34,12.78,modéré,27.6,81.6,4371.2,False,0.85,0.93,0.11,83.9,14.7
2,Centre Hospitalier Régional de Thiès,Thiès,Thiès,526,331,2024-11-04,47,18,360,21,166,295,14,1.19,Covid-19,5,0,47.56,26.92,faible,27.5,50.9,227.3,False,0.66,0.67,0.17,62.5,47.6
2,Centre Hospitalier Régional de Thiès,Thiès,Thiès,526,331,2024-11-05,88,47,140,25,386,305,21,2.94,Grippe,8,0,93.54,20.71,faible,29.4,77.0,3806.7,False,0.62,0.41,0.1,46.5,54.4
2,Centre Hospitalier Régional de Thiès,Thiès,Thiès,526,331,2024-11-06,87,41,176,19,350,330,55,0.51,Grippe,111,9,38.98,15.01,élevé,27.5,75.4,4651.0,True,0.62,0.54,0.13,32.8,52.3
2,Centre Hospitalier Régional de Thiès,Thiès,Thiès,526,331,2024-11-07,85,37,307,25,219,295,23,2.26,Grippe,73,5,48.11,17.15,modéré,34.4,60.6,2066.1,False,0.34,0.65,0.07,141.8,25.5
2,Centre Hospitalier Régional de Thiès,Thiès,Thiès,526,331,2024-11-08,22,50,525,3,1,325,21,1.24,Grippe,72,10,35.26,20.36,modéré,24.0,47.0,3845.7,False,0.82,0.76,0.0,19.6,3.6
2,Centre Hospitalier Régional de Thiès,Thiès,Thiès,526,331,2024-11-09,26,13,315,7,211,294,8,0.32,Paludisme,11,0,81.65,2.89,faible,29.5,87.5,4946.0,False,0.97,0.72,0.17,163.4,50.3
2,Centre Hospitalier Régional de Thiès,Thiès,Thiès,526,331,2024-11-10,15,39,416,5,110,324,18,1.57,Dengue,16,1,64.67,21.18,faible,26.0,46.8,1871.3,False,0.53,0.3,0.14,170.5,33.6
2,Centre Hospitalier Régional de Thiès,Thiès,Thiès,526,331,2024-11-11,41,53,487,24,39,323,4,2.13,Choléra,52,9,69.54,2.68,modéré,32.5,65.3,4029.0,False,0.45,0.4,0.1,75.8,9.1
2,Centre Hospitalier Régional de Thiès,Thiès,Thiès,526,331,2024-11-12,93,21,346,18,180,326,52,0.29,Covid-19,52,6,74.46,17.64,modéré,38.4,52.3,4050.9,False,0.3,0.71,0.15,48.4,39.6
2,Centre Hospitalier Régional de Thiès,Thiès,Thiès,526,331,2024-11-13,63,78,244,6,282,306,22,3.18,Covid-19,99,2,90.91,28.77,élevé,32.2,89.2,1265.0,True,0.3,0.8,0.1,57.0,52.7
2,Centre Hospitalier Régional de Thiès,Thiès,Thiès,526,331,2024-11-14,57,76,147,19,379,312,60,1.39,Choléra,116,2,69.98,17.47,élevé,26.2,73.9,2881.7,True,0.36,0.81,0.08,116.5,37.4
2,Centre Hospitalier Régional de Thiès,Thiès,Thiès,526,331,2024-11-15,97,44,523,22,3,307,21,3.05,Choléra,94,2,60.46,9.85,élevé,31.9,81.4,4455.6,True,0.95,0.94,0.11,60.8,12.9
2,Centre Hospitalier Régional de Thiès,Thiès,Thiès,526,331,2024-11-16,31,56,211,18,315,319,21,2.62,Covid-19,104,0,88.16,6.82,élevé,32.8,79.7,2917.3,True,0.61,0.8,0.13,159.9,27.6
2,Centre Hospitalier Régional de Thiès,Thiès,Thiès,526,331,2024-11-17,39,31,170,6,356,305,3,2.91,Dengue,53,2,31.59,24.4,modéré,29.2,88.0,1616.2,False,0.73,0.33,0.15,162.9,46.1
2,Centre Hospitalier Régional de Thiès,Thiès,Thiès,526,331,2024-11-18,19,8,273,22,253,312,24,1.88,Covid-19,5,4,32.6,25.44,faible,22.8,67.1,348.9,False,0.52,0.89,0.02,148.0,11.0
2,Centre Hospitalier Régional de Thiès,Thiès,Thiès,526,331,2024-11-19,63,59,348,12,178,286,56,1.23,Covid-19,0,1,47.19,28.06,faible,33.9,74.1,2419.9,False,0.98,0.33,0.13,13.9,44.3
2,Centre Hospitalier Régional de Thiès,Thiès,Thiès,526,331,2024-11-20,81,8,69,5,457,326,51,0.12,Dengue,42,6,42.69,20.72,modéré,32.8,44.0,2422.7,False,0.27,0.9,0.15,53.2,10.8
2,Centre Hospitalier Régional de Thiès,Thiès,Thiès,526,331,2024-11-21,71,65,102,20,424,308,6,2.7,Grippe,8,4,85.9,10.09,faible,32.3,69.7,3388.8,False,0.69,0.65,0.01,155.3,59.9
2,Centre Hospitalier Régional de Thiès,Thiès,Thiès,526,331,2024-11-22,43,73,525,9,1,324,16,0.76,Grippe,110,1,71.95,27.0,élevé,27.1,85.0,4869.7,True,0.49,0.59,0.12,152.6,4.3
2,Centre Hospitalier Régional de Thiès,Thiès,Thiès,526,331,2024-11-23,19,71,112,16,414,286,21,2.74,Covid-19,37,2,45.01,19.92,modéré,35.1,41.1,2120.2,False,0.43,0.7,0.17,67.4,12.1
2,Centre Hospitalier Régional de Thiès,Thiès,Thiès,526,331,2024-11-24,74,37,464,14,62,328,33,0.19,Covid-19,33,10,32.34,29.5,modéré,36.0,55.7,1482.7,False,0.96,0.92,0.06,137.7,54.3
2,Centre Hospitalier Régional de Thiès,Thiès,Thiès,526,331,2024-11-25,16,13,469,8,57,303,3,2.3,Covid-19,78,0,47.89,26.69,modéré,31.2,74.4,1580.0,False,0.72,0.49,0.14,169.8,58.7
2,Centre Hospitalier Régional de Thiès,Thiès,Thiès,526,331,2024-11-26,86,16,43,11,483,301,10,1.12,Covid-19,120,6,60.11,15.05,élevé,26.7,58.2,1160.6,True,0.7,0.36,0.1,149.0,49.0
2,Centre Hospitalier Régional de Thiès,Thiès,Thiès,526,331,2024-11-27,37,5,506,1,20,282,2,1.77,Dengue,70,2,55.26,20.5,modéré,27.5,70.5,261.3,False,0.79,0.76,0.01,128.1,11.9
2,Centre Hospitalier Régional de Thiès,Thiès,Thiès,526,331,2024-11-28,81,32,144,18,382,294,54,1.53,Grippe,74,5,94.02,9.53,modéré,29.5,40.5,4956.8,False,0.22,0.36,0.14,72.7,52.9
2,Centre Hospitalier Régional de Thiès,Thiès,Thiès,526,331,2024-11-29,78,8,426,22,100,292,16,3.81,Dengue,11,10,86.93,23.7,faible,33.9,89.3,439.3,False,0.73,0.32,0.03,143.2,44.0
12,Centre Hospitalier Régional de Kolda,Kolda,Kolda,312,564,2024-11-20,99,78,263,14,49,544,5,0.64,Grippe,85,5,55.48,17.84,élevé,38.4,77.2,501.5,True,0.62,0.53,0.14,63.3,33.5
12,Centre Hospitalier Régional de Kolda,Kolda,Kolda,312,564,2024-11-21,76,50,118,9,194,558,11,0.54,Paludisme,57,10,66.36,19.06,modéré,34.7,82.8,2618.4,False,0.75,0.47,0.14,71.8,26.8
12,Centre Hospitalier Régional de Kolda,Kolda,Kolda,312,564,2024-11-22,32,39,244,11,68,522,40,3.53,Dengue,12,3,45.37,4.76,faible,26.2,83.3,3546.0,False,0.24,0.66,0.18,177.0,29.0
12,Centre Hospitalier Régional de Kolda,Kolda,Kolda,312,564,2024-11-23,34,59,190,23,122,559,37,1.28,Grippe,56,9,31.21,8.92,modéré,38.5,59.2,4190.6,False,0.6,0.9,0.14,40.7,39.6
12,Centre Hospitalier Régional de Kolda,Kolda,Kolda,312,564,2024-11-24,69,31,137,3,175,556,0,1.37,Dengue,114,6,80.62,13.33,élevé,38.4,77.4,2441.4,True,0.97,0.89,0.15,126.0,29.6
12,Centre Hospitalier Régional de Kolda,Kolda,Kolda,312,564,2024-11-25,95,54,49,19,263,514,4,0.8,Covid-19,101,3,52.82,24.95,élevé,38.5,78.4,3188.9,True,0.69,0.89,0.03,136.2,22.8
12,Centre Hospitalier Régional de Kolda,Kolda,Kolda,312,564,2024-11-26,89,34,197,12,115,514,2,1.83,Covid-19,70,0,35.43,13.45,modéré,25.1,59.3,3685.8,False,0.67,0.96,0.13,160.9,26.0
12,Centre Hospitalier Régional de Kolda,Kolda,Kolda,312,564,2024-11-27,56,84,84,25,228,546,29,1.76,Covid-19,89,5,75.14,17.07,élevé,38.0,62.4,4113.9,True,0.5,0.56,0.03,116.5,7.8
12,Centre Hospitalier Régional de Kolda,Kolda,Kolda,312,564,2024-11-28,98,90,86,2,226,541,6,3.04,Covid-19,38,4,87.55,6.58,modéré,33.4,87.4,3539.0,False,0.42,0.76,0.06,48.4,50.8
12,Centre Hospitalier Régional de Kolda,Kolda,Kolda,312,564,2024-11-29,78,67,70,16,242,549,17,2.5,Choléra,95,6,30.26,5.0,élevé,37.8,64.4,2829.4,True,0.61,0.7,0.06,118.1,27.2
12,Centre Hospitalier Régional de Kolda,Kolda,Kolda,312,564,2024-11-30,53,78,93,2,219,519,4,3.91,Grippe,5,7,58.29,19.29,faible,31.2,67.1,3055.8,False,0.35,0.55,0.14,25.7,27.8
12,Centre Hospitalier Régional de Kolda,Kolda,Kolda,312,564,2024-12-01,70,41,111,20,201,519,20,2.38,Paludisme,22,2,53.2,22.73,faible,24.1,44.2,4002.5,False,0.23,0.42,0.1,94.7,21.3
12,Centre Hospitalier Régional de Kolda,Kolda,Kolda,312,564,2024-12-02,44,59,248,19,64,526,60,0.5,Paludisme,107,3,36.15,4.79,élevé,34.1,86.4,4465.1,True,0.36,0.45,0.05,137.9,44.4
12,Centre Hospitalier Régional de Kolda,Kolda,Kolda,312,564,2024-12-03,58,30,71,20,241,555,59,3.48,Covid-19,108,10,46.62,6.9,élevé,22.2,61.1,2928.3,True,0.66,0.77,0.16,117.6,11.2
12,Centre Hospitalier Régional de Kolda,Kolda,Kolda,312,564,2024-12-04,12,18,158,13,154,534,43,3.85,Dengue,60,10,68.75,28.47,modéré,28.9,41.2,988.5,False,0.66,0.52,0.06,87.6,13.9
12,Centre Hospitalier Régional de Kolda,Kolda,Kolda,312,564,2024-12-05,79,26,75,20,237,563,18,3.64,Covid-19,105,0,86.73,5.11,élevé,27.2,66.5,1238.4,True,0.82,0.56,0.09,39.2,34.4
12,Centre Hospitalier Régional de Kolda,Kolda,Kolda,312,564,2024-12-06,74,23,88,13,224,523,3,3.41,Dengue,44,6,33.82,19.64,modéré,22.4,53.5,1535.1,False,0.46,0.64,0.12,25.7,52.8
12,Centre Hospitalier Régional de Kolda,Kolda,Kolda,312,564,2024-12-07,19,59,230,24,82,559,31,1.02,Paludisme,60,7,86.69,29.45,modéré,33.8,83.8,3756.6,False,0.23,0.94,0.19,112.2,50.7
12,Centre Hospitalier Régional de Kolda,Kolda,Kolda,312,564,2024-12-08,34,86,242,21,70,532,60,3.74,Grippe,114,10,68.4,13.29,élevé,33.9,56.5,4326.0,True,0.95,0.92,0.04,47.8,41.6
12,Centre Hospitalier Régional de Kolda,Kolda,Kolda,312,564,2024-12-09,90,21,161,9,151,551,11,0.2,Choléra,89,7,57.27,11.27,élevé,29.0,84.0,1844.6,True,0.96,0.75,0.13,5.5,27.7
12,Centre Hospitalier Régional de Kolda,Kolda,Kolda,312,564,2024-12-10,49,20,280,11,32,563,12,2.29,Covid-19,66,4,44.17,2.57,modéré,28.2,76.3,2679.2,False,0.38,0.67,0.01,101.8,46.2
12,Centre Hospitalier Régional de Kolda,Kolda,Kolda,312,564,2024-12-11,63,18,65,1,247,554,18,0.2,Dengue,41,8,33.62,19.05,modéré,35.6,63.7,1383.6,False,0.63,0.69,0.13,88.7,52.8
12,Centre Hospitalier Régional de Kolda,Kolda,Kolda,312,564,2024-12-12,24,51,85,24,227,558,35,1.85,Covid-19,63,9,51.48,13.55,modéré,26.8,88.4,1559.9,False,0.56,0.52,0.06,51.9,41.4
12,Centre Hospitalier Régional de Kolda,Kolda,Kolda,312,564,2024-12-13,88,81,275,3,37,528,44,1.63,Paludisme,61,1,77.39,3.31,modéré,27.7,79.5,1501.8,False,0.49,0.75,0.09,35.0,27.5
12,Centre Hospitalier Régional de Kolda,Kolda,Kolda,312,564,2024-12-14,26,75,223,16,89,546,21,2.04,Covid-19,101,3,64.04,19.0,élevé,30.7,74.3,415.7,True,0.56,0.6,0.1,54.8,22.5
12,Centre Hospitalier Régional de Kolda,Kolda,Kolda,312,564,2024-12-15,72,45,289,19,23,563,55,0.41,Choléra,85,9,44.86,13.56,élevé,38.8,78.4,266.9,True,0.92,0.87,0.0,75.9,58.8
12,Centre Hospitalier Régional de Kolda,Kolda,Kolda,312,564,2024-12-16,81,52,82,13,230,536,15,1.83,Grippe,68,0,69.7,29.05,modéré,39.0,56.9,4379.8,False,0.7,0.53,0.16,122.0,33.8
12,Centre Hospitalier Régional de Kolda,Kolda,Kolda,312,564,2024-12-17,24,47,181,20,131,543,26,2.75,Dengue,31,3,74.46,28.59,modéré,22.3,75.5,889.2,False,0.31,0.41,0.14,130.8,41.4
12,Centre Hospitalier Régional de Kolda,Kolda,Kolda,312,564,2024-12-18,92,51,25,12,287,528,58,3.02,Covid-19,46,9,65.03,14.23,modéré,28.6,79.9,2499.3,False,0.56,0.38,0.04,8.4,8.6
12,Centre Hospitalier Régional de Kolda,Kolda,Kolda,312,564,2024-12-19,87,12,197,24,115,521,60,1.55,Paludisme,10,4,47.29,3.52,faible,37.2,48.0,2838.5,False,0.67,0.63,0.18,47.6,33.1
12,Centre Hospitalier Régional de Kolda,Kolda,Kolda,312,564,2024-12-20,12,46,150,15,162,535,42,3.32,Choléra,111,1,48.76,27.48,élevé,26.6,44.4,679.7,True,0.63,0.39,0.05,22.1,54.4
12,Centre Hospitalier Régional de Kolda,Kolda,Kolda,312,564,2024-12-21,10,81,233,14,79,541,35,0.19,Paludisme,77,3,81.26,24.36,modéré,26.3,87.6,4589.7,False,0.76,0.71,0.1,153.3,20.9
12,Centre Hospitalier Régional de Kolda,Kolda,Kolda,312,564,2024-12-22,31,76,153,16,159,564,60,2.45,Choléra,18,0,92.98,20.58,faible,23.2,71.5,3052.9,False,0.89,0.8,0.01,155.4,5.8
12,Centre Hospitalier Régional de Kolda,Kolda,Kolda,312,564,2024-12-23,57,62,270,25,42,559,27,3.58,Covid-19,77,0,54.06,4.41,modéré,24.2,67.2,1234.8,False,0.71,0.67,0.11,67.4,33.5
12,Centre Hospitalier Régional de Kolda,Kolda,Kolda,312,564,2024-12-24,92,71,55,13,257,520,33,1.28,Grippe,79,6,93.86,27.72,modéré,35.4,54.4,3208.4,False,0.6,0.56,0.07,100.5,28.9
12,Centre Hospitalier Régional de Kolda,Kolda,Kolda,312,564,2024-12-25,38,88,126,9,186,564,46,0.99,Choléra,82,1,55.85,13.78,élevé,29.2,41.2,4363.1,True,0.69,0.61,0.11,151.7,17.9
12,Centre Hospitalier Régional de Kolda,Kolda,Kolda,312,564,2024-12-26,78,9,131,24,181,553,13,0.59,Covid-19,25,10,32.19,9.49,faible,27.2,78.5,1135.7,False,0.59,0.44,0.04,171.6,44.4
12,Centre Hospitalier Régional de Kolda,Kolda,Kolda,312,564,2024-12-27,70,9,59,20,253,542,49,3.91,Covid-19,60,0,58.03,5.48,modéré,22.3,82.7,3954.4,False,0.85,0.75,0.04,108.5,14.6
12,Centre Hospitalier Régional de Kolda,Kolda,Kolda,312,564,2024-12-28,22,6,213,8,99,514,0,0.3,Paludisme,76,7,32.3,25.12,modéré,27.0,54.8,3031.1,False,0.81,0.45,0.15,172.6,50.2
12,Centre Hospitalier Régional de Kolda,Kolda,Kolda,312,564,2024-12-29,100,56,23,14,289,516,0,2.67,Covid-19,39,10,75.21,28.37,modéré,32.6,82.9,2676.3,False,0.78,0.33,0.02,50.0,36.0
12,Centre Hospitalier Régional de Kolda,Kolda,Kolda,312,564,2024-12-30,21,69,93,14,219,557,30,3.23,Covid-19,17,2,50.48,20.67,faible,28.0,42.1,1153.3,False,0.61,0.41,0.19,164.4,35.8
12,Centre Hospitalier Régional de Kolda,Kolda,Kolda,312,564,2024-12-31,18,45,120,12,192,519,24,3.79,Grippe,20,6,78.91,26.46,faible,25.0,83.8,610.4,False,0.44,0.33,0.01,95.9,8.4
13,Centre Hospitalier Régional de Sédhiou,Sédhiou,Sédhiou,355,168,2024-01-01,67,58,309,19,46,156,54,3.63,Dengue,52,1,81.38,28.95,modéré,23.9,70.4,2245.7,False,0.22,0.76,0.05,53.3,53.6
13,Centre Hospitalier Régional de Sédhiou,Sédhiou,Sédhiou,355,168,2024-01-02,54,49,261,20,94,168,44,0.23,Paludisme,20,3,66.2,7.65,faible,36.5,83.3,2363.2,False,0.73,0.52,0.17,49.6,10.4
13,Centre Hospitalier Régional de Sédhiou,Sédhiou,Sédhiou,355,168,2024-01-03,19,76,124,15,231,161,24,3.73,Dengue,74,6,55.48,6.61,modéré,38.9,46.5,4780.0,False,0.21,0.59,0.06,177.1,56.2
13,Centre Hospitalier Régional de Sédhiou,Sédhiou,Sédhiou,355,168,2024-01-04,45,51,144,15,211,127,28,2.49,Dengue,96,3,81.76,18.04,élevé,23.4,40.0,898.6,True,0.28,0.88,0.02,124.3,25.4
13,Centre Hospitalier Régional de Sédhiou,Sédhiou,Sédhiou,355,168,2024-01-05,54,84,163,18,192,149,33,0.74,Covid-19,62,3,85.32,6.58,modéré,35.5,55.0,4335.3,False,0.69,0.53,0.08,22.0,44.1
13,Centre Hospitalier Régional de Sédhiou,Sédhiou,Sédhiou,355,168,2024-01-06,51,5,350,18,5,150,51,2.43,Paludisme,68,3,69.44,14.44,modéré,24.8,80.1,3237.0,False,0.32,0.79,0.2,138.0,44.3
13,Centre Hospitalier Régional de Sédhiou,Sédhiou,Sédhiou,355,168,2024-01-07,33,26,249,12,106,154,9,0.31,Grippe,11,10,30.82,17.42,faible,26.0,87.6,254.6,False,0.58,0.73,0.09,58.3,34.2
13,Centre Hospitalier Régional de Sédhiou,Sédhiou,Sédhiou,355,168,2024-01-08,65,36,112,9,243,156,59,3.62,Dengue,48,5,93.01,10.92,modéré,25.5,56.6,2887.5,False,0.94,0.65,0.06,95.0,7.1
2,Centre Hospitalier Régional de Thiès,Thiès,Thiès,526,331,2024-08-22,76,85,485,17,41,326,55,3.38,Grippe,108,0,58.08,5.81,élevé,28.6,48.2,671.5,True,0.51,0.93,0.1,5.1,52.3
2,Centre Hospitalier Régional de Thiès,Thiès,Thiès,526,331,2024-08-23,54,18,85,13,441,282,40,3.52,Covid-19,66,5,32.34,2.16,modéré,32.6,77.0,1682.4,False,0.72,0.49,0.13,43.6,26.1
2,Centre Hospitalier Régional de Thiès,Thiès,Thiès,526,331,2024-08-24,22,7,230,18,296,287,26,3.4,Dengue,32,7,67.29,17.97,modéré,30.4,83.4,308.9,False,0.79,0.92,0.07,37.9,41.0
2,Centre Hospitalier Régional de Thiès,Thiès,Thiès,526,331,2024-08-25,58,60,118,13,408,289,33,1.66,Dengue,38,10,67.02,25.57,modéré,36.9,73.5,1376.0,False,0.91,0.39,0.12,142.7,14.0
2,Centre Hospitalier Régional de Thiès,Thiès,Thiès,526,331,2024-08-26,19,24,368,11,158,287,4,0.74,Paludisme,17,5,71.2,1.74,faible,28.6,43.7,4609.3,False,0.61,0.95,0.03,63.2,49.6
2,Centre Hospitalier Régional de Thiès,Thiès,Thiès,526,331,2024-08-27,89,12,521,18,5,327,54,2.26,Covid-19,42,1,90.43,4.71,modéré,29.8,82.4,3517.2,False,0.36,0.87,0.19,123.1,56.8
2,Centre Hospitalier Régional de Thiès,Thiès,Thiès,526,331,2024-08-28,86,40,111,2,415,319,10,2.11,Grippe,102,2,66.45,24.44,élevé,23.5,61.6,1293.3,True,0.3,0.95,0.04,76.5,4.4
2,Centre Hospitalier Régional de Thiès,Thiès,Thiès,526,331,2024-08-29,100,79,366,11,160,309,12,0.77,Grippe,8,6,54.5,10.73,faible,26.3,60.0,2704.5,False,0.61,0.82,0.08,124.0,35.6
2,Centre Hospitalier Régional de Thiès,Thiès,Thiès,526,331,2024-08-30,55,37,128,2,398,293,57,1.04,Dengue,34,5,86.24,19.69,modéré,25.2,45.4,284.4,False,0.83,0.42,0.05,148.2,55.1
2,Centre Hospitalier Régional de Thiès,Thiès,Thiès,526,331,2024-08-31,35,58,467,17,59,320,7,1.46,Paludisme,79,5,36.73,7.68,modéré,34.7,79.8,3538.7,False,0.54,0.37,0.09,117.5,19.1
2,Centre Hospitalier Régional de Thiès,Thiès,Thiès,526,331,2024-09-01,79,67,159,5,367,298,50,3.15,Covid-19,107,7,88.45,7.1,élevé,29.4,85.3,2151.9,True,0.54,0.41,0.15,13.7,57.6
2,Centre Hospitalier Régional de Thiès,Thiès,Thiès,526,331,2024-09-02,48,23,443,18,83,290,15,3.76,Paludisme,0,10,64.44,5.52,faible,31.5,87.4,4680.3,False,0.35,0.61,0.07,107.6,36.3
2,Centre Hospitalier Régional de Thiès,Thiès,Thiès,526,331,2024-09-03,77,86,73,7,453,315,11,3.28,Dengue,113,6,56.78,27.12,élevé,33.4,67.0,4214.9,True,0.92,0.65,0.16,43.8,47.2
2,Centre Hospitalier Régional de Thiès,Thiès,Thiès,526,331,2024-09-04,93,20,291,0,235,297,56,1.01,Covid-19,51,10,83.31,10.91,modéré,31.7,52.3,1188.4,False,0.8,0.69,0.02,166.1,33.7
2,Centre Hospitalier Régional de Thiès,Thiès,Thiès,526,331,2024-09-05,59,22,126,20,400,305,55,2.88,Dengue,25,6,50.1,24.75,faible,37.0,40.3,4325.9,False,0.2,0.84,0.09,56.1,48.0
2,Centre Hospitalier Régional de Thiès,Thiès,Thiès,526,331,2024-09-06,26,45,146,3,380,310,54,2.48,Covid-19,116,4,46.75,7.13,élevé,30.7,86.7,1711.7,True,0.71,0.35,0.18,27.6,6.1
2,Centre Hospitalier Régional de Thiès,Thiès,Thiès,526,331,2024-09-07,88,69,388,21,138,302,32,0.97,Grippe,43,4,38.02,3.5,modéré,26.4,87.0,2639.1,False,0.32,0.74,0.12,173.5,19.1
2,Centre Hospitalier Régional de Thiès,Thiès,Thiès,526,331,2024-09-08,30,63,124,20,402,285,33,2.37,Dengue,103,2,48.95,16.19,élevé,29.0,57.2,2588.4,True,0.21,0.62,0.09,21.2,7.3
2,Centre Hospitalier Régional de Thiès,Thiès,Thiès,526,331,2024-09-09,87,58,440,0,86,285,55,3.74,Covid-19,41,8,72.72,11.54,modéré,29.1,86.2,4533.5,False,0.23,0.41,0.18,54.8,45.4
2,Centre Hospitalier Régional de Thiès,Thiès,Thiès,526,331,2024-09-10,51,75,75,14,451,297,13,1.62,Dengue,37,3,65.85,6.52,modéré,28.8,50.4,4344.1,False,0.98,0.63,0.18,106.0,29.2
2,Centre Hospitalier Régional de Thiès,Thiès,Thiès,526,331,2024-09-11,69,46,499,23,27,308,9,1.2,Paludisme,11,2,46.95,28.94,faible,26.5,53.4,3522.4,False,0.72,0.51,0.04,48.3,18.4
2,Centre Hospitalier Régional de Thiès,Thiès,Thiès,526,331,2024-09-12,55,8,22,12,504,317,23,0.29,Choléra,104,5,82.39,5.46,élevé,37.4,87.4,3634.2,True,0.3,0.63,0.08,75.0,39.9
2,Centre Hospitalier Régional de Thiès,Thiès,Thiès,526,331,2024-09-13,82,29,489,4,37,282,27,0.66,Covid-19,33,10,74.05,10.5,modéré,25.0,64.0,3401.8,False,0.54,0.82,0.02,150.1,43.6
2,Centre Hospitalier Régional de Thiès,Thiès,Thiès,526,331,2024-09-14,51,35,29,5,497,318,41,1.39,Paludisme,3,3,63.13,7.62,faible,35.7,52.3,2297.3,False,0.37,0.37,0.06,75.5,54.1
2,Centre Hospitalier Régional de Thiès,Thiès,Thiès,526,331,2024-09-15,22,10,71,11,455,281,15,1.49,Grippe,83,2,30.26,19.13,élevé,34.2,72.2,929.8,True,0.93,1.0,0.17,23.0,46.2
2,Centre Hospitalier Régional de Thiès,Thiès,Thiès,526,331,2024-09-16,73,86,357,5,169,287,7,1.64,Dengue,6,4,42.76,18.68,faible,27.7,79.3,1058.4,False,0.52,0.31,0.17,88.9,50.0
2,Centre Hospitalier Régional de Thiès,Thiès,Thiès,526,331,2024-09-17,84,62,140,17,386,288,45,2.34,Grippe,1,6,54.38,18.4,faible,37.1,68.0,2378.6,False,0.68,0.76,0.02,170.7,43.0
2,Centre Hospitalier Régional de Thiès,Thiès,Thiès,526,331,2024-09-18,85,16,517,21,9,307,5,2.91,Dengue,57,10,44.57,1.2,modéré,32.4,50.8,1751.8,False,0.64,0.51,0.15,155.9,43.1
2,Centre Hospitalier Régional de Thiès,Thiès,Thiès,526,331,2024-09-19,87,57,231,4,295,309,1,1.33,Paludisme,99,10,45.05,8.14,élevé,27.4,64.1,207.5,True,0.42,0.51,0.01,115.1,12.0
2,Centre Hospitalier Régional de Thiès,Thiès,Thiès,526,331,2024-09-20,45,45,520,13,6,308,31,3.07,Dengue,115,3,60.32,27.29,élevé,29.0,76.0,378.6,True,0.4,0.69,0.03,51.8,42.1
2,Centre Hospitalier Régional de Thiès,Thiès,Thiès,526,331,2024-09-21,91,69,58,9,468,325,24,1.49,Choléra,85,9,68.38,3.93,élevé,33.9,59.4,3131.6,True,0.42,0.57,0.16,97.6,10.4
2,Centre Hospitalier Régional de Thiès,Thiès,Thiès,526,331,2024-09-22,16,67,138,24,388,322,53,1.7,Dengue,97,7,89.83,3.81,élevé,22.3,68.8,4511.4,True,0.53,0.55,0.07,157.9,36.6
2,Centre Hospitalier Régional de Thiès,Thiès,Thiès,526,331,2024-09-23,76,56,483,15,43,303,24,2.21,Choléra,78,8,70.88,9.4,modéré,22.2,65.9,2647.1,False,1.0,0.9,0.01,12.1,43.2
2,Centre Hospitalier Régional de Thiès,Thiès,Thiès,526,331,2024-09-24,71,48,446,12,80,290,37,2.76,Covid-19,48,8,57.27,19.08,modéré,25.7,69.3,2903.1,False,0.92,0.99,0.12,159.0,12.7
2,Centre Hospitalier Régional de Thiès,Thiès,Thiès,526,331,2024-09-25,64,56,230,22,296,307,32,0.35,Dengue,9,2,94.25,22.85,faible,31.1,66.6,835.6,False,0.22,0.98,0.14,173.1,16.8
2,Centre Hospitalier Régional de Thiès,Thiès,Thiès,526,331,2024-09-26,64,27,274,7,252,284,19,3.76,Dengue,16,3,47.87,10.67,faible,25.5,60.0,4799.3,False,0.85,0.69,0.12,41.3,26.1
2,Centre Hospitalier Régional de Thiès,Thiès,Thiès,526,331,2024-09-27,29,39,483,16,43,290,23,1.58,Grippe,95,4,49.74,19.24,élevé,24.5,50.0,1905.8,True,0.51,0.69,0.12,46.0,18.7
2,Centre Hospitalier Régional de Thiès,Thiès,Thiès,526,331,2024-09-28,90,46,159,23,367,290,37,0.21,Choléra,74,1,54.99,17.26,modéré,24.2,88.1,2844.4,False,0.54,0.94,0.17,27.9,3.8
2,Centre Hospitalier Régional de Thiès,Thiès,Thiès,526,331,2024-09-29,100,70,67,3,459,286,30,3.19,Choléra,24,5,41.48,12.1,faible,22.3,65.9,4506.2,False,0.54,0.51,0.18,139.3,42.7
2,Centre Hospitalier Régional de Thiès,Thiès,Thiès,526,331,2024-09-30,32,19,379,7,147,315,15,3.55,Dengue,81,6,59.88,27.54,élevé,29.0,53.7,3804.0,True,0.76,0.86,0.07,148.0,5.9
2,Centre Hospitalier Régional de Thiès,Thiès,Thiès,526,331,2024-10-01,18,73,417,23,109,312,23,1.98,Paludisme,79,2,41.55,5.49,modéré,25.7,43.9,833.7,False,0.32,0.86,0.14,145.3,23.1
2,Centre Hospitalier Régional de Thiès,Thiès,Thiès,526,331,2024-10-02,48,65,202,5,324,298,13,0.41,Grippe,18,7,56.0,25.85,faible,29.6,52.6,1879.4,False,0.68,0.34,0.04,42.3,12.8
2,Centre Hospitalier Régional de Thiès,Thiès,Thiès,526,331,2024-10-03,81,63,28,9,498,323,22,3.39,Paludisme,59,4,87.88,4.94,modéré,35.5,59.1,931.0,False,0.32,0.75,0.17,146.7,6.9
2,Centre Hospitalier Régional de Thiès,Thiès,Thiès,526,331,2024-10-04,43,84,370,4,156,313,19,3.73,Paludisme,52,0,67.7,2.93,modéré,37.5,79.6,921.6,False,0.55,0.89,0.0,33.3,40.8
2,Centre Hospitalier Régional de Thiès,Thiès,Thiès,526,331,2024-10-05,13,18,146,25,380,328,58,1.95,Grippe,90,10,50.8,14.57,élevé,26.5,79.4,1570.4,True,0.74,0.7,0.1,158.0,13.9
2,Centre Hospitalier Régional de Thiès,Thiès,Thiès,526,331,2024-10-06,18,74,411,19,115,316,36,2.65,Dengue,53,0,65.18,26.72,modéré,26.2,43.3,3986.4,False,0.89,0.69,0.13,97.0,41.6
2,Centre Hospitalier Régional de Thiès,Thiès,Thiès,526,331,2024-10-07,88,68,200,24,326,316,28,3.96,Dengue,8,9,32.13,7.0,faible,23.3,49.5,4922.1,False,0.98,0.31,0.08,32.3,10.9
2,Centre Hospitalier Régional de Thiès,Thiès,Thiès,526,331,2024-10-08,63,41,395,20,131,314,2,2.95,Choléra,110,0,65.9,18.99,élevé,24.3,73.5,1929.0,True,0.93,0.32,0.06,23.6,17.9
2,Centre Hospitalier Régional de Thiès,Thiès,Thiès,526,331,2024-10-09,89,63,212,18,314,303,22,2.01,Paludisme,95,2,35.72,8.44,élevé,28.2,80.3,2448.2,True,0.33,0.95,0.05,159.2,21.2
2,Centre Hospitalier Régional de Thiès,Thiès,Thiès,526,331,2024-10-10,74,17,472,22,54,294,56,0.77,Covid-19,70,9,43.69,23.7,modéré,32.3,80.8,1988.8,False,0.48,0.95,0.17,107.1,54.3
2,Centre Hospitalier Régional de Thiès,Thiès,Thiès,526,331,2024-02-04,43,59,480,16,46,304,5,2.94,Choléra,116,2,54.8,8.71,élevé,34.6,85.8,4047.5,True,0.98,0.54,0.03,82.6,6.5
2,Centre Hospitalier Régional de Thiès,Thiès,Thiès,526,331,2024-02-05,98,62,239,25,287,285,32,3.31,Covid-19,101,9,39.1,24.16,élevé,32.0,41.7,4928.1,True,0.81,0.82,0.05,68.2,39.9
2,Centre Hospitalier Régional de Thiès,Thiès,Thiès,526,331,2024-02-06,79,34,219,3,307,314,0,2.22,Dengue,119,3,47.1,4.45,élevé,29.1,81.8,2084.7,True,0.54,0.62,0.08,53.7,21.0
2,Centre Hospitalier Régional de Thiès,Thiès,Thiès,526,331,2024-02-07,58,36,450,14,76,306,33,0.21,Covid-19,15,8,94.1,2.48,faible,23.7,47.5,3816.2,False,0.87,0.85,0.11,161.9,27.8
2,Centre Hospitalier Régional de Thiès,Thiès,Thiès,526,331,2024-02-08,52,86,114,8,412,288,37,2.38,Covid-19,7,9,40.06,16.52,faible,38.0,84.4,2596.0,False,0.67,0.45,0.18,148.3,4.4
2,Centre Hospitalier Régional de Thiès,Thiès,Thiès,526,331,2024-02-09,54,31,502,6,24,291,38,0.2,Choléra,87,8,82.33,28.38,élevé,37.6,86.8,237.4,True,0.46,0.78,0.09,174.4,18.9
2,Centre Hospitalier Régional de Thiès,Thiès,Thiès,526,331,2024-02-10,34,16,282,21,244,292,29,1.46,Dengue,84,5,60.61,22.04,élevé,30.5,55.9,1600.3,True,0.35,0.79,0.01,62.3,55.2
2,Centre Hospitalier Régional de Thiès,Thiès,Thiès,526,331,2024-02-11,22,45,32,21,494,286,26,3.5,Dengue,79,6,67.48,26.57,modéré,28.3,44.2,2746.2,False,0.85,0.42,0.14,22.4,4.0
2,Centre Hospitalier Régional de Thiès,Thiès,Thiès,526,331,2024-02-12,89,17,343,0,183,295,54,3.54,Covid-19,109,8,46.98,7.29,élevé,36.6,46.1,3954.8,True,0.83,0.61,0.01,26.5,33.1
2,Centre Hospitalier Régional de Thiès,Thiès,Thiès,526,331,2024-02-13,95,27,481,10,45,289,21,0.65,Grippe,118,0,83.36,23.7,élevé,29.8,86.2,2927.2,True,0.97,0.58,0.01,115.7,53.2
2,Centre Hospitalier Régional de Thiès,Thiès,Thiès,526,331,2024-02-14,47,30,249,9,277,322,44,3.37,Dengue,76,8,55.94,2.92,modéré,31.0,87.1,2982.4,False,0.83,0.31,0.09,75.6,35.7
2,Centre Hospitalier Régional de Thiès,Thiès,Thiès,526,331,2024-02-15,24,18,299,15,227,322,21,3.2,Paludisme,51,2,38.52,4.07,modéré,24.6,61.5,2625.5,False,0.59,0.45,0.08,151.6,5.1
2,Centre Hospitalier Régional de Thiès,Thiès,Thiès,526,331,2024-02-16,55,80,251,25,275,286,5,2.9,Covid-19,50,7,94.81,9.22,modéré,24.2,52.8,3849.1,False,0.45,0.7,0.09,124.4,12.0
2,Centre Hospitalier Régional de Thiès,Thiès,Thiès,526,331,2024-02-17,98,40,393,2,133,322,59,3.95,Covid-19,28,2,58.8,26.02,faible,31.5,60.4,3082.7,False,0.68,0.5,0.06,54.4,27.3
2,Centre Hospitalier Régional de Thiès,Thiès,Thiès,526,331,2024-02-18,49,56,185,7,341,308,54,1.95,Covid-19,88,3,87.16,24.08,élevé,28.3,79.7,2224.5,True,0.22,0.3,0.06,111.4,15.1
2,Centre Hospitalier Régional de Thiès,Thiès,Thiès,526,331,2024-02-19,73,53,228,14,298,317,33,3.87,Choléra,17,2,47.72,23.14,faible,38.2,66.1,4349.4,False,0.57,0.57,0.1,163.2,58.4
2,Centre Hospitalier Régional de Thiès,Thiès,Thiès,526,331,2024-02-20,76,58,252,17,274,293,52,3.51,Covid-19,18,3,54.86,20.5,faible,30.2,76.3,4583.5,False,0.79,0.4,0.01,41.8,4.6
2,Centre Hospitalier Régional de Thiès,Thiès,Thiès,526,331,2024-02-21,53,79,174,10,352,306,33,3.48,Grippe,95,7,50.37,22.23,élevé,33.8,82.3,3969.0,True,0.85,0.68,0.02,167.1,17.9
2,Centre Hospitalier Régional de Thiès,Thiès,Thiès,526,331,2024-02-22,13,27,461,4,65,322,26,1.54,Paludisme,10,3,33.0,22.17,faible,38.4,65.7,2041.0,False,0.47,0.65,0.16,6.0,3.8
2,Centre Hospitalier Régional de Thiès,Thiès,Thiès,526,331,2024-02-23,68,62,388,15,138,295,56,2.24,Choléra,114,5,38.74,23.41,élevé,39.0,56.6,1937.0,True,0.81,0.82,0.02,36.2,41.2
2,Centre Hospitalier Régional de Thiès,Thiès,Thiès,526,331,2024-02-24,72,56,362,0,164,328,28,2.04,Grippe,28,5,57.29,28.6,faible,27.4,79.7,4779.1,False,0.91,0.71,0.16,135.5,49.8
2,Centre Hospitalier Régional de Thiès,Thiès,Thiès,526,331,2024-02-25,58,15,165,22,361,320,48,1.87,Choléra,14,4,62.96,28.64,faible,28.5,54.0,1840.3,False,0.23,0.72,0.05,135.6,57.8
2,Centre Hospitalier Régional de Thiès,Thiès,Thiès,526,331,2024-02-26,33,50,343,5,183,325,27,0.74,Covid-19,102,9,57.33,29.59,élevé,34.0,43.0,1786.9,True,0.91,0.79,0.15,40.8,10.6
2,Centre Hospitalier Régional de Thiès,Thiès,Thiès,526,331,2024-02-27,61,12,243,24,283,285,26,2.05,Dengue,15,9,73.71,18.28,faible,37.4,56.3,4626.6,False,0.82,0.97,0.2,40.4,30.2
2,Centre Hospitalier Régional de Thiès,Thiès,Thiès,526,331,2024-02-28,41,67,460,3,66,292,37,2.89,Choléra,42,4,92.18,19.08,modéré,34.7,63.1,2430.2,False,0.98,0.88,0.11,96.3,17.0
2,Centre Hospitalier Régional de Thiès,Thiès,Thiès,526,331,2024-02-29,86,67,236,9,290,312,17,0.92,Paludisme,14,5,53.23,23.22,faible,31.3,55.1,523.3,False,0.85,0.45,0.11,149.1,10.3
2,Centre Hospitalier Régional de Thiès,Thiès,Thiès,526,331,2024-03-01,84,53,208,7,318,291,14,0.29,Grippe,88,10,32.25,27.68,élevé,32.5,79.9,532.1,True,0.51,0.54,0.06,146.8,4.8
2,Centre Hospitalier Régional de Thiès,Thiès,Thiès,526,331,2024-03-02,21,10,155,25,371,316,6,3.74,Paludisme,93,7,72.37,27.26,élevé,36.8,48.0,4500.3,True,0.84,0.78,0.1,151.2,43.7
2,Centre Hospitalier Régional de Thiès,Thiès,Thiès,526,331,2024-03-03,21,42,82,25,444,304,54,0.7,Grippe,51,6,37.29,14.42,modéré,25.7,45.2,736.6,False,0.25,0.64,0.01,95.0,34.8
2,Centre Hospitalier Régional de Thiès,Thiès,Thiès,526,331,2024-03-04,83,66,88,1,438,302,60,0.65,Choléra,16,10,88.02,22.59,faible,36.9,45.3,1576.6,False,0.58,0.88,0.06,40.2,31.9
2,Centre Hospitalier Régional de Thiès,Thiès,Thiès,526,331,2024-03-05,42,54,404,16,122,327,40,3.37,Paludisme,4,2,76.44,9.32,faible,36.7,83.4,1575.8,False,0.54,0.92,0.19,23.1,6.1
2,Centre Hospitalier Régional de Thiès,Thiès,Thiès,526,331,2024-03-06,20,38,350,4,176,320,51,2.77,Paludisme,100,5,39.03,9.67,élevé,36.6,84.4,1135.4,True,0.37,0.63,0.08,142.8,34.6
2,Centre Hospitalier Régional de Thiès,Thiès,Thiès,526,331,2024-03-07,54,82,178,14,348,315,8,1.62,Dengue,81,5,94.47,15.9,élevé,37.5,82.9,1546.1,True,0.24,0.9,0.16,55.5,40.6
2,Centre Hospitalier Régional de Thiès,Thiès,Thiès,526,331,2024-03-08,22,49,182,7,344,327,44,1.91,Paludisme,56,0,86.52,6.08,modéré,29.2,74.9,1366.6,False,0.93,0.63,0.08,107.8,26.0
2,Centre Hospitalier Régional de Thiès,Thiès,Thiès,526,331,2024-03-09,22,86,238,24,288,291,49,0.96,Dengue,46,5,82.06,29.22,modéré,24.6,50.9,2098.2,False,0.95,0.38,0.2,46.9,5.7
2,Centre Hospitalier Régional de Thiès,Thiès,Thiès,526,331,2024-03-10,90,65,498,5,28,320,18,2.49,Covid-19,42,1,35.49,18.78,modéré,26.1,55.8,1580.9,False,0.92,0.35,0.05,78.6,13.2
2,Centre Hospitalier Régional de Thiès,Thiès,Thiès,526,331,2024-03-11,18,10,194,13,332,320,36,1.74,Dengue,25,4,71.02,17.07,faible,29.0,66.2,4994.6,False,0.47,0.81,0.01,31.3,59.8
2,Centre Hospitalier Régional de Thiès,Thiès,Thiès,526,331,2024-03-12,87,73,521,25,5,298,39,2.76,Dengue,97,1,36.63,2.76,élevé,32.1,69.5,3264.7,True,0.82,0.94,0.12,32.7,4.3
2,Centre Hospitalier Régional de Thiès,Thiès,Thiès,526,331,2024-03-13,93,62,368,1,158,328,22,2.47,Grippe,32,4,86.4,17.27,modéré,38.3,69.9,1470.4,False,0.49,0.75,0.03,57.0,13.4
2,Centre Hospitalier Régional de Thiès,Thiès,Thiès,526,331,2024-03-14,15,33,390,19,136,306,20,1.54,Grippe,96,2,84.05,13.13,élevé,35.4,52.1,2070.4,True,0.22,0.39,0.11,19.9,26.5
2,Centre Hospitalier Régional de Thiès,Thiès,Thiès,526,331,2024-03-15,81,49,421,25,105,312,14,1.29,Covid-19,88,8,70.71,10.72,élevé,32.5,78.7,206.9,True,0.65,0.33,0.04,15.5,12.8
2,Centre Hospitalier Régional de Thiès,Thiès,Thiès,526,331,2024-03-16,10,84,175,7,351,322,10,0.3,Covid-19,31,0,61.55,23.7,modéré,22.2,83.5,2520.9,False,0.35,0.33,0.09,38.7,48.3
2,Centre Hospitalier Régional de Thiès,Thiès,Thiès,526,331,2024-03-17,29,41,183,20,343,327,57,1.03,Dengue,2,2,74.54,6.41,faible,24.0,85.4,4351.3,False,0.6,0.45,0.2,40.5,17.0
2,Centre Hospitalier Régional de Thiès,Thiès,Thiès,526,331,2024-03-18,33,88,215,4,311,304,0,2.26,Paludisme,26,8,62.78,10.97,faible,31.9,66.2,592.3,False,0.4,0.44,0.16,157.2,11.3
2,Centre Hospitalier Régional de Thiès,Thiès,Thiès,526,331,2024-03-19,66,36,260,24,266,324,46,3.13,Grippe,20,7,39.54,17.54,faible,30.7,49.5,2514.8,False,0.5,0.84,0.11,67.1,5.4
2,Centre Hospitalier Régional de Thiès,Thiès,Thiès,526,331,2024-03-20,21,16,225,19,301,300,42,0.28,Dengue,22,4,79.43,3.58,faible,28.7,85.0,2487.8,False,0.59,0.34,0.1,159.0,4.1
2,Centre Hospitalier Régional de Thiès,Thiès,Thiès,526,331,2024-03-21,62,52,457,7,69,291,58,1.69,Choléra,22,0,75.6,21.03,faible,26.9,46.3,934.4,False,0.85,0.52,0.06,132.8,48.9
2,Centre Hospitalier Régional de Thiès,Thiès,Thiès,526,331,2024-03-22,18,29,261,1,265,289,31,1.39,Grippe,104,4,72.72,8.93,élevé,37.7,52.5,423.9,True,0.67,0.75,0.11,134.8,14.9
2,Centre Hospitalier Régional de Thiès,Thiès,Thiès,526,331,2024-03-23,80,82,164,25,362,291,48,2.28,Choléra,60,3,70.12,15.31,modéré,36.6,53.3,3116.2,False,0.94,0.85,0.03,40.7,8.5
2,Centre Hospitalier Régional de Thiès,Thiès,Thiès,526,331,2024-03-24,83,65,79,3,447,288,13,1.38,Dengue,52,5,89.66,29.75,modéré,24.2,65.1,2134.3,False,0.5,0.75,0.12,27.4,26.4
1,Centre Hospitalier Régional de Dakar,Dakar,Dakar,553,518,2024-12-16,29,15,239,18,314,502,42,2.14,Choléra,100,7,85.68,2.18,élevé,28.4,70.2,1589.9,True,0.84,0.4,0.14,35.7,24.7
1,Centre Hospitalier Régional de Dakar,Dakar,Dakar,553,518,2024-12-17,43,23,87,2,466,487,60,2.16,Grippe,18,0,69.77,17.14,faible,37.6,53.6,4903.7,False,0.59,0.62,0.07,167.7,46.2
1,Centre Hospitalier Régional de Dakar,Dakar,Dakar,553,518,2024-12-18,98,18,31,20,522,486,49,1.08,Grippe,26,9,47.18,3.05,faible,29.0,71.9,1179.2,False,0.38,0.34,0.08,147.5,51.5
1,Centre Hospitalier Régional de Dakar,Dakar,Dakar,553,518,2024-12-19,63,45,178,8,375,474,37,3.04,Choléra,43,0,41.43,25.79,modéré,29.1,71.3,2209.3,False,0.89,0.54,0.06,128.4,17.2
1,Centre Hospitalier Régional de Dakar,Dakar,Dakar,553,518,2024-12-20,93,34,404,6,149,506,26,3.01,Choléra,57,1,51.34,2.13,modéré,23.3,68.6,2103.3,False,0.23,0.83,0.06,173.1,23.3
1,Centre Hospitalier Régional de Dakar,Dakar,Dakar,553,518,2024-12-21,79,41,270,24,283,499,42,0.78,Paludisme,94,1,41.07,8.52,élevé,34.8,72.1,925.9,True,0.86,0.82,0.15,79.1,27.7
1,Centre Hospitalier Régional de Dakar,Dakar,Dakar,553,518,2024-12-22,100,19,173,25,380,510,37,3.34,Covid-19,101,0,35.18,29.65,élevé,28.6,85.9,3240.7,True,0.22,0.81,0.2,151.6,59.1
1,Centre Hospitalier Régional de Dakar,Dakar,Dakar,553,518,2024-12-23,34,88,323,12,230,478,36,2.67,Covid-19,86,8,58.12,4.72,élevé,28.8,66.1,3675.6,True,0.47,0.57,0.01,52.4,57.1
1,Centre Hospitalier Régional de Dakar,Dakar,Dakar,553,518,2024-12-24,28,85,547,23,6,477,32,3.36,Paludisme,21,10,36.72,20.18,faible,32.5,41.9,4748.6,False,0.37,1.0,0.16,164.8,11.3
1,Centre Hospitalier Régional de Dakar,Dakar,Dakar,553,518,2024-12-25,19,70,44,11,509,515,43,2.55,Grippe,43,6,79.83,28.93,modéré,23.9,74.5,151.3,False,0.21,0.83,0.17,98.9,28.6
1,Centre Hospitalier Régional de Dakar,Dakar,Dakar,553,518,2024-12-26,13,70,40,8,513,501,7,2.76,Dengue,88,6,50.89,1.82,élevé,24.8,87.4,340.0,True,0.42,0.77,0.04,177.0,53.6
1,Centre Hospitalier Régional de Dakar,Dakar,Dakar,553,518,2024-12-27,28,65,495,22,58,510,34,2.0,Dengue,72,5,58.05,29.22,modéré,31.6,84.9,4249.4,False,0.65,0.77,0.02,16.6,8.7
1,Centre Hospitalier Régional de Dakar,Dakar,Dakar,553,518,2024-12-28,44,80,64,25,489,503,27,1.85,Choléra,76,6,31.69,20.89,modéré,34.1,77.1,782.3,False,0.97,0.51,0.1,168.9,20.1
1,Centre Hospitalier Régional de Dakar,Dakar,Dakar,553,518,2024-12-29,85,42,533,6,20,482,60,2.66,Choléra,37,0,68.59,22.03,modéré,25.1,42.5,4149.4,False,0.52,0.88,0.2,158.0,12.2
1,Centre Hospitalier Régional de Dakar,Dakar,Dakar,553,518,2024-12-30,28,13,438,19,115,494,55,1.52,Dengue,63,2,84.29,8.39,modéré,30.2,83.1,1235.8,False,0.54,0.59,0.08,159.2,43.6
1,Centre Hospitalier Régional de Dakar,Dakar,Dakar,553,518,2024-12-31,48,16,188,15,365,481,52,3.85,Dengue,17,1,32.75,8.63,faible,27.9,62.2,2377.0,False,0.57,0.56,0.16,87.6,36.1
2,Centre Hospitalier Régional de Thiès,Thiès,Thiès,526,331,2024-01-01,18,24,283,25,243,285,31,1.62,Covid-19,71,6,46.05,21.86,modéré,25.1,85.4,3137.3,False,0.99,0.59,0.0,96.6,54.2
2,Centre Hospitalier Régional de Thiès,Thiès,Thiès,526,331,2024-01-02,26,89,160,1,366,313,51,2.94,Grippe,67,2,31.07,19.57,modéré,26.5,68.7,797.1,False,0.86,0.65,0.18,7.1,43.1
2,Centre Hospitalier Régional de Thiès,Thiès,Thiès,526,331,2024-01-03,35,67,232,7,294,311,60,0.64,Dengue,82,7,39.78,22.15,élevé,30.9,82.3,1723.0,True,0.97,0.7,0.07,84.7,8.7
2,Centre Hospitalier Régional de Thiès,Thiès,Thiès,526,331,2024-01-04,84,40,356,14,170,307,30,1.57,Choléra,48,5,58.92,19.04,modéré,33.2,44.4,4602.0,False,0.95,0.77,0.05,111.5,28.7
2,Centre Hospitalier Régional de Thiès,Thiès,Thiès,526,331,2024-01-05,11,17,519,0,7,328,39,2.34,Covid-19,86,2,86.78,27.43,élevé,34.5,44.8,4964.8,True,0.74,0.32,0.1,152.8,55.2
2,Centre Hospitalier Régional de Thiès,Thiès,Thiès,526,331,2024-01-06,65,20,233,0,293,315,52,3.84,Paludisme,37,4,58.69,29.44,modéré,24.9,55.4,4506.3,False,0.26,0.87,0.13,18.3,36.7
2,Centre Hospitalier Régional de Thiès,Thiès,Thiès,526,331,2024-01-07,17,80,215,23,311,316,26,1.91,Grippe,0,6,60.18,28.19,faible,22.8,46.5,466.2,False,0.31,0.47,0.17,122.6,12.4
2,Centre Hospitalier Régional de Thiès,Thiès,Thiès,526,331,2024-01-08,76,5,287,17,239,302,19,1.58,Dengue,72,4,30.18,15.07,modéré,22.2,57.7,1891.4,False,0.79,0.52,0.12,22.9,58.1
2,Centre Hospitalier Régional de Thiès,Thiès,Thiès,526,331,2024-01-09,51,52,94,19,432,289,0,2.68,Choléra,115,7,49.0,25.47,élevé,31.7,57.9,1665.3,True,0.33,0.76,0.08,89.0,40.0
2,Centre Hospitalier Régional de Thiès,Thiès,Thiès,526,331,2024-01-10,45,32,362,25,164,294,50,1.03,Choléra,119,8,51.86,23.96,élevé,35.6,44.8,3508.0,True,0.34,0.31,0.15,161.8,19.3
2,Centre Hospitalier Régional de Thiès,Thiès,Thiès,526,331,2024-01-11,62,15,89,3,437,296,35,1.98,Covid-19,23,7,86.1,2.88,faible,38.8,87.9,324.5,False,0.34,0.53,0.04,65.5,3.1
2,Centre Hospitalier Régional de Thiès,Thiès,Thiès,526,331,2024-01-12,72,55,161,7,365,327,40,0.31,Choléra,34,3,86.0,1.47,modéré,36.7,84.4,2671.0,False,0.57,0.49,0.02,55.9,23.0
2,Centre Hospitalier Régional de Thiès,Thiès,Thiès,526,331,2024-01-13,78,80,308,17,218,306,29,2.64,Grippe,84,0,94.67,25.23,élevé,33.8,82.4,2462.7,True,0.63,0.32,0.07,30.8,11.4
2,Centre Hospitalier Régional de Thiès,Thiès,Thiès,526,331,2024-01-14,42,86,40,16,486,298,15,2.25,Covid-19,94,10,49.18,9.23,élevé,29.8,58.9,2803.5,True,0.88,0.65,0.2,44.0,13.7
2,Centre Hospitalier Régional de Thiès,Thiès,Thiès,526,331,2024-01-15,77,28,89,12,437,295,53,2.09,Grippe,30,6,75.95,13.3,modéré,33.6,50.4,2205.6,False,0.7,0.38,0.18,116.4,40.6
2,Centre Hospitalier Régional de Thiès,Thiès,Thiès,526,331,2024-01-16,61,56,456,19,70,295,15,1.94,Dengue,39,4,44.78,24.41,modéré,33.6,49.5,1157.0,False,0.74,0.98,0.19,53.3,54.3
2,Centre Hospitalier Régional de Thiès,Thiès,Thiès,526,331,2024-01-17,22,65,319,10,207,288,44,0.49,Grippe,41,0,63.24,3.7,modéré,31.7,69.4,2386.4,False,0.34,0.82,0.15,32.8,56.7
2,Centre Hospitalier Régional de Thiès,Thiès,Thiès,526,331,2024-01-18,37,58,142,22,384,323,28,3.18,Covid-19,94,0,56.84,19.48,élevé,33.6,78.5,478.8,True,0.58,0.5,0.15,86.0,14.1
2,Centre Hospitalier Régional de Thiès,Thiès,Thiès,526,331,2024-01-19,85,14,452,24,74,320,27,2.68,Grippe,56,2,70.16,29.63,modéré,37.9,81.6,3531.5,False,0.5,0.48,0.03,9.9,34.5
2,Centre Hospitalier Régional de Thiès,Thiès,Thiès,526,331,2024-01-20,89,58,111,8,415,321,59,0.68,Covid-19,114,9,45.44,24.37,élevé,22.9,48.3,2595.2,True,0.82,0.46,0.08,127.9,7.0
2,Centre Hospitalier Régional de Thiès,Thiès,Thiès,526,331,2024-01-21,78,88,419,7,107,322,8,2.0,Paludisme,17,2,42.38,16.11,faible,32.1,61.7,2873.2,False,0.28,0.82,0.04,132.3,44.3
2,Centre Hospitalier Régional de Thiès,Thiès,Thiès,526,331,2024-01-22,41,85,454,21,72,319,56,2.65,Covid-19,20,0,79.63,12.85,faible,25.6,75.1,4468.6,False,0.7,0.92,0.1,112.2,33.0
2,Centre Hospitalier Régional de Thiès,Thiès,Thiès,526,331,2024-01-23,99,44,247,18,279,306,56,2.24,Paludisme,12,10,91.07,18.83,faible,34.5,46.1,1546.2,False,0.94,0.95,0.12,119.5,5.1
2,Centre Hospitalier Régional de Thiès,Thiès,Thiès,526,331,2024-01-24,10,36,383,14,143,309,51,2.89,Grippe,84,2,62.18,6.37,élevé,37.6,63.3,998.5,True,0.26,0.42,0.15,164.8,50.7
2,Centre Hospitalier Régional de Thiès,Thiès,Thiès,526,331,2024-01-25,31,27,126,19,400,296,25,1.3,Dengue,27,10,34.73,19.39,faible,33.3,77.6,3101.4,False,0.73,0.92,0.07,128.8,46.7
2,Centre Hospitalier Régional de Thiès,Thiès,Thiès,526,331,2024-01-26,53,70,78,23,448,319,35,2.77,Covid-19,70,1,42.98,15.98,modéré,27.9,71.8,4578.3,False,0.32,0.79,0.09,96.9,35.8
2,Centre Hospitalier Régional de Thiès,Thiès,Thiès,526,331,2024-01-27,84,30,355,7,171,284,4,1.78,Dengue,52,7,93.94,21.53,modéré,28.5,72.8,1846.3,False,0.38,0.88,0.09,53.7,23.1
2,Centre Hospitalier Régional de Thiès,Thiès,Thiès,526,331,2024-01-28,44,19,356,13,170,287,35,2.07,Dengue,80,5,83.66,27.3,élevé,32.9,52.8,2778.3,False,0.89,0.74,0.09,127.0,16.1
2,Centre Hospitalier Régional de Thiès,Thiès,Thiès,526,331,2024-01-29,40,17,460,2,66,292,3,1.64,Covid-19,76,2,94.38,28.72,modéré,24.0,48.3,1383.7,False,0.41,0.49,0.08,149.8,20.5
2,Centre Hospitalier Régional de Thiès,Thiès,Thiès,526,331,2024-01-30,31,65,428,0,98,321,42,1.03,Paludisme,20,6,54.17,28.71,faible,37.5,83.8,3550.6,False,0.98,0.82,0.07,25.3,11.7
2,Centre Hospitalier Régional de Thiès,Thiès,Thiès,526,331,2024-01-31,20,80,332,3,194,287,17,3.73,Grippe,67,9,92.55,8.25,modéré,31.2,53.4,1384.7,False,0.78,0.8,0.13,86.5,54.6
2,Centre Hospitalier Régional de Thiès,Thiès,Thiès,526,331,2024-02-01,33,71,328,2,198,295,30,3.0,Paludisme,118,6,92.75,18.38,élevé,39.0,69.8,568.8,True,0.96,0.88,0.03,117.4,21.3
2,Centre Hospitalier Régional de Thiès,Thiès,Thiès,526,331,2024-02-02,38,84,53,2,473,287,18,3.28,Covid-19,46,8,90.78,6.64,modéré,27.8,81.7,4944.9,False,0.66,0.42,0.12,94.3,5.3
2,Centre Hospitalier Régional de Thiès,Thiès,Thiès,526,331,2024-02-03,83,76,190,22,336,291,37,1.27,Paludisme,113,4,43.47,25.22,élevé,37.3,55.1,4277.1,True,0.79,0.57,0.02,97.5,19.9
2,Centre Hospitalier Régional de Thiès,Thiès,Thiès,526,331,2024-07-03,10,82,338,10,188,291,9,2.29,Grippe,113,6,69.97,27.99,élevé,37.3,60.5,548.1,True,0.44,0.69,0.13,109.6,50.8
2,Centre Hospitalier Régional de Thiès,Thiès,Thiès,526,331,2024-07-04,22,18,70,14,456,327,36,0.55,Covid-19,101,2,35.49,7.09,élevé,25.1,49.2,1362.1,True,0.21,0.9,0.06,35.1,45.9
2,Centre Hospitalier Régional de Thiès,Thiès,Thiès,526,331,2024-07-05,92,67,464,5,62,313,19,3.67,Paludisme,84,5,77.0,7.97,élevé,31.4,84.2,3023.5,True,0.81,0.44,0.19,86.4,4.6
2,Centre Hospitalier Régional de Thiès,Thiès,Thiès,526,331,2024-07-06,58,28,241,19,285,312,39,3.89,Dengue,103,6,61.49,10.29,élevé,22.6,68.0,1107.9,True,0.2,0.97,0.14,169.0,21.6
2,Centre Hospitalier Régional de Thiès,Thiès,Thiès,526,331,2024-07-07,83,66,127,25,399,283,51,3.57,Paludisme,87,10,70.12,25.41,élevé,27.1,61.3,797.0,True,0.4,0.87,0.06,29.0,41.3
2,Centre Hospitalier Régional de Thiès,Thiès,Thiès,526,331,2024-07-08,16,46,361,23,165,324,32,2.36,Grippe,75,8,80.38,25.67,modéré,30.7,88.5,4209.1,False,0.29,0.7,0.14,45.0,53.2
2,Centre Hospitalier Régional de Thiès,Thiès,Thiès,526,331,2024-07-09,90,27,489,1,37,282,27,2.14,Dengue,0,8,74.5,17.34,faible,37.6,70.3,906.6,False,0.53,0.43,0.16,52.1,36.7
2,Centre Hospitalier Régional de Thiès,Thiès,Thiès,526,331,2024-07-10,98,76,21,15,505,320,46,1.28,Paludisme,18,9,69.4,24.89,faible,24.1,69.7,3535.6,False,0.36,0.62,0.15,153.3,37.1
2,Centre Hospitalier Régional de Thiès,Thiès,Thiès,526,331,2024-07-11,43,7,142,10,384,292,37,2.93,Grippe,103,10,73.07,24.82,élevé,30.3,76.1,800.1,True,0.67,0.71,0.07,16.1,57.7
2,Centre Hospitalier Régional de Thiès,Thiès,Thiès,526,331,2024-07-12,60,70,66,7,460,281,2,1.15,Grippe,74,8,30.03,20.14,modéré,36.9,49.4,3632.9,False,0.8,0.92,0.09,91.8,35.2
2,Centre Hospitalier Régional de Thiès,Thiès,Thiès,526,331,2024-07-13,28,63,473,4,53,289,34,2.11,Choléra,18,5,42.0,17.23,faible,22.5,87.0,4534.3,False,0.33,0.47,0.2,63.6,47.8
2,Centre Hospitalier Régional de Thiès,Thiès,Thiès,526,331,2024-07-14,51,24,234,20,292,289,4,0.22,Grippe,113,2,67.08,23.26,élevé,37.5,76.9,4221.3,True,0.61,0.97,0.2,20.7,7.2
2,Centre Hospitalier Régional de Thiès,Thiès,Thiès,526,331,2024-07-15,35,36,64,9,462,321,11,3.82,Covid-19,58,2,47.59,7.95,modéré,27.8,44.9,4207.8,False,0.39,0.95,0.16,31.2,39.1
2,Centre Hospitalier Régional de Thiès,Thiès,Thiès,526,331,2024-07-16,52,23,294,1,232,312,21,2.2,Choléra,25,4,64.15,11.84,faible,27.9,58.9,4895.0,False,0.63,0.31,0.1,53.1,28.7
2,Centre Hospitalier Régional de Thiès,Thiès,Thiès,526,331,2024-07-17,27,39,174,20,352,285,2,0.13,Choléra,3,9,49.28,13.58,faible,25.3,88.9,2255.4,False,0.99,0.94,0.16,84.8,48.5
2,Centre Hospitalier Régional de Thiès,Thiès,Thiès,526,331,2024-07-18,90,89,376,17,150,300,50,2.66,Grippe,45,3,40.76,26.98,modéré,24.1,82.8,3262.4,False,0.34,0.43,0.13,136.6,30.6
2,Centre Hospitalier Régional de Thiès,Thiès,Thiès,526,331,2024-07-19,79,41,258,20,268,310,44,3.22,Paludisme,99,10,79.57,11.58,élevé,22.3,88.2,4073.2,True,0.74,0.76,0.16,6.3,28.9
2,Centre Hospitalier Régional de Thiès,Thiès,Thiès,526,331,2024-07-20,90,31,162,17,364,321,18,2.67,Choléra,76,7,55.33,26.4,modéré,36.1,87.8,2411.4,False,0.89,0.56,0.11,179.2,5.2
2,Centre Hospitalier Régional de Thiès,Thiès,Thiès,526,331,2024-07-21,54,44,364,1,162,292,7,3.83,Choléra,93,6,88.5,23.42,élevé,28.0,78.2,173.8,True,0.6,0.91,0.18,132.9,51.2
2,Centre Hospitalier Régional de Thiès,Thiès,Thiès,526,331,2024-07-22,58,5,71,23,455,285,50,3.51,Covid-19,75,3,74.72,29.68,modéré,30.8,78.4,3913.8,False,0.47,0.44,0.07,135.4,28.5
2,Centre Hospitalier Régional de Thiès,Thiès,Thiès,526,331,2024-07-23,14,29,148,13,378,327,4,3.65,Paludisme,48,4,51.63,21.8,modéré,37.0,40.3,1457.6,False,0.6,0.54,0.05,29.5,35.7
2,Centre Hospitalier Régional de Thiès,Thiès,Thiès,526,331,2024-07-24,11,60,353,16,173,284,50,2.52,Grippe,42,8,46.22,27.99,modéré,34.7,40.5,4958.3,False,0.9,1.0,0.12,146.8,35.0
2,Centre Hospitalier Régional de Thiès,Thiès,Thiès,526,331,2024-07-25,63,78,320,3,206,293,57,1.26,Choléra,69,2,35.09,12.37,modéré,35.6,77.1,2576.9,False,0.86,0.68,0.18,53.7,19.5
2,Centre Hospitalier Régional de Thiès,Thiès,Thiès,526,331,2024-07-26,71,5,195,9,331,319,8,2.47,Choléra,65,2,49.19,1.47,modéré,23.1,73.5,1505.4,False,0.36,0.53,0.17,33.2,13.7
2,Centre Hospitalier Régional de Thiès,Thiès,Thiès,526,331,2024-07-27,32,5,460,4,66,330,51,3.88,Choléra,117,3,68.82,18.88,élevé,22.6,88.5,229.3,True,0.9,0.84,0.02,37.0,43.1
2,Centre Hospitalier Régional de Thiès,Thiès,Thiès,526,331,2024-07-28,68,40,321,17,205,295,33,1.75,Grippe,13,6,88.17,22.79,faible,27.7,78.9,3396.4,False,0.78,0.86,0.01,115.6,54.2
2,Centre Hospitalier Régional de Thiès,Thiès,Thiès,526,331,2024-07-29,23,10,277,9,249,325,17,2.04,Dengue,39,7,68.96,1.01,modéré,22.5,73.8,4414.2,False,0.59,0.73,0.16,45.3,49.0
2,Centre Hospitalier Régional de Thiès,Thiès,Thiès,526,331,2024-07-30,66,7,47,3,479,291,50,2.84,Paludisme,87,10,31.48,23.82,élevé,23.0,81.7,945.7,True,0.9,0.45,0.04,10.6,39.4
2,Centre Hospitalier Régional de Thiès,Thiès,Thiès,526,331,2024-07-31,12,23,357,2,169,307,1,1.55,Dengue,101,9,58.88,1.35,élevé,34.6,42.3,4354.4,True,0.82,0.4,0.03,83.1,51.1
2,Centre Hospitalier Régional de Thiès,Thiès,Thiès,526,331,2024-08-01,56,35,524,13,2,321,24,1.3,Dengue,45,0,80.84,23.32,modéré,36.8,84.5,2158.0,False,0.59,0.94,0.11,136.2,33.4
2,Centre Hospitalier Régional de Thiès,Thiès,Thiès,526,331,2024-08-02,87,27,291,11,235,291,51,3.72,Paludisme,83,9,38.24,28.76,élevé,26.3,81.4,1871.7,True,0.23,0.32,0.02,50.9,15.6
2,Centre Hospitalier Régional de Thiès,Thiès,Thiès,526,331,2024-08-03,53,31,345,7,181,315,49,1.16,Dengue,52,2,92.25,5.69,modéré,26.2,84.0,1060.2,False,0.82,0.78,0.07,121.6,8.5
2,Centre Hospitalier Régional de Thiès,Thiès,Thiès,526,331,2024-08-04,25,44,36,7,490,289,17,0.69,Choléra,21,1,94.54,4.18,faible,34.9,64.9,1134.8,False,0.33,0.94,0.05,34.3,21.5
2,Centre Hospitalier Régional de Thiès,Thiès,Thiès,526,331,2024-08-05,20,64,88,7,438,310,32,1.23,Covid-19,9,5,61.81,7.56,faible,31.5,61.5,1482.8,False,0.71,0.75,0.19,113.2,29.2
2,Centre Hospitalier Régional de Thiès,Thiès,Thiès,526,331,2024-08-06,88,60,380,14,146,290,32,2.72,Grippe,83,1,33.42,20.85,élevé,28.3,75.6,3100.6,True,0.84,0.36,0.11,162.0,29.8
2,Centre Hospitalier Régional de Thiès,Thiès,Thiès,526,331,2024-08-07,94,27,36,13,490,298,44,0.85,Dengue,25,1,72.89,9.81,faible,26.7,72.8,784.4,False,0.53,0.73,0.09,61.8,30.3
2,Centre Hospitalier Régional de Thiès,Thiès,Thiès,526,331,2024-08-08,16,51,487,17,39,296,58,2.85,Dengue,106,1,37.01,5.07,élevé,31.0,63.4,3406.2,True,0.53,0.93,0.1,10.4,37.7
2,Centre Hospitalier Régional de Thiès,Thiès,Thiès,526,331,2024-08-09,66,81,103,15,423,298,52,2.3,Dengue,115,4,49.87,12.59,élevé,28.0,44.0,2451.7,True,0.72,0.85,0.04,118.3,14.6
2,Centre Hospitalier Régional de Thiès,Thiès,Thiès,526,331,2024-08-10,88,5,81,12,445,326,32,2.79,Dengue,16,3,67.4,22.08,faible,35.5,62.3,957.7,False,0.76,0.73,0.0,150.4,29.7
2,Centre Hospitalier Régional de Thiès,Thiès,Thiès,526,331,2024-08-11,26,11,183,5,343,312,40,3.04,Dengue,77,7,52.97,28.09,modéré,37.1,74.4,3757.8,False,0.54,0.9,0.11,75.6,40.1
2,Centre Hospitalier Régional de Thiès,Thiès,Thiès,526,331,2024-08-12,75,90,204,24,322,316,22,1.87,Grippe,118,5,76.99,3.98,élevé,35.7,67.5,1474.3,True,0.84,0.47,0.2,58.7,22.3
2,Centre Hospitalier Régional de Thiès,Thiès,Thiès,526,331,2024-08-13,14,43,164,9,362,293,36,0.18,Grippe,9,1,92.37,1.32,faible,34.1,82.3,1234.3,False,0.73,0.38,0.17,158.6,14.7
2,Centre Hospitalier Régional de Thiès,Thiès,Thiès,526,331,2024-08-14,98,35,409,14,117,287,9,2.63,Grippe,52,3,51.92,16.26,modéré,28.1,74.1,639.3,False,0.98,0.64,0.19,24.7,14.1
2,Centre Hospitalier Régional de Thiès,Thiès,Thiès,526,331,2024-08-15,98,46,73,1,453,329,55,0.37,Choléra,87,7,48.15,2.63,élevé,34.2,43.3,3805.2,True,0.55,0.36,0.06,18.2,29.6
2,Centre Hospitalier Régional de Thiès,Thiès,Thiès,526,331,2024-08-16,16,84,25,23,501,295,60,1.0,Paludisme,14,3,41.53,16.46,faible,36.5,51.2,1810.0,False,0.69,0.34,0.17,41.6,24.9
2,Centre Hospitalier Régional de Thiès,Thiès,Thiès,526,331,2024-08-17,98,60,405,1,121,308,6,0.48,Grippe,46,10,38.39,3.3,modéré,35.3,41.2,3486.4,False,0.99,0.75,0.03,99.9,36.4
2,Centre Hospitalier Régional de Thiès,Thiès,Thiès,526,331,2024-08-18,60,81,388,7,138,305,35,2.88,Dengue,110,5,90.19,14.77,élevé,38.5,79.3,3906.6,True,0.8,0.84,0.13,117.7,38.8
2,Centre Hospitalier Régional de Thiès,Thiès,Thiès,526,331,2024-08-19,56,59,316,3,210,292,14,3.34,Grippe,0,4,57.64,6.45,faible,23.9,54.7,4898.6,False,0.74,0.99,0.04,31.7,48.2
2,Centre Hospitalier Régional de Thiès,Thiès,Thiès,526,331,2024-08-20,58,52,430,7,96,296,19,0.88,Grippe,110,4,55.35,9.76,élevé,25.2,61.3,3572.2,True,0.58,0.34,0.11,156.3,26.1
2,Centre Hospitalier Régional de Thiès,Thiès,Thiès,526,331,2024-08-21,78,86,193,12,333,327,46,2.17,Dengue,27,1,46.54,8.93,faible,24.5,72.2,2634.4,False,0.25,0.91,0.04,36.5,41.2
12,Centre Hospitalier Régional de Kolda,Kolda,Kolda,312,564,2024-10-01,18,36,105,11,207,549,28,0.74,Covid-19,31,8,74.25,9.05,modéré,29.5,73.5,4421.8,False,0.25,0.85,0.06,112.7,51.7
12,Centre Hospitalier Régional de Kolda,Kolda,Kolda,312,564,2024-10-02,13,20,281,0,31,532,27,3.86,Dengue,17,1,89.88,26.16,faible,31.9,42.3,4299.2,False,0.76,0.58,0.14,103.4,45.1
12,Centre Hospitalier Régional de Kolda,Kolda,Kolda,312,564,2024-10-03,94,68,132,24,180,555,59,3.09,Dengue,33,6,90.61,12.23,modéré,27.4,52.6,4742.8,False,0.89,0.46,0.01,32.2,56.4
12,Centre Hospitalier Régional de Kolda,Kolda,Kolda,312,564,2024-10-04,28,44,37,23,275,533,29,3.96,Paludisme,96,8,56.71,23.29,élevé,29.0,59.5,1534.0,True,0.77,0.56,0.11,24.3,12.5
12,Centre Hospitalier Régional de Kolda,Kolda,Kolda,312,564,2024-10-05,88,31,299,11,13,539,26,2.59,Covid-19,82,8,89.28,3.32,élevé,34.5,75.7,1148.2,True,0.66,0.51,0.18,171.9,33.2
12,Centre Hospitalier Régional de Kolda,Kolda,Kolda,312,564,2024-10-06,25,31,275,6,37,515,38,1.72,Paludisme,83,4,43.06,21.12,élevé,27.9,68.9,1550.7,True,0.35,0.3,0.05,179.4,47.7
12,Centre Hospitalier Régional de Kolda,Kolda,Kolda,312,564,2024-10-07,83,30,283,16,29,541,49,3.69,Choléra,49,8,52.45,29.3,modéré,27.3,57.6,2216.4,False,0.82,0.89,0.09,96.3,36.2
12,Centre Hospitalier Régional de Kolda,Kolda,Kolda,312,564,2024-10-08,24,26,49,14,263,535,5,1.52,Paludisme,100,6,82.91,28.7,élevé,35.5,66.7,2198.0,True,0.41,0.62,0.02,34.4,26.3
12,Centre Hospitalier Régional de Kolda,Kolda,Kolda,312,564,2024-10-09,22,42,286,11,26,520,51,1.82,Paludisme,83,3,42.36,3.94,élevé,29.2,67.0,2005.0,True,0.41,0.77,0.03,91.2,34.9
12,Centre Hospitalier Régional de Kolda,Kolda,Kolda,312,564,2024-10-10,27,11,306,6,6,560,16,3.15,Choléra,62,4,66.28,10.75,modéré,31.6,51.7,943.8,False,0.26,0.49,0.02,81.8,13.5
12,Centre Hospitalier Régional de Kolda,Kolda,Kolda,312,564,2024-10-11,79,14,72,22,240,551,22,1.36,Paludisme,8,0,30.09,6.06,faible,26.9,51.4,1080.6,False,0.91,0.6,0.2,108.5,7.2
12,Centre Hospitalier Régional de Kolda,Kolda,Kolda,312,564,2024-10-12,11,62,45,3,267,544,7,2.84,Paludisme,3,6,58.08,20.45,faible,34.3,51.4,4661.6,False,0.3,0.74,0.07,8.3,58.1
12,Centre Hospitalier Régional de Kolda,Kolda,Kolda,312,564,2024-10-13,68,67,265,8,47,538,20,3.91,Grippe,71,9,75.66,24.4,modéré,35.1,82.2,2134.0,False,0.4,0.88,0.17,66.4,22.3
12,Centre Hospitalier Régional de Kolda,Kolda,Kolda,312,564,2024-10-14,42,37,208,18,104,528,50,3.91,Paludisme,79,3,65.43,3.21,modéré,33.8,85.3,1444.8,False,0.34,0.72,0.19,30.0,20.4
12,Centre Hospitalier Régional de Kolda,Kolda,Kolda,312,564,2024-10-15,70,51,46,18,266,561,37,0.69,Covid-19,108,1,83.82,7.8,élevé,32.5,40.5,3616.0,True,0.78,0.6,0.07,121.6,11.5
12,Centre Hospitalier Régional de Kolda,Kolda,Kolda,312,564,2024-10-16,22,39,126,22,186,541,24,3.63,Grippe,80,6,68.28,18.23,élevé,23.8,85.8,1859.1,False,0.39,0.49,0.01,98.1,11.6
12,Centre Hospitalier Régional de Kolda,Kolda,Kolda,312,564,2024-10-17,96,35,93,17,219,545,30,3.26,Paludisme,46,1,50.35,9.93,modéré,25.3,76.6,240.4,False,0.21,0.57,0.12,115.1,23.2
12,Centre Hospitalier Régional de Kolda,Kolda,Kolda,312,564,2024-10-18,30,39,278,13,34,548,42,2.18,Covid-19,94,7,79.61,17.17,élevé,38.2,74.3,1580.0,True,0.35,0.55,0.01,93.8,58.0
12,Centre Hospitalier Régional de Kolda,Kolda,Kolda,312,564,2024-10-19,100,58,263,10,49,556,14,0.93,Paludisme,8,5,67.77,2.45,faible,27.3,62.1,3038.0,False,0.85,0.83,0.15,177.1,43.8
12,Centre Hospitalier Régional de Kolda,Kolda,Kolda,312,564,2024-10-20,100,38,261,18,51,538,9,2.29,Paludisme,4,8,49.82,29.02,faible,32.6,80.4,4198.9,False,0.29,0.93,0.15,155.7,27.5
12,Centre Hospitalier Régional de Kolda,Kolda,Kolda,312,564,2024-10-21,93,87,291,2,21,554,10,2.18,Covid-19,10,0,51.92,1.79,faible,26.4,44.4,2156.7,False,0.35,0.96,0.0,98.6,26.3
12,Centre Hospitalier Régional de Kolda,Kolda,Kolda,312,564,2024-10-22,56,89,260,0,52,531,57,3.74,Choléra,79,8,77.86,11.71,modéré,25.0,68.1,2089.4,False,0.93,0.56,0.09,88.4,47.1
12,Centre Hospitalier Régional de Kolda,Kolda,Kolda,312,564,2024-10-23,88,56,150,23,162,557,24,3.23,Paludisme,38,3,75.23,3.57,modéré,25.6,46.2,553.9,False,0.66,0.87,0.13,123.7,34.5
12,Centre Hospitalier Régional de Kolda,Kolda,Kolda,312,564,2024-10-24,38,59,56,14,256,525,28,0.77,Covid-19,55,7,77.61,14.03,modéré,31.8,46.4,4566.2,False,0.98,0.5,0.15,173.7,59.5
12,Centre Hospitalier Régional de Kolda,Kolda,Kolda,312,564,2024-10-25,26,55,133,8,179,536,39,0.86,Choléra,70,6,61.46,17.79,modéré,37.4,67.0,910.1,False,0.54,0.74,0.18,140.1,12.0
12,Centre Hospitalier Régional de Kolda,Kolda,Kolda,312,564,2024-10-26,79,56,121,21,191,544,23,0.59,Choléra,67,7,57.58,24.82,modéré,34.7,65.5,1279.5,False,0.22,0.89,0.14,21.5,35.1
12,Centre Hospitalier Régional de Kolda,Kolda,Kolda,312,564,2024-10-27,26,75,194,2,118,533,19,1.32,Dengue,53,4,80.21,29.37,modéré,25.3,65.9,4653.8,False,0.69,0.89,0.2,116.6,8.3
12,Centre Hospitalier Régional de Kolda,Kolda,Kolda,312,564,2024-10-28,11,88,114,0,198,541,26,1.16,Choléra,50,8,87.87,7.0,modéré,30.4,41.0,2951.7,False,0.3,0.52,0.15,108.3,7.1
12,Centre Hospitalier Régional de Kolda,Kolda,Kolda,312,564,2024-10-29,52,9,189,18,123,531,59,1.66,Covid-19,120,6,36.22,26.19,élevé,38.6,42.3,311.8,True,0.22,0.32,0.09,152.6,30.6
12,Centre Hospitalier Régional de Kolda,Kolda,Kolda,312,564,2024-10-30,55,52,105,3,207,515,41,1.53,Dengue,62,4,94.18,24.56,modéré,32.3,83.0,2866.6,False,0.95,0.71,0.06,124.6,8.7
12,Centre Hospitalier Régional de Kolda,Kolda,Kolda,312,564,2024-10-31,49,79,255,21,57,549,18,3.83,Covid-19,80,5,53.5,4.35,élevé,35.1,73.4,1191.9,False,0.22,0.53,0.09,98.6,34.3
12,Centre Hospitalier Régional de Kolda,Kolda,Kolda,312,564,2024-11-01,20,27,300,23,12,552,11,2.49,Grippe,65,4,53.01,24.83,modéré,22.5,71.1,138.0,False,0.98,0.49,0.2,172.1,7.8
12,Centre Hospitalier Régional de Kolda,Kolda,Kolda,312,564,2024-11-02,73,87,44,15,268,544,4,1.3,Dengue,108,10,85.56,3.5,élevé,33.7,81.9,2715.6,True,0.87,0.63,0.02,139.8,38.5
12,Centre Hospitalier Régional de Kolda,Kolda,Kolda,312,564,2024-11-03,68,85,143,25,169,547,1,2.62,Dengue,100,4,52.21,11.31,élevé,25.2,88.4,305.8,True,0.41,0.99,0.01,56.0,52.1
12,Centre Hospitalier Régional de Kolda,Kolda,Kolda,312,564,2024-11-04,91,67,284,7,28,539,52,1.6,Covid-19,23,0,80.59,10.35,faible,35.7,54.0,1072.3,False,0.73,0.44,0.08,26.2,42.3
12,Centre Hospitalier Régional de Kolda,Kolda,Kolda,312,564,2024-11-05,93,68,79,16,233,521,49,3.36,Grippe,6,10,30.71,3.43,faible,24.9,68.2,4428.3,False,0.84,0.37,0.08,16.8,29.1
12,Centre Hospitalier Régional de Kolda,Kolda,Kolda,312,564,2024-11-06,54,74,236,18,76,521,3,0.12,Paludisme,47,2,75.25,17.79,modéré,29.5,88.2,3369.2,False,0.99,0.87,0.01,157.0,39.6
12,Centre Hospitalier Régional de Kolda,Kolda,Kolda,312,564,2024-11-07,74,88,212,1,100,529,22,0.62,Grippe,33,7,67.79,3.33,modéré,35.6,71.5,1840.5,False,0.99,0.66,0.17,31.5,26.1
12,Centre Hospitalier Régional de Kolda,Kolda,Kolda,312,564,2024-11-08,36,55,67,16,245,544,43,3.24,Choléra,117,8,41.03,15.38,élevé,34.1,47.9,1510.2,True,0.53,0.48,0.15,128.0,47.6
12,Centre Hospitalier Régional de Kolda,Kolda,Kolda,312,564,2024-11-09,13,16,130,19,182,532,11,0.54,Grippe,6,0,88.0,18.4,faible,35.4,78.1,1430.1,False,0.88,0.56,0.02,7.8,8.1
12,Centre Hospitalier Régional de Kolda,Kolda,Kolda,312,564,2024-11-10,89,38,190,12,122,514,28,3.74,Grippe,54,2,37.48,5.27,modéré,37.0,42.8,3739.8,False,0.21,0.79,0.06,69.2,12.9
12,Centre Hospitalier Régional de Kolda,Kolda,Kolda,312,564,2024-11-11,48,24,49,7,263,514,49,3.87,Choléra,32,3,56.2,1.41,modéré,36.4,41.0,4759.8,False,0.56,0.88,0.14,155.3,28.9
12,Centre Hospitalier Régional de Kolda,Kolda,Kolda,312,564,2024-11-12,47,58,288,10,24,538,6,3.4,Covid-19,54,3,74.91,12.39,modéré,27.5,43.6,3736.6,False,0.64,0.72,0.14,115.8,17.7
12,Centre Hospitalier Régional de Kolda,Kolda,Kolda,312,564,2024-11-13,35,87,224,10,88,520,58,1.97,Paludisme,58,6,87.29,15.27,modéré,25.9,86.2,1088.2,False,0.52,0.85,0.11,53.6,27.3
12,Centre Hospitalier Régional de Kolda,Kolda,Kolda,312,564,2024-11-14,54,60,84,20,228,532,24,0.82,Grippe,100,5,91.94,6.18,élevé,28.0,40.0,886.5,True,0.98,0.6,0.07,61.0,11.5
12,Centre Hospitalier Régional de Kolda,Kolda,Kolda,312,564,2024-11-15,13,89,48,14,264,541,27,2.32,Dengue,86,8,32.87,4.45,élevé,23.9,46.9,3470.7,True,0.44,0.75,0.02,20.7,41.4
12,Centre Hospitalier Régional de Kolda,Kolda,Kolda,312,564,2024-11-16,27,78,152,1,160,560,29,0.68,Choléra,24,2,65.24,16.18,faible,35.2,73.4,1311.1,False,0.87,0.53,0.02,82.6,39.2
12,Centre Hospitalier Régional de Kolda,Kolda,Kolda,312,564,2024-11-17,20,48,116,5,196,535,31,1.69,Choléra,64,10,76.31,4.07,modéré,36.6,60.2,2634.8,False,0.96,0.7,0.06,63.8,23.0
12,Centre Hospitalier Régional de Kolda,Kolda,Kolda,312,564,2024-11-18,25,37,104,21,208,537,23,3.95,Choléra,111,8,61.98,16.0,élevé,37.9,45.3,3356.9,True,0.45,0.53,0.03,46.6,3.1
12,Centre Hospitalier Régional de Kolda,Kolda,Kolda,312,564,2024-11-19,38,16,171,16,141,555,37,1.16,Grippe,114,5,77.86,28.86,élevé,34.0,61.6,1988.7,True,0.94,0.7,0.17,72.7,35.4
12,Centre Hospitalier Régional de Kolda,Kolda,Kolda,312,564,2024-05-04,83,9,152,1,160,533,40,1.14,Choléra,68,4,67.25,29.97,modéré,28.7,46.8,3052.7,False,0.39,0.88,0.14,37.0,33.4
12,Centre Hospitalier Régional de Kolda,Kolda,Kolda,312,564,2024-05-05,17,51,23,5,289,550,52,2.82,Covid-19,38,0,49.91,20.3,modéré,30.3,69.6,3204.9,False,0.64,0.83,0.14,156.8,7.2
12,Centre Hospitalier Régional de Kolda,Kolda,Kolda,312,564,2024-05-06,82,68,245,22,67,516,45,2.79,Dengue,93,10,66.34,7.9,élevé,23.0,77.4,1906.4,True,0.36,0.73,0.07,30.8,42.8
12,Centre Hospitalier Régional de Kolda,Kolda,Kolda,312,564,2024-05-07,64,88,233,2,79,555,7,2.23,Covid-19,104,1,81.09,29.16,élevé,35.7,66.9,2162.9,True,0.41,0.68,0.03,111.7,18.2
12,Centre Hospitalier Régional de Kolda,Kolda,Kolda,312,564,2024-05-08,21,54,38,15,274,531,3,3.7,Paludisme,23,1,41.37,20.6,faible,22.7,70.3,2616.6,False,0.95,0.44,0.04,170.1,20.8
12,Centre Hospitalier Régional de Kolda,Kolda,Kolda,312,564,2024-05-09,40,84,42,11,270,529,14,0.91,Covid-19,101,6,31.65,28.01,élevé,31.8,89.2,1040.9,True,0.79,0.5,0.04,87.0,18.7
12,Centre Hospitalier Régional de Kolda,Kolda,Kolda,312,564,2024-05-10,40,73,78,24,234,560,53,2.93,Choléra,70,4,57.52,6.03,modéré,25.4,86.0,1072.6,False,0.44,0.35,0.18,167.4,8.4
12,Centre Hospitalier Régional de Kolda,Kolda,Kolda,312,564,2024-05-11,17,26,265,11,47,515,8,3.58,Paludisme,93,4,69.15,25.02,élevé,25.1,42.0,4330.3,True,0.35,0.9,0.06,108.7,52.6
12,Centre Hospitalier Régional de Kolda,Kolda,Kolda,312,564,2024-05-12,85,52,97,1,215,535,40,1.54,Paludisme,117,3,72.8,4.61,élevé,27.0,81.9,2539.8,True,0.71,0.8,0.03,93.8,18.5
12,Centre Hospitalier Régional de Kolda,Kolda,Kolda,312,564,2024-05-13,58,46,306,3,6,528,9,3.01,Paludisme,53,2,88.63,14.66,modéré,25.5,46.4,4148.7,False,0.29,0.46,0.18,11.4,41.5
12,Centre Hospitalier Régional de Kolda,Kolda,Kolda,312,564,2024-05-14,16,43,253,17,59,536,45,2.82,Paludisme,78,10,67.52,22.9,modéré,29.6,63.5,468.2,False,0.72,0.66,0.14,155.6,4.9
12,Centre Hospitalier Régional de Kolda,Kolda,Kolda,312,564,2024-05-15,64,11,243,7,69,519,13,1.69,Choléra,45,4,61.92,20.06,modéré,35.3,76.7,1004.0,False,0.23,0.65,0.06,114.4,48.0
12,Centre Hospitalier Régional de Kolda,Kolda,Kolda,312,564,2024-05-16,38,86,194,1,118,535,52,3.51,Dengue,63,9,89.35,19.03,modéré,34.8,54.6,4853.7,False,0.34,0.35,0.11,103.2,9.7
12,Centre Hospitalier Régional de Kolda,Kolda,Kolda,312,564,2024-05-17,45,22,29,11,283,547,35,0.18,Dengue,83,4,31.42,26.35,élevé,29.4,80.0,4578.7,True,0.51,0.48,0.03,6.0,46.3
12,Centre Hospitalier Régional de Kolda,Kolda,Kolda,312,564,2024-05-18,86,61,279,16,33,558,48,1.76,Choléra,118,7,40.89,6.08,élevé,29.5,57.6,4195.0,True,0.55,0.76,0.07,148.5,40.3
12,Centre Hospitalier Régional de Kolda,Kolda,Kolda,312,564,2024-05-19,30,36,206,15,106,541,51,3.53,Paludisme,103,7,34.16,1.53,élevé,28.2,48.3,2469.6,True,0.63,0.94,0.12,70.3,34.5
12,Centre Hospitalier Régional de Kolda,Kolda,Kolda,312,564,2024-05-20,24,90,89,0,223,525,35,0.63,Paludisme,28,9,72.61,9.38,faible,24.4,75.0,212.2,False,0.36,0.96,0.18,105.3,45.4
12,Centre Hospitalier Régional de Kolda,Kolda,Kolda,312,564,2024-05-21,23,79,283,15,29,537,40,2.96,Dengue,4,0,94.76,10.08,faible,25.9,82.6,3828.3,False,0.98,0.97,0.1,18.7,38.8
12,Centre Hospitalier Régional de Kolda,Kolda,Kolda,312,564,2024-05-22,92,53,172,6,140,562,48,1.0,Covid-19,55,1,84.43,11.45,modéré,30.1,47.8,4821.9,False,0.85,0.46,0.08,120.5,59.9
12,Centre Hospitalier Régional de Kolda,Kolda,Kolda,312,564,2024-05-23,85,36,66,12,246,516,55,3.29,Paludisme,119,1,90.42,12.01,élevé,25.2,71.0,854.7,True,0.26,0.51,0.18,15.4,13.3
12,Centre Hospitalier Régional de Kolda,Kolda,Kolda,312,564,2024-05-24,86,79,173,8,139,559,54,0.67,Covid-19,50,7,71.88,15.42,modéré,35.3,63.0,3454.1,False,0.42,0.44,0.09,157.8,18.9
12,Centre Hospitalier Régional de Kolda,Kolda,Kolda,312,564,2024-05-25,87,41,148,20,164,517,60,1.23,Dengue,52,9,79.36,8.54,modéré,24.2,78.3,2861.8,False,0.88,0.63,0.06,27.8,59.3
12,Centre Hospitalier Régional de Kolda,Kolda,Kolda,312,564,2024-05-26,63,21,27,19,285,562,23,1.81,Dengue,35,8,62.42,2.73,modéré,29.2,48.3,1298.5,False,0.65,0.76,0.2,89.8,49.1
12,Centre Hospitalier Régional de Kolda,Kolda,Kolda,312,564,2024-05-27,11,18,249,7,63,535,44,1.18,Grippe,115,8,81.22,11.87,élevé,33.2,68.4,682.9,True,0.22,0.31,0.09,109.5,27.7
12,Centre Hospitalier Régional de Kolda,Kolda,Kolda,312,564,2024-05-28,74,24,172,19,140,554,41,0.92,Choléra,109,6,60.59,23.65,élevé,22.0,43.5,4029.7,True,0.59,0.36,0.13,5.3,6.7
12,Centre Hospitalier Régional de Kolda,Kolda,Kolda,312,564,2024-05-29,77,22,89,0,223,554,43,3.45,Dengue,12,0,64.57,5.47,faible,26.0,82.9,3886.4,False,0.85,0.73,0.13,112.8,11.3
12,Centre Hospitalier Régional de Kolda,Kolda,Kolda,312,564,2024-05-30,98,45,262,23,50,549,51,2.35,Dengue,76,2,54.1,12.12,modéré,26.2,78.6,3858.9,False,0.83,0.42,0.03,107.5,12.6
12,Centre Hospitalier Régional de Kolda,Kolda,Kolda,312,564,2024-05-31,26,65,263,24,49,526,27,1.22,Grippe,113,9,86.71,28.29,élevé,23.5,77.4,4614.4,True,0.6,0.85,0.06,132.5,3.8
12,Centre Hospitalier Régional de Kolda,Kolda,Kolda,312,564,2024-06-01,26,36,101,12,211,521,36,3.15,Paludisme,81,2,77.92,24.74,élevé,23.4,47.8,3431.0,True,0.41,0.44,0.15,162.3,35.7
12,Centre Hospitalier Régional de Kolda,Kolda,Kolda,312,564,2024-06-02,84,60,274,22,38,551,22,0.49,Dengue,6,7,72.89,23.14,faible,32.1,53.2,1041.9,False,0.47,0.45,0.02,47.2,27.1
12,Centre Hospitalier Régional de Kolda,Kolda,Kolda,312,564,2024-06-03,44,13,164,23,148,538,7,2.88,Paludisme,13,4,72.29,22.32,faible,33.2,61.1,4754.7,False,0.49,0.65,0.12,105.6,31.6
12,Centre Hospitalier Régional de Kolda,Kolda,Kolda,312,564,2024-06-04,45,8,175,23,137,517,44,3.38,Covid-19,119,7,70.1,24.03,élevé,33.8,56.7,1239.6,True,0.38,0.86,0.06,137.2,43.4
12,Centre Hospitalier Régional de Kolda,Kolda,Kolda,312,564,2024-06-05,81,64,115,16,197,538,50,3.22,Paludisme,118,1,57.12,22.46,élevé,36.0,72.5,1876.9,True,0.67,0.63,0.01,51.8,37.1
12,Centre Hospitalier Régional de Kolda,Kolda,Kolda,312,564,2024-06-06,84,6,266,17,46,538,2,1.98,Dengue,19,5,71.02,4.96,faible,25.2,83.6,3626.1,False,0.59,0.42,0.03,30.2,54.6
12,Centre Hospitalier Régional de Kolda,Kolda,Kolda,312,564,2024-06-07,20,42,140,6,172,534,56,3.68,Paludisme,92,2,41.01,2.29,élevé,33.2,68.2,3630.9,True,0.36,0.49,0.17,56.0,32.2
12,Centre Hospitalier Régional de Kolda,Kolda,Kolda,312,564,2024-06-08,34,71,102,8,210,521,33,0.59,Grippe,70,1,59.89,25.24,modéré,36.7,83.4,227.0,False,0.51,0.57,0.08,42.4,22.1
12,Centre Hospitalier Régional de Kolda,Kolda,Kolda,312,564,2024-06-09,12,61,24,16,288,516,46,3.73,Covid-19,5,8,33.34,25.28,faible,34.8,44.6,213.2,False,0.37,0.75,0.13,156.0,7.7
12,Centre Hospitalier Régional de Kolda,Kolda,Kolda,312,564,2024-06-10,92,8,39,24,273,539,52,3.86,Grippe,71,10,77.53,13.13,modéré,32.3,79.4,4135.9,False,0.7,0.81,0.15,172.1,56.3
12,Centre Hospitalier Régional de Kolda,Kolda,Kolda,312,564,2024-06-11,57,24,125,10,187,562,27,1.5,Paludisme,112,7,68.02,14.85,élevé,28.6,79.9,1049.1,True,0.29,0.81,0.14,137.2,42.3
12,Centre Hospitalier Régional de Kolda,Kolda,Kolda,312,564,2024-06-12,29,7,251,15,61,529,9,2.97,Paludisme,38,6,90.42,26.44,modéré,24.5,56.4,2499.6,False,0.46,0.35,0.11,40.5,11.8
12,Centre Hospitalier Régional de Kolda,Kolda,Kolda,312,564,2024-06-13,57,29,226,25,86,530,4,2.39,Covid-19,95,6,51.0,23.76,élevé,29.2,65.0,4279.1,True,0.28,0.3,0.07,27.8,53.1
12,Centre Hospitalier Régional de Kolda,Kolda,Kolda,312,564,2024-06-14,86,58,163,10,149,548,18,3.88,Paludisme,63,1,54.17,12.74,modéré,31.5,81.7,2018.2,False,0.45,0.8,0.07,25.2,22.0
12,Centre Hospitalier Régional de Kolda,Kolda,Kolda,312,564,2024-06-15,88,83,108,12,204,518,41,3.18,Choléra,46,7,38.51,20.55,modéré,34.3,51.1,2921.9,False,0.25,0.84,0.03,61.9,4.8
12,Centre Hospitalier Régional de Kolda,Kolda,Kolda,312,564,2024-06-16,99,37,290,4,22,545,58,1.22,Choléra,39,1,43.07,23.58,modéré,36.7,51.2,2897.3,False,0.76,0.47,0.12,36.2,8.3
12,Centre Hospitalier Régional de Kolda,Kolda,Kolda,312,564,2024-06-17,32,47,218,5,94,525,17,3.14,Dengue,2,5,71.17,1.57,faible,28.9,54.7,1272.4,False,1.0,0.63,0.06,89.4,18.1
12,Centre Hospitalier Régional de Kolda,Kolda,Kolda,312,564,2024-06-18,32,80,71,2,241,534,35,3.85,Covid-19,6,8,64.2,3.7,faible,27.2,78.9,3358.9,False,0.63,0.67,0.03,68.3,20.0
12,Centre Hospitalier Régional de Kolda,Kolda,Kolda,312,564,2024-06-19,13,59,224,13,88,518,20,1.79,Choléra,111,2,40.7,4.96,élevé,28.7,60.2,3894.2,True,0.41,0.5,0.16,147.4,38.9
12,Centre Hospitalier Régional de Kolda,Kolda,Kolda,312,564,2024-06-20,41,38,220,0,92,527,3,0.88,Paludisme,12,8,50.76,16.19,faible,31.4,50.3,3429.0,False,0.35,0.49,0.18,67.7,31.8
12,Centre Hospitalier Régional de Kolda,Kolda,Kolda,312,564,2024-06-21,67,40,223,10,89,530,12,2.98,Covid-19,80,3,93.36,19.14,élevé,26.4,64.9,953.1,False,0.52,0.31,0.13,59.5,5.1
12,Centre Hospitalier Régional de Kolda,Kolda,Kolda,312,564,2024-06-22,82,20,38,11,274,555,45,1.51,Paludisme,14,3,56.63,10.04,faible,25.8,72.5,389.4,False,0.31,0.54,0.12,91.1,38.9
12,Centre Hospitalier Régional de Kolda,Kolda,Kolda,312,564,2024-01-25,16,79,171,13,141,557,50,3.43,Grippe,51,10,78.27,3.41,modéré,36.1,65.6,923.1,False,0.33,0.45,0.2,157.2,44.7
12,Centre Hospitalier Régional de Kolda,Kolda,Kolda,312,564,2024-01-26,72,67,196,8,116,527,43,2.08,Dengue,4,0,31.89,7.25,faible,27.6,40.8,818.1,False,0.68,0.35,0.06,44.5,6.8
12,Centre Hospitalier Régional de Kolda,Kolda,Kolda,312,564,2024-01-27,83,86,218,8,94,514,49,1.66,Paludisme,106,3,47.78,6.79,élevé,26.8,53.2,3469.9,True,0.73,0.66,0.06,151.8,29.1
12,Centre Hospitalier Régional de Kolda,Kolda,Kolda,312,564,2024-01-28,15,33,103,25,209,548,54,3.09,Covid-19,0,3,82.28,8.58,faible,23.7,53.8,2678.5,False,0.81,0.81,0.13,105.2,38.7
12,Centre Hospitalier Régional de Kolda,Kolda,Kolda,312,564,2024-01-29,35,57,227,12,85,553,19,3.2,Dengue,59,1,66.22,22.41,modéré,27.8,88.4,4473.0,False,0.39,0.57,0.04,143.2,34.4
12,Centre Hospitalier Régional de Kolda,Kolda,Kolda,312,564,2024-01-30,82,25,64,15,248,554,55,2.73,Covid-19,57,0,50.18,17.1,modéré,36.8,53.1,1816.0,False,0.53,0.74,0.1,145.3,49.6
12,Centre Hospitalier Régional de Kolda,Kolda,Kolda,312,564,2024-01-31,18,55,77,13,235,561,22,1.87,Grippe,51,8,53.12,4.77,modéré,23.3,66.6,4702.6,False,0.62,0.98,0.18,92.1,15.2
12,Centre Hospitalier Régional de Kolda,Kolda,Kolda,312,564,2024-02-01,55,88,95,10,217,528,48,3.01,Choléra,118,1,64.16,20.26,élevé,36.7,54.4,3702.8,True,0.29,0.91,0.03,46.1,14.6
12,Centre Hospitalier Régional de Kolda,Kolda,Kolda,312,564,2024-02-02,43,11,272,22,40,534,37,1.08,Covid-19,27,4,33.46,28.04,faible,32.1,66.1,553.5,False,0.63,0.5,0.1,156.3,16.1
12,Centre Hospitalier Régional de Kolda,Kolda,Kolda,312,564,2024-02-03,87,51,295,20,17,543,35,0.82,Choléra,62,9,53.06,23.8,modéré,30.0,84.2,2948.2,False,0.79,0.95,0.18,139.9,7.6
12,Centre Hospitalier Régional de Kolda,Kolda,Kolda,312,564,2024-02-04,57,60,189,8,123,544,40,3.18,Choléra,70,2,32.04,28.3,modéré,22.7,63.0,4862.6,False,0.22,0.44,0.13,30.4,41.5
12,Centre Hospitalier Régional de Kolda,Kolda,Kolda,312,564,2024-02-05,22,14,107,25,205,523,15,1.89,Choléra,26,4,56.9,18.6,faible,24.8,65.6,1887.6,False,0.92,0.53,0.03,32.0,49.5
12,Centre Hospitalier Régional de Kolda,Kolda,Kolda,312,564,2024-02-06,64,16,175,1,137,519,0,3.56,Choléra,114,6,43.66,11.63,élevé,37.2,66.8,2870.5,True,0.62,0.89,0.08,10.8,21.5
12,Centre Hospitalier Régional de Kolda,Kolda,Kolda,312,564,2024-02-07,28,80,301,16,11,546,45,0.37,Dengue,49,2,41.88,19.98,modéré,32.5,65.2,4157.4,False,0.69,0.92,0.05,28.6,26.9
12,Centre Hospitalier Régional de Kolda,Kolda,Kolda,312,564,2024-02-08,20,78,226,2,86,563,52,1.58,Paludisme,56,3,74.98,9.34,modéré,32.5,42.1,1673.3,False,0.89,0.41,0.04,46.0,23.8
12,Centre Hospitalier Régional de Kolda,Kolda,Kolda,312,564,2024-02-09,17,90,286,8,26,546,26,0.64,Choléra,50,2,77.76,22.27,modéré,31.6,47.8,3893.2,False,0.68,0.44,0.15,11.7,44.8
12,Centre Hospitalier Régional de Kolda,Kolda,Kolda,312,564,2024-02-10,100,43,212,22,100,531,26,1.86,Grippe,93,9,60.48,20.33,élevé,24.4,88.7,3019.3,True,0.65,0.91,0.19,142.5,4.4
12,Centre Hospitalier Régional de Kolda,Kolda,Kolda,312,564,2024-02-11,76,36,32,14,280,554,8,1.87,Grippe,97,4,71.58,4.77,élevé,23.8,87.1,4645.3,True,0.58,0.66,0.09,88.8,23.7
12,Centre Hospitalier Régional de Kolda,Kolda,Kolda,312,564,2024-02-12,37,13,84,9,228,522,20,3.29,Paludisme,79,0,57.37,6.04,modéré,26.0,54.9,4893.3,False,0.48,0.96,0.02,107.2,13.6
12,Centre Hospitalier Régional de Kolda,Kolda,Kolda,312,564,2024-02-13,49,85,204,14,108,560,8,0.56,Grippe,67,10,78.02,18.31,modéré,27.4,41.1,828.0,False,0.33,0.72,0.1,81.5,54.8
12,Centre Hospitalier Régional de Kolda,Kolda,Kolda,312,564,2024-02-14,18,36,152,20,160,549,21,1.09,Covid-19,93,1,50.28,28.74,élevé,34.6,85.6,1121.6,True,0.58,0.79,0.06,86.0,57.6
12,Centre Hospitalier Régional de Kolda,Kolda,Kolda,312,564,2024-02-15,62,76,244,13,68,564,17,3.96,Paludisme,116,3,78.12,14.32,élevé,22.3,48.9,3422.9,True,0.47,0.59,0.17,122.8,37.8
12,Centre Hospitalier Régional de Kolda,Kolda,Kolda,312,564,2024-02-16,46,42,182,7,130,533,19,0.23,Grippe,98,8,37.47,12.34,élevé,36.1,72.9,4842.2,True,0.96,0.37,0.02,79.9,22.8
12,Centre Hospitalier Régional de Kolda,Kolda,Kolda,312,564,2024-02-17,97,86,98,3,214,541,26,2.85,Grippe,73,2,66.48,22.05,modéré,29.1,67.2,3512.0,False,0.37,0.99,0.08,50.8,3.8
12,Centre Hospitalier Régional de Kolda,Kolda,Kolda,312,564,2024-02-18,21,80,126,9,186,556,13,3.72,Dengue,64,1,37.52,6.27,modéré,34.1,65.8,1256.1,False,0.76,0.39,0.05,140.2,28.2
12,Centre Hospitalier Régional de Kolda,Kolda,Kolda,312,564,2024-02-19,44,64,177,1,135,559,11,1.6,Paludisme,78,9,78.91,27.96,modéré,31.7,45.2,3192.4,False,0.99,0.59,0.09,42.4,14.5
12,Centre Hospitalier Régional de Kolda,Kolda,Kolda,312,564,2024-02-20,14,27,153,9,159,537,54,1.22,Grippe,46,6,66.89,24.61,modéré,28.7,78.5,3868.3,False,0.38,0.67,0.09,65.6,30.9
12,Centre Hospitalier Régional de Kolda,Kolda,Kolda,312,564,2024-02-21,36,65,285,25,27,539,53,2.04,Covid-19,90,10,74.06,10.35,élevé,31.2,70.4,1848.4,True,0.64,0.44,0.11,133.2,19.7
12,Centre Hospitalier Régional de Kolda,Kolda,Kolda,312,564,2024-02-22,24,5,309,5,3,558,14,3.84,Paludisme,67,6,84.87,23.39,modéré,28.7,50.9,640.1,False,0.53,0.92,0.09,32.2,21.4
12,Centre Hospitalier Régional de Kolda,Kolda,Kolda,312,564,2024-02-23,35,87,118,0,194,560,35,3.94,Dengue,45,8,38.52,25.61,modéré,22.1,88.2,1557.7,False,0.9,0.81,0.0,100.4,53.9
12,Centre Hospitalier Régional de Kolda,Kolda,Kolda,312,564,2024-02-24,60,61,218,11,94,526,8,0.5,Choléra,81,1,30.49,8.23,élevé,24.9,71.9,361.7,True,0.54,0.54,0.09,128.6,34.7
12,Centre Hospitalier Régional de Kolda,Kolda,Kolda,312,564,2024-02-25,17,36,148,14,164,514,9,2.43,Paludisme,62,5,63.76,4.43,modéré,23.8,56.9,3005.5,False,0.75,0.57,0.11,93.7,48.1
12,Centre Hospitalier Régional de Kolda,Kolda,Kolda,312,564,2024-02-26,18,71,130,5,182,536,27,1.03,Grippe,89,8,74.61,9.76,élevé,24.3,61.5,2361.5,True,0.99,0.42,0.16,44.7,48.4
12,Centre Hospitalier Régional de Kolda,Kolda,Kolda,312,564,2024-02-27,21,20,75,17,237,542,9,1.32,Paludisme,98,8,46.07,20.81,élevé,31.5,82.0,2042.8,True,0.75,0.31,0.18,83.6,26.8
12,Centre Hospitalier Régional de Kolda,Kolda,Kolda,312,564,2024-02-28,26,39,293,7,19,554,43,2.66,Paludisme,53,0,72.15,27.26,modéré,31.4,86.8,1861.0,False,0.4,0.68,0.17,103.2,7.8
12,Centre Hospitalier Régional de Kolda,Kolda,Kolda,312,564,2024-02-29,21,68,109,16,203,516,26,1.04,Dengue,86,5,75.58,22.51,élevé,29.6,51.3,2201.9,True,0.79,0.5,0.1,11.2,18.8
12,Centre Hospitalier Régional de Kolda,Kolda,Kolda,312,564,2024-03-01,19,15,210,5,102,557,19,1.2,Grippe,0,2,39.39,27.31,faible,22.4,56.6,1603.6,False,0.76,0.58,0.12,66.1,21.4
12,Centre Hospitalier Régional de Kolda,Kolda,Kolda,312,564,2024-03-02,62,86,293,14,19,528,15,0.45,Dengue,114,9,93.99,26.04,élevé,27.4,77.2,3419.8,True,0.76,0.3,0.07,53.1,29.3
12,Centre Hospitalier Régional de Kolda,Kolda,Kolda,312,564,2024-03-03,35,55,51,12,261,552,26,2.05,Dengue,72,9,46.56,10.99,modéré,35.0,83.7,2411.6,False,0.77,0.87,0.02,120.5,58.3
12,Centre Hospitalier Régional de Kolda,Kolda,Kolda,312,564,2024-03-04,79,80,199,25,113,526,39,2.27,Paludisme,19,3,73.96,29.76,faible,28.5,87.0,4379.9,False,0.23,0.98,0.01,99.5,21.7
12,Centre Hospitalier Régional de Kolda,Kolda,Kolda,312,564,2024-03-05,25,21,118,12,194,531,42,1.03,Covid-19,48,9,85.08,19.23,modéré,30.3,45.3,986.0,False,0.37,0.94,0.15,171.8,29.5
12,Centre Hospitalier Régional de Kolda,Kolda,Kolda,312,564,2024-03-06,82,71,155,8,157,557,3,3.81,Dengue,51,10,55.12,3.95,modéré,28.6,78.7,4765.3,False,0.51,0.93,0.16,146.9,26.4
12,Centre Hospitalier Régional de Kolda,Kolda,Kolda,312,564,2024-03-07,61,83,51,21,261,524,46,3.22,Covid-19,1,7,58.53,9.52,faible,25.0,79.1,2396.6,False,0.22,0.68,0.13,81.2,8.5
12,Centre Hospitalier Régional de Kolda,Kolda,Kolda,312,564,2024-03-08,27,49,270,17,42,531,40,1.94,Choléra,8,6,54.92,19.5,faible,32.6,54.9,1988.0,False,0.62,0.69,0.03,127.0,59.3
12,Centre Hospitalier Régional de Kolda,Kolda,Kolda,312,564,2024-03-09,95,65,61,21,251,527,48,0.2,Covid-19,29,8,79.26,27.26,faible,26.9,50.8,424.9,False,0.7,0.48,0.12,98.8,58.3
12,Centre Hospitalier Régional de Kolda,Kolda,Kolda,312,564,2024-03-10,28,86,281,10,31,557,11,3.97,Paludisme,6,8,74.75,6.55,faible,26.3,89.2,1936.1,False,0.72,0.36,0.03,24.8,16.4
12,Centre Hospitalier Régional de Kolda,Kolda,Kolda,312,564,2024-03-11,16,78,183,5,129,517,37,2.06,Dengue,104,8,76.72,7.78,élevé,22.2,63.3,1488.3,True,0.28,0.82,0.02,40.1,34.1
12,Centre Hospitalier Régional de Kolda,Kolda,Kolda,312,564,2024-03-12,70,72,172,17,140,537,9,3.96,Paludisme,63,6,51.32,29.85,modéré,32.1,58.9,4973.1,False,0.44,0.68,0.09,176.9,33.1
12,Centre Hospitalier Régional de Kolda,Kolda,Kolda,312,564,2024-03-13,89,79,43,18,269,549,55,1.2,Dengue,76,1,57.25,6.38,modéré,30.5,74.0,4247.7,False,0.8,0.89,0.19,141.2,19.7
12,Centre Hospitalier Régional de Kolda,Kolda,Kolda,312,564,2024-03-14,27,62,185,7,127,521,10,3.43,Paludisme,8,2,42.7,9.86,faible,27.6,68.6,2223.3,False,0.43,0.94,0.2,158.1,55.0
12,Centre Hospitalier Régional de Kolda,Kolda,Kolda,312,564,2024-06-23,20,84,147,3,165,530,45,3.83,Paludisme,39,8,90.62,9.48,modéré,28.5,84.5,3680.2,False,0.68,0.5,0.09,39.3,48.9
12,Centre Hospitalier Régional de Kolda,Kolda,Kolda,312,564,2024-06-24,84,88,132,21,180,558,41,0.73,Covid-19,54,7,73.27,17.01,modéré,38.7,86.6,1954.1,False,0.27,0.95,0.16,28.5,30.2
12,Centre Hospitalier Régional de Kolda,Kolda,Kolda,312,564,2024-06-25,52,73,129,1,183,557,0,0.71,Choléra,17,5,56.69,13.43,faible,27.9,74.2,3276.3,False,0.84,0.34,0.06,176.8,39.8
12,Centre Hospitalier Régional de Kolda,Kolda,Kolda,312,564,2024-06-26,79,40,235,18,77,515,45,0.66,Grippe,17,8,61.36,21.05,faible,33.4,65.2,287.3,False,0.34,0.46,0.04,59.6,34.9
12,Centre Hospitalier Régional de Kolda,Kolda,Kolda,312,564,2024-06-27,32,14,251,5,61,560,58,1.88,Choléra,101,3,89.74,18.12,élevé,29.1,73.4,4720.5,True,0.5,0.63,0.08,39.0,21.4
12,Centre Hospitalier Régional de Kolda,Kolda,Kolda,312,564,2024-06-28,38,56,147,6,165,560,28,1.86,Choléra,51,4,49.91,18.42,modéré,30.7,54.4,2485.1,False,0.97,0.68,0.18,164.9,55.2
12,Centre Hospitalier Régional de Kolda,Kolda,Kolda,312,564,2024-06-29,25,85,165,18,147,561,22,2.05,Grippe,5,5,64.69,6.01,faible,29.5,83.1,4929.6,False,0.41,0.73,0.11,145.0,4.4
12,Centre Hospitalier Régional de Kolda,Kolda,Kolda,312,564,2024-06-30,78,42,163,15,149,515,51,1.33,Paludisme,91,9,58.76,28.46,élevé,24.5,70.7,3409.8,True,0.38,0.68,0.16,62.4,49.2
12,Centre Hospitalier Régional de Kolda,Kolda,Kolda,312,564,2024-07-01,54,50,108,22,204,520,22,1.72,Dengue,75,8,91.98,9.29,modéré,28.9,75.4,399.6,False,0.2,0.3,0.17,42.6,27.2
12,Centre Hospitalier Régional de Kolda,Kolda,Kolda,312,564,2024-07-02,29,9,286,21,26,516,52,0.1,Grippe,100,0,31.15,24.5,élevé,29.8,62.5,1235.3,True,0.44,0.72,0.0,175.9,51.3
12,Centre Hospitalier Régional de Kolda,Kolda,Kolda,312,564,2024-07-03,33,79,256,1,56,540,3,1.57,Dengue,101,10,82.52,3.61,élevé,23.2,75.7,1666.1,True,0.84,0.45,0.09,113.2,34.9
12,Centre Hospitalier Régional de Kolda,Kolda,Kolda,312,564,2024-07-04,48,53,294,10,18,527,52,0.61,Choléra,6,2,34.49,8.58,faible,30.4,52.2,3285.9,False,0.28,0.41,0.19,63.6,37.0
12,Centre Hospitalier Régional de Kolda,Kolda,Kolda,312,564,2024-07-05,41,38,309,5,3,561,55,0.18,Grippe,92,9,34.85,12.34,élevé,37.1,71.4,4210.4,True,0.95,0.65,0.14,139.0,13.2
12,Centre Hospitalier Régional de Kolda,Kolda,Kolda,312,564,2024-07-06,33,59,130,13,182,558,2,0.63,Grippe,60,10,73.22,12.27,modéré,37.3,65.5,1731.9,False,0.82,0.74,0.11,170.5,37.9
12,Centre Hospitalier Régional de Kolda,Kolda,Kolda,312,564,2024-07-07,26,16,155,23,157,563,32,3.05,Dengue,20,5,64.67,20.62,faible,29.0,72.5,3801.3,False,0.32,0.91,0.01,65.5,22.2
12,Centre Hospitalier Régional de Kolda,Kolda,Kolda,312,564,2024-07-08,66,58,177,6,135,528,36,0.73,Grippe,34,6,81.32,13.91,modéré,28.2,48.4,1991.3,False,0.74,0.67,0.09,71.7,53.9
12,Centre Hospitalier Régional de Kolda,Kolda,Kolda,312,564,2024-07-09,75,53,131,8,181,536,31,1.82,Covid-19,53,3,65.54,19.4,modéré,35.9,57.9,1769.0,False,0.69,0.43,0.01,146.3,19.6
12,Centre Hospitalier Régional de Kolda,Kolda,Kolda,312,564,2024-07-10,35,6,211,14,101,540,13,1.45,Covid-19,78,9,69.93,23.18,modéré,35.1,80.6,1247.2,False,0.28,0.48,0.16,55.0,46.4
12,Centre Hospitalier Régional de Kolda,Kolda,Kolda,312,564,2024-07-11,56,72,106,11,206,537,57,2.08,Paludisme,27,7,55.58,18.47,faible,29.3,46.9,3224.5,False,0.58,0.71,0.02,178.4,20.8
12,Centre Hospitalier Régional de Kolda,Kolda,Kolda,312,564,2024-07-12,63,82,234,16,78,520,7,3.44,Paludisme,45,9,89.29,29.91,modéré,26.0,76.3,4040.5,False,0.42,0.59,0.09,177.8,14.6
12,Centre Hospitalier Régional de Kolda,Kolda,Kolda,312,564,2024-07-13,34,49,287,2,25,532,3,0.42,Covid-19,38,7,39.19,22.85,modéré,28.7,51.6,4388.2,False,0.61,0.52,0.17,52.7,13.4
12,Centre Hospitalier Régional de Kolda,Kolda,Kolda,312,564,2024-07-14,83,68,277,19,35,539,23,3.49,Grippe,93,1,44.76,23.73,élevé,32.4,52.2,4128.9,True,0.75,0.44,0.01,56.0,13.3
12,Centre Hospitalier Régional de Kolda,Kolda,Kolda,312,564,2024-07-15,42,15,239,12,73,557,29,3.0,Dengue,109,10,43.56,15.52,élevé,38.6,50.0,2464.1,True,0.21,0.98,0.12,118.7,23.0
12,Centre Hospitalier Régional de Kolda,Kolda,Kolda,312,564,2024-07-16,27,31,208,20,104,515,55,0.29,Grippe,12,8,50.27,1.6,faible,31.1,53.8,2258.3,False,0.94,0.98,0.12,83.5,34.4
12,Centre Hospitalier Régional de Kolda,Kolda,Kolda,312,564,2024-07-17,14,63,120,9,192,556,32,2.58,Dengue,26,7,52.42,12.48,faible,22.4,67.6,2543.3,False,0.62,0.87,0.05,81.8,57.3
12,Centre Hospitalier Régional de Kolda,Kolda,Kolda,312,564,2024-07-18,66,69,168,5,144,518,57,0.43,Dengue,67,8,78.16,3.6,modéré,31.3,56.5,3624.4,False,0.79,0.96,0.04,20.0,52.3
12,Centre Hospitalier Régional de Kolda,Kolda,Kolda,312,564,2024-07-19,86,8,280,5,32,547,34,3.09,Covid-19,44,2,57.16,22.59,modéré,28.4,63.9,4697.0,False,0.97,0.71,0.05,124.6,51.6
12,Centre Hospitalier Régional de Kolda,Kolda,Kolda,312,564,2024-07-20,53,67,311,11,1,559,24,0.22,Dengue,47,6,41.96,12.14,modéré,29.9,86.5,941.0,False,0.2,0.37,0.17,154.0,52.5
12,Centre Hospitalier Régional de Kolda,Kolda,Kolda,312,564,2024-07-21,46,18,35,21,277,564,47,0.9,Paludisme,101,8,64.13,1.51,élevé,35.0,81.2,4618.7,True,0.85,0.61,0.13,110.5,11.0
12,Centre Hospitalier Régional de Kolda,Kolda,Kolda,312,564,2024-07-22,91,24,85,9,227,550,51,2.48,Paludisme,88,0,31.81,6.43,élevé,31.6,65.8,1105.2,True,0.91,0.88,0.16,75.6,22.7
12,Centre Hospitalier Régional de Kolda,Kolda,Kolda,312,564,2024-07-23,31,65,242,5,70,544,20,1.67,Grippe,93,2,46.35,20.51,élevé,28.3,48.5,3687.6,True,0.75,0.45,0.15,24.2,16.4
12,Centre Hospitalier Régional de Kolda,Kolda,Kolda,312,564,2024-07-24,60,76,28,22,284,551,42,3.07,Paludisme,17,9,39.3,12.44,faible,37.2,70.5,3424.1,False,0.37,0.37,0.15,115.5,43.5
12,Centre Hospitalier Régional de Kolda,Kolda,Kolda,312,564,2024-07-25,92,83,106,20,206,554,51,2.28,Covid-19,47,5,81.47,21.03,modéré,32.5,86.0,4383.3,False,0.77,0.64,0.09,119.8,16.4
12,Centre Hospitalier Régional de Kolda,Kolda,Kolda,312,564,2024-07-26,70,44,83,16,229,524,0,0.16,Choléra,92,1,68.74,9.96,élevé,27.5,63.5,3272.3,True,0.8,0.56,0.12,30.6,51.0
12,Centre Hospitalier Régional de Kolda,Kolda,Kolda,312,564,2024-07-27,89,21,187,6,125,553,14,0.25,Covid-19,49,4,31.57,29.45,modéré,27.1,74.4,3463.9,False,0.82,0.67,0.12,121.3,4.1
12,Centre Hospitalier Régional de Kolda,Kolda,Kolda,312,564,2024-07-28,59,7,207,5,105,524,34,3.11,Paludisme,13,4,71.51,27.08,faible,30.9,40.1,1918.8,False,0.78,0.75,0.0,132.8,3.1
12,Centre Hospitalier Régional de Kolda,Kolda,Kolda,312,564,2024-07-29,10,19,301,0,11,551,31,1.93,Paludisme,103,0,52.98,7.7,élevé,28.2,85.9,3764.6,True,0.34,0.88,0.08,96.0,57.0
12,Centre Hospitalier Régional de Kolda,Kolda,Kolda,312,564,2024-07-30,48,82,172,2,140,555,34,3.61,Dengue,6,1,39.25,24.03,faible,27.3,69.9,3227.8,False,0.75,0.94,0.13,48.3,9.3
12,Centre Hospitalier Régional de Kolda,Kolda,Kolda,312,564,2024-07-31,95,29,260,4,52,534,2,2.19,Dengue,0,10,45.91,26.93,faible,38.1,40.9,263.8,False,0.74,0.79,0.13,70.3,23.9
12,Centre Hospitalier Régional de Kolda,Kolda,Kolda,312,564,2024-08-01,29,70,270,10,42,533,44,3.38,Covid-19,28,6,42.33,16.27,faible,38.0,79.3,984.5,False,0.72,0.56,0.17,140.8,9.8
12,Centre Hospitalier Régional de Kolda,Kolda,Kolda,312,564,2024-08-02,30,67,107,22,205,558,51,0.5,Paludisme,2,3,58.91,23.57,faible,37.3,72.0,440.0,False,0.83,0.63,0.12,106.1,52.0
12,Centre Hospitalier Régional de Kolda,Kolda,Kolda,312,564,2024-08-03,13,66,303,19,9,550,30,1.41,Paludisme,5,3,73.27,4.32,faible,27.3,68.6,148.6,False,0.7,0.9,0.13,118.5,55.6
12,Centre Hospitalier Régional de Kolda,Kolda,Kolda,312,564,2024-08-04,72,7,73,9,239,563,43,0.68,Dengue,10,6,53.95,6.26,faible,36.7,74.1,1305.0,False,0.53,0.67,0.0,82.5,26.7
12,Centre Hospitalier Régional de Kolda,Kolda,Kolda,312,564,2024-08-05,68,8,101,12,211,527,44,1.46,Choléra,116,1,48.72,13.41,élevé,22.3,53.1,321.0,True,0.31,0.63,0.17,132.9,32.7
12,Centre Hospitalier Régional de Kolda,Kolda,Kolda,312,564,2024-08-06,19,68,78,24,234,522,52,0.83,Grippe,11,8,68.45,21.29,faible,38.7,89.7,4013.1,False,0.79,0.98,0.01,168.9,52.6
12,Centre Hospitalier Régional de Kolda,Kolda,Kolda,312,564,2024-08-07,83,38,29,5,283,520,52,3.44,Grippe,98,1,72.08,25.14,élevé,31.6,41.5,1655.4,True,0.45,0.85,0.15,153.7,3.4
12,Centre Hospitalier Régional de Kolda,Kolda,Kolda,312,564,2024-08-08,57,79,128,8,184,547,49,3.42,Choléra,57,4,79.54,9.15,modéré,35.2,67.3,4678.9,False,0.42,0.89,0.04,171.5,10.9
12,Centre Hospitalier Régional de Kolda,Kolda,Kolda,312,564,2024-08-09,80,51,218,12,94,543,4,2.58,Grippe,2,6,32.87,16.3,faible,27.6,56.0,221.6,False,0.78,0.54,0.17,98.5,42.8
12,Centre Hospitalier Régional de Kolda,Kolda,Kolda,312,564,2024-08-10,53,19,111,16,201,515,32,2.26,Covid-19,107,8,65.37,29.69,élevé,34.1,74.7,1649.2,True,0.81,0.67,0.11,20.5,40.9
12,Centre Hospitalier Régional de Kolda,Kolda,Kolda,312,564,2024-08-11,17,88,190,17,122,551,30,2.01,Grippe,19,5,37.53,23.42,faible,23.6,43.5,2455.5,False,0.78,0.85,0.13,166.6,10.8
12,Centre Hospitalier Régional de Kolda,Kolda,Kolda,312,564,2024-03-15,70,64,192,12,120,552,23,2.26,Covid-19,55,6,32.66,17.63,modéré,29.8,74.1,3686.4,False,1.0,0.72,0.12,82.0,22.1
12,Centre Hospitalier Régional de Kolda,Kolda,Kolda,312,564,2024-03-16,42,40,39,25,273,544,3,0.9,Choléra,112,2,70.58,1.99,élevé,28.2,86.8,212.6,True,0.95,0.97,0.08,94.8,23.4
12,Centre Hospitalier Régional de Kolda,Kolda,Kolda,312,564,2024-03-17,100,7,240,12,72,516,55,1.28,Grippe,46,4,41.66,26.18,modéré,28.6,55.2,1931.3,False,0.51,0.73,0.11,167.4,8.7
12,Centre Hospitalier Régional de Kolda,Kolda,Kolda,312,564,2024-03-18,52,46,110,5,202,554,29,3.47,Grippe,80,10,37.85,8.12,élevé,25.6,68.4,1364.4,False,0.65,0.72,0.09,160.4,23.4
12,Centre Hospitalier Régional de Kolda,Kolda,Kolda,312,564,2024-03-19,50,86,125,9,187,563,45,3.66,Paludisme,41,2,73.47,2.97,modéré,29.6,61.3,2536.7,False,0.68,0.52,0.06,177.3,46.6
12,Centre Hospitalier Régional de Kolda,Kolda,Kolda,312,564,2024-03-20,59,82,247,11,65,527,40,2.0,Grippe,70,3,43.05,14.67,modéré,29.7,43.4,2678.0,False,0.74,0.5,0.0,147.6,39.0
12,Centre Hospitalier Régional de Kolda,Kolda,Kolda,312,564,2024-03-21,56,86,115,11,197,551,13,2.75,Grippe,31,7,52.44,8.76,modéré,24.2,43.5,705.8,False,0.22,0.36,0.04,52.0,37.5
12,Centre Hospitalier Régional de Kolda,Kolda,Kolda,312,564,2024-03-22,19,43,82,17,230,520,25,2.91,Covid-19,91,5,94.39,27.21,élevé,38.5,49.8,2525.2,True,0.22,0.46,0.2,150.4,17.3
12,Centre Hospitalier Régional de Kolda,Kolda,Kolda,312,564,2024-03-23,96,70,78,12,234,519,10,2.56,Grippe,14,7,44.88,11.37,faible,34.4,82.2,1309.1,False,0.2,0.73,0.14,37.2,33.9
12,Centre Hospitalier Régional de Kolda,Kolda,Kolda,312,564,2024-03-24,52,22,153,24,159,524,10,3.21,Dengue,91,1,51.81,7.01,élevé,33.9,79.2,389.3,True,0.26,0.6,0.08,150.9,38.3
12,Centre Hospitalier Régional de Kolda,Kolda,Kolda,312,564,2024-03-25,73,51,151,22,161,556,35,0.93,Covid-19,52,6,36.79,29.08,modéré,32.4,73.5,2061.3,False,0.61,0.86,0.13,130.4,49.6
12,Centre Hospitalier Régional de Kolda,Kolda,Kolda,312,564,2024-03-26,70,20,61,19,251,554,11,2.84,Covid-19,109,8,79.37,3.16,élevé,33.4,67.8,4369.5,True,0.21,0.79,0.19,72.9,16.0
12,Centre Hospitalier Régional de Kolda,Kolda,Kolda,312,564,2024-03-27,13,21,50,2,262,515,4,0.37,Choléra,75,7,79.3,6.14,modéré,28.2,65.6,3476.3,False,0.8,0.52,0.0,150.8,50.2
12,Centre Hospitalier Régional de Kolda,Kolda,Kolda,312,564,2024-03-28,18,78,194,0,118,538,10,0.15,Grippe,115,4,73.74,24.76,élevé,30.7,43.7,1066.2,True,0.71,0.41,0.19,17.5,46.0
12,Centre Hospitalier Régional de Kolda,Kolda,Kolda,312,564,2024-03-29,84,86,26,5,286,543,45,0.64,Dengue,39,0,51.82,3.21,modéré,30.4,54.0,2805.3,False,0.28,0.4,0.18,43.5,45.6
12,Centre Hospitalier Régional de Kolda,Kolda,Kolda,312,564,2024-03-30,18,79,70,2,242,520,52,1.23,Choléra,3,6,93.5,17.33,faible,38.4,54.0,2280.9,False,0.26,0.8,0.08,15.2,19.9
12,Centre Hospitalier Régional de Kolda,Kolda,Kolda,312,564,2024-03-31,99,56,81,9,231,517,55,1.86,Paludisme,102,9,79.21,15.38,élevé,29.1,84.3,169.2,True,0.69,0.36,0.15,116.6,17.2
12,Centre Hospitalier Régional de Kolda,Kolda,Kolda,312,564,2024-04-01,94,24,146,8,166,550,6,2.22,Choléra,61,0,54.29,28.42,modéré,28.0,79.5,893.3,False,0.61,0.54,0.05,23.7,52.3
12,Centre Hospitalier Régional de Kolda,Kolda,Kolda,312,564,2024-04-02,43,65,265,15,47,516,23,3.37,Dengue,111,0,79.74,12.66,élevé,36.6,53.6,3935.5,True,0.46,0.94,0.11,142.6,38.9
12,Centre Hospitalier Régional de Kolda,Kolda,Kolda,312,564,2024-04-03,30,49,173,6,139,544,45,3.76,Choléra,36,3,70.54,11.65,modéré,30.0,52.9,446.6,False,0.44,0.46,0.01,47.4,5.7
12,Centre Hospitalier Régional de Kolda,Kolda,Kolda,312,564,2024-04-04,62,63,134,10,178,530,13,1.48,Grippe,36,1,83.32,10.55,modéré,23.7,43.7,1682.0,False,0.73,0.39,0.07,89.1,45.7
12,Centre Hospitalier Régional de Kolda,Kolda,Kolda,312,564,2024-04-05,92,5,64,17,248,549,12,0.88,Paludisme,107,8,82.22,24.84,élevé,23.8,43.2,3992.1,True,0.72,0.78,0.09,7.7,37.7
12,Centre Hospitalier Régional de Kolda,Kolda,Kolda,312,564,2024-04-06,42,65,273,23,39,553,52,0.41,Grippe,49,1,66.62,9.86,modéré,37.5,61.5,1363.3,False,0.34,0.85,0.1,88.2,13.0
12,Centre Hospitalier Régional de Kolda,Kolda,Kolda,312,564,2024-04-07,37,64,302,2,10,551,50,1.47,Grippe,118,0,56.25,2.54,élevé,30.2,55.6,3915.6,True,0.47,0.73,0.08,136.3,40.3
12,Centre Hospitalier Régional de Kolda,Kolda,Kolda,312,564,2024-04-08,39,83,50,17,262,560,39,1.5,Covid-19,50,2,47.9,15.65,modéré,38.6,87.1,2828.5,False,0.43,0.8,0.06,70.2,4.0
12,Centre Hospitalier Régional de Kolda,Kolda,Kolda,312,564,2024-04-09,70,25,31,18,281,527,59,2.24,Paludisme,70,2,78.37,21.69,modéré,24.9,82.2,567.8,False,0.37,0.91,0.09,60.2,41.3
12,Centre Hospitalier Régional de Kolda,Kolda,Kolda,312,564,2024-04-10,56,57,255,22,57,563,23,3.54,Grippe,22,7,81.8,20.13,faible,37.9,70.4,4788.9,False,0.75,0.59,0.1,86.0,44.9
12,Centre Hospitalier Régional de Kolda,Kolda,Kolda,312,564,2024-04-11,95,48,62,11,250,532,26,3.94,Covid-19,61,8,89.01,7.39,modéré,36.1,80.2,2707.5,False,0.23,0.64,0.18,35.4,52.6
12,Centre Hospitalier Régional de Kolda,Kolda,Kolda,312,564,2024-04-12,20,65,256,19,56,547,28,3.64,Dengue,9,5,61.41,18.29,faible,36.4,76.5,4486.7,False,0.82,0.58,0.02,7.9,41.7
12,Centre Hospitalier Régional de Kolda,Kolda,Kolda,312,564,2024-04-13,28,82,121,19,191,534,29,0.19,Dengue,56,4,83.83,15.81,modéré,36.1,76.2,163.7,False,0.34,0.68,0.19,106.8,16.0
12,Centre Hospitalier Régional de Kolda,Kolda,Kolda,312,564,2024-04-14,27,12,46,17,266,539,19,1.93,Grippe,102,0,42.99,22.17,élevé,29.1,72.5,1340.3,True,0.41,0.47,0.0,145.0,23.9
12,Centre Hospitalier Régional de Kolda,Kolda,Kolda,312,564,2024-04-15,22,49,218,15,94,553,3,0.28,Dengue,7,5,34.46,19.87,faible,29.5,71.1,4957.3,False,0.26,0.88,0.03,22.9,14.5
12,Centre Hospitalier Régional de Kolda,Kolda,Kolda,312,564,2024-04-16,98,56,310,13,2,537,13,3.31,Choléra,40,9,67.34,14.21,modéré,28.8,52.2,1959.3,False,0.91,0.42,0.04,14.2,49.9
12,Centre Hospitalier Régional de Kolda,Kolda,Kolda,312,564,2024-04-17,41,88,265,7,47,562,32,2.88,Dengue,45,1,74.33,1.18,modéré,22.5,82.5,4285.9,False,0.4,0.89,0.03,131.5,29.9
12,Centre Hospitalier Régional de Kolda,Kolda,Kolda,312,564,2024-04-18,31,90,128,1,184,557,33,3.29,Grippe,119,2,52.57,29.19,élevé,33.7,54.9,4364.9,True,0.51,0.78,0.17,34.6,50.8
12,Centre Hospitalier Régional de Kolda,Kolda,Kolda,312,564,2024-04-19,24,71,170,0,142,516,30,0.69,Paludisme,13,5,70.99,18.15,faible,35.6,73.7,2091.4,False,0.26,0.7,0.01,65.9,27.3
12,Centre Hospitalier Régional de Kolda,Kolda,Kolda,312,564,2024-04-20,42,18,234,16,78,523,53,1.06,Grippe,4,4,30.56,12.52,faible,37.5,86.8,2451.2,False,0.33,0.89,0.15,42.3,7.6
12,Centre Hospitalier Régional de Kolda,Kolda,Kolda,312,564,2024-04-21,82,30,290,22,22,516,32,2.18,Covid-19,89,3,78.11,5.34,élevé,31.8,76.7,1710.3,True,0.6,0.77,0.09,140.8,5.6
12,Centre Hospitalier Régional de Kolda,Kolda,Kolda,312,564,2024-04-22,72,66,51,22,261,558,46,3.29,Covid-19,107,0,51.96,4.38,élevé,32.1,40.4,3413.6,True,0.43,0.74,0.02,133.8,20.5
12,Centre Hospitalier Régional de Kolda,Kolda,Kolda,312,564,2024-04-23,89,88,176,14,136,564,51,3.03,Dengue,65,2,70.78,20.65,modéré,38.0,86.0,4222.5,False,0.81,0.62,0.11,171.7,22.1
12,Centre Hospitalier Régional de Kolda,Kolda,Kolda,312,564,2024-04-24,31,87,81,11,231,555,26,2.11,Dengue,22,2,91.76,3.41,faible,29.5,57.9,2363.4,False,0.97,0.96,0.06,165.8,35.6
12,Centre Hospitalier Régional de Kolda,Kolda,Kolda,312,564,2024-04-25,10,70,122,11,190,521,27,0.61,Covid-19,18,6,68.4,20.48,faible,24.3,76.1,922.1,False,0.25,0.61,0.15,143.7,37.7
12,Centre Hospitalier Régional de Kolda,Kolda,Kolda,312,564,2024-04-26,81,32,51,5,261,528,56,3.82,Grippe,8,4,89.18,25.96,faible,28.9,51.0,2102.4,False,0.85,0.92,0.19,158.8,29.5
12,Centre Hospitalier Régional de Kolda,Kolda,Kolda,312,564,2024-04-27,70,43,154,17,158,526,7,0.74,Grippe,92,8,33.33,9.35,élevé,22.5,87.2,2156.8,True,0.36,0.46,0.01,30.4,13.3
12,Centre Hospitalier Régional de Kolda,Kolda,Kolda,312,564,2024-04-28,78,65,85,0,227,525,56,1.57,Dengue,101,0,34.48,2.85,élevé,38.3,63.2,2012.3,True,0.34,0.58,0.09,37.5,46.1
12,Centre Hospitalier Régional de Kolda,Kolda,Kolda,312,564,2024-04-29,32,31,196,1,116,552,40,2.17,Dengue,69,4,51.56,15.81,modéré,37.2,59.5,3465.2,False,0.36,0.96,0.12,89.3,7.4
12,Centre Hospitalier Régional de Kolda,Kolda,Kolda,312,564,2024-04-30,46,89,68,2,244,525,46,1.67,Choléra,25,7,51.52,1.45,faible,23.7,81.5,3293.4,False,0.97,0.51,0.14,44.7,29.6
12,Centre Hospitalier Régional de Kolda,Kolda,Kolda,312,564,2024-05-01,62,78,219,16,93,543,45,2.53,Covid-19,118,9,35.03,13.44,élevé,24.9,72.8,2809.5,True,0.71,0.78,0.18,45.4,10.1
12,Centre Hospitalier Régional de Kolda,Kolda,Kolda,312,564,2024-05-02,97,50,152,9,160,544,56,0.73,Paludisme,44,0,47.01,29.33,modéré,31.9,73.4,2447.4,False,0.72,0.38,0.18,176.1,26.2
12,Centre Hospitalier Régional de Kolda,Kolda,Kolda,312,564,2024-05-03,50,11,218,6,94,521,58,1.0,Grippe,58,5,82.41,24.22,modéré,33.4,69.1,4865.2,False,0.6,0.8,0.19,100.4,59.5
1,Centre Hospitalier Régional de Dakar,Dakar,Dakar,553,518,2024-01-01,66,50,30,16,523,496,3,1.69,Covid-19,31,7,30.92,13.04,modéré,38.2,88.4,3108.1,False,0.3,0.54,0.15,42.2,16.9
1,Centre Hospitalier Régional de Dakar,Dakar,Dakar,553,518,2024-01-02,14,28,317,19,236,481,33,0.82,Paludisme,70,7,66.66,26.27,modéré,24.6,87.9,1781.5,False,0.69,0.9,0.06,24.6,46.4
1,Centre Hospitalier Régional de Dakar,Dakar,Dakar,553,518,2024-01-03,20,61,38,10,515,471,33,0.2,Paludisme,58,0,69.18,13.23,modéré,34.4,57.7,380.8,False,0.52,0.4,0.08,71.5,53.1
1,Centre Hospitalier Régional de Dakar,Dakar,Dakar,553,518,2024-01-04,29,79,523,19,30,513,37,4.0,Choléra,75,1,90.16,22.55,modéré,32.3,73.7,4128.1,False,0.21,0.49,0.13,165.2,46.9
1,Centre Hospitalier Régional de Dakar,Dakar,Dakar,553,518,2024-01-05,90,21,272,3,281,513,6,3.88,Grippe,36,10,83.54,22.91,modéré,23.6,62.0,4242.8,False,0.69,0.71,0.14,169.1,56.8
1,Centre Hospitalier Régional de Dakar,Dakar,Dakar,553,518,2024-01-06,83,42,229,14,324,506,31,2.45,Paludisme,48,8,41.04,6.05,modéré,33.6,60.5,1162.1,False,0.67,0.47,0.19,102.6,39.6
1,Centre Hospitalier Régional de Dakar,Dakar,Dakar,553,518,2024-01-07,64,23,477,9,76,494,50,1.75,Covid-19,117,1,68.66,18.68,élevé,29.3,56.1,2527.7,True,0.93,0.55,0.14,31.8,26.0
1,Centre Hospitalier Régional de Dakar,Dakar,Dakar,553,518,2024-01-08,16,23,93,16,460,493,35,2.66,Dengue,110,2,91.6,25.09,élevé,35.8,81.9,3389.4,True,0.4,0.69,0.09,173.8,31.3
1,Centre Hospitalier Régional de Dakar,Dakar,Dakar,553,518,2024-01-09,92,88,212,0,341,484,43,1.13,Covid-19,108,3,37.58,11.34,élevé,33.4,75.5,473.9,True,0.8,0.58,0.12,119.5,33.6
1,Centre Hospitalier Régional de Dakar,Dakar,Dakar,553,518,2024-01-10,76,74,257,8,296,481,44,1.76,Dengue,64,2,31.16,15.18,modéré,33.2,77.7,4006.4,False,0.51,0.42,0.18,9.8,56.9
1,Centre Hospitalier Régional de Dakar,Dakar,Dakar,553,518,2024-01-11,10,72,316,15,237,501,4,0.24,Choléra,48,0,86.92,24.11,modéré,24.2,55.8,2400.5,False,0.9,0.99,0.08,132.8,33.4
1,Centre Hospitalier Régional de Dakar,Dakar,Dakar,553,518,2024-01-12,66,22,147,10,406,478,29,2.21,Choléra,35,5,82.9,11.64,modéré,34.1,45.0,4983.8,False,0.36,0.51,0.1,156.0,33.5
1,Centre Hospitalier Régional de Dakar,Dakar,Dakar,553,518,2024-01-13,37,75,227,15,326,512,27,2.92,Covid-19,120,0,75.16,13.35,élevé,25.3,73.4,3793.7,True,0.72,0.85,0.12,23.6,49.6
1,Centre Hospitalier Régional de Dakar,Dakar,Dakar,553,518,2024-01-14,33,17,387,13,166,475,27,0.64,Dengue,95,3,49.03,23.33,élevé,23.1,73.4,1863.0,True,0.81,0.44,0.13,157.5,8.4
1,Centre Hospitalier Régional de Dakar,Dakar,Dakar,553,518,2024-01-15,43,55,69,15,484,489,13,2.98,Grippe,7,4,32.57,11.69,faible,34.1,83.7,1599.8,False,0.41,0.87,0.05,120.6,4.6
1,Centre Hospitalier Régional de Dakar,Dakar,Dakar,553,518,2024-01-16,29,27,256,16,297,507,20,1.71,Covid-19,107,6,55.76,12.29,élevé,25.4,47.0,1987.9,True,0.53,0.81,0.11,64.9,39.2
1,Centre Hospitalier Régional de Dakar,Dakar,Dakar,553,518,2024-01-17,86,44,44,20,509,497,38,2.54,Covid-19,30,7,81.84,10.41,modéré,37.6,78.8,3317.2,False,0.33,0.93,0.2,28.2,9.2
1,Centre Hospitalier Régional de Dakar,Dakar,Dakar,553,518,2024-01-18,32,44,205,12,348,487,55,3.45,Dengue,39,7,53.48,11.81,modéré,31.4,74.5,4291.2,False,0.73,0.68,0.06,5.0,48.9
1,Centre Hospitalier Régional de Dakar,Dakar,Dakar,553,518,2024-01-19,20,17,129,18,424,489,19,0.41,Grippe,60,3,48.25,7.31,modéré,26.3,71.4,3867.7,False,0.42,0.83,0.12,84.9,16.0
1,Centre Hospitalier Régional de Dakar,Dakar,Dakar,553,518,2024-01-20,45,37,140,13,413,491,39,2.76,Choléra,115,3,92.32,9.77,élevé,28.0,54.7,1655.9,True,0.68,0.53,0.08,75.6,55.4
1,Centre Hospitalier Régional de Dakar,Dakar,Dakar,553,518,2024-01-21,100,54,506,24,47,502,38,3.75,Grippe,81,0,80.41,26.31,élevé,35.9,52.2,1820.8,True,0.32,0.84,0.17,135.2,51.6
1,Centre Hospitalier Régional de Dakar,Dakar,Dakar,553,518,2024-01-22,19,42,436,7,117,480,48,1.86,Dengue,120,9,69.85,4.52,élevé,22.0,45.9,2176.2,True,0.3,0.66,0.16,98.6,17.1
1,Centre Hospitalier Régional de Dakar,Dakar,Dakar,553,518,2024-01-23,37,47,163,8,390,496,19,2.72,Covid-19,23,2,68.19,28.4,faible,28.0,65.8,3068.2,False,0.72,0.42,0.09,5.6,25.6
1,Centre Hospitalier Régional de Dakar,Dakar,Dakar,553,518,2024-01-24,28,38,363,15,190,492,58,0.61,Paludisme,93,2,58.69,13.68,élevé,26.6,48.1,1751.3,True,0.41,0.97,0.14,132.4,8.1
1,Centre Hospitalier Régional de Dakar,Dakar,Dakar,553,518,2024-01-25,29,89,498,10,55,492,17,1.82,Choléra,92,1,36.71,22.1,élevé,23.5,84.2,4890.2,True,0.83,1.0,0.02,158.0,55.0
1,Centre Hospitalier Régional de Dakar,Dakar,Dakar,553,518,2024-01-26,48,89,411,3,142,513,3,2.4,Choléra,37,5,62.36,15.14,modéré,23.9,61.6,1989.5,False,0.8,0.63,0.12,7.5,44.3
1,Centre Hospitalier Régional de Dakar,Dakar,Dakar,553,518,2024-01-27,14,47,551,20,2,479,7,3.63,Grippe,70,2,46.41,28.41,modéré,23.9,46.8,1288.2,False,1.0,0.9,0.09,131.0,14.1
1,Centre Hospitalier Régional de Dakar,Dakar,Dakar,553,518,2024-01-28,44,21,357,3,196,481,33,2.29,Choléra,28,8,87.18,16.27,faible,32.2,47.0,1557.9,False,0.49,0.53,0.07,62.3,36.6
1,Centre Hospitalier Régional de Dakar,Dakar,Dakar,553,518,2024-01-29,32,28,381,7,172,516,52,0.94,Grippe,109,6,93.43,26.38,élevé,27.8,45.2,2653.4,True,0.5,0.42,0.14,159.5,21.9
1,Centre Hospitalier Régional de Dakar,Dakar,Dakar,553,518,2024-01-30,50,65,483,19,70,496,52,2.41,Dengue,107,10,82.39,15.01,élevé,24.0,52.4,3496.5,True,0.47,0.89,0.12,102.2,21.6
1,Centre Hospitalier Régional de Dakar,Dakar,Dakar,553,518,2024-01-31,80,35,398,5,155,515,42,3.77,Grippe,33,9,89.71,12.98,modéré,27.1,44.0,130.6,False,0.9,0.62,0.13,164.5,12.1
1,Centre Hospitalier Régional de Dakar,Dakar,Dakar,553,518,2024-02-01,30,73,278,3,275,514,19,2.38,Grippe,25,10,73.6,17.18,faible,27.9,72.9,1422.7,False,0.26,0.7,0.02,130.1,37.8
1,Centre Hospitalier Régional de Dakar,Dakar,Dakar,553,518,2024-02-02,72,44,295,17,258,485,60,3.28,Paludisme,85,5,57.57,18.54,élevé,36.4,84.2,369.1,True,0.76,0.69,0.0,161.9,15.4
1,Centre Hospitalier Régional de Dakar,Dakar,Dakar,553,518,2024-02-03,97,57,186,6,367,480,60,3.06,Paludisme,73,5,71.17,4.64,modéré,38.0,61.0,2528.3,False,0.7,0.55,0.13,41.8,49.5
1,Centre Hospitalier Régional de Dakar,Dakar,Dakar,553,518,2024-02-04,80,5,509,0,44,496,20,2.22,Choléra,31,4,35.87,2.99,modéré,22.2,50.5,1495.0,False,0.77,0.88,0.08,70.6,28.2
1,Centre Hospitalier Régional de Dakar,Dakar,Dakar,553,518,2024-02-05,34,41,440,8,113,495,24,2.77,Choléra,36,8,70.87,26.54,modéré,31.2,44.4,3232.1,False,0.87,0.51,0.18,29.4,20.0
1,Centre Hospitalier Régional de Dakar,Dakar,Dakar,553,518,2024-02-06,14,29,337,0,216,492,51,3.53,Covid-19,110,5,40.8,29.08,élevé,38.1,83.4,4917.8,True,0.5,0.68,0.13,84.4,37.3
1,Centre Hospitalier Régional de Dakar,Dakar,Dakar,553,518,2024-02-07,56,81,283,17,270,517,60,1.92,Dengue,100,3,75.02,12.8,élevé,34.1,68.1,221.2,True,0.7,0.66,0.06,57.5,58.5
1,Centre Hospitalier Régional de Dakar,Dakar,Dakar,553,518,2024-02-08,74,17,202,14,351,472,59,3.57,Choléra,76,2,39.98,1.83,modéré,32.0,80.5,2980.5,False,0.46,0.79,0.11,93.5,16.3
1,Centre Hospitalier Régional de Dakar,Dakar,Dakar,553,518,2024-02-09,11,72,48,6,505,496,53,3.79,Choléra,20,9,63.71,28.01,faible,34.2,80.5,604.1,False,0.67,0.88,0.15,134.0,44.2
1,Centre Hospitalier Régional de Dakar,Dakar,Dakar,553,518,2024-02-10,73,65,390,19,163,497,11,2.23,Grippe,9,1,66.85,19.66,faible,25.4,44.4,656.1,False,0.46,0.78,0.12,60.1,36.3
1,Centre Hospitalier Régional de Dakar,Dakar,Dakar,553,518,2024-02-11,50,12,196,15,357,490,31,1.39,Dengue,42,10,84.35,17.14,modéré,30.0,66.5,3399.0,False,0.84,0.5,0.11,89.7,57.0
1,Centre Hospitalier Régional de Dakar,Dakar,Dakar,553,518,2024-02-12,54,24,20,20,533,476,7,2.13,Covid-19,119,10,50.64,11.81,élevé,30.1,64.2,1742.2,True,0.43,0.88,0.14,113.1,19.2
1,Centre Hospitalier Régional de Dakar,Dakar,Dakar,553,518,2024-02-13,55,14,73,10,480,493,42,0.15,Covid-19,44,0,37.92,15.01,modéré,37.5,80.4,2527.8,False,0.93,0.53,0.05,53.1,44.9
1,Centre Hospitalier Régional de Dakar,Dakar,Dakar,553,518,2024-02-14,75,7,89,11,464,487,46,0.32,Covid-19,47,0,63.52,4.9,modéré,25.9,48.8,225.5,False,0.64,0.79,0.17,144.3,19.9
1,Centre Hospitalier Régional de Dakar,Dakar,Dakar,553,518,2024-02-15,38,72,347,12,206,508,24,1.5,Choléra,120,6,82.05,3.41,élevé,37.7,80.5,3866.1,True,0.81,0.76,0.12,8.0,50.1
1,Centre Hospitalier Régional de Dakar,Dakar,Dakar,553,518,2024-02-16,76,40,120,0,433,504,51,2.48,Dengue,43,5,45.38,2.89,modéré,36.3,65.1,3108.1,False,0.31,0.33,0.2,39.4,17.9
1,Centre Hospitalier Régional de Dakar,Dakar,Dakar,553,518,2024-02-17,76,14,332,20,221,509,31,3.88,Choléra,66,1,32.23,16.11,modéré,26.1,49.2,2106.1,False,0.23,0.94,0.2,100.2,59.5
1,Centre Hospitalier Régional de Dakar,Dakar,Dakar,553,518,2024-02-18,51,15,83,5,470,469,44,1.29,Choléra,33,5,89.07,3.25,modéré,33.6,69.6,4128.3,False,0.93,0.99,0.17,60.9,23.1
1,Centre Hospitalier Régional de Dakar,Dakar,Dakar,553,518,2024-02-19,90,25,140,3,413,471,39,1.42,Grippe,45,7,92.19,11.05,modéré,36.0,44.9,1949.6,False,0.6,0.77,0.17,160.5,4.9
1,Centre Hospitalier Régional de Dakar,Dakar,Dakar,553,518,2024-04-10,43,89,482,25,71,502,11,1.95,Covid-19,67,2,71.44,18.23,modéré,33.7,76.7,1170.4,False,0.57,0.59,0.19,130.4,12.7
1,Centre Hospitalier Régional de Dakar,Dakar,Dakar,553,518,2024-04-11,76,58,527,2,26,495,36,1.78,Covid-19,40,8,36.53,15.51,modéré,27.8,58.7,4778.9,False,0.4,0.72,0.09,62.2,41.3
1,Centre Hospitalier Régional de Dakar,Dakar,Dakar,553,518,2024-04-12,90,89,136,2,417,477,57,0.61,Covid-19,43,3,30.81,19.29,modéré,30.7,87.1,1375.0,False,0.43,0.5,0.1,136.6,18.3
1,Centre Hospitalier Régional de Dakar,Dakar,Dakar,553,518,2024-04-13,32,57,330,11,223,517,35,1.43,Grippe,55,6,71.5,25.51,modéré,30.6,62.4,3275.3,False,0.67,0.43,0.1,130.4,34.0
1,Centre Hospitalier Régional de Dakar,Dakar,Dakar,553,518,2024-04-14,10,16,59,4,494,469,51,1.51,Paludisme,48,7,94.04,9.9,modéré,37.4,84.9,2888.7,False,0.25,0.58,0.07,143.5,37.8
1,Centre Hospitalier Régional de Dakar,Dakar,Dakar,553,518,2024-04-15,26,29,264,13,289,489,38,3.92,Paludisme,54,3,46.33,14.49,modéré,30.3,50.7,1918.9,False,0.28,0.85,0.01,144.5,33.4
1,Centre Hospitalier Régional de Dakar,Dakar,Dakar,553,518,2024-04-16,16,88,218,25,335,518,6,1.82,Grippe,36,6,60.58,12.65,modéré,32.6,48.0,3566.0,False,0.35,0.63,0.16,107.0,45.1
1,Centre Hospitalier Régional de Dakar,Dakar,Dakar,553,518,2024-04-17,43,32,452,17,101,504,9,2.41,Choléra,83,1,39.9,29.01,élevé,22.1,74.9,1110.8,True,0.53,0.63,0.2,10.7,34.5
1,Centre Hospitalier Régional de Dakar,Dakar,Dakar,553,518,2024-04-18,25,43,398,3,155,503,4,1.73,Choléra,53,1,41.22,8.69,modéré,28.6,72.9,383.6,False,0.92,0.9,0.15,170.5,12.7
1,Centre Hospitalier Régional de Dakar,Dakar,Dakar,553,518,2024-04-19,87,28,209,1,344,496,47,3.5,Paludisme,12,1,46.29,27.3,faible,28.5,73.6,904.0,False,0.59,0.92,0.16,120.0,31.9
1,Centre Hospitalier Régional de Dakar,Dakar,Dakar,553,518,2024-04-20,77,50,211,17,342,478,47,1.77,Dengue,6,9,65.63,13.72,faible,26.4,49.8,1817.5,False,0.21,0.73,0.09,77.5,4.8
1,Centre Hospitalier Régional de Dakar,Dakar,Dakar,553,518,2024-04-21,34,61,229,25,324,468,19,1.95,Grippe,75,8,64.05,27.52,modéré,25.3,41.8,209.9,False,0.47,0.46,0.15,111.3,28.8
1,Centre Hospitalier Régional de Dakar,Dakar,Dakar,553,518,2024-04-22,30,9,331,11,222,500,40,1.89,Covid-19,18,4,61.22,27.38,faible,25.4,78.8,3215.5,False,0.44,0.59,0.14,47.7,50.1
1,Centre Hospitalier Régional de Dakar,Dakar,Dakar,553,518,2024-04-23,68,85,416,12,137,472,7,1.31,Paludisme,75,0,58.74,16.12,modéré,25.8,57.8,351.4,False,0.53,0.6,0.2,6.0,39.8
1,Centre Hospitalier Régional de Dakar,Dakar,Dakar,553,518,2024-04-24,61,65,213,8,340,477,16,1.38,Paludisme,86,3,43.62,9.14,élevé,23.7,64.7,1454.4,True,0.52,0.84,0.18,86.3,39.4
1,Centre Hospitalier Régional de Dakar,Dakar,Dakar,553,518,2024-04-25,70,48,36,21,517,518,7,0.89,Choléra,64,1,72.0,15.98,modéré,38.7,55.2,4613.4,False,0.82,0.6,0.14,133.7,59.4
1,Centre Hospitalier Régional de Dakar,Dakar,Dakar,553,518,2024-04-26,26,62,318,4,235,493,25,3.42,Covid-19,25,2,89.64,3.96,faible,32.4,50.6,754.3,False,0.29,0.42,0.01,153.2,18.7
1,Centre Hospitalier Régional de Dakar,Dakar,Dakar,553,518,2024-04-27,95,40,192,19,361,511,32,3.79,Grippe,88,4,71.15,18.99,élevé,34.3,42.9,3449.7,True,0.2,0.49,0.09,103.0,14.7
1,Centre Hospitalier Régional de Dakar,Dakar,Dakar,553,518,2024-04-28,100,30,141,5,412,476,32,0.84,Grippe,35,4,43.64,27.27,modéré,27.3,49.7,4837.4,False,0.5,0.74,0.08,127.1,30.1
1,Centre Hospitalier Régional de Dakar,Dakar,Dakar,553,518,2024-04-29,94,39,32,23,521,475,3,3.12,Paludisme,25,3,33.19,13.7,faible,33.1,72.5,1231.0,False,0.67,0.84,0.14,177.4,42.1
1,Centre Hospitalier Régional de Dakar,Dakar,Dakar,553,518,2024-04-30,48,54,452,19,101,512,34,2.64,Covid-19,82,4,71.25,16.74,élevé,37.5,63.4,4580.6,True,0.55,0.62,0.16,115.7,15.1
1,Centre Hospitalier Régional de Dakar,Dakar,Dakar,553,518,2024-05-01,16,13,377,1,176,472,58,1.95,Choléra,31,5,65.95,7.81,modéré,38.8,88.2,535.9,False,0.81,0.52,0.13,12.9,59.9
1,Centre Hospitalier Régional de Dakar,Dakar,Dakar,553,518,2024-05-02,50,51,479,17,74,502,44,0.24,Dengue,4,3,47.94,1.88,faible,35.4,73.8,3174.5,False,0.56,0.68,0.14,7.5,11.3
1,Centre Hospitalier Régional de Dakar,Dakar,Dakar,553,518,2024-05-03,51,42,134,19,419,475,57,2.92,Choléra,91,3,49.59,13.87,élevé,30.2,84.7,2880.5,True,0.61,0.76,0.01,37.8,14.5
1,Centre Hospitalier Régional de Dakar,Dakar,Dakar,553,518,2024-05-04,16,30,189,10,364,514,19,1.24,Dengue,45,5,37.98,22.72,modéré,35.8,50.7,486.0,False,0.41,0.41,0.07,20.4,42.9
1,Centre Hospitalier Régional de Dakar,Dakar,Dakar,553,518,2024-05-05,59,37,255,3,298,474,18,1.26,Covid-19,77,8,63.67,13.48,modéré,35.0,68.8,4768.6,False,0.8,0.69,0.1,146.0,53.1
1,Centre Hospitalier Régional de Dakar,Dakar,Dakar,553,518,2024-05-06,34,52,112,9,441,513,37,3.76,Paludisme,0,10,51.43,8.07,faible,37.0,49.2,4655.7,False,0.51,0.67,0.09,159.3,46.1
1,Centre Hospitalier Régional de Dakar,Dakar,Dakar,553,518,2024-05-07,53,72,113,5,440,496,48,1.4,Choléra,10,1,44.89,17.04,faible,30.3,85.9,2938.3,False,0.49,0.31,0.06,136.8,4.9
1,Centre Hospitalier Régional de Dakar,Dakar,Dakar,553,518,2024-05-08,29,63,451,12,102,497,22,2.08,Paludisme,32,3,56.82,25.32,modéré,25.1,66.2,1102.1,False,0.59,0.37,0.04,40.1,53.9
1,Centre Hospitalier Régional de Dakar,Dakar,Dakar,553,518,2024-05-09,90,7,23,0,530,513,39,2.54,Dengue,120,4,77.71,19.73,élevé,27.5,68.9,307.1,True,0.52,0.35,0.02,15.0,29.3
1,Centre Hospitalier Régional de Dakar,Dakar,Dakar,553,518,2024-05-10,69,32,145,17,408,477,55,2.16,Paludisme,10,9,38.89,10.13,faible,33.3,57.1,3372.1,False,0.37,0.78,0.17,91.5,14.0
1,Centre Hospitalier Régional de Dakar,Dakar,Dakar,553,518,2024-05-11,92,29,414,21,139,483,26,3.15,Covid-19,110,5,79.34,23.41,élevé,34.5,79.4,1923.9,True,0.9,0.95,0.08,10.7,12.8
1,Centre Hospitalier Régional de Dakar,Dakar,Dakar,553,518,2024-05-12,30,76,414,16,139,506,2,3.06,Grippe,50,6,93.68,2.82,modéré,38.7,54.3,518.6,False,0.87,0.67,0.02,83.1,58.0
1,Centre Hospitalier Régional de Dakar,Dakar,Dakar,553,518,2024-05-13,21,86,64,22,489,486,24,3.83,Choléra,67,5,53.28,16.96,modéré,24.4,60.2,3774.5,False,0.2,0.58,0.2,13.7,49.0
1,Centre Hospitalier Régional de Dakar,Dakar,Dakar,553,518,2024-05-14,48,58,297,3,256,485,55,2.6,Choléra,43,6,65.0,27.5,modéré,35.9,72.8,1489.5,False,0.86,0.81,0.06,52.1,16.8
1,Centre Hospitalier Régional de Dakar,Dakar,Dakar,553,518,2024-05-15,74,77,393,8,160,469,43,3.35,Dengue,39,5,63.62,27.15,modéré,29.6,56.5,176.8,False,0.82,0.48,0.06,35.4,39.5
1,Centre Hospitalier Régional de Dakar,Dakar,Dakar,553,518,2024-05-16,94,70,55,0,498,500,50,1.23,Grippe,80,8,38.24,17.86,élevé,23.5,76.4,1244.5,False,0.95,0.85,0.09,135.5,57.1
1,Centre Hospitalier Régional de Dakar,Dakar,Dakar,553,518,2024-05-17,70,85,275,3,278,501,20,3.35,Dengue,12,8,63.08,9.03,faible,36.3,49.4,784.7,False,0.37,0.39,0.04,166.9,44.0
1,Centre Hospitalier Régional de Dakar,Dakar,Dakar,553,518,2024-05-18,88,12,148,19,405,502,52,2.09,Grippe,67,1,68.15,24.22,modéré,38.2,85.5,2882.0,False,0.7,0.3,0.18,44.6,49.7
1,Centre Hospitalier Régional de Dakar,Dakar,Dakar,553,518,2024-05-19,92,76,170,12,383,507,17,2.67,Grippe,114,10,87.8,17.63,élevé,34.4,87.5,1318.0,True,0.82,0.82,0.18,8.6,19.0
1,Centre Hospitalier Régional de Dakar,Dakar,Dakar,553,518,2024-05-20,44,6,467,20,86,508,3,0.81,Covid-19,114,2,84.6,23.61,élevé,31.4,88.6,1705.4,True,0.98,0.95,0.02,36.3,41.5
1,Centre Hospitalier Régional de Dakar,Dakar,Dakar,553,518,2024-05-21,48,37,371,9,182,492,60,2.24,Paludisme,108,8,35.76,8.43,élevé,25.7,62.6,3779.2,True,0.83,0.71,0.17,73.6,58.9
1,Centre Hospitalier Régional de Dakar,Dakar,Dakar,553,518,2024-05-22,94,42,533,0,20,493,21,1.49,Covid-19,97,1,76.83,6.87,élevé,32.6,69.5,3607.4,True,0.55,0.47,0.06,136.9,54.5
1,Centre Hospitalier Régional de Dakar,Dakar,Dakar,553,518,2024-05-23,53,82,110,8,443,493,55,1.11,Grippe,9,0,38.42,28.79,faible,33.9,85.2,1994.9,False,0.87,0.99,0.04,124.6,57.0
1,Centre Hospitalier Régional de Dakar,Dakar,Dakar,553,518,2024-05-24,12,65,175,0,378,496,19,3.83,Paludisme,87,1,32.58,5.13,élevé,25.9,65.4,1203.3,True,0.43,0.65,0.19,44.7,24.8
1,Centre Hospitalier Régional de Dakar,Dakar,Dakar,553,518,2024-05-25,44,51,538,18,15,509,34,2.26,Choléra,107,9,50.15,19.86,élevé,26.8,73.6,669.0,True,0.22,0.73,0.11,21.2,53.9
1,Centre Hospitalier Régional de Dakar,Dakar,Dakar,553,518,2024-05-26,40,43,150,15,403,496,6,1.42,Grippe,61,0,84.06,16.08,modéré,37.5,78.0,3001.6,False,0.71,0.75,0.17,122.3,37.8
1,Centre Hospitalier Régional de Dakar,Dakar,Dakar,553,518,2024-05-27,82,43,493,4,60,478,34,1.5,Covid-19,66,3,38.02,4.69,modéré,22.7,73.8,416.2,False,0.29,0.62,0.15,11.1,11.7
1,Centre Hospitalier Régional de Dakar,Dakar,Dakar,553,518,2024-05-28,86,55,471,23,82,502,50,2.31,Covid-19,77,3,92.68,10.55,modéré,34.6,83.6,4573.0,False,0.36,0.72,0.07,146.8,58.3
1,Centre Hospitalier Régional de Dakar,Dakar,Dakar,553,518,2024-05-29,84,85,384,23,169,482,60,3.08,Grippe,95,8,57.23,9.54,élevé,29.8,53.6,882.5,True,0.79,0.36,0.03,98.6,58.3
1,Centre Hospitalier Régional de Dakar,Dakar,Dakar,553,518,2024-09-07,53,86,550,16,3,505,8,3.82,Choléra,103,5,54.07,13.94,élevé,38.3,79.6,2590.2,True,0.25,0.89,0.04,159.7,22.3
1,Centre Hospitalier Régional de Dakar,Dakar,Dakar,553,518,2024-09-08,40,13,139,1,414,473,53,3.59,Dengue,91,2,92.87,26.23,élevé,33.8,76.4,4191.2,True,0.44,0.73,0.02,21.6,44.0
1,Centre Hospitalier Régional de Dakar,Dakar,Dakar,553,518,2024-09-09,27,50,36,15,517,482,59,0.19,Covid-19,12,0,33.36,15.59,faible,32.5,68.6,4638.2,False,0.8,0.53,0.18,107.6,58.4
1,Centre Hospitalier Régional de Dakar,Dakar,Dakar,553,518,2024-09-10,97,55,76,10,477,477,42,1.21,Grippe,119,9,76.16,17.79,élevé,35.3,41.9,2077.9,True,0.45,0.56,0.05,16.3,23.6
1,Centre Hospitalier Régional de Dakar,Dakar,Dakar,553,518,2024-09-11,32,35,433,6,120,517,40,2.42,Choléra,67,8,42.92,16.57,modéré,38.6,56.9,1878.1,False,0.75,0.4,0.12,48.7,52.9
1,Centre Hospitalier Régional de Dakar,Dakar,Dakar,553,518,2024-09-12,81,80,551,12,2,513,24,2.24,Grippe,68,3,80.22,12.67,modéré,23.9,59.6,944.7,False,0.47,0.36,0.05,9.1,19.5
1,Centre Hospitalier Régional de Dakar,Dakar,Dakar,553,518,2024-09-13,28,87,193,2,360,498,22,0.44,Covid-19,117,6,35.74,13.72,élevé,34.2,46.5,4406.2,True,0.97,0.53,0.09,48.2,29.4
1,Centre Hospitalier Régional de Dakar,Dakar,Dakar,553,518,2024-09-14,37,66,55,14,498,506,58,1.46,Grippe,69,7,75.65,13.12,modéré,34.6,56.2,781.8,False,1.0,0.99,0.08,61.8,34.9
1,Centre Hospitalier Régional de Dakar,Dakar,Dakar,553,518,2024-09-15,53,56,253,5,300,514,50,3.56,Choléra,103,8,89.88,21.35,élevé,35.9,56.0,1435.2,True,0.21,0.33,0.09,30.9,23.9
1,Centre Hospitalier Régional de Dakar,Dakar,Dakar,553,518,2024-09-16,89,23,301,17,252,485,46,2.84,Choléra,27,9,32.01,13.97,faible,38.9,58.5,1363.6,False,0.58,0.98,0.11,142.8,12.5
1,Centre Hospitalier Régional de Dakar,Dakar,Dakar,553,518,2024-09-17,55,76,179,3,374,497,7,0.57,Choléra,115,0,57.82,8.7,élevé,37.7,53.5,1619.7,True,0.88,0.35,0.18,76.8,7.0
1,Centre Hospitalier Régional de Dakar,Dakar,Dakar,553,518,2024-09-18,63,69,493,16,60,494,36,2.79,Grippe,56,10,41.63,22.61,modéré,35.8,55.3,3458.8,False,0.29,0.9,0.19,110.0,31.0
1,Centre Hospitalier Régional de Dakar,Dakar,Dakar,553,518,2024-09-19,55,7,446,7,107,475,25,0.51,Choléra,81,5,88.77,7.63,élevé,28.4,83.2,4122.2,True,0.27,0.48,0.13,7.5,31.0
1,Centre Hospitalier Régional de Dakar,Dakar,Dakar,553,518,2024-09-20,48,20,28,17,525,468,60,1.3,Grippe,26,0,47.28,28.92,faible,29.8,60.3,3611.3,False,0.8,0.74,0.09,173.2,9.2
1,Centre Hospitalier Régional de Dakar,Dakar,Dakar,553,518,2024-09-21,95,84,431,0,122,517,56,3.25,Dengue,39,4,51.57,28.24,modéré,26.5,46.1,3811.3,False,0.76,0.53,0.19,54.3,52.6
1,Centre Hospitalier Régional de Dakar,Dakar,Dakar,553,518,2024-09-22,55,72,437,5,116,493,14,1.65,Choléra,75,9,58.84,4.61,modéré,31.9,80.0,2061.6,False,0.5,0.6,0.11,13.0,16.6
1,Centre Hospitalier Régional de Dakar,Dakar,Dakar,553,518,2024-09-23,61,59,280,14,273,476,18,1.36,Covid-19,35,7,59.4,2.27,modéré,27.8,48.3,1705.7,False,0.7,0.94,0.14,96.2,58.8
1,Centre Hospitalier Régional de Dakar,Dakar,Dakar,553,518,2024-09-24,24,27,333,5,220,483,0,0.4,Covid-19,29,6,65.78,16.71,faible,24.5,49.5,3981.0,False,0.41,0.64,0.2,169.1,17.1
1,Centre Hospitalier Régional de Dakar,Dakar,Dakar,553,518,2024-09-25,98,71,467,25,86,468,46,3.83,Paludisme,70,5,79.93,1.46,modéré,31.8,59.3,1842.0,False,0.57,0.88,0.19,66.6,13.3
1,Centre Hospitalier Régional de Dakar,Dakar,Dakar,553,518,2024-09-26,94,63,37,7,516,515,54,3.45,Covid-19,115,1,46.69,19.03,élevé,33.9,63.4,3061.3,True,0.51,0.64,0.12,139.0,8.9
1,Centre Hospitalier Régional de Dakar,Dakar,Dakar,553,518,2024-09-27,44,42,376,6,177,512,27,0.26,Dengue,14,7,49.3,27.45,faible,29.7,76.9,3404.1,False,0.27,0.37,0.14,39.0,9.7
1,Centre Hospitalier Régional de Dakar,Dakar,Dakar,553,518,2024-09-28,23,50,187,20,366,502,53,0.12,Covid-19,55,5,31.28,27.79,modéré,34.4,40.3,3294.3,False,0.87,0.76,0.11,63.3,53.2
1,Centre Hospitalier Régional de Dakar,Dakar,Dakar,553,518,2024-09-29,85,48,224,3,329,514,29,2.82,Covid-19,83,0,82.11,19.86,élevé,23.9,69.9,4159.3,True,0.54,0.94,0.17,60.5,59.9
1,Centre Hospitalier Régional de Dakar,Dakar,Dakar,553,518,2024-09-30,26,17,164,17,389,513,53,2.95,Choléra,71,9,81.63,24.58,modéré,30.8,59.7,1119.3,False,0.88,0.81,0.01,8.4,16.1
1,Centre Hospitalier Régional de Dakar,Dakar,Dakar,553,518,2024-10-01,55,50,57,20,496,504,32,3.14,Dengue,41,10,71.29,5.64,modéré,36.1,85.7,1708.6,False,0.43,0.57,0.11,109.0,10.2
1,Centre Hospitalier Régional de Dakar,Dakar,Dakar,553,518,2024-10-02,96,66,35,13,518,482,57,2.98,Covid-19,57,8,43.01,9.47,modéré,25.2,84.1,506.0,False,0.59,0.32,0.05,53.1,44.9
1,Centre Hospitalier Régional de Dakar,Dakar,Dakar,553,518,2024-10-03,84,79,406,16,147,484,50,2.78,Dengue,104,2,90.39,13.29,élevé,36.6,49.4,3528.7,True,0.74,0.66,0.07,85.3,25.0
1,Centre Hospitalier Régional de Dakar,Dakar,Dakar,553,518,2024-10-04,38,49,167,24,386,515,57,0.79,Covid-19,79,0,78.44,26.82,modéré,36.2,70.1,3216.4,False,0.88,0.58,0.08,153.9,54.0
1,Centre Hospitalier Régional de Dakar,Dakar,Dakar,553,518,2024-10-05,47,75,202,4,351,471,14,1.12,Grippe,42,10,75.58,3.22,modéré,36.6,84.6,2145.0,False,0.37,0.31,0.19,89.4,14.1
1,Centre Hospitalier Régional de Dakar,Dakar,Dakar,553,518,2024-10-06,61,10,105,20,448,510,58,1.19,Grippe,18,5,89.97,23.29,faible,28.0,49.5,3949.2,False,0.95,0.68,0.01,7.7,20.7
1,Centre Hospitalier Régional de Dakar,Dakar,Dakar,553,518,2024-10-07,48,78,387,1,166,493,45,3.58,Choléra,41,4,88.65,26.79,modéré,34.7,82.9,2750.8,False,0.51,0.83,0.2,179.0,7.1
1,Centre Hospitalier Régional de Dakar,Dakar,Dakar,553,518,2024-10-08,63,53,551,1,2,468,30,2.85,Paludisme,6,0,35.86,24.23,faible,31.4,87.5,160.2,False,0.66,0.55,0.03,49.2,9.5
1,Centre Hospitalier Régional de Dakar,Dakar,Dakar,553,518,2024-10-09,53,38,506,13,47,486,45,0.99,Dengue,76,2,83.5,23.35,modéré,31.1,80.8,2984.2,False,0.23,0.83,0.17,8.8,4.6
1,Centre Hospitalier Régional de Dakar,Dakar,Dakar,553,518,2024-10-10,23,11,232,25,321,471,32,0.14,Grippe,62,3,75.03,11.99,modéré,31.1,58.2,1803.4,False,0.37,0.54,0.19,178.3,12.8
1,Centre Hospitalier Régional de Dakar,Dakar,Dakar,553,518,2024-10-11,69,77,152,0,401,469,21,1.94,Covid-19,58,6,59.26,21.65,modéré,34.1,83.2,4415.6,False,0.89,0.4,0.01,86.8,34.8
1,Centre Hospitalier Régional de Dakar,Dakar,Dakar,553,518,2024-10-12,43,53,292,19,261,510,5,1.57,Paludisme,50,3,65.21,6.85,modéré,32.2,68.4,3577.0,False,0.79,0.73,0.04,115.4,8.5
1,Centre Hospitalier Régional de Dakar,Dakar,Dakar,553,518,2024-10-13,22,5,282,13,271,491,50,0.91,Covid-19,31,1,39.18,13.39,modéré,25.2,50.0,953.5,False,0.21,0.51,0.12,170.9,11.8
1,Centre Hospitalier Régional de Dakar,Dakar,Dakar,553,518,2024-10-14,74,72,414,22,139,485,52,1.83,Grippe,117,7,71.19,28.52,élevé,38.4,80.3,3711.9,True,0.54,0.86,0.18,166.6,55.9
1,Centre Hospitalier Régional de Dakar,Dakar,Dakar,553,518,2024-10-15,36,47,72,1,481,501,9,0.65,Choléra,84,2,88.28,15.42,élevé,36.7,87.7,773.3,True,0.48,0.6,0.01,44.5,19.8
1,Centre Hospitalier Régional de Dakar,Dakar,Dakar,553,518,2024-10-16,25,6,254,25,299,479,20,1.54,Dengue,69,5,64.67,25.67,modéré,27.0,48.2,458.7,False,0.71,0.46,0.07,164.3,25.6
1,Centre Hospitalier Régional de Dakar,Dakar,Dakar,553,518,2024-10-17,55,76,54,0,499,482,12,2.67,Paludisme,39,1,86.23,3.33,modéré,24.5,45.2,685.9,False,0.63,1.0,0.15,31.8,48.9
1,Centre Hospitalier Régional de Dakar,Dakar,Dakar,553,518,2024-10-18,90,77,361,7,192,471,3,3.0,Dengue,41,6,51.14,13.9,modéré,37.8,77.8,4250.9,False,0.44,0.78,0.17,34.9,59.3
1,Centre Hospitalier Régional de Dakar,Dakar,Dakar,553,518,2024-10-19,67,71,200,21,353,495,26,2.01,Choléra,15,8,93.51,25.77,faible,25.1,86.8,4649.0,False,0.84,0.6,0.05,16.5,50.8
1,Centre Hospitalier Régional de Dakar,Dakar,Dakar,553,518,2024-10-20,66,71,281,1,272,512,16,3.86,Covid-19,35,1,84.12,4.45,modéré,32.7,78.6,584.3,False,0.43,0.64,0.08,117.0,14.6
1,Centre Hospitalier Régional de Dakar,Dakar,Dakar,553,518,2024-10-21,74,79,144,12,409,502,24,2.64,Paludisme,84,6,73.06,6.9,élevé,29.0,61.2,2267.1,True,0.86,0.84,0.02,145.4,5.8
1,Centre Hospitalier Régional de Dakar,Dakar,Dakar,553,518,2024-10-22,28,21,81,11,472,483,48,3.93,Paludisme,64,2,83.5,9.17,modéré,23.3,55.7,2493.7,False,0.86,0.79,0.02,43.1,14.4
1,Centre Hospitalier Régional de Dakar,Dakar,Dakar,553,518,2024-10-23,63,22,219,1,334,496,15,3.61,Choléra,79,10,55.27,27.57,modéré,33.2,66.8,4666.1,False,0.77,0.62,0.1,169.8,57.5
1,Centre Hospitalier Régional de Dakar,Dakar,Dakar,553,518,2024-10-24,68,45,179,1,374,518,20,2.01,Grippe,36,9,30.42,22.16,modéré,24.6,67.7,4116.5,False,0.53,0.43,0.04,6.5,38.9
1,Centre Hospitalier Régional de Dakar,Dakar,Dakar,553,518,2024-10-25,17,45,49,6,504,472,22,2.37,Covid-19,120,0,65.74,25.36,élevé,26.3,67.1,552.3,True,0.54,0.67,0.16,79.2,34.2
1,Centre Hospitalier Régional de Dakar,Dakar,Dakar,553,518,2024-10-26,83,52,217,3,336,475,40,3.89,Choléra,35,0,92.64,18.49,modéré,33.0,83.8,954.9,False,0.5,0.92,0.15,150.6,34.1
1,Centre Hospitalier Régional de Dakar,Dakar,Dakar,553,518,2024-02-20,14,48,321,20,232,495,10,0.86,Grippe,44,0,47.07,27.71,modéré,38.2,56.1,4033.5,False,0.43,0.81,0.06,52.5,7.1
1,Centre Hospitalier Régional de Dakar,Dakar,Dakar,553,518,2024-02-21,79,50,284,25,269,517,15,1.77,Grippe,53,10,85.32,27.69,modéré,32.1,76.6,1196.8,False,0.36,0.97,0.19,152.1,3.0
1,Centre Hospitalier Régional de Dakar,Dakar,Dakar,553,518,2024-02-22,79,24,440,2,113,488,20,3.61,Paludisme,80,6,80.81,21.77,élevé,32.8,64.3,4901.4,False,0.45,0.89,0.13,117.9,58.1
1,Centre Hospitalier Régional de Dakar,Dakar,Dakar,553,518,2024-02-23,71,6,370,10,183,475,50,2.9,Covid-19,120,10,59.33,14.36,élevé,25.9,53.3,4812.9,True,0.73,0.76,0.05,111.1,36.9
1,Centre Hospitalier Régional de Dakar,Dakar,Dakar,553,518,2024-02-24,78,31,382,18,171,497,16,0.3,Grippe,60,1,42.88,10.12,modéré,27.1,43.1,2134.5,False,0.92,0.9,0.06,33.2,21.9
1,Centre Hospitalier Régional de Dakar,Dakar,Dakar,553,518,2024-02-25,76,22,502,2,51,503,10,1.13,Choléra,120,3,38.01,6.34,élevé,22.5,60.2,1382.4,True,0.41,0.3,0.07,27.6,50.4
1,Centre Hospitalier Régional de Dakar,Dakar,Dakar,553,518,2024-02-26,15,34,441,25,112,510,11,2.57,Paludisme,62,1,60.68,29.93,modéré,30.5,79.2,4216.2,False,0.71,0.94,0.13,91.0,6.9
1,Centre Hospitalier Régional de Dakar,Dakar,Dakar,553,518,2024-02-27,84,35,74,19,479,513,30,3.6,Grippe,102,1,77.64,28.73,élevé,33.0,41.8,1335.0,True,0.53,0.62,0.0,94.4,33.6
1,Centre Hospitalier Régional de Dakar,Dakar,Dakar,553,518,2024-02-28,46,48,432,21,121,472,49,3.03,Dengue,111,3,51.96,18.11,élevé,26.4,71.1,2823.6,True,0.32,0.61,0.12,16.8,4.5
1,Centre Hospitalier Régional de Dakar,Dakar,Dakar,553,518,2024-02-29,26,73,276,18,277,512,33,2.84,Grippe,63,5,46.51,18.09,modéré,32.1,69.2,946.8,False,0.49,0.71,0.04,61.8,32.9
1,Centre Hospitalier Régional de Dakar,Dakar,Dakar,553,518,2024-03-01,42,64,457,3,96,486,27,3.7,Choléra,113,9,47.74,10.26,élevé,22.9,88.5,1633.3,True,0.68,0.95,0.19,165.9,10.4
1,Centre Hospitalier Régional de Dakar,Dakar,Dakar,553,518,2024-03-02,46,33,424,7,129,477,34,2.37,Covid-19,42,6,31.6,29.0,modéré,36.2,69.3,3239.1,False,0.25,0.33,0.14,70.9,22.1
1,Centre Hospitalier Régional de Dakar,Dakar,Dakar,553,518,2024-03-03,32,82,541,5,12,488,49,3.2,Dengue,81,4,44.75,5.05,élevé,38.8,63.4,3178.8,True,0.2,0.59,0.02,81.2,16.7
1,Centre Hospitalier Régional de Dakar,Dakar,Dakar,553,518,2024-03-04,40,27,96,24,457,471,21,3.09,Dengue,54,4,84.44,28.31,modéré,28.1,59.3,2065.9,False,0.62,0.92,0.02,165.4,15.8
1,Centre Hospitalier Régional de Dakar,Dakar,Dakar,553,518,2024-03-05,78,19,243,15,310,485,49,1.35,Paludisme,69,8,56.13,12.06,modéré,31.3,59.8,2304.9,False,0.28,0.41,0.06,57.2,51.0
1,Centre Hospitalier Régional de Dakar,Dakar,Dakar,553,518,2024-03-06,25,30,227,15,326,514,59,3.56,Grippe,117,1,35.72,15.04,élevé,36.6,77.6,4349.9,True,0.91,0.52,0.15,147.3,32.6
1,Centre Hospitalier Régional de Dakar,Dakar,Dakar,553,518,2024-03-07,71,31,277,12,276,494,53,1.59,Covid-19,39,8,50.24,9.47,modéré,35.4,89.9,2615.0,False,1.0,0.55,0.01,174.4,16.9
1,Centre Hospitalier Régional de Dakar,Dakar,Dakar,553,518,2024-03-08,78,67,130,1,423,511,39,3.45,Dengue,91,6,86.54,10.62,élevé,32.3,42.9,3844.4,True,0.82,0.46,0.08,160.0,30.8
1,Centre Hospitalier Régional de Dakar,Dakar,Dakar,553,518,2024-03-09,43,9,306,6,247,475,18,1.51,Covid-19,96,9,66.59,30.0,élevé,37.7,40.5,910.1,True,0.76,0.78,0.01,149.1,40.6
1,Centre Hospitalier Régional de Dakar,Dakar,Dakar,553,518,2024-03-10,34,30,108,4,445,482,0,0.34,Choléra,91,0,40.28,27.57,élevé,37.3,63.5,2056.8,True,0.9,0.91,0.12,111.2,52.6
1,Centre Hospitalier Régional de Dakar,Dakar,Dakar,553,518,2024-03-11,98,24,328,21,225,490,51,0.91,Paludisme,52,7,62.74,24.52,modéré,31.3,55.9,2972.6,False,0.57,0.79,0.17,158.4,29.2
1,Centre Hospitalier Régional de Dakar,Dakar,Dakar,553,518,2024-03-12,44,81,423,8,130,500,34,3.17,Paludisme,23,3,39.63,25.98,faible,35.6,84.0,4325.5,False,0.67,0.52,0.06,59.8,20.4
1,Centre Hospitalier Régional de Dakar,Dakar,Dakar,553,518,2024-03-13,26,11,150,10,403,480,34,2.35,Choléra,69,8,34.45,20.41,modéré,33.7,48.1,4979.3,False,0.37,0.83,0.07,149.8,14.6
1,Centre Hospitalier Régional de Dakar,Dakar,Dakar,553,518,2024-03-14,65,71,316,18,237,487,9,3.72,Grippe,105,0,92.72,22.17,élevé,30.9,56.7,4774.9,True,0.58,0.37,0.01,114.4,45.3
1,Centre Hospitalier Régional de Dakar,Dakar,Dakar,553,518,2024-03-15,14,66,371,4,182,485,58,1.0,Dengue,33,5,63.78,20.15,modéré,33.8,53.2,930.5,False,0.72,0.52,0.0,165.2,33.2
1,Centre Hospitalier Régional de Dakar,Dakar,Dakar,553,518,2024-03-16,25,54,482,22,71,512,37,1.54,Dengue,85,1,56.19,28.53,élevé,27.6,45.2,3618.1,True,0.3,0.32,0.07,74.6,40.9
1,Centre Hospitalier Régional de Dakar,Dakar,Dakar,553,518,2024-03-17,20,31,491,0,62,490,39,3.07,Grippe,90,10,67.13,3.47,élevé,35.2,45.0,492.9,True,0.66,0.61,0.14,166.8,28.7
1,Centre Hospitalier Régional de Dakar,Dakar,Dakar,553,518,2024-03-18,20,81,266,3,287,504,33,2.09,Choléra,55,10,93.97,25.21,modéré,38.0,77.2,4643.1,False,0.94,0.95,0.12,87.8,31.1
1,Centre Hospitalier Régional de Dakar,Dakar,Dakar,553,518,2024-03-19,73,41,419,12,134,499,43,3.27,Dengue,4,1,76.75,6.1,faible,25.0,77.7,425.3,False,0.31,0.93,0.04,125.5,14.9
1,Centre Hospitalier Régional de Dakar,Dakar,Dakar,553,518,2024-03-20,100,47,492,9,61,482,55,1.73,Grippe,7,9,32.3,8.94,faible,36.6,71.1,3169.6,False,0.38,0.78,0.07,65.0,43.9
1,Centre Hospitalier Régional de Dakar,Dakar,Dakar,553,518,2024-03-21,81,46,436,13,117,473,2,0.72,Covid-19,86,10,72.51,9.34,élevé,36.3,41.5,2298.9,True,0.24,0.33,0.03,171.7,44.4
1,Centre Hospitalier Régional de Dakar,Dakar,Dakar,553,518,2024-03-22,37,59,511,19,42,500,51,3.13,Choléra,35,9,44.12,14.99,modéré,32.9,41.2,767.3,False,0.98,0.4,0.12,70.3,39.7
1,Centre Hospitalier Régional de Dakar,Dakar,Dakar,553,518,2024-03-23,90,71,492,10,61,477,22,3.97,Covid-19,108,8,41.63,4.14,élevé,23.3,89.9,1495.0,True,1.0,0.39,0.12,127.6,31.9
1,Centre Hospitalier Régional de Dakar,Dakar,Dakar,553,518,2024-03-24,47,63,526,3,27,481,11,1.18,Covid-19,107,6,37.61,28.18,élevé,30.9,65.3,1950.9,True,0.38,0.4,0.08,50.6,7.4
1,Centre Hospitalier Régional de Dakar,Dakar,Dakar,553,518,2024-03-25,10,18,503,19,50,515,43,3.8,Grippe,10,1,71.09,18.52,faible,26.8,85.7,3868.3,False,0.45,0.73,0.01,6.3,55.0
1,Centre Hospitalier Régional de Dakar,Dakar,Dakar,553,518,2024-03-26,30,29,435,3,118,509,6,3.15,Paludisme,74,4,44.91,28.16,modéré,23.7,88.4,4078.1,False,0.63,0.91,0.1,111.5,27.8
1,Centre Hospitalier Régional de Dakar,Dakar,Dakar,553,518,2024-03-27,89,51,33,9,520,485,1,3.18,Covid-19,111,1,45.88,21.29,élevé,23.0,76.6,2588.1,True,0.9,0.68,0.07,20.7,39.4
1,Centre Hospitalier Régional de Dakar,Dakar,Dakar,553,518,2024-03-28,26,44,204,21,349,471,53,2.11,Grippe,106,7,60.95,18.0,élevé,25.0,53.5,956.9,True,0.45,0.88,0.18,111.9,58.0
1,Centre Hospitalier Régional de Dakar,Dakar,Dakar,553,518,2024-03-29,40,46,334,13,219,503,30,1.99,Covid-19,28,9,66.11,17.65,faible,36.3,85.4,3821.6,False,0.21,0.3,0.06,128.5,32.1
1,Centre Hospitalier Régional de Dakar,Dakar,Dakar,553,518,2024-03-30,39,68,195,15,358,470,57,0.27,Grippe,93,9,36.49,21.64,élevé,38.5,79.5,2176.5,True,0.41,0.37,0.05,152.4,12.0
1,Centre Hospitalier Régional de Dakar,Dakar,Dakar,553,518,2024-03-31,72,61,364,16,189,488,1,0.91,Paludisme,35,9,48.02,16.28,modéré,35.4,84.6,3837.1,False,0.98,0.77,0.02,119.8,52.3
1,Centre Hospitalier Régional de Dakar,Dakar,Dakar,553,518,2024-04-01,70,66,167,20,386,473,36,1.99,Dengue,21,0,34.17,21.35,faible,35.9,44.9,3422.7,False,0.83,0.47,0.04,147.5,45.3
1,Centre Hospitalier Régional de Dakar,Dakar,Dakar,553,518,2024-04-02,25,87,39,22,514,479,42,2.24,Grippe,44,3,73.87,2.09,modéré,26.2,58.6,3053.0,False,0.71,0.94,0.2,121.0,39.1
1,Centre Hospitalier Régional de Dakar,Dakar,Dakar,553,518,2024-04-03,68,67,66,4,487,499,10,3.75,Grippe,107,5,74.8,24.12,élevé,37.5,84.4,4473.8,True,0.6,0.5,0.08,87.5,54.5
1,Centre Hospitalier Régional de Dakar,Dakar,Dakar,553,518,2024-04-04,60,43,115,3,438,497,48,3.19,Paludisme,39,9,93.58,4.55,modéré,35.7,61.1,3955.1,False,0.33,0.88,0.01,54.7,44.4
1,Centre Hospitalier Régional de Dakar,Dakar,Dakar,553,518,2024-04-05,67,45,534,17,19,472,4,1.84,Dengue,82,0,43.49,21.11,élevé,36.6,81.9,4245.6,True,0.88,0.63,0.04,35.6,45.3
1,Centre Hospitalier Régional de Dakar,Dakar,Dakar,553,518,2024-04-06,62,28,407,0,146,479,17,1.12,Dengue,4,3,44.1,20.43,faible,33.4,74.6,4196.6,False,0.79,0.57,0.13,37.5,37.6
1,Centre Hospitalier Régional de Dakar,Dakar,Dakar,553,518,2024-04-07,89,89,202,5,351,504,23,0.93,Choléra,48,2,35.23,9.09,modéré,29.1,71.1,1599.6,False,0.53,0.89,0.08,89.0,50.4
1,Centre Hospitalier Régional de Dakar,Dakar,Dakar,553,518,2024-04-08,79,73,326,15,227,484,19,2.8,Covid-19,46,10,78.47,16.94,modéré,35.2,69.6,2618.3,False,0.31,0.76,0.04,98.5,54.6
1,Centre Hospitalier Régional de Dakar,Dakar,Dakar,553,518,2024-04-09,49,56,427,10,126,468,40,3.67,Dengue,28,7,67.68,25.45,faible,32.7,46.6,1713.9,False,0.81,0.82,0.06,81.7,15.2
12,Centre Hospitalier Régional de Kolda,Kolda,Kolda,312,564,2024-08-12,11,41,248,17,64,549,55,0.32,Choléra,26,10,72.83,24.34,faible,26.2,74.5,4089.2,False,1.0,0.68,0.08,172.6,26.6
12,Centre Hospitalier Régional de Kolda,Kolda,Kolda,312,564,2024-08-13,17,65,274,4,38,548,47,2.2,Dengue,19,1,78.89,18.64,faible,27.5,63.5,4228.6,False,0.38,0.89,0.0,75.9,22.8
12,Centre Hospitalier Régional de Kolda,Kolda,Kolda,312,564,2024-08-14,48,51,259,0,53,561,32,0.85,Grippe,57,6,77.2,12.41,modéré,31.2,77.1,3734.4,False,0.43,0.65,0.04,77.1,19.5
12,Centre Hospitalier Régional de Kolda,Kolda,Kolda,312,564,2024-08-15,11,9,246,7,66,531,3,1.9,Grippe,32,0,33.91,6.06,modéré,26.5,66.8,1178.2,False,0.63,0.87,0.18,158.8,39.7
12,Centre Hospitalier Régional de Kolda,Kolda,Kolda,312,564,2024-08-16,15,77,292,13,20,555,12,2.42,Covid-19,13,0,42.95,17.67,faible,37.7,48.1,515.4,False,0.67,0.53,0.11,29.7,23.2
12,Centre Hospitalier Régional de Kolda,Kolda,Kolda,312,564,2024-08-17,21,85,84,18,228,545,56,3.43,Paludisme,59,4,65.05,24.19,modéré,34.6,50.2,4993.0,False,0.85,0.62,0.07,32.7,27.8
12,Centre Hospitalier Régional de Kolda,Kolda,Kolda,312,564,2024-08-18,77,29,260,4,52,535,9,2.72,Choléra,72,0,88.79,7.45,modéré,33.2,82.3,3619.8,False,0.34,0.57,0.07,19.8,38.8
12,Centre Hospitalier Régional de Kolda,Kolda,Kolda,312,564,2024-08-19,38,16,214,4,98,514,25,3.01,Dengue,34,0,48.57,29.41,modéré,26.1,72.0,2411.6,False,0.41,0.49,0.05,16.2,39.6
12,Centre Hospitalier Régional de Kolda,Kolda,Kolda,312,564,2024-08-20,76,12,233,19,79,549,23,1.48,Grippe,80,2,76.05,9.1,élevé,32.7,82.8,1066.1,False,0.64,0.61,0.16,41.1,14.0
12,Centre Hospitalier Régional de Kolda,Kolda,Kolda,312,564,2024-08-21,28,62,277,15,35,522,40,1.57,Grippe,23,5,34.33,12.93,faible,27.4,83.6,3814.7,False,0.5,0.72,0.17,21.1,50.8
12,Centre Hospitalier Régional de Kolda,Kolda,Kolda,312,564,2024-08-22,31,59,42,21,270,546,29,0.64,Grippe,52,0,58.5,7.13,modéré,26.0,80.3,3483.1,False,0.54,0.63,0.01,20.6,7.7
12,Centre Hospitalier Régional de Kolda,Kolda,Kolda,312,564,2024-08-23,34,85,40,25,272,559,2,3.98,Choléra,120,3,65.2,4.05,élevé,26.8,64.8,3310.7,True,0.54,0.86,0.09,62.5,21.1
12,Centre Hospitalier Régional de Kolda,Kolda,Kolda,312,564,2024-08-24,63,67,237,10,75,546,4,2.24,Paludisme,25,4,35.76,27.79,faible,37.6,84.2,2817.2,False,0.57,0.94,0.04,64.6,36.6
12,Centre Hospitalier Régional de Kolda,Kolda,Kolda,312,564,2024-08-25,84,53,302,5,10,514,27,3.65,Covid-19,107,4,41.53,14.28,élevé,37.4,65.4,4166.4,True,0.75,0.88,0.11,115.3,47.0
12,Centre Hospitalier Régional de Kolda,Kolda,Kolda,312,564,2024-08-26,16,8,258,13,54,516,4,2.01,Grippe,19,6,84.61,6.8,faible,22.0,58.1,883.1,False,0.35,0.97,0.0,17.0,4.2
12,Centre Hospitalier Régional de Kolda,Kolda,Kolda,312,564,2024-08-27,15,34,252,10,60,539,45,0.17,Choléra,21,1,80.62,7.74,faible,37.2,51.9,3659.3,False,0.92,0.38,0.15,111.3,5.7
12,Centre Hospitalier Régional de Kolda,Kolda,Kolda,312,564,2024-08-28,38,52,129,22,183,527,36,1.06,Covid-19,97,10,67.31,6.37,élevé,30.0,77.8,774.0,True,0.23,0.43,0.17,158.7,16.4
12,Centre Hospitalier Régional de Kolda,Kolda,Kolda,312,564,2024-08-29,70,67,47,12,265,524,26,0.61,Covid-19,8,1,40.35,8.05,faible,30.4,83.8,4563.1,False,0.62,0.48,0.17,170.9,25.2
12,Centre Hospitalier Régional de Kolda,Kolda,Kolda,312,564,2024-08-30,78,46,58,3,254,531,26,1.62,Grippe,65,3,37.13,6.76,modéré,27.0,67.2,731.8,False,0.92,0.58,0.08,102.1,59.2
12,Centre Hospitalier Régional de Kolda,Kolda,Kolda,312,564,2024-08-31,57,37,173,7,139,546,23,0.94,Choléra,107,3,79.86,21.36,élevé,30.5,47.8,4190.8,True,0.38,0.86,0.05,7.3,6.5
12,Centre Hospitalier Régional de Kolda,Kolda,Kolda,312,564,2024-09-01,43,41,26,0,286,564,9,1.15,Dengue,114,5,54.28,20.46,élevé,24.2,47.8,1450.9,True,0.76,0.54,0.19,14.4,10.1
12,Centre Hospitalier Régional de Kolda,Kolda,Kolda,312,564,2024-09-02,74,21,207,2,105,564,27,3.7,Grippe,94,0,66.42,9.93,élevé,26.3,41.7,2928.5,True,0.8,0.65,0.2,131.8,40.2
12,Centre Hospitalier Régional de Kolda,Kolda,Kolda,312,564,2024-09-03,68,37,88,24,224,535,38,2.59,Dengue,12,4,45.62,6.68,faible,32.8,82.3,4949.9,False,0.26,0.54,0.05,91.9,44.4
12,Centre Hospitalier Régional de Kolda,Kolda,Kolda,312,564,2024-09-04,86,66,252,3,60,521,44,0.6,Covid-19,46,4,39.68,27.97,modéré,31.0,66.8,3221.1,False,0.58,0.85,0.15,159.2,52.0
12,Centre Hospitalier Régional de Kolda,Kolda,Kolda,312,564,2024-09-05,40,11,55,2,257,517,1,3.96,Choléra,57,10,48.13,25.01,modéré,29.6,81.2,293.8,False,0.77,0.72,0.0,133.4,54.8
12,Centre Hospitalier Régional de Kolda,Kolda,Kolda,312,564,2024-09-06,81,27,212,17,100,548,49,1.65,Covid-19,114,7,70.03,6.27,élevé,33.1,60.3,3146.6,True,0.63,0.54,0.07,114.6,51.5
12,Centre Hospitalier Régional de Kolda,Kolda,Kolda,312,564,2024-09-07,56,41,68,13,244,543,30,2.91,Dengue,26,2,74.79,14.17,faible,24.3,86.0,690.2,False,0.5,0.92,0.2,145.6,42.3
12,Centre Hospitalier Régional de Kolda,Kolda,Kolda,312,564,2024-09-08,59,90,73,4,239,544,58,3.86,Paludisme,28,0,38.17,28.85,faible,31.3,63.8,2989.7,False,0.8,0.81,0.02,145.3,44.3
12,Centre Hospitalier Régional de Kolda,Kolda,Kolda,312,564,2024-09-09,39,11,303,21,9,547,27,1.89,Choléra,80,3,92.09,3.62,élevé,24.4,42.6,3973.8,False,0.55,0.71,0.09,159.0,21.1
12,Centre Hospitalier Régional de Kolda,Kolda,Kolda,312,564,2024-09-10,36,45,85,16,227,520,16,1.52,Dengue,50,2,94.44,5.76,modéré,35.6,52.9,4302.1,False,0.26,0.98,0.09,153.8,6.9
12,Centre Hospitalier Régional de Kolda,Kolda,Kolda,312,564,2024-09-11,84,82,270,16,42,563,47,3.87,Choléra,13,6,44.55,28.77,faible,37.3,89.3,4166.7,False,0.23,0.69,0.15,169.7,10.9
12,Centre Hospitalier Régional de Kolda,Kolda,Kolda,312,564,2024-09-12,47,78,151,10,161,535,3,2.83,Grippe,50,0,53.41,21.01,modéré,38.6,49.2,1406.3,False,0.22,0.58,0.16,47.6,3.4
12,Centre Hospitalier Régional de Kolda,Kolda,Kolda,312,564,2024-09-13,16,25,126,11,186,530,8,1.16,Grippe,95,0,46.92,11.14,élevé,32.8,70.5,3481.2,True,0.92,0.36,0.03,139.6,11.9
12,Centre Hospitalier Régional de Kolda,Kolda,Kolda,312,564,2024-09-14,28,70,94,5,218,550,37,0.18,Grippe,35,10,61.87,14.71,modéré,36.3,85.2,3027.8,False,0.77,0.63,0.06,77.5,44.3
12,Centre Hospitalier Régional de Kolda,Kolda,Kolda,312,564,2024-09-15,16,38,254,2,58,553,27,1.0,Covid-19,119,4,57.16,26.9,élevé,29.2,61.2,3857.0,True,0.7,0.81,0.06,175.6,18.9
12,Centre Hospitalier Régional de Kolda,Kolda,Kolda,312,564,2024-09-16,40,87,86,4,226,539,37,3.93,Grippe,97,4,32.39,24.15,élevé,23.8,72.6,1169.6,True,0.91,0.91,0.14,173.6,14.2
12,Centre Hospitalier Régional de Kolda,Kolda,Kolda,312,564,2024-09-17,92,86,222,17,90,536,39,3.37,Grippe,26,8,59.41,14.34,faible,37.9,89.3,2671.9,False,0.99,0.83,0.09,158.2,5.4
12,Centre Hospitalier Régional de Kolda,Kolda,Kolda,312,564,2024-09-18,25,84,271,9,41,559,3,3.95,Grippe,26,0,82.36,5.26,faible,36.7,57.5,422.7,False,0.61,0.31,0.06,28.6,26.3
12,Centre Hospitalier Régional de Kolda,Kolda,Kolda,312,564,2024-09-19,68,59,183,0,129,516,23,3.29,Covid-19,54,8,54.49,2.53,modéré,29.3,42.2,3922.6,False,0.53,0.46,0.18,8.8,5.9
12,Centre Hospitalier Régional de Kolda,Kolda,Kolda,312,564,2024-09-20,12,79,147,2,165,555,56,1.74,Covid-19,59,4,35.39,21.63,modéré,25.5,85.9,2063.4,False,0.51,0.81,0.05,7.3,11.1
12,Centre Hospitalier Régional de Kolda,Kolda,Kolda,312,564,2024-09-21,86,50,284,4,28,538,35,1.7,Dengue,11,10,65.72,19.13,faible,26.3,63.9,1127.7,False,0.68,0.32,0.16,83.9,45.2
12,Centre Hospitalier Régional de Kolda,Kolda,Kolda,312,564,2024-09-22,23,20,145,16,167,543,45,3.97,Dengue,22,10,50.51,25.4,faible,32.1,52.2,4134.6,False,0.3,0.65,0.04,139.0,52.3
12,Centre Hospitalier Régional de Kolda,Kolda,Kolda,312,564,2024-09-23,72,48,85,24,227,549,59,1.33,Choléra,50,5,71.22,20.63,modéré,31.2,84.6,2418.0,False,0.66,0.77,0.14,53.2,5.6
12,Centre Hospitalier Régional de Kolda,Kolda,Kolda,312,564,2024-09-24,99,75,302,14,10,562,36,3.63,Covid-19,50,10,58.44,26.02,modéré,37.2,82.0,1820.3,False,0.36,0.4,0.19,142.5,19.1
12,Centre Hospitalier Régional de Kolda,Kolda,Kolda,312,564,2024-09-25,88,13,241,20,71,543,43,3.2,Dengue,1,2,41.19,12.83,faible,34.8,46.8,381.5,False,0.8,0.58,0.17,129.9,11.9
12,Centre Hospitalier Régional de Kolda,Kolda,Kolda,312,564,2024-09-26,53,61,246,22,66,554,27,3.36,Covid-19,57,5,67.13,19.58,modéré,38.3,60.3,3032.8,False,0.96,0.5,0.08,10.0,4.0
12,Centre Hospitalier Régional de Kolda,Kolda,Kolda,312,564,2024-09-27,40,39,213,2,99,518,38,2.43,Choléra,45,1,73.81,11.8,modéré,37.9,82.8,4314.5,False,0.24,0.47,0.04,89.3,9.5
12,Centre Hospitalier Régional de Kolda,Kolda,Kolda,312,564,2024-09-28,57,57,63,21,249,552,21,2.9,Grippe,78,8,36.15,19.29,modéré,29.3,50.4,3426.1,False,0.95,0.31,0.15,129.3,44.3
12,Centre Hospitalier Régional de Kolda,Kolda,Kolda,312,564,2024-09-29,12,69,104,20,208,545,27,1.84,Dengue,37,7,81.36,18.96,modéré,24.6,54.0,3154.5,False,0.72,0.83,0.04,169.8,53.4
12,Centre Hospitalier Régional de Kolda,Kolda,Kolda,312,564,2024-09-30,16,51,239,2,73,554,40,0.82,Dengue,12,1,67.7,24.51,faible,22.2,72.5,3085.5,False,0.98,0.84,0.08,113.0,23.6
1,Centre Hospitalier Régional de Dakar,Dakar,Dakar,553,518,2024-05-30,48,29,414,18,139,503,33,3.42,Paludisme,118,9,59.88,18.7,élevé,22.9,59.6,2160.8,True,0.3,0.31,0.11,163.6,49.8
1,Centre Hospitalier Régional de Dakar,Dakar,Dakar,553,518,2024-05-31,84,33,539,19,14,486,11,2.78,Covid-19,38,7,33.4,5.8,modéré,26.8,72.8,3372.9,False,0.22,0.5,0.19,145.8,38.6
1,Centre Hospitalier Régional de Dakar,Dakar,Dakar,553,518,2024-06-01,14,61,237,12,316,478,6,1.08,Grippe,74,10,79.88,27.52,modéré,36.8,52.7,990.2,False,0.25,0.51,0.1,61.4,28.7
1,Centre Hospitalier Régional de Dakar,Dakar,Dakar,553,518,2024-06-02,95,58,483,0,70,517,19,2.64,Paludisme,31,8,38.68,16.18,modéré,35.1,44.2,2893.2,False,0.76,0.7,0.08,119.6,9.0
1,Centre Hospitalier Régional de Dakar,Dakar,Dakar,553,518,2024-06-03,83,60,387,6,166,489,46,2.45,Covid-19,32,3,87.06,9.68,modéré,34.7,61.1,3633.9,False,0.57,0.87,0.16,149.2,12.8
1,Centre Hospitalier Régional de Dakar,Dakar,Dakar,553,518,2024-06-04,60,28,523,22,30,479,1,2.05,Grippe,15,7,91.56,23.3,faible,22.9,56.1,4824.6,False,0.52,0.94,0.17,72.6,6.2
1,Centre Hospitalier Régional de Dakar,Dakar,Dakar,553,518,2024-06-05,95,86,467,24,86,509,53,1.22,Grippe,10,9,58.46,4.43,faible,35.8,88.0,3207.4,False,0.33,0.46,0.02,64.1,40.7
1,Centre Hospitalier Régional de Dakar,Dakar,Dakar,553,518,2024-06-06,61,60,393,10,160,471,33,2.66,Grippe,83,6,40.16,13.4,élevé,23.5,48.2,317.3,True,0.75,0.94,0.07,131.1,33.1
1,Centre Hospitalier Régional de Dakar,Dakar,Dakar,553,518,2024-06-07,63,11,69,22,484,477,14,2.41,Paludisme,81,7,94.44,21.88,élevé,24.1,52.9,1349.4,True,0.3,0.41,0.03,134.9,5.8
1,Centre Hospitalier Régional de Dakar,Dakar,Dakar,553,518,2024-06-08,51,58,265,15,288,504,35,3.83,Covid-19,7,5,34.14,16.62,faible,28.2,68.9,572.7,False,0.73,0.82,0.06,58.6,32.6
1,Centre Hospitalier Régional de Dakar,Dakar,Dakar,553,518,2024-06-09,73,5,30,10,523,498,26,3.91,Choléra,92,10,62.34,2.37,élevé,35.2,60.9,2503.0,True,0.74,0.6,0.19,16.3,59.2
1,Centre Hospitalier Régional de Dakar,Dakar,Dakar,553,518,2024-06-10,29,29,453,1,100,478,34,1.8,Paludisme,86,0,81.97,7.2,élevé,28.5,81.1,4442.4,True,0.78,0.93,0.03,158.3,54.7
1,Centre Hospitalier Régional de Dakar,Dakar,Dakar,553,518,2024-06-11,36,67,171,5,382,481,11,3.57,Paludisme,85,10,50.41,28.06,élevé,34.0,64.8,2476.1,True,0.75,0.82,0.11,127.3,13.4
1,Centre Hospitalier Régional de Dakar,Dakar,Dakar,553,518,2024-06-12,46,58,402,1,151,498,35,0.62,Grippe,73,7,67.65,15.65,modéré,25.6,48.8,2106.7,False,0.78,0.36,0.16,97.0,52.9
1,Centre Hospitalier Régional de Dakar,Dakar,Dakar,553,518,2024-06-13,31,19,306,12,247,510,58,0.84,Choléra,4,7,69.18,8.49,faible,24.3,67.1,4541.3,False,0.58,0.44,0.05,99.0,29.6
1,Centre Hospitalier Régional de Dakar,Dakar,Dakar,553,518,2024-06-14,90,55,415,13,138,504,9,0.17,Dengue,85,10,30.81,5.03,élevé,27.9,82.4,1603.4,True,0.78,0.44,0.13,52.3,30.5
1,Centre Hospitalier Régional de Dakar,Dakar,Dakar,553,518,2024-06-15,81,75,533,8,20,499,58,3.02,Covid-19,12,0,57.38,20.5,faible,27.5,71.3,4715.1,False,0.4,0.76,0.02,156.0,46.6
1,Centre Hospitalier Régional de Dakar,Dakar,Dakar,553,518,2024-06-16,64,46,209,12,344,492,16,3.44,Grippe,54,8,88.42,4.98,modéré,32.4,88.3,588.0,False,0.36,0.42,0.04,25.7,39.4
1,Centre Hospitalier Régional de Dakar,Dakar,Dakar,553,518,2024-06-17,40,59,295,13,258,498,20,0.1,Paludisme,78,0,67.1,19.71,modéré,35.2,55.5,2125.7,False,0.45,0.6,0.01,91.6,55.9
1,Centre Hospitalier Régional de Dakar,Dakar,Dakar,553,518,2024-06-18,50,62,260,16,293,480,51,3.54,Dengue,105,2,34.35,19.86,élevé,24.4,86.8,770.6,True,0.31,0.94,0.18,57.9,38.0
1,Centre Hospitalier Régional de Dakar,Dakar,Dakar,553,518,2024-06-19,13,57,152,20,401,502,12,3.41,Covid-19,35,9,86.43,4.43,modéré,28.2,80.5,1935.1,False,0.37,0.83,0.06,150.2,41.0
1,Centre Hospitalier Régional de Dakar,Dakar,Dakar,553,518,2024-06-20,60,47,540,14,13,514,7,0.14,Covid-19,83,8,84.76,27.96,élevé,26.0,48.3,3113.0,True,0.58,0.4,0.14,74.1,19.1
1,Centre Hospitalier Régional de Dakar,Dakar,Dakar,553,518,2024-06-21,39,25,294,12,259,514,8,2.63,Paludisme,95,2,32.66,8.32,élevé,23.5,81.8,1043.9,True,0.21,0.69,0.03,145.2,57.5
1,Centre Hospitalier Régional de Dakar,Dakar,Dakar,553,518,2024-06-22,26,6,241,21,312,517,49,2.86,Choléra,61,3,55.21,8.05,modéré,35.2,71.3,3898.3,False,0.34,0.91,0.13,37.8,50.9
1,Centre Hospitalier Régional de Dakar,Dakar,Dakar,553,518,2024-06-23,15,14,339,23,214,492,5,0.35,Choléra,12,5,94.8,15.93,faible,25.8,45.9,3555.4,False,0.79,0.34,0.07,79.3,55.3
1,Centre Hospitalier Régional de Dakar,Dakar,Dakar,553,518,2024-06-24,25,33,442,11,111,488,9,3.02,Grippe,36,3,58.65,23.59,modéré,27.5,69.8,4490.9,False,0.63,0.76,0.06,95.8,28.8
1,Centre Hospitalier Régional de Dakar,Dakar,Dakar,553,518,2024-06-25,63,51,542,22,11,514,43,2.8,Dengue,93,10,49.04,25.5,élevé,31.3,62.4,366.4,True,0.87,0.51,0.01,169.9,24.9
1,Centre Hospitalier Régional de Dakar,Dakar,Dakar,553,518,2024-06-26,16,44,495,12,58,504,26,1.18,Paludisme,43,9,58.31,29.97,modéré,25.2,58.8,4272.2,False,0.78,0.5,0.18,142.9,48.0
1,Centre Hospitalier Régional de Dakar,Dakar,Dakar,553,518,2024-06-27,54,52,388,18,165,480,32,2.3,Paludisme,2,0,49.8,10.89,faible,34.6,81.4,870.8,False,0.49,0.31,0.19,112.0,16.3
1,Centre Hospitalier Régional de Dakar,Dakar,Dakar,553,518,2024-06-28,57,24,267,8,286,512,12,2.85,Choléra,92,2,64.14,28.43,élevé,37.9,62.3,1785.6,True,0.53,0.86,0.18,91.5,39.9
1,Centre Hospitalier Régional de Dakar,Dakar,Dakar,553,518,2024-06-29,63,37,314,21,239,512,54,3.64,Choléra,79,3,63.63,11.71,modéré,35.7,87.8,620.4,False,0.38,0.75,0.08,38.4,39.8
1,Centre Hospitalier Régional de Dakar,Dakar,Dakar,553,518,2024-06-30,57,76,499,25,54,485,49,3.69,Grippe,16,7,73.05,25.66,faible,24.1,47.5,4254.6,False,0.56,0.38,0.13,25.2,5.0
1,Centre Hospitalier Régional de Dakar,Dakar,Dakar,553,518,2024-07-01,35,57,332,23,221,517,16,2.41,Dengue,44,6,57.48,1.12,modéré,34.9,55.1,4397.5,False,0.93,0.47,0.15,81.9,13.0
1,Centre Hospitalier Régional de Dakar,Dakar,Dakar,553,518,2024-07-02,72,24,340,22,213,476,1,2.23,Choléra,47,2,44.16,8.65,modéré,25.9,45.2,2858.4,False,0.35,0.32,0.15,80.6,12.5
1,Centre Hospitalier Régional de Dakar,Dakar,Dakar,553,518,2024-07-03,52,22,440,25,113,517,58,2.22,Paludisme,53,0,37.49,13.99,modéré,29.3,53.0,4662.5,False,0.52,0.45,0.13,162.7,35.8
1,Centre Hospitalier Régional de Dakar,Dakar,Dakar,553,518,2024-07-04,69,37,370,9,183,493,0,3.24,Paludisme,104,7,42.31,19.52,élevé,34.3,42.8,1397.2,True,0.58,0.7,0.06,11.4,46.5
1,Centre Hospitalier Régional de Dakar,Dakar,Dakar,553,518,2024-07-05,99,77,92,5,461,492,41,0.22,Choléra,27,0,82.82,25.57,faible,28.5,82.1,2402.8,False,0.27,0.44,0.19,177.2,4.6
1,Centre Hospitalier Régional de Dakar,Dakar,Dakar,553,518,2024-07-06,73,73,512,7,41,470,10,3.25,Paludisme,104,10,60.91,22.47,élevé,27.1,52.7,1246.0,True,0.81,0.33,0.14,42.3,28.5
1,Centre Hospitalier Régional de Dakar,Dakar,Dakar,553,518,2024-07-07,87,56,150,19,403,507,13,0.28,Grippe,56,0,38.77,23.3,modéré,37.8,83.2,2483.7,False,0.76,0.39,0.14,126.4,43.5
1,Centre Hospitalier Régional de Dakar,Dakar,Dakar,553,518,2024-07-08,93,25,465,16,88,511,13,1.15,Grippe,90,6,58.9,16.93,élevé,25.6,66.0,2773.8,True,0.81,0.38,0.01,142.8,29.6
1,Centre Hospitalier Régional de Dakar,Dakar,Dakar,553,518,2024-07-09,52,76,20,11,533,490,56,1.35,Choléra,99,9,84.15,16.4,élevé,38.8,48.1,377.9,True,0.53,0.76,0.14,48.5,51.6
1,Centre Hospitalier Régional de Dakar,Dakar,Dakar,553,518,2024-07-10,86,62,481,1,72,477,3,3.18,Dengue,29,7,83.13,2.67,faible,28.2,80.0,3936.0,False,0.87,0.37,0.12,88.4,50.2
1,Centre Hospitalier Régional de Dakar,Dakar,Dakar,553,518,2024-07-11,76,18,110,9,443,487,40,0.84,Grippe,48,10,49.88,16.24,modéré,25.7,59.4,3047.2,False,0.59,0.94,0.02,98.9,28.6
1,Centre Hospitalier Régional de Dakar,Dakar,Dakar,553,518,2024-07-12,40,30,242,10,311,502,36,0.37,Dengue,3,1,76.21,8.21,faible,38.6,49.6,2943.4,False,0.57,0.74,0.03,154.9,49.7
1,Centre Hospitalier Régional de Dakar,Dakar,Dakar,553,518,2024-07-13,74,66,256,3,297,493,16,1.89,Paludisme,113,1,36.32,22.38,élevé,23.8,63.7,4222.2,True,0.35,0.93,0.0,10.9,28.8
1,Centre Hospitalier Régional de Dakar,Dakar,Dakar,553,518,2024-07-14,90,83,528,6,25,497,44,1.61,Dengue,79,2,58.72,27.63,modéré,29.3,61.3,3014.6,False,0.3,0.59,0.03,101.2,26.1
1,Centre Hospitalier Régional de Dakar,Dakar,Dakar,553,518,2024-07-15,28,16,188,6,365,471,18,2.06,Dengue,18,6,73.67,12.88,faible,36.3,87.3,2845.1,False,0.92,0.91,0.03,107.9,31.1
1,Centre Hospitalier Régional de Dakar,Dakar,Dakar,553,518,2024-07-16,10,51,532,16,21,500,20,1.04,Choléra,21,10,59.81,3.25,faible,24.8,41.9,3670.6,False,0.27,0.44,0.02,110.7,53.4
1,Centre Hospitalier Régional de Dakar,Dakar,Dakar,553,518,2024-07-17,24,48,543,25,10,481,56,0.89,Grippe,96,7,46.78,10.26,élevé,35.2,74.1,3984.8,True,0.99,0.8,0.14,24.3,41.3
1,Centre Hospitalier Régional de Dakar,Dakar,Dakar,553,518,2024-07-18,20,90,308,3,245,513,48,1.98,Grippe,110,8,36.86,12.59,élevé,34.4,47.2,2566.3,True,0.26,0.47,0.15,75.0,44.8
1,Centre Hospitalier Régional de Dakar,Dakar,Dakar,553,518,2024-10-27,93,24,163,10,390,508,24,1.55,Grippe,22,6,76.91,11.47,faible,30.0,88.5,897.3,False,0.34,0.76,0.03,117.9,30.8
1,Centre Hospitalier Régional de Dakar,Dakar,Dakar,553,518,2024-10-28,24,79,288,15,265,518,25,2.72,Paludisme,61,0,56.5,5.59,modéré,34.0,77.0,1181.7,False,0.24,0.4,0.13,45.9,23.8
1,Centre Hospitalier Régional de Dakar,Dakar,Dakar,553,518,2024-10-29,12,25,539,11,14,485,56,0.27,Paludisme,96,6,60.55,5.69,élevé,35.5,46.5,2352.0,True,0.53,0.65,0.18,170.9,14.1
1,Centre Hospitalier Régional de Dakar,Dakar,Dakar,553,518,2024-10-30,50,22,398,20,155,485,27,0.48,Paludisme,10,2,74.31,24.05,faible,27.6,47.9,1163.7,False,0.87,0.39,0.02,73.0,28.2
1,Centre Hospitalier Régional de Dakar,Dakar,Dakar,553,518,2024-10-31,68,19,495,1,58,485,29,2.85,Grippe,120,6,53.55,3.13,élevé,35.7,78.8,1663.6,True,0.49,0.55,0.14,54.8,16.8
1,Centre Hospitalier Régional de Dakar,Dakar,Dakar,553,518,2024-11-01,43,53,82,23,471,476,19,1.31,Grippe,45,0,86.31,5.84,modéré,33.5,53.5,945.6,False,0.61,0.9,0.06,171.1,18.0
1,Centre Hospitalier Régional de Dakar,Dakar,Dakar,553,518,2024-11-02,31,28,435,21,118,487,49,2.1,Choléra,20,3,41.37,15.98,faible,37.6,86.3,1219.7,False,0.83,0.83,0.06,147.0,40.0
1,Centre Hospitalier Régional de Dakar,Dakar,Dakar,553,518,2024-11-03,10,89,51,0,502,504,0,1.53,Covid-19,73,1,73.49,4.05,modéré,34.3,42.9,3751.5,False,0.61,0.34,0.05,173.5,31.9
1,Centre Hospitalier Régional de Dakar,Dakar,Dakar,553,518,2024-11-04,78,54,168,1,385,502,38,0.86,Choléra,107,10,62.54,26.57,élevé,28.0,80.0,4747.6,True,0.92,0.56,0.09,91.7,15.4
1,Centre Hospitalier Régional de Dakar,Dakar,Dakar,553,518,2024-11-05,78,58,193,11,360,487,56,1.52,Grippe,87,4,62.16,16.87,élevé,27.8,81.2,1305.8,True,0.22,0.72,0.14,31.6,34.0
1,Centre Hospitalier Régional de Dakar,Dakar,Dakar,553,518,2024-11-06,40,64,34,14,519,497,33,2.41,Paludisme,15,1,44.67,23.73,faible,23.0,55.8,3246.7,False,0.27,0.53,0.08,137.4,41.0
1,Centre Hospitalier Régional de Dakar,Dakar,Dakar,553,518,2024-11-07,48,21,161,20,392,503,24,2.32,Choléra,13,5,85.41,11.9,faible,38.4,84.8,3502.5,False,0.56,0.51,0.17,34.3,53.3
1,Centre Hospitalier Régional de Dakar,Dakar,Dakar,553,518,2024-11-08,85,39,532,12,21,488,52,0.13,Grippe,20,1,37.2,1.86,faible,26.4,89.2,4071.6,False,0.85,0.58,0.15,7.5,53.0
1,Centre Hospitalier Régional de Dakar,Dakar,Dakar,553,518,2024-11-09,61,60,119,15,434,507,30,3.03,Paludisme,116,0,90.86,14.01,élevé,37.6,78.4,3220.5,True,0.79,0.67,0.11,107.2,52.4
1,Centre Hospitalier Régional de Dakar,Dakar,Dakar,553,518,2024-11-10,44,5,183,22,370,475,48,2.68,Grippe,27,5,76.1,24.99,faible,28.6,89.6,643.0,False,0.46,0.64,0.07,56.6,17.5
1,Centre Hospitalier Régional de Dakar,Dakar,Dakar,553,518,2024-11-11,25,32,428,22,125,497,56,3.07,Dengue,48,2,67.45,17.33,modéré,25.7,81.4,3995.3,False,0.27,0.49,0.02,88.1,33.4
1,Centre Hospitalier Régional de Dakar,Dakar,Dakar,553,518,2024-11-12,88,42,240,23,313,476,23,3.49,Paludisme,103,1,62.46,2.58,élevé,29.4,75.6,3904.6,True,0.28,0.57,0.15,139.4,3.1
1,Centre Hospitalier Régional de Dakar,Dakar,Dakar,553,518,2024-11-13,36,20,98,2,455,485,4,2.84,Paludisme,97,3,66.57,4.44,élevé,33.1,50.5,2144.6,True,0.74,0.52,0.02,109.0,23.9
1,Centre Hospitalier Régional de Dakar,Dakar,Dakar,553,518,2024-11-14,18,9,301,4,252,517,51,1.86,Covid-19,92,5,36.03,24.96,élevé,24.1,60.3,998.1,True,0.24,0.98,0.14,22.7,15.7
1,Centre Hospitalier Régional de Dakar,Dakar,Dakar,553,518,2024-11-15,96,41,121,15,432,507,54,1.98,Paludisme,70,1,93.96,29.72,modéré,32.2,48.4,4791.7,False,0.2,0.37,0.09,166.4,21.7
1,Centre Hospitalier Régional de Dakar,Dakar,Dakar,553,518,2024-11-16,27,64,410,14,143,502,14,2.82,Covid-19,10,7,87.46,21.82,faible,38.9,42.7,1892.7,False,0.7,0.89,0.11,7.0,32.5
1,Centre Hospitalier Régional de Dakar,Dakar,Dakar,553,518,2024-11-17,76,20,217,1,336,518,20,3.99,Dengue,34,3,43.22,11.0,modéré,32.6,42.8,1633.9,False,0.26,0.9,0.19,58.1,24.9
1,Centre Hospitalier Régional de Dakar,Dakar,Dakar,553,518,2024-11-18,62,88,101,19,452,516,45,2.78,Grippe,102,1,89.29,24.16,élevé,35.3,83.0,2365.6,True,0.28,0.9,0.12,58.0,27.7
1,Centre Hospitalier Régional de Dakar,Dakar,Dakar,553,518,2024-11-19,49,15,492,2,61,518,26,3.06,Grippe,44,6,35.51,2.93,modéré,22.6,48.2,1627.3,False,0.49,0.57,0.0,90.1,12.0
1,Centre Hospitalier Régional de Dakar,Dakar,Dakar,553,518,2024-11-20,29,52,323,18,230,510,31,2.36,Dengue,57,1,43.53,23.29,modéré,38.5,79.6,3885.9,False,0.82,0.97,0.14,47.8,47.4
1,Centre Hospitalier Régional de Dakar,Dakar,Dakar,553,518,2024-11-21,29,56,211,18,342,482,0,3.29,Paludisme,28,9,85.66,19.49,faible,26.7,41.4,2245.9,False,0.91,0.7,0.17,63.0,36.5
1,Centre Hospitalier Régional de Dakar,Dakar,Dakar,553,518,2024-11-22,90,39,538,3,15,499,60,2.05,Covid-19,85,7,47.49,1.9,élevé,23.9,65.3,2047.5,True,0.21,0.63,0.17,78.0,8.3
1,Centre Hospitalier Régional de Dakar,Dakar,Dakar,553,518,2024-11-23,52,37,38,25,515,493,28,1.38,Dengue,110,5,65.74,10.81,élevé,29.9,83.1,1196.4,True,0.62,0.93,0.03,160.0,29.4
1,Centre Hospitalier Régional de Dakar,Dakar,Dakar,553,518,2024-11-24,66,75,277,0,276,508,52,0.87,Grippe,55,8,41.19,27.01,modéré,27.6,75.5,4563.0,False,0.99,0.4,0.14,161.9,22.3
1,Centre Hospitalier Régional de Dakar,Dakar,Dakar,553,518,2024-11-25,85,51,243,13,310,469,0,2.1,Covid-19,105,3,49.67,8.29,élevé,26.3,71.6,4548.4,True,0.61,0.34,0.14,21.4,10.5
1,Centre Hospitalier Régional de Dakar,Dakar,Dakar,553,518,2024-11-26,67,64,495,5,58,470,56,1.51,Choléra,46,2,69.9,14.23,modéré,30.5,48.9,3643.1,False,0.41,0.54,0.12,88.5,58.3
1,Centre Hospitalier Régional de Dakar,Dakar,Dakar,553,518,2024-11-27,51,12,516,1,37,485,50,3.25,Dengue,102,1,43.72,7.27,élevé,30.7,68.9,3793.8,True,0.81,0.37,0.18,167.7,10.5
1,Centre Hospitalier Régional de Dakar,Dakar,Dakar,553,518,2024-11-28,56,78,410,1,143,499,43,3.74,Dengue,39,10,44.15,24.81,modéré,28.5,82.7,1521.1,False,0.87,0.71,0.02,106.5,58.0
1,Centre Hospitalier Régional de Dakar,Dakar,Dakar,553,518,2024-11-29,13,87,39,10,514,486,0,2.6,Paludisme,93,8,44.44,11.75,élevé,38.2,72.5,2839.9,True,0.92,0.86,0.12,151.1,25.4
1,Centre Hospitalier Régional de Dakar,Dakar,Dakar,553,518,2024-11-30,89,35,505,1,48,501,4,1.7,Grippe,50,8,42.84,22.34,modéré,33.3,55.7,1627.3,False,0.34,0.92,0.05,116.1,54.6
1,Centre Hospitalier Régional de Dakar,Dakar,Dakar,553,518,2024-12-01,51,50,96,3,457,506,19,2.17,Dengue,69,5,47.89,11.81,modéré,33.1,50.8,3669.2,False,0.64,0.68,0.06,113.1,27.9
1,Centre Hospitalier Régional de Dakar,Dakar,Dakar,553,518,2024-12-02,63,48,221,9,332,513,26,2.93,Dengue,80,0,76.56,3.65,élevé,31.6,48.0,1706.9,False,0.8,0.67,0.08,122.5,50.1
1,Centre Hospitalier Régional de Dakar,Dakar,Dakar,553,518,2024-12-03,17,50,120,7,433,468,26,0.52,Choléra,83,10,92.79,14.16,élevé,32.1,44.4,902.5,True,0.35,0.6,0.04,148.5,26.5
1,Centre Hospitalier Régional de Dakar,Dakar,Dakar,553,518,2024-12-04,68,89,288,21,265,474,58,2.1,Covid-19,35,9,49.86,1.23,modéré,24.9,40.5,2817.9,False,0.34,0.48,0.15,47.2,23.6
1,Centre Hospitalier Régional de Dakar,Dakar,Dakar,553,518,2024-12-05,28,72,340,3,213,492,35,1.65,Choléra,60,10,65.05,26.07,modéré,29.1,76.4,844.4,False,0.54,0.78,0.06,8.2,33.4
1,Centre Hospitalier Régional de Dakar,Dakar,Dakar,553,518,2024-12-06,41,65,153,22,400,473,16,1.67,Choléra,15,0,30.84,10.14,faible,22.4,41.8,4631.1,False,0.44,0.72,0.1,38.9,50.5
1,Centre Hospitalier Régional de Dakar,Dakar,Dakar,553,518,2024-12-07,21,57,224,14,329,476,50,3.7,Dengue,45,3,34.61,17.32,modéré,30.9,82.0,4860.2,False,0.95,0.92,0.12,62.8,32.8
1,Centre Hospitalier Régional de Dakar,Dakar,Dakar,553,518,2024-12-08,46,66,45,16,508,472,21,3.69,Choléra,107,6,72.31,3.97,élevé,38.6,85.2,2208.0,True,0.52,0.7,0.0,106.4,18.0
1,Centre Hospitalier Régional de Dakar,Dakar,Dakar,553,518,2024-12-09,46,41,299,0,254,471,60,1.32,Covid-19,94,0,55.62,15.44,élevé,28.9,83.7,3257.2,True,0.22,0.42,0.03,81.4,32.1
1,Centre Hospitalier Régional de Dakar,Dakar,Dakar,553,518,2024-12-10,24,22,419,5,134,495,34,1.71,Dengue,2,5,54.99,5.52,faible,25.4,65.3,3661.5,False,0.24,0.83,0.04,54.3,40.6
1,Centre Hospitalier Régional de Dakar,Dakar,Dakar,553,518,2024-12-11,94,81,334,22,219,487,34,2.29,Grippe,36,1,46.98,26.62,modéré,25.8,40.2,1220.3,False,0.32,0.98,0.01,177.8,29.9
1,Centre Hospitalier Régional de Dakar,Dakar,Dakar,553,518,2024-12-12,50,74,232,6,321,491,29,0.5,Dengue,94,5,90.76,3.2,élevé,27.8,53.1,306.0,True,0.64,0.7,0.18,137.1,23.6
1,Centre Hospitalier Régional de Dakar,Dakar,Dakar,553,518,2024-12-13,21,59,191,14,362,495,3,0.34,Paludisme,13,7,94.46,11.04,faible,32.6,68.2,2216.6,False,0.54,0.9,0.13,138.7,31.4
1,Centre Hospitalier Régional de Dakar,Dakar,Dakar,553,518,2024-12-14,59,33,498,15,55,500,39,1.64,Dengue,72,7,51.2,6.87,modéré,22.2,62.7,4787.0,False,0.3,0.44,0.02,68.3,46.1
1,Centre Hospitalier Régional de Dakar,Dakar,Dakar,553,518,2024-12-15,88,67,163,13,390,495,54,3.24,Dengue,74,3,30.87,14.14,modéré,34.4,76.2,3096.0,False,0.92,0.56,0.01,155.8,30.7
1,Centre Hospitalier Régional de Dakar,Dakar,Dakar,553,518,2024-07-19,66,57,81,10,472,468,22,2.49,Paludisme,92,9,57.47,2.39,élevé,31.3,60.4,457.5,True,0.4,0.74,0.03,57.0,37.5
1,Centre Hospitalier Régional de Dakar,Dakar,Dakar,553,518,2024-07-20,100,60,308,19,245,492,40,2.89,Paludisme,83,6,88.63,18.75,élevé,34.4,70.3,996.9,True,0.83,0.81,0.18,93.3,48.0
1,Centre Hospitalier Régional de Dakar,Dakar,Dakar,553,518,2024-07-21,42,23,147,17,406,511,47,1.05,Choléra,63,3,70.96,7.12,modéré,32.2,59.7,2951.1,False,0.76,0.42,0.05,140.1,30.5
1,Centre Hospitalier Régional de Dakar,Dakar,Dakar,553,518,2024-07-22,64,50,169,1,384,492,0,0.21,Dengue,8,6,36.54,13.33,faible,38.4,55.4,4641.8,False,0.74,0.58,0.04,81.4,37.5
1,Centre Hospitalier Régional de Dakar,Dakar,Dakar,553,518,2024-07-23,85,36,552,2,1,497,12,3.22,Choléra,78,7,64.66,29.34,modéré,33.0,53.0,1681.5,False,0.21,0.91,0.12,136.4,19.8
1,Centre Hospitalier Régional de Dakar,Dakar,Dakar,553,518,2024-07-24,18,46,316,9,237,513,33,3.19,Dengue,35,9,45.9,14.1,modéré,28.0,44.4,106.5,False,0.4,0.84,0.07,88.4,13.1
1,Centre Hospitalier Régional de Dakar,Dakar,Dakar,553,518,2024-07-25,81,40,425,23,128,494,39,0.31,Covid-19,12,6,76.6,5.6,faible,22.5,65.4,3280.2,False,0.26,0.62,0.07,119.7,3.7
1,Centre Hospitalier Régional de Dakar,Dakar,Dakar,553,518,2024-07-26,41,61,545,2,8,496,44,0.97,Paludisme,29,9,73.68,28.69,faible,22.2,80.6,761.2,False,0.23,0.66,0.11,104.5,53.3
1,Centre Hospitalier Régional de Dakar,Dakar,Dakar,553,518,2024-07-27,16,52,376,24,177,489,58,2.82,Paludisme,13,7,60.06,3.95,faible,38.9,48.7,1584.1,False,0.66,0.48,0.06,72.0,59.1
1,Centre Hospitalier Régional de Dakar,Dakar,Dakar,553,518,2024-07-28,93,61,170,16,383,509,18,3.76,Grippe,107,6,45.35,21.22,élevé,23.8,82.3,1303.9,True,0.93,0.34,0.16,162.9,21.1
1,Centre Hospitalier Régional de Dakar,Dakar,Dakar,553,518,2024-07-29,98,10,142,25,411,507,14,3.11,Dengue,70,5,78.22,1.24,modéré,35.4,42.6,1058.5,False,0.73,0.64,0.11,177.3,35.9
1,Centre Hospitalier Régional de Dakar,Dakar,Dakar,553,518,2024-07-30,80,57,165,0,388,491,17,0.35,Grippe,90,8,91.99,11.34,élevé,27.1,46.3,3742.9,True,0.9,0.32,0.16,54.8,6.3
1,Centre Hospitalier Régional de Dakar,Dakar,Dakar,553,518,2024-07-31,16,21,550,22,3,477,59,3.22,Paludisme,58,8,73.83,21.33,modéré,25.4,89.5,2528.6,False,0.5,0.93,0.11,57.8,48.7
1,Centre Hospitalier Régional de Dakar,Dakar,Dakar,553,518,2024-08-01,66,48,284,22,269,478,22,3.86,Paludisme,104,7,42.59,16.94,élevé,29.7,83.9,624.3,True,0.86,0.88,0.13,155.7,22.4
1,Centre Hospitalier Régional de Dakar,Dakar,Dakar,553,518,2024-08-02,71,51,316,17,237,514,23,0.41,Covid-19,6,5,33.27,5.91,faible,34.1,72.9,2606.9,False,0.49,0.3,0.06,144.0,49.5
1,Centre Hospitalier Régional de Dakar,Dakar,Dakar,553,518,2024-08-03,31,46,538,6,15,505,26,3.44,Choléra,43,0,64.79,28.46,modéré,35.5,52.5,2878.5,False,0.55,0.63,0.17,11.6,39.6
1,Centre Hospitalier Régional de Dakar,Dakar,Dakar,553,518,2024-08-04,33,10,247,20,306,497,36,2.05,Dengue,96,7,54.47,1.15,élevé,36.5,77.0,4840.9,True,0.97,0.37,0.18,88.4,56.0
1,Centre Hospitalier Régional de Dakar,Dakar,Dakar,553,518,2024-08-05,83,39,282,4,271,473,17,1.03,Covid-19,14,1,73.93,28.26,faible,24.3,49.8,1568.9,False,0.65,0.32,0.04,161.0,7.2
1,Centre Hospitalier Régional de Dakar,Dakar,Dakar,553,518,2024-08-06,54,89,242,16,311,485,59,0.65,Grippe,14,8,94.72,20.49,faible,31.0,43.8,3592.0,False,0.22,0.56,0.01,34.3,58.0
1,Centre Hospitalier Régional de Dakar,Dakar,Dakar,553,518,2024-08-07,85,7,264,14,289,516,31,3.22,Grippe,80,2,42.77,17.72,élevé,30.3,40.3,2777.1,False,0.66,0.68,0.08,130.5,32.0
1,Centre Hospitalier Régional de Dakar,Dakar,Dakar,553,518,2024-08-08,92,60,435,17,118,506,22,1.38,Dengue,17,9,58.05,25.73,faible,28.6,87.3,3933.3,False,0.61,0.91,0.04,61.9,23.3
1,Centre Hospitalier Régional de Dakar,Dakar,Dakar,553,518,2024-08-09,67,19,444,14,109,468,23,1.78,Paludisme,52,2,79.05,2.17,modéré,34.0,73.4,1264.2,False,1.0,0.55,0.2,92.5,18.3
1,Centre Hospitalier Régional de Dakar,Dakar,Dakar,553,518,2024-08-10,29,60,71,1,482,486,35,0.98,Grippe,93,5,40.38,14.37,élevé,32.5,44.1,217.5,True,0.44,0.83,0.04,12.0,30.9
1,Centre Hospitalier Régional de Dakar,Dakar,Dakar,553,518,2024-08-11,99,19,457,11,96,471,34,2.38,Choléra,108,5,70.79,28.65,élevé,37.2,88.7,3181.3,True,0.29,0.33,0.09,68.4,9.5
1,Centre Hospitalier Régional de Dakar,Dakar,Dakar,553,518,2024-08-12,34,41,27,5,526,507,5,0.27,Choléra,104,6,88.82,2.04,élevé,26.0,43.2,2532.7,True,0.5,0.74,0.17,54.7,36.5
1,Centre Hospitalier Régional de Dakar,Dakar,Dakar,553,518,2024-08-13,49,70,126,1,427,513,23,0.38,Choléra,15,1,70.54,12.37,faible,35.1,66.1,473.7,False,0.75,0.38,0.02,31.3,44.4
1,Centre Hospitalier Régional de Dakar,Dakar,Dakar,553,518,2024-08-14,77,73,552,18,1,500,17,3.36,Paludisme,52,4,74.38,5.81,modéré,36.0,47.4,3685.9,False,0.7,0.76,0.14,19.0,19.8
1,Centre Hospitalier Régional de Dakar,Dakar,Dakar,553,518,2024-08-15,30,40,391,18,162,500,9,0.79,Paludisme,20,7,38.73,23.69,faible,27.4,72.0,4578.3,False,0.83,0.58,0.03,57.6,36.5
1,Centre Hospitalier Régional de Dakar,Dakar,Dakar,553,518,2024-08-16,79,6,380,5,173,493,4,3.92,Covid-19,94,8,34.16,22.32,élevé,32.1,77.6,1800.6,True,0.83,0.89,0.07,89.5,36.0
1,Centre Hospitalier Régional de Dakar,Dakar,Dakar,553,518,2024-08-17,55,73,430,18,123,499,37,2.0,Grippe,72,1,45.67,9.73,modéré,35.1,46.2,4165.2,False,0.44,0.7,0.06,162.7,49.6
1,Centre Hospitalier Régional de Dakar,Dakar,Dakar,553,518,2024-08-18,78,50,153,21,400,497,44,1.9,Covid-19,68,8,73.67,7.34,modéré,31.4,48.6,3555.6,False,0.88,0.66,0.15,17.0,30.9
1,Centre Hospitalier Régional de Dakar,Dakar,Dakar,553,518,2024-08-19,53,30,168,22,385,493,6,0.69,Choléra,110,5,47.04,6.52,élevé,23.7,82.4,4872.5,True,0.77,0.67,0.03,49.8,59.5
1,Centre Hospitalier Régional de Dakar,Dakar,Dakar,553,518,2024-08-20,73,51,20,22,533,507,40,0.59,Choléra,40,3,74.01,29.51,modéré,35.6,55.7,1571.3,False,0.51,0.87,0.07,31.4,13.7
1,Centre Hospitalier Régional de Dakar,Dakar,Dakar,553,518,2024-08-21,75,61,177,2,376,474,9,3.92,Covid-19,36,1,88.84,23.04,modéré,23.5,89.3,1170.6,False,0.44,0.83,0.1,75.5,8.8
1,Centre Hospitalier Régional de Dakar,Dakar,Dakar,553,518,2024-08-22,66,69,476,15,77,471,11,1.78,Dengue,85,4,90.37,18.89,élevé,23.9,82.8,4910.5,True,0.54,0.3,0.06,63.3,54.7
1,Centre Hospitalier Régional de Dakar,Dakar,Dakar,553,518,2024-08-23,95,44,224,0,329,478,57,3.84,Choléra,113,7,55.78,18.35,élevé,34.5,87.4,343.3,True,0.6,0.87,0.11,77.0,13.2
1,Centre Hospitalier Régional de Dakar,Dakar,Dakar,553,518,2024-08-24,49,46,343,2,210,502,0,1.05,Paludisme,90,1,54.14,21.78,élevé,30.1,86.4,1624.4,True,0.35,0.54,0.06,169.0,18.9
1,Centre Hospitalier Régional de Dakar,Dakar,Dakar,553,518,2024-08-25,58,45,92,16,461,488,7,1.13,Covid-19,71,7,47.8,23.99,modéré,34.2,89.5,4846.8,False,0.92,0.67,0.12,22.1,3.9
1,Centre Hospitalier Régional de Dakar,Dakar,Dakar,553,518,2024-08-26,46,32,451,8,102,490,35,3.97,Covid-19,95,2,90.06,5.78,élevé,31.9,68.1,3249.6,True,0.53,0.7,0.07,71.2,58.6
1,Centre Hospitalier Régional de Dakar,Dakar,Dakar,553,518,2024-08-27,21,32,200,14,353,471,51,3.65,Grippe,75,8,51.62,25.73,modéré,32.7,77.9,4347.0,False,0.77,0.85,0.06,98.5,47.2
1,Centre Hospitalier Régional de Dakar,Dakar,Dakar,553,518,2024-08-28,54,86,444,21,109,472,51,3.46,Paludisme,55,6,63.2,24.26,modéré,29.2,87.5,4863.4,False,0.56,0.57,0.11,126.2,22.7
1,Centre Hospitalier Régional de Dakar,Dakar,Dakar,553,518,2024-08-29,76,83,149,8,404,471,6,1.78,Grippe,116,5,30.14,2.46,élevé,35.6,65.0,4927.9,True,0.51,0.65,0.11,104.1,44.5
1,Centre Hospitalier Régional de Dakar,Dakar,Dakar,553,518,2024-08-30,19,5,486,19,67,504,23,1.78,Choléra,0,2,53.52,5.31,faible,34.5,63.8,1245.2,False,0.22,0.32,0.05,57.4,13.4
1,Centre Hospitalier Régional de Dakar,Dakar,Dakar,553,518,2024-08-31,27,39,414,13,139,475,35,0.46,Choléra,58,6,45.05,24.15,modéré,36.5,72.8,1629.7,False,0.58,0.57,0.15,30.2,25.1
1,Centre Hospitalier Régional de Dakar,Dakar,Dakar,553,518,2024-09-01,99,45,325,2,228,500,7,2.58,Dengue,0,10,54.26,5.42,faible,23.9,81.0,4611.6,False,0.67,0.34,0.12,57.5,44.5
1,Centre Hospitalier Régional de Dakar,Dakar,Dakar,553,518,2024-09-02,84,19,318,20,235,469,34,2.73,Covid-19,120,7,63.53,3.76,élevé,24.6,64.9,4338.2,True,0.82,0.34,0.11,103.7,27.0
1,Centre Hospitalier Régional de Dakar,Dakar,Dakar,553,518,2024-09-03,50,70,410,6,143,514,24,2.7,Grippe,76,4,87.0,21.61,modéré,34.3,72.6,870.4,False,0.54,0.8,0.19,153.5,19.1
1,Centre Hospitalier Régional de Dakar,Dakar,Dakar,553,518,2024-09-04,74,56,152,23,401,471,17,2.13,Dengue,83,10,92.95,16.5,élevé,38.2,75.9,1554.9,True,0.22,0.74,0.13,31.3,14.3
1,Centre Hospitalier Régional de Dakar,Dakar,Dakar,553,518,2024-09-05,29,54,119,3,434,489,30,3.04,Covid-19,5,2,66.73,27.96,faible,30.1,75.7,947.1,False,0.33,0.46,0.14,133.5,33.6
1,Centre Hospitalier Régional de Dakar,Dakar,Dakar,553,518,2024-09-06,17,48,223,23,330,495,1,2.36,Covid-19,41,6,39.8,8.06,modéré,28.0,86.7,1795.1,False,0.55,0.61,0.02,59.7,41.7
14,Centre Hospitalier Régional de Ziguinchor,Ziguinchor,Ziguinchor,755,393,2024-12-08,74,40,552,24,203,387,13,3.84,Paludisme,12,7,89.35,18.73,faible,35.9,73.6,1447.0,False,0.78,0.36,0.05,178.2,42.1
14,Centre Hospitalier Régional de Ziguinchor,Ziguinchor,Ziguinchor,755,393,2024-12-09,98,82,697,7,58,374,33,3.01,Dengue,31,5,75.83,5.98,modéré,26.4,42.9,2629.4,False,0.92,0.57,0.15,125.0,18.1
14,Centre Hospitalier Régional de Ziguinchor,Ziguinchor,Ziguinchor,755,393,2024-12-10,47,60,503,24,252,371,40,0.66,Paludisme,118,4,90.62,24.68,élevé,29.5,41.0,1785.6,True,0.69,0.69,0.2,122.2,12.2
14,Centre Hospitalier Régional de Ziguinchor,Ziguinchor,Ziguinchor,755,393,2024-12-11,32,46,302,7,453,350,48,0.81,Grippe,116,6,93.58,3.63,élevé,27.4,62.4,4381.1,True,0.23,0.84,0.19,40.6,6.4
14,Centre Hospitalier Régional de Ziguinchor,Ziguinchor,Ziguinchor,755,393,2024-12-12,65,77,286,15,469,380,58,1.81,Dengue,70,3,85.08,27.94,modéré,37.5,53.1,3498.2,False,0.28,0.35,0.06,155.0,51.6
14,Centre Hospitalier Régional de Ziguinchor,Ziguinchor,Ziguinchor,755,393,2024-12-13,80,45,228,22,527,393,9,2.45,Choléra,107,3,64.36,8.26,élevé,31.7,48.4,3089.6,True,0.74,0.41,0.14,14.1,50.5
14,Centre Hospitalier Régional de Ziguinchor,Ziguinchor,Ziguinchor,755,393,2024-12-14,27,88,207,2,548,353,55,0.86,Paludisme,63,9,82.72,21.65,modéré,30.1,85.2,4739.5,False,0.26,0.33,0.12,161.5,50.9
14,Centre Hospitalier Régional de Ziguinchor,Ziguinchor,Ziguinchor,755,393,2024-12-15,27,63,285,16,470,369,18,3.56,Covid-19,71,7,32.67,25.28,modéré,25.9,76.7,1653.8,False,0.43,0.8,0.01,95.9,57.5
14,Centre Hospitalier Régional de Ziguinchor,Ziguinchor,Ziguinchor,755,393,2024-12-16,23,72,657,20,98,390,37,3.96,Covid-19,31,2,63.61,11.56,modéré,32.7,47.8,1947.9,False,0.77,0.75,0.09,129.0,21.4
14,Centre Hospitalier Régional de Ziguinchor,Ziguinchor,Ziguinchor,755,393,2024-12-17,16,51,684,24,71,391,19,3.3,Grippe,15,8,58.32,6.74,faible,22.4,69.3,1189.4,False,0.39,0.67,0.07,69.6,39.8
14,Centre Hospitalier Régional de Ziguinchor,Ziguinchor,Ziguinchor,755,393,2024-12-18,15,36,182,11,573,390,12,2.24,Choléra,0,1,51.07,9.45,faible,26.0,69.4,1495.3,False,0.41,0.76,0.09,13.3,29.2
14,Centre Hospitalier Régional de Ziguinchor,Ziguinchor,Ziguinchor,755,393,2024-12-19,20,24,79,16,676,343,56,2.44,Paludisme,36,7,83.02,13.84,modéré,28.4,76.0,4862.1,False,0.92,0.64,0.06,129.6,6.3
14,Centre Hospitalier Régional de Ziguinchor,Ziguinchor,Ziguinchor,755,393,2024-12-20,74,83,287,0,468,353,33,1.55,Dengue,111,3,39.7,18.33,élevé,38.1,54.1,854.6,True,0.42,0.39,0.16,36.1,19.4
14,Centre Hospitalier Régional de Ziguinchor,Ziguinchor,Ziguinchor,755,393,2024-12-21,90,20,574,4,181,381,56,2.09,Covid-19,94,5,57.2,6.42,élevé,33.1,47.5,373.2,True,0.25,0.87,0.19,25.5,32.6
14,Centre Hospitalier Régional de Ziguinchor,Ziguinchor,Ziguinchor,755,393,2024-12-22,64,46,607,12,148,354,12,0.23,Covid-19,47,5,89.32,11.17,modéré,25.4,59.3,2135.7,False,0.96,0.54,0.01,95.2,51.6
14,Centre Hospitalier Régional de Ziguinchor,Ziguinchor,Ziguinchor,755,393,2024-12-23,33,90,549,13,206,365,43,1.18,Grippe,94,3,92.53,6.33,élevé,32.8,64.3,1747.5,True,0.81,0.78,0.06,163.7,59.6
14,Centre Hospitalier Régional de Ziguinchor,Ziguinchor,Ziguinchor,755,393,2024-12-24,72,71,43,19,712,349,39,3.58,Grippe,19,5,47.36,19.02,faible,24.8,66.6,1495.9,False,0.47,0.64,0.07,66.6,35.1
14,Centre Hospitalier Régional de Ziguinchor,Ziguinchor,Ziguinchor,755,393,2024-12-25,37,49,395,9,360,366,4,2.17,Dengue,5,3,83.54,7.15,faible,34.3,79.7,2545.2,False,0.77,0.82,0.1,71.7,13.9
14,Centre Hospitalier Régional de Ziguinchor,Ziguinchor,Ziguinchor,755,393,2024-12-26,40,40,654,18,101,370,37,3.05,Dengue,44,6,48.4,22.63,modéré,26.3,64.9,2619.3,False,0.21,0.98,0.09,100.8,10.7
14,Centre Hospitalier Régional de Ziguinchor,Ziguinchor,Ziguinchor,755,393,2024-12-27,12,25,195,20,560,386,54,0.1,Choléra,110,4,49.08,20.62,élevé,22.3,67.8,2485.8,True,0.74,0.9,0.01,65.9,41.7
14,Centre Hospitalier Régional de Ziguinchor,Ziguinchor,Ziguinchor,755,393,2024-12-28,58,45,651,21,104,348,17,2.29,Grippe,70,3,48.97,1.44,modéré,33.3,72.1,2328.9,False,0.83,0.97,0.2,168.5,32.3
14,Centre Hospitalier Régional de Ziguinchor,Ziguinchor,Ziguinchor,755,393,2024-12-29,60,24,70,4,685,381,37,1.85,Covid-19,76,2,70.16,9.82,modéré,29.8,60.1,520.1,False,0.29,0.37,0.01,63.8,39.4
14,Centre Hospitalier Régional de Ziguinchor,Ziguinchor,Ziguinchor,755,393,2024-12-30,100,19,171,7,584,374,0,3.97,Choléra,19,3,61.77,24.74,faible,25.3,72.1,2408.1,False,0.44,0.43,0.08,64.0,48.0
14,Centre Hospitalier Régional de Ziguinchor,Ziguinchor,Ziguinchor,755,393,2024-12-31,90,54,405,16,350,359,47,2.14,Choléra,88,1,35.37,28.76,élevé,26.3,74.3,4074.5,True,0.23,0.92,0.01,118.7,51.8
