hospital_id,hospital_name,region,city,capacity_beds,capacity_staff,date,patients_admitted,patients_released,patients_in_care,icu_patients,available_beds,available_staff,emergency_cases,mortality_rate,disease_name,new_cases,new_deaths,vaccination_rate,test_positivity_rate,risk_level,temperature_c,humidity_percent,population_density,public_alert,region_mobility_index,medical_supplies_index,staff_absence_rate,avg_wait_time_minutes,response_time_minutes
8,Centre Hospitalier Régional de Saint-Louis,Saint-Louis,Saint-Louis,540,387,2024-07-07,12,27,170,9,370,357,44,0.53,Dengue,21,9,52.01,23.14,faible,27.6,48.8,1928.2,False,0.69,0.61,0.2,154.4,40.9
8,Centre Hospitalier Régional de Saint-Louis,Saint-Louis,Saint-Louis,540,387,2024-07-08,61,31,116,10,424,337,34,3.45,Choléra,12,7,49.13,5.8,faible,35.1,89.3,2857.8,False,0.82,0.71,0.03,28.4,22.2
8,Centre Hospitalier Régional de Saint-Louis,Saint-Louis,Saint-Louis,540,387,2024-07-09,24,22,435,14,105,354,40,1.32,Paludisme,35,9,34.43,9.24,modéré,37.6,51.4,2154.8,False,0.39,0.6,0.01,123.2,8.2
8,Centre Hospitalier Régional de Saint-Louis,Saint-Louis,Saint-Louis,540,387,2024-07-10,74,54,406,3,134,340,6,3.71,Covid-19,38,6,38.47,15.78,modéré,32.7,82.5,3158.7,False,0.83,0.84,0.16,109.8,45.3
8,Centre Hospitalier Régional de Saint-Louis,Saint-Louis,Saint-Louis,540,387,2024-07-11,90,55,382,22,158,374,59,0.28,Grippe,72,7,53.1,18.73,modéré,32.8,51.1,939.6,False,0.85,0.94,0.1,87.2,48.9
8,Centre Hospitalier Régional de Saint-Louis,Saint-Louis,Saint-Louis,540,387,2024-07-12,31,68,280,3,260,344,33,1.44,Paludisme,26,4,38.19,14.58,faible,38.4,86.1,540.8,False,0.96,0.9,0.13,83.1,39.0
8,Centre Hospitalier Régional de Saint-Louis,Saint-Louis,Saint-Louis,540,387,2024-07-13,56,7,489,1,51,381,26,2.17,Dengue,35,3,67.19,14.05,modéré,36.8,52.1,3974.3,False,0.35,0.77,0.15,107.4,34.5
8,Centre Hospitalier Régional de Saint-Louis,Saint-Louis,Saint-Louis,540,387,2024-07-14,34,59,497,5,43,339,59,1.73,Grippe,63,5,46.71,11.81,modéré,28.9,55.1,2129.7,False,0.75,0.42,0.12,113.1,25.4
8,Centre Hospitalier Régional de Saint-Louis,Saint-Louis,Saint-Louis,540,387,2024-07-15,52,29,467,23,73,387,6,1.47,Choléra,113,9,48.88,23.86,élevé,35.1,71.8,3225.6,True,0.39,0.62,0.15,146.5,35.7
8,Centre Hospitalier Régional de Saint-Louis,Saint-Louis,Saint-Louis,540,387,2024-07-16,99,61,180,21,360,351,11,3.63,Paludisme,43,10,89.8,19.88,modéré,27.4,62.0,823.4,False,0.55,0.62,0.14,149.4,12.3
8,Centre Hospitalier Régional de Saint-Louis,Saint-Louis,Saint-Louis,540,387,2024-07-17,51,71,78,10,462,380,19,0.34,Covid-19,51,1,36.24,3.19,modéré,25.2,60.6,2741.8,False,0.63,0.97,0.04,157.4,7.0
8,Centre Hospitalier Régional de Saint-Louis,Saint-Louis,Saint-Louis,540,387,2024-07-18,48,63,378,13,162,367,25,2.31,Paludisme,63,3,33.06,12.34,modéré,37.9,59.6,1998.3,False,0.21,0.92,0.09,63.1,14.6
8,Centre Hospitalier Régional de Saint-Louis,Saint-Louis,Saint-Louis,540,387,2024-07-19,72,36,209,18,331,337,35,1.68,Paludisme,61,5,61.62,20.94,modéré,24.7,88.7,3825.5,False,0.62,0.56,0.11,157.1,42.6
8,Centre Hospitalier Régional de Saint-Louis,Saint-Louis,Saint-Louis,540,387,2024-07-20,86,85,137,0,403,382,12,0.87,Grippe,105,7,72.1,18.34,élevé,25.0,81.9,2699.5,True,0.89,0.55,0.18,38.3,31.5
8,Centre Hospitalier Régional de Saint-Louis,Saint-Louis,Saint-Louis,540,387,2024-07-21,45,83,189,1,351,349,0,2.7,Covid-19,4,9,76.98,9.43,faible,37.6,49.6,2080.4,False,0.7,0.55,0.07,34.3,34.7
8,Centre Hospitalier Régional de Saint-Louis,Saint-Louis,Saint-Louis,540,387,2024-07-22,92,21,71,17,469,387,36,2.47,Covid-19,35,5,73.01,12.15,modéré,23.3,46.7,3369.1,False,0.42,0.87,0.15,87.5,18.0
8,Centre Hospitalier Régional de Saint-Louis,Saint-Louis,Saint-Louis,540,387,2024-07-23,75,88,45,14,495,386,38,3.15,Dengue,81,7,89.4,21.22,élevé,35.5,65.0,3480.1,True,0.25,0.84,0.11,9.2,13.8
8,Centre Hospitalier Régional de Saint-Louis,Saint-Louis,Saint-Louis,540,387,2024-07-24,72,56,490,7,50,373,39,0.54,Covid-19,43,5,39.79,10.04,modéré,31.7,73.5,723.6,False,0.39,0.35,0.09,152.3,54.6
8,Centre Hospitalier Régional de Saint-Louis,Saint-Louis,Saint-Louis,540,387,2024-07-25,71,6,188,19,352,362,45,1.59,Choléra,46,7,76.02,29.26,modéré,33.6,82.0,1115.8,False,0.59,0.43,0.12,119.9,56.7
8,Centre Hospitalier Régional de Saint-Louis,Saint-Louis,Saint-Louis,540,387,2024-07-26,99,84,346,9,194,357,44,3.61,Choléra,81,1,32.64,2.43,élevé,33.0,65.1,4391.6,True,0.78,0.78,0.09,117.6,14.3
8,Centre Hospitalier Régional de Saint-Louis,Saint-Louis,Saint-Louis,540,387,2024-07-27,88,25,433,18,107,356,28,3.98,Covid-19,50,2,45.49,15.01,modéré,36.5,43.0,4831.0,False,0.39,0.74,0.07,87.4,24.6
8,Centre Hospitalier Régional de Saint-Louis,Saint-Louis,Saint-Louis,540,387,2024-07-28,47,8,471,8,69,347,7,2.46,Covid-19,116,1,36.01,3.32,élevé,30.8,76.4,2632.5,True,0.69,0.93,0.12,80.3,55.6
8,Centre Hospitalier Régional de Saint-Louis,Saint-Louis,Saint-Louis,540,387,2024-07-29,37,61,471,19,69,366,50,1.21,Grippe,100,9,85.51,24.51,élevé,35.3,56.1,1461.8,True,0.29,0.99,0.08,56.2,45.8
8,Centre Hospitalier Régional de Saint-Louis,Saint-Louis,Saint-Louis,540,387,2024-07-30,19,41,519,19,21,380,20,1.05,Paludisme,19,3,93.85,8.16,faible,22.9,60.7,3642.9,False,0.63,0.72,0.07,132.5,7.6
8,Centre Hospitalier Régional de Saint-Louis,Saint-Louis,Saint-Louis,540,387,2024-07-31,27,42,77,10,463,348,3,2.05,Grippe,8,2,56.16,10.82,faible,26.3,84.0,1828.5,False,0.99,0.8,0.07,63.6,40.2
8,Centre Hospitalier Régional de Saint-Louis,Saint-Louis,Saint-Louis,540,387,2024-08-01,92,48,530,5,10,354,39,3.81,Grippe,41,9,86.44,28.71,modéré,28.8,72.6,3266.9,False,0.41,0.47,0.05,162.2,28.6
8,Centre Hospitalier Régional de Saint-Louis,Saint-Louis,Saint-Louis,540,387,2024-08-02,26,42,255,0,285,362,19,0.17,Paludisme,86,0,42.75,23.73,élevé,35.8,48.7,3715.0,True,0.71,0.8,0.02,28.4,36.5
8,Centre Hospitalier Régional de Saint-Louis,Saint-Louis,Saint-Louis,540,387,2024-08-03,43,81,266,6,274,359,14,0.11,Choléra,48,2,50.39,6.22,modéré,37.7,63.9,530.3,False,0.53,0.81,0.18,178.3,39.3
8,Centre Hospitalier Régional de Saint-Louis,Saint-Louis,Saint-Louis,540,387,2024-08-04,89,48,223,14,317,353,41,2.98,Choléra,51,10,46.0,19.84,modéré,22.7,76.4,2336.9,False,0.37,0.6,0.12,124.3,24.7
8,Centre Hospitalier Régional de Saint-Louis,Saint-Louis,Saint-Louis,540,387,2024-08-05,39,52,118,14,422,364,51,2.61,Choléra,120,2,51.34,12.66,élevé,37.3,78.7,1837.6,True,0.5,0.44,0.12,100.4,30.1
8,Centre Hospitalier Régional de Saint-Louis,Saint-Louis,Saint-Louis,540,387,2024-08-06,66,22,158,11,382,343,13,2.02,Choléra,57,4,90.75,18.09,modéré,22.8,74.6,3446.2,False,0.41,0.39,0.03,111.0,50.1
8,Centre Hospitalier Régional de Saint-Louis,Saint-Louis,Saint-Louis,540,387,2024-08-07,88,18,458,15,82,386,49,0.49,Covid-19,101,2,58.99,23.2,élevé,26.6,59.0,122.3,True,0.73,0.35,0.1,114.2,57.4
8,Centre Hospitalier Régional de Saint-Louis,Saint-Louis,Saint-Louis,540,387,2024-08-08,19,61,251,20,289,378,17,1.16,Choléra,59,7,33.61,21.55,modéré,35.0,81.2,1884.0,False,0.98,0.31,0.19,100.9,38.5
8,Centre Hospitalier Régional de Saint-Louis,Saint-Louis,Saint-Louis,540,387,2024-08-09,64,17,354,6,186,387,33,1.38,Paludisme,96,2,90.28,20.58,élevé,25.8,84.8,4528.0,True,0.38,0.88,0.14,10.9,29.1
8,Centre Hospitalier Régional de Saint-Louis,Saint-Louis,Saint-Louis,540,387,2024-08-10,78,78,100,24,440,363,10,3.97,Grippe,55,8,79.85,25.3,modéré,32.4,75.2,961.6,False,0.24,0.64,0.2,128.0,11.4
8,Centre Hospitalier Régional de Saint-Louis,Saint-Louis,Saint-Louis,540,387,2024-08-11,57,64,208,24,332,371,21,0.91,Dengue,115,4,77.21,23.55,élevé,35.0,79.0,2143.8,True,0.71,0.6,0.08,113.5,59.1
8,Centre Hospitalier Régional de Saint-Louis,Saint-Louis,Saint-Louis,540,387,2024-08-12,98,43,130,4,410,341,59,1.41,Covid-19,71,4,87.29,21.94,modéré,28.7,49.1,4546.9,False,0.36,0.3,0.16,139.9,34.9
8,Centre Hospitalier Régional de Saint-Louis,Saint-Louis,Saint-Louis,540,387,2024-08-13,91,60,402,25,138,366,33,3.17,Choléra,0,2,79.72,24.71,faible,24.5,64.2,887.9,False,0.66,0.71,0.01,142.1,19.9
8,Centre Hospitalier Régional de Saint-Louis,Saint-Louis,Saint-Louis,540,387,2024-08-14,66,81,264,5,276,387,29,3.72,Covid-19,93,8,59.22,1.33,élevé,29.9,81.2,3764.3,True,0.39,0.43,0.15,48.6,29.0
8,Centre Hospitalier Régional de Saint-Louis,Saint-Louis,Saint-Louis,540,387,2024-08-15,58,90,295,22,245,377,6,0.24,Covid-19,46,1,84.19,5.89,modéré,35.1,75.5,1888.5,False,0.65,0.49,0.09,119.6,31.2
8,Centre Hospitalier Régional de Saint-Louis,Saint-Louis,Saint-Louis,540,387,2024-08-16,11,45,177,22,363,378,14,1.17,Choléra,91,2,91.98,4.49,élevé,23.1,69.5,2023.7,True,0.23,0.53,0.19,49.5,22.7
8,Centre Hospitalier Régional de Saint-Louis,Saint-Louis,Saint-Louis,540,387,2024-08-17,92,71,409,19,131,366,41,0.45,Paludisme,4,6,49.17,6.84,faible,37.6,72.0,4234.7,False,0.48,0.38,0.17,135.0,37.3
8,Centre Hospitalier Régional de Saint-Louis,Saint-Louis,Saint-Louis,540,387,2024-08-18,94,73,508,13,32,350,56,3.61,Covid-19,49,10,74.82,7.29,modéré,34.2,60.7,1009.5,False,0.75,0.88,0.17,18.9,19.6
8,Centre Hospitalier Régional de Saint-Louis,Saint-Louis,Saint-Louis,540,387,2024-08-19,20,5,162,4,378,374,28,0.99,Covid-19,115,7,73.7,20.86,élevé,31.8,88.6,2171.3,True,0.21,0.42,0.04,112.0,13.4
8,Centre Hospitalier Régional de Saint-Louis,Saint-Louis,Saint-Louis,540,387,2024-08-20,98,34,59,9,481,374,38,2.07,Choléra,20,10,30.04,14.74,faible,33.6,47.3,4732.5,False,0.67,0.48,0.07,64.8,21.1
8,Centre Hospitalier Régional de Saint-Louis,Saint-Louis,Saint-Louis,540,387,2024-08-21,33,43,52,2,488,364,47,3.8,Paludisme,75,1,68.64,29.34,modéré,36.5,60.5,1063.6,False,0.26,0.79,0.04,130.7,51.0
8,Centre Hospitalier Régional de Saint-Louis,Saint-Louis,Saint-Louis,540,387,2024-08-22,27,32,99,19,441,372,20,1.93,Dengue,21,4,81.33,19.31,faible,37.7,61.6,1444.3,False,0.64,0.66,0.09,178.4,36.2
8,Centre Hospitalier Régional de Saint-Louis,Saint-Louis,Saint-Louis,540,387,2024-08-23,26,73,405,17,135,342,53,3.35,Grippe,96,3,93.01,6.14,élevé,26.4,69.0,556.5,True,0.94,0.97,0.17,48.0,34.5
8,Centre Hospitalier Régional de Saint-Louis,Saint-Louis,Saint-Louis,540,387,2024-08-24,72,8,214,1,326,340,47,3.4,Choléra,45,3,64.44,26.06,modéré,27.9,54.1,414.1,False,0.68,0.65,0.11,138.0,45.5
8,Centre Hospitalier Régional de Saint-Louis,Saint-Louis,Saint-Louis,540,387,2024-08-25,46,47,93,3,447,352,26,2.5,Choléra,15,10,34.44,28.55,faible,27.0,65.4,3688.4,False,0.79,0.47,0.16,144.0,24.0
8,Centre Hospitalier Régional de Saint-Louis,Saint-Louis,Saint-Louis,540,387,2024-03-29,65,60,494,11,46,376,56,3.68,Paludisme,62,5,53.25,4.32,modéré,33.6,77.5,709.0,False,0.84,0.63,0.09,171.3,12.6
8,Centre Hospitalier Régional de Saint-Louis,Saint-Louis,Saint-Louis,540,387,2024-03-30,11,38,81,6,459,348,3,0.74,Dengue,90,0,41.98,7.72,élevé,29.8,40.5,4821.9,True,0.75,0.87,0.1,117.0,59.5
8,Centre Hospitalier Régional de Saint-Louis,Saint-Louis,Saint-Louis,540,387,2024-03-31,56,58,214,22,326,341,22,1.0,Covid-19,0,6,51.78,14.93,faible,30.9,67.6,3858.9,False,0.39,0.78,0.04,108.0,22.5
8,Centre Hospitalier Régional de Saint-Louis,Saint-Louis,Saint-Louis,540,387,2024-04-01,15,34,504,19,36,359,48,2.53,Paludisme,28,9,58.17,21.34,faible,35.6,83.3,374.8,False,0.5,0.97,0.07,92.3,27.9
8,Centre Hospitalier Régional de Saint-Louis,Saint-Louis,Saint-Louis,540,387,2024-04-02,72,41,302,19,238,366,43,2.05,Paludisme,47,5,55.18,14.96,modéré,24.0,53.4,3419.9,False,0.97,0.82,0.12,131.0,32.6
8,Centre Hospitalier Régional de Saint-Louis,Saint-Louis,Saint-Louis,540,387,2024-04-03,12,20,486,19,54,376,46,3.02,Paludisme,20,0,71.42,20.3,faible,34.9,77.4,3831.4,False,0.6,0.44,0.1,175.1,34.6
8,Centre Hospitalier Régional de Saint-Louis,Saint-Louis,Saint-Louis,540,387,2024-04-04,95,11,477,11,63,363,13,2.85,Covid-19,107,9,47.74,8.58,élevé,24.1,79.3,2173.9,True,0.26,0.65,0.15,36.4,4.8
8,Centre Hospitalier Régional de Saint-Louis,Saint-Louis,Saint-Louis,540,387,2024-04-05,41,29,107,14,433,345,20,3.04,Covid-19,103,5,42.31,19.5,élevé,29.3,49.9,4111.9,True,0.92,0.74,0.16,32.7,33.7
8,Centre Hospitalier Régional de Saint-Louis,Saint-Louis,Saint-Louis,540,387,2024-04-06,100,82,382,23,158,382,21,3.65,Dengue,69,5,85.65,3.59,modéré,35.3,46.2,2413.5,False,0.6,0.34,0.0,31.8,35.7
8,Centre Hospitalier Régional de Saint-Louis,Saint-Louis,Saint-Louis,540,387,2024-04-07,85,43,489,10,51,356,1,2.01,Dengue,70,9,80.64,9.08,modéré,22.7,89.7,2401.1,False,0.45,0.73,0.07,35.0,8.5
8,Centre Hospitalier Régional de Saint-Louis,Saint-Louis,Saint-Louis,540,387,2024-04-08,28,72,82,3,458,353,41,3.09,Paludisme,30,2,80.66,7.61,modéré,33.6,86.9,4401.1,False,0.71,0.61,0.19,114.0,7.0
8,Centre Hospitalier Régional de Saint-Louis,Saint-Louis,Saint-Louis,540,387,2024-04-09,36,9,458,4,82,362,39,3.42,Paludisme,21,0,48.42,28.92,faible,25.4,74.6,4344.8,False,0.61,0.66,0.06,119.4,35.7
8,Centre Hospitalier Régional de Saint-Louis,Saint-Louis,Saint-Louis,540,387,2024-04-10,67,10,236,3,304,354,59,3.08,Paludisme,109,3,76.61,9.64,élevé,33.7,41.6,1455.8,True,0.4,0.98,0.01,99.7,58.5
8,Centre Hospitalier Régional de Saint-Louis,Saint-Louis,Saint-Louis,540,387,2024-04-11,86,78,167,20,373,341,17,3.18,Grippe,94,0,51.39,18.96,élevé,38.6,40.5,640.8,True,0.38,0.92,0.15,174.3,47.3
8,Centre Hospitalier Régional de Saint-Louis,Saint-Louis,Saint-Louis,540,387,2024-04-12,31,9,117,24,423,375,37,2.8,Grippe,63,0,30.22,5.24,modéré,29.5,51.7,1199.4,False,0.91,0.52,0.05,95.8,5.7
8,Centre Hospitalier Régional de Saint-Louis,Saint-Louis,Saint-Louis,540,387,2024-04-13,54,34,329,7,211,348,39,1.51,Grippe,64,5,37.97,12.89,modéré,32.2,74.7,1232.1,False,0.69,0.7,0.03,5.7,20.0
8,Centre Hospitalier Régional de Saint-Louis,Saint-Louis,Saint-Louis,540,387,2024-04-14,97,22,397,22,143,356,33,1.89,Covid-19,19,8,63.84,26.04,faible,32.9,62.1,2625.5,False,0.32,0.37,0.1,59.3,38.0
8,Centre Hospitalier Régional de Saint-Louis,Saint-Louis,Saint-Louis,540,387,2024-04-15,94,72,245,0,295,382,28,1.39,Dengue,69,2,49.01,6.96,modéré,37.3,52.8,3748.2,False,0.66,0.55,0.09,13.6,34.7
8,Centre Hospitalier Régional de Saint-Louis,Saint-Louis,Saint-Louis,540,387,2024-04-16,37,9,220,19,320,373,55,2.76,Choléra,43,4,77.84,18.71,modéré,36.7,55.9,2581.4,False,0.63,0.53,0.15,24.1,46.7
8,Centre Hospitalier Régional de Saint-Louis,Saint-Louis,Saint-Louis,540,387,2024-04-17,54,41,342,1,198,381,52,1.65,Grippe,115,8,82.27,15.16,élevé,25.6,71.5,2250.4,True,0.58,0.95,0.02,94.7,47.4
8,Centre Hospitalier Régional de Saint-Louis,Saint-Louis,Saint-Louis,540,387,2024-04-18,25,63,91,6,449,377,28,3.86,Covid-19,32,6,84.38,4.22,modéré,35.5,82.8,2417.2,False,0.37,0.48,0.08,58.6,23.6
8,Centre Hospitalier Régional de Saint-Louis,Saint-Louis,Saint-Louis,540,387,2024-04-19,90,31,141,17,399,351,5,0.26,Covid-19,8,3,91.24,9.43,faible,36.9,47.2,2551.7,False,0.31,0.99,0.01,119.6,55.6
8,Centre Hospitalier Régional de Saint-Louis,Saint-Louis,Saint-Louis,540,387,2024-04-20,31,44,421,21,119,340,44,2.95,Choléra,35,2,82.68,26.8,modéré,26.6,58.6,2320.5,False,0.55,0.74,0.15,110.5,33.6
8,Centre Hospitalier Régional de Saint-Louis,Saint-Louis,Saint-Louis,540,387,2024-04-21,95,72,205,11,335,379,10,3.91,Dengue,52,6,85.04,29.85,modéré,37.1,43.8,3841.2,False,0.99,0.74,0.06,119.1,38.7
8,Centre Hospitalier Régional de Saint-Louis,Saint-Louis,Saint-Louis,540,387,2024-04-22,51,82,331,8,209,382,19,1.79,Grippe,88,4,62.32,25.83,élevé,28.2,61.1,1038.6,True,0.37,0.4,0.03,164.3,19.1
8,Centre Hospitalier Régional de Saint-Louis,Saint-Louis,Saint-Louis,540,387,2024-04-23,34,66,215,8,325,382,4,3.13,Covid-19,67,3,65.99,12.03,modéré,28.3,45.1,4079.5,False,0.55,0.72,0.11,34.7,10.2
8,Centre Hospitalier Régional de Saint-Louis,Saint-Louis,Saint-Louis,540,387,2024-04-24,48,65,254,22,286,387,26,2.99,Choléra,40,3,71.06,22.86,modéré,31.3,66.2,2964.4,False,0.7,0.39,0.0,160.5,29.3
8,Centre Hospitalier Régional de Saint-Louis,Saint-Louis,Saint-Louis,540,387,2024-04-25,90,55,329,25,211,338,18,2.4,Paludisme,55,1,91.24,27.48,modéré,26.8,76.8,2055.5,False,0.36,0.89,0.13,129.1,57.1
8,Centre Hospitalier Régional de Saint-Louis,Saint-Louis,Saint-Louis,540,387,2024-04-26,47,78,171,12,369,350,37,0.35,Dengue,54,2,85.38,13.71,modéré,33.3,51.6,4957.7,False,0.9,0.98,0.01,26.7,15.5
8,Centre Hospitalier Régional de Saint-Louis,Saint-Louis,Saint-Louis,540,387,2024-04-27,67,87,303,2,237,387,46,1.44,Choléra,26,6,47.11,25.14,faible,31.4,49.3,1055.6,False,0.39,0.36,0.08,42.8,31.4
8,Centre Hospitalier Régional de Saint-Louis,Saint-Louis,Saint-Louis,540,387,2024-04-28,59,62,362,3,178,358,25,3.77,Choléra,4,9,64.84,3.21,faible,23.7,41.2,3813.4,False,0.53,0.85,0.09,78.9,51.2
8,Centre Hospitalier Régional de Saint-Louis,Saint-Louis,Saint-Louis,540,387,2024-04-29,70,55,207,14,333,353,54,0.58,Paludisme,89,7,86.82,29.77,élevé,37.9,80.1,374.8,True,0.58,0.9,0.03,163.7,39.9
8,Centre Hospitalier Régional de Saint-Louis,Saint-Louis,Saint-Louis,540,387,2024-04-30,55,71,500,7,40,381,43,2.56,Paludisme,66,3,68.81,27.02,modéré,29.6,80.4,823.5,False,0.82,0.57,0.08,106.6,24.6
8,Centre Hospitalier Régional de Saint-Louis,Saint-Louis,Saint-Louis,540,387,2024-05-01,68,34,370,12,170,360,60,2.53,Paludisme,14,8,39.41,21.02,faible,23.7,45.6,652.2,False,0.73,0.35,0.05,94.1,4.9
8,Centre Hospitalier Régional de Saint-Louis,Saint-Louis,Saint-Louis,540,387,2024-05-02,10,64,323,2,217,342,31,0.9,Paludisme,61,6,50.25,22.69,modéré,34.0,74.6,1340.5,False,0.46,0.93,0.08,105.8,14.6
8,Centre Hospitalier Régional de Saint-Louis,Saint-Louis,Saint-Louis,540,387,2024-05-03,95,46,357,22,183,381,58,3.24,Covid-19,88,10,72.47,28.72,élevé,26.4,49.9,1569.5,True,0.73,0.63,0.07,118.5,43.3
8,Centre Hospitalier Régional de Saint-Louis,Saint-Louis,Saint-Louis,540,387,2024-05-04,44,65,435,19,105,371,10,2.44,Choléra,33,4,75.33,14.6,modéré,28.6,67.9,4675.9,False,0.55,0.55,0.15,60.7,32.2
8,Centre Hospitalier Régional de Saint-Louis,Saint-Louis,Saint-Louis,540,387,2024-05-05,41,8,379,2,161,340,18,1.53,Grippe,99,8,92.44,8.54,élevé,29.1,88.1,3389.8,True,0.52,0.3,0.14,70.2,56.8
8,Centre Hospitalier Régional de Saint-Louis,Saint-Louis,Saint-Louis,540,387,2024-05-06,34,53,100,15,440,346,4,0.25,Dengue,95,8,64.08,18.43,élevé,33.6,54.8,1911.8,True,0.82,0.96,0.09,165.7,50.8
8,Centre Hospitalier Régional de Saint-Louis,Saint-Louis,Saint-Louis,540,387,2024-05-07,74,50,67,16,473,380,29,0.35,Choléra,24,0,48.86,14.97,faible,34.0,81.6,4460.5,False,0.89,0.65,0.19,131.1,23.1
8,Centre Hospitalier Régional de Saint-Louis,Saint-Louis,Saint-Louis,540,387,2024-05-08,78,53,466,22,74,341,45,2.56,Covid-19,78,5,89.0,12.43,modéré,26.5,63.5,1297.2,False,0.68,0.73,0.14,128.2,9.6
8,Centre Hospitalier Régional de Saint-Louis,Saint-Louis,Saint-Louis,540,387,2024-05-09,74,32,44,24,496,358,20,1.55,Grippe,96,2,72.1,11.49,élevé,22.3,56.5,4078.7,True,0.6,0.98,0.14,141.1,29.2
8,Centre Hospitalier Régional de Saint-Louis,Saint-Louis,Saint-Louis,540,387,2024-05-10,56,32,333,4,207,376,34,0.51,Paludisme,15,6,47.84,20.94,faible,24.9,43.6,2135.8,False,0.9,0.46,0.19,134.9,22.3
8,Centre Hospitalier Régional de Saint-Louis,Saint-Louis,Saint-Louis,540,387,2024-05-11,54,57,113,14,427,386,33,2.83,Grippe,15,10,36.14,16.7,faible,25.5,68.1,2636.0,False,0.6,0.96,0.06,68.1,30.0
8,Centre Hospitalier Régional de Saint-Louis,Saint-Louis,Saint-Louis,540,387,2024-05-12,17,60,27,4,513,346,24,1.68,Choléra,54,10,63.58,19.6,modéré,22.9,69.0,169.0,False,0.61,0.33,0.08,120.2,10.9
8,Centre Hospitalier Régional de Saint-Louis,Saint-Louis,Saint-Louis,540,387,2024-05-13,16,17,236,24,304,346,11,2.06,Dengue,66,5,38.34,26.55,modéré,31.1,71.9,2625.7,False,0.28,0.99,0.07,58.2,14.9
8,Centre Hospitalier Régional de Saint-Louis,Saint-Louis,Saint-Louis,540,387,2024-05-14,24,16,305,0,235,373,27,0.12,Covid-19,117,10,82.78,9.55,élevé,27.0,42.5,2249.9,True,0.88,0.74,0.09,99.6,53.5
8,Centre Hospitalier Régional de Saint-Louis,Saint-Louis,Saint-Louis,540,387,2024-05-15,80,57,168,0,372,362,39,1.7,Dengue,15,10,39.25,14.54,faible,31.2,50.4,2548.3,False,0.29,0.39,0.12,61.6,4.2
8,Centre Hospitalier Régional de Saint-Louis,Saint-Louis,Saint-Louis,540,387,2024-05-16,87,18,454,10,86,370,8,2.79,Covid-19,85,10,90.71,23.74,élevé,25.4,67.9,4790.0,True,0.48,0.77,0.07,109.9,15.7
8,Centre Hospitalier Régional de Saint-Louis,Saint-Louis,Saint-Louis,540,387,2024-05-17,92,46,190,9,350,341,25,1.72,Grippe,94,5,32.76,13.49,élevé,33.4,81.4,2149.8,True,0.56,0.71,0.2,78.6,51.0
8,Centre Hospitalier Régional de Saint-Louis,Saint-Louis,Saint-Louis,540,387,2024-10-15,18,55,267,14,273,348,18,0.84,Paludisme,120,10,62.79,4.62,élevé,22.7,54.0,343.4,True,0.55,0.36,0.14,65.7,49.2
8,Centre Hospitalier Régional de Saint-Louis,Saint-Louis,Saint-Louis,540,387,2024-10-16,98,71,430,18,110,375,43,1.32,Grippe,26,1,52.42,7.54,faible,30.1,50.4,546.7,False,0.34,0.8,0.03,38.1,54.5
8,Centre Hospitalier Régional de Saint-Louis,Saint-Louis,Saint-Louis,540,387,2024-10-17,79,19,296,0,244,359,31,1.85,Grippe,41,2,68.17,12.88,modéré,29.3,53.8,4226.1,False,0.8,0.55,0.11,163.6,50.5
8,Centre Hospitalier Régional de Saint-Louis,Saint-Louis,Saint-Louis,540,387,2024-10-18,36,75,196,6,344,366,32,0.14,Choléra,107,6,88.09,20.1,élevé,35.4,84.4,1379.1,True,0.6,0.72,0.06,147.9,3.0
8,Centre Hospitalier Régional de Saint-Louis,Saint-Louis,Saint-Louis,540,387,2024-10-19,20,40,226,24,314,353,60,3.89,Covid-19,109,3,67.53,26.74,élevé,24.2,53.2,1630.0,True,0.46,0.87,0.02,132.9,36.3
8,Centre Hospitalier Régional de Saint-Louis,Saint-Louis,Saint-Louis,540,387,2024-10-20,90,25,67,1,473,364,10,3.19,Dengue,6,9,60.88,20.46,faible,22.8,86.7,1241.5,False,0.86,0.45,0.13,136.3,12.4
8,Centre Hospitalier Régional de Saint-Louis,Saint-Louis,Saint-Louis,540,387,2024-10-21,27,25,133,19,407,366,9,4.0,Choléra,119,1,58.39,15.1,élevé,31.7,43.7,379.2,True,0.92,0.66,0.04,121.4,48.9
8,Centre Hospitalier Régional de Saint-Louis,Saint-Louis,Saint-Louis,540,387,2024-10-22,86,74,234,16,306,346,10,1.53,Paludisme,90,1,46.43,19.56,élevé,37.4,62.4,4294.4,True,0.63,0.99,0.06,121.5,19.8
8,Centre Hospitalier Régional de Saint-Louis,Saint-Louis,Saint-Louis,540,387,2024-10-23,100,35,499,9,41,374,42,1.29,Paludisme,112,0,56.69,29.09,élevé,36.1,47.8,4883.2,True,0.96,0.73,0.04,159.7,24.7
8,Centre Hospitalier Régional de Saint-Louis,Saint-Louis,Saint-Louis,540,387,2024-10-24,29,37,32,10,508,382,9,3.58,Paludisme,14,9,89.51,12.96,faible,24.2,40.2,2623.7,False,0.8,0.66,0.06,78.5,24.8
8,Centre Hospitalier Régional de Saint-Louis,Saint-Louis,Saint-Louis,540,387,2024-10-25,93,90,393,1,147,350,14,1.75,Choléra,18,0,50.83,18.85,faible,30.3,77.5,1156.1,False,0.84,0.64,0.03,82.3,54.5
8,Centre Hospitalier Régional de Saint-Louis,Saint-Louis,Saint-Louis,540,387,2024-10-26,99,21,388,5,152,364,40,0.32,Grippe,24,4,35.06,7.44,faible,35.0,45.0,4564.4,False,0.33,0.63,0.07,35.0,28.6
8,Centre Hospitalier Régional de Saint-Louis,Saint-Louis,Saint-Louis,540,387,2024-10-27,51,13,188,8,352,362,36,1.81,Paludisme,26,1,79.42,3.62,faible,25.4,57.4,1300.9,False,0.68,0.98,0.01,137.9,49.6
8,Centre Hospitalier Régional de Saint-Louis,Saint-Louis,Saint-Louis,540,387,2024-10-28,25,88,157,25,383,374,30,1.87,Choléra,75,10,65.77,26.09,modéré,23.3,59.7,2811.7,False,0.34,0.92,0.2,47.6,12.9
8,Centre Hospitalier Régional de Saint-Louis,Saint-Louis,Saint-Louis,540,387,2024-10-29,76,27,463,13,77,363,35,0.6,Covid-19,99,10,93.3,26.08,élevé,26.1,62.1,554.1,True,0.73,0.34,0.17,122.4,7.6
8,Centre Hospitalier Régional de Saint-Louis,Saint-Louis,Saint-Louis,540,387,2024-10-30,65,8,111,19,429,365,36,1.1,Paludisme,70,5,61.93,13.0,modéré,38.4,53.9,871.3,False,0.59,0.4,0.01,56.8,26.7
8,Centre Hospitalier Régional de Saint-Louis,Saint-Louis,Saint-Louis,540,387,2024-10-31,19,36,135,10,405,378,6,1.61,Choléra,33,6,54.46,22.22,modéré,32.1,63.2,4651.6,False,0.42,0.61,0.16,100.3,25.0
8,Centre Hospitalier Régional de Saint-Louis,Saint-Louis,Saint-Louis,540,387,2024-11-01,70,44,219,9,321,338,0,2.21,Paludisme,67,3,54.12,25.17,modéré,25.8,58.0,2321.2,False,0.25,0.51,0.13,175.4,7.3
8,Centre Hospitalier Régional de Saint-Louis,Saint-Louis,Saint-Louis,540,387,2024-11-02,41,54,340,20,200,383,38,2.89,Covid-19,107,0,77.95,18.51,élevé,36.1,80.5,2406.0,True,0.9,0.66,0.1,85.6,11.4
8,Centre Hospitalier Régional de Saint-Louis,Saint-Louis,Saint-Louis,540,387,2024-11-03,94,46,328,4,212,355,60,1.7,Paludisme,18,8,73.66,2.82,faible,36.6,46.9,2391.8,False,0.99,0.7,0.19,11.6,44.9
8,Centre Hospitalier Régional de Saint-Louis,Saint-Louis,Saint-Louis,540,387,2024-11-04,56,55,489,13,51,355,38,1.46,Covid-19,100,1,70.68,27.12,élevé,37.2,75.3,2602.0,True,0.57,0.78,0.03,9.4,49.7
8,Centre Hospitalier Régional de Saint-Louis,Saint-Louis,Saint-Louis,540,387,2024-11-05,69,45,178,22,362,352,8,3.08,Choléra,100,8,55.3,24.4,élevé,23.9,66.2,1248.4,True,0.65,0.43,0.19,169.3,17.2
8,Centre Hospitalier Régional de Saint-Louis,Saint-Louis,Saint-Louis,540,387,2024-11-06,97,61,455,0,85,352,43,1.49,Choléra,98,8,67.36,18.44,élevé,27.7,45.6,3622.5,True,0.63,0.72,0.08,76.5,5.9
8,Centre Hospitalier Régional de Saint-Louis,Saint-Louis,Saint-Louis,540,387,2024-11-07,35,82,523,24,17,382,2,1.58,Paludisme,117,9,30.01,19.96,élevé,28.8,73.7,4157.0,True,0.2,0.82,0.12,36.1,41.8
8,Centre Hospitalier Régional de Saint-Louis,Saint-Louis,Saint-Louis,540,387,2024-11-08,28,54,53,2,487,346,21,0.47,Dengue,118,6,74.93,15.59,élevé,34.6,85.3,1298.5,True,0.86,0.31,0.12,172.8,23.7
8,Centre Hospitalier Régional de Saint-Louis,Saint-Louis,Saint-Louis,540,387,2024-11-09,91,58,371,0,169,369,50,2.43,Choléra,98,5,33.58,3.18,élevé,29.0,43.6,3250.1,True,0.99,0.92,0.16,97.4,17.8
8,Centre Hospitalier Régional de Saint-Louis,Saint-Louis,Saint-Louis,540,387,2024-11-10,97,40,537,11,3,383,11,1.78,Covid-19,10,7,88.75,4.08,faible,32.7,65.7,4350.9,False,0.46,0.4,0.16,74.2,8.8
8,Centre Hospitalier Régional de Saint-Louis,Saint-Louis,Saint-Louis,540,387,2024-11-11,35,11,209,11,331,387,2,3.95,Choléra,73,2,57.71,10.53,modéré,35.6,58.8,102.5,False,0.87,0.98,0.08,161.9,18.7
8,Centre Hospitalier Régional de Saint-Louis,Saint-Louis,Saint-Louis,540,387,2024-11-12,31,41,247,5,293,366,23,1.27,Choléra,11,4,77.31,5.66,faible,35.5,58.4,3117.8,False,0.57,0.47,0.04,49.2,30.6
8,Centre Hospitalier Régional de Saint-Louis,Saint-Louis,Saint-Louis,540,387,2024-11-13,25,7,354,0,186,386,47,0.7,Choléra,96,1,46.72,12.38,élevé,36.0,82.7,1363.9,True,0.85,0.36,0.04,51.6,7.1
8,Centre Hospitalier Régional de Saint-Louis,Saint-Louis,Saint-Louis,540,387,2024-11-14,45,33,278,8,262,377,8,3.8,Choléra,120,8,74.5,10.15,élevé,34.8,86.6,3362.2,True,0.51,0.53,0.12,24.7,34.6
8,Centre Hospitalier Régional de Saint-Louis,Saint-Louis,Saint-Louis,540,387,2024-11-15,76,57,388,17,152,354,12,1.98,Paludisme,43,9,76.09,29.24,modéré,25.8,44.9,3760.5,False,0.91,1.0,0.05,20.8,5.0
8,Centre Hospitalier Régional de Saint-Louis,Saint-Louis,Saint-Louis,540,387,2024-11-16,63,86,299,20,241,351,2,3.41,Choléra,57,7,91.77,6.92,modéré,25.0,47.5,3980.6,False,0.43,0.64,0.1,63.4,46.7
8,Centre Hospitalier Régional de Saint-Louis,Saint-Louis,Saint-Louis,540,387,2024-11-17,93,78,275,16,265,369,5,3.99,Dengue,32,0,94.75,20.29,modéré,28.2,67.3,1159.5,False,0.41,0.87,0.18,163.3,9.7
8,Centre Hospitalier Régional de Saint-Louis,Saint-Louis,Saint-Louis,540,387,2024-11-18,17,44,146,15,394,360,57,0.45,Dengue,118,5,64.24,25.05,élevé,35.7,52.1,2543.8,True,0.78,0.61,0.13,71.5,5.6
8,Centre Hospitalier Régional de Saint-Louis,Saint-Louis,Saint-Louis,540,387,2024-11-19,33,14,262,4,278,357,55,2.66,Choléra,116,5,55.29,6.9,élevé,27.3,40.4,4680.5,True,0.51,0.57,0.19,143.6,34.4
8,Centre Hospitalier Régional de Saint-Louis,Saint-Louis,Saint-Louis,540,387,2024-11-20,68,10,38,5,502,374,42,3.09,Paludisme,119,0,61.92,13.17,élevé,32.6,86.7,2053.5,True,0.23,0.69,0.1,159.4,52.9
8,Centre Hospitalier Régional de Saint-Louis,Saint-Louis,Saint-Louis,540,387,2024-11-21,83,29,123,8,417,372,14,0.6,Choléra,41,5,47.61,22.78,modéré,38.3,84.6,1840.6,False,0.37,0.72,0.06,148.0,13.6
8,Centre Hospitalier Régional de Saint-Louis,Saint-Louis,Saint-Louis,540,387,2024-11-22,19,25,355,13,185,357,25,0.97,Grippe,29,8,62.19,21.25,faible,29.9,65.1,4704.8,False,0.72,0.77,0.08,69.8,22.3
8,Centre Hospitalier Régional de Saint-Louis,Saint-Louis,Saint-Louis,540,387,2024-11-23,24,11,285,1,255,382,5,1.28,Choléra,105,4,74.44,10.82,élevé,27.7,56.7,295.5,True,0.76,0.5,0.05,146.0,36.7
8,Centre Hospitalier Régional de Saint-Louis,Saint-Louis,Saint-Louis,540,387,2024-11-24,74,64,180,10,360,343,44,1.91,Grippe,85,8,71.58,19.32,élevé,31.2,78.9,4481.2,True,0.28,0.99,0.06,8.1,53.0
8,Centre Hospitalier Régional de Saint-Louis,Saint-Louis,Saint-Louis,540,387,2024-11-25,12,55,153,8,387,353,50,1.12,Grippe,75,4,53.81,25.26,modéré,33.4,51.7,4818.3,False,0.57,0.72,0.04,56.3,9.5
8,Centre Hospitalier Régional de Saint-Louis,Saint-Louis,Saint-Louis,540,387,2024-11-26,63,30,474,23,66,381,50,0.52,Choléra,33,9,30.74,25.06,modéré,24.4,71.7,455.7,False,0.31,0.39,0.16,26.1,56.8
8,Centre Hospitalier Régional de Saint-Louis,Saint-Louis,Saint-Louis,540,387,2024-11-27,82,65,322,17,218,365,22,0.45,Choléra,43,7,93.63,29.89,modéré,38.8,56.7,1456.2,False,0.9,0.86,0.06,8.8,13.2
8,Centre Hospitalier Régional de Saint-Louis,Saint-Louis,Saint-Louis,540,387,2024-11-28,63,89,262,22,278,373,41,3.41,Covid-19,92,3,79.63,17.53,élevé,34.2,84.0,2038.4,True,0.23,0.34,0.17,176.0,56.8
8,Centre Hospitalier Régional de Saint-Louis,Saint-Louis,Saint-Louis,540,387,2024-11-29,69,24,54,3,486,361,4,0.74,Covid-19,41,4,90.61,24.31,modéré,24.8,46.6,4798.2,False,0.3,0.55,0.07,12.9,48.2
8,Centre Hospitalier Régional de Saint-Louis,Saint-Louis,Saint-Louis,540,387,2024-11-30,47,42,26,12,514,354,34,2.58,Covid-19,59,4,35.55,1.18,modéré,22.3,73.0,535.7,False,0.59,0.93,0.05,53.3,31.1
8,Centre Hospitalier Régional de Saint-Louis,Saint-Louis,Saint-Louis,540,387,2024-12-01,93,85,205,15,335,384,34,2.56,Grippe,64,10,81.23,22.4,modéré,30.4,68.0,2043.8,False,0.99,0.7,0.11,138.3,20.0
8,Centre Hospitalier Régional de Saint-Louis,Saint-Louis,Saint-Louis,540,387,2024-12-02,81,39,121,16,419,348,59,3.36,Choléra,79,4,37.38,29.25,modéré,27.1,45.6,4890.6,False,0.75,0.5,0.01,114.1,20.4
8,Centre Hospitalier Régional de Saint-Louis,Saint-Louis,Saint-Louis,540,387,2024-12-03,79,69,94,20,446,350,55,3.08,Paludisme,88,9,85.76,16.34,élevé,24.3,67.9,1033.8,True,0.24,0.49,0.17,64.7,49.3
8,Centre Hospitalier Régional de Saint-Louis,Saint-Louis,Saint-Louis,540,387,2024-02-08,29,10,49,19,491,341,8,2.63,Dengue,119,9,35.73,10.95,élevé,25.2,47.0,2756.7,True,0.53,0.98,0.11,100.2,3.9
8,Centre Hospitalier Régional de Saint-Louis,Saint-Louis,Saint-Louis,540,387,2024-02-09,17,36,63,5,477,358,33,2.92,Choléra,95,9,39.34,10.5,élevé,22.8,60.5,3009.7,True,0.21,0.71,0.08,128.2,20.6
8,Centre Hospitalier Régional de Saint-Louis,Saint-Louis,Saint-Louis,540,387,2024-02-10,78,70,428,22,112,370,50,1.38,Grippe,97,10,37.14,10.38,élevé,24.0,44.6,1333.9,True,0.73,0.55,0.15,87.4,34.4
8,Centre Hospitalier Régional de Saint-Louis,Saint-Louis,Saint-Louis,540,387,2024-02-11,33,11,434,15,106,383,27,2.94,Dengue,101,0,73.91,21.04,élevé,25.4,41.4,2787.8,True,0.53,0.83,0.17,167.2,23.2
8,Centre Hospitalier Régional de Saint-Louis,Saint-Louis,Saint-Louis,540,387,2024-02-12,67,36,343,12,197,353,14,2.35,Covid-19,27,6,32.82,24.11,faible,25.5,81.2,3781.3,False,0.46,0.96,0.18,44.8,57.2
8,Centre Hospitalier Régional de Saint-Louis,Saint-Louis,Saint-Louis,540,387,2024-02-13,31,43,277,13,263,374,48,0.62,Choléra,88,5,35.59,23.68,élevé,37.8,47.8,1046.3,True,0.67,0.93,0.14,71.8,14.2
8,Centre Hospitalier Régional de Saint-Louis,Saint-Louis,Saint-Louis,540,387,2024-02-14,26,42,98,6,442,347,24,2.85,Paludisme,28,10,44.5,21.51,faible,25.7,68.9,127.3,False,0.32,0.66,0.12,130.1,6.1
8,Centre Hospitalier Régional de Saint-Louis,Saint-Louis,Saint-Louis,540,387,2024-02-15,86,57,250,2,290,346,26,1.34,Choléra,59,1,84.17,16.73,modéré,26.6,73.5,1593.3,False,0.86,0.99,0.06,147.2,38.5
8,Centre Hospitalier Régional de Saint-Louis,Saint-Louis,Saint-Louis,540,387,2024-02-16,85,48,378,4,162,378,15,2.08,Choléra,82,5,76.9,23.34,élevé,35.1,82.1,199.6,True,0.38,0.37,0.04,170.4,42.4
8,Centre Hospitalier Régional de Saint-Louis,Saint-Louis,Saint-Louis,540,387,2024-02-17,75,50,405,21,135,355,2,0.82,Paludisme,65,4,49.39,21.67,modéré,30.4,66.1,3735.1,False,0.69,0.48,0.12,34.0,21.2
8,Centre Hospitalier Régional de Saint-Louis,Saint-Louis,Saint-Louis,540,387,2024-02-18,37,29,190,10,350,375,27,2.08,Choléra,82,4,42.91,4.38,élevé,30.7,76.1,3690.4,True,0.37,0.66,0.03,168.5,46.3
8,Centre Hospitalier Régional de Saint-Louis,Saint-Louis,Saint-Louis,540,387,2024-02-19,23,72,316,19,224,351,18,2.59,Dengue,103,10,83.86,22.49,élevé,29.3,81.8,4284.4,True,0.93,0.4,0.15,175.5,29.6
8,Centre Hospitalier Régional de Saint-Louis,Saint-Louis,Saint-Louis,540,387,2024-02-20,64,35,22,3,518,362,47,1.55,Choléra,48,4,46.77,20.28,modéré,34.3,40.8,3491.7,False,0.87,0.92,0.05,167.8,26.3
8,Centre Hospitalier Régional de Saint-Louis,Saint-Louis,Saint-Louis,540,387,2024-02-21,51,6,139,7,401,344,34,2.67,Covid-19,24,0,31.68,8.79,faible,27.9,69.9,1072.8,False,0.56,0.65,0.03,21.5,7.8
8,Centre Hospitalier Régional de Saint-Louis,Saint-Louis,Saint-Louis,540,387,2024-02-22,20,72,405,19,135,382,42,2.89,Choléra,21,2,52.96,8.74,faible,38.4,46.6,411.4,False,0.32,0.94,0.14,48.0,43.0
8,Centre Hospitalier Régional de Saint-Louis,Saint-Louis,Saint-Louis,540,387,2024-02-23,20,49,136,9,404,347,27,1.81,Grippe,7,8,54.36,10.11,faible,32.2,59.2,3618.5,False,0.75,0.42,0.08,143.9,55.2
8,Centre Hospitalier Régional de Saint-Louis,Saint-Louis,Saint-Louis,540,387,2024-02-24,97,60,147,17,393,378,4,2.64,Covid-19,53,1,56.12,20.66,modéré,32.2,75.3,132.1,False,0.45,0.67,0.07,40.0,10.6
8,Centre Hospitalier Régional de Saint-Louis,Saint-Louis,Saint-Louis,540,387,2024-02-25,71,66,249,5,291,366,15,0.15,Covid-19,15,7,83.22,22.79,faible,30.6,78.5,1410.5,False,0.95,0.35,0.12,60.2,34.9
8,Centre Hospitalier Régional de Saint-Louis,Saint-Louis,Saint-Louis,540,387,2024-02-26,71,72,527,24,13,359,38,3.2,Choléra,117,8,70.49,9.83,élevé,36.8,85.2,2271.9,True,0.7,0.49,0.15,83.3,24.3
8,Centre Hospitalier Régional de Saint-Louis,Saint-Louis,Saint-Louis,540,387,2024-02-27,100,37,315,11,225,377,36,0.76,Covid-19,31,1,39.75,19.89,modéré,32.8,76.1,3548.5,False,0.22,0.61,0.05,24.2,31.1
8,Centre Hospitalier Régional de Saint-Louis,Saint-Louis,Saint-Louis,540,387,2024-02-28,78,47,144,19,396,342,60,2.82,Dengue,38,9,85.35,17.82,modéré,25.3,49.2,3303.2,False,0.39,0.55,0.08,24.5,21.3
8,Centre Hospitalier Régional de Saint-Louis,Saint-Louis,Saint-Louis,540,387,2024-02-29,95,50,165,23,375,338,36,0.33,Dengue,80,4,67.92,10.44,élevé,32.8,74.3,4737.6,False,0.21,0.68,0.03,48.2,43.2
8,Centre Hospitalier Régional de Saint-Louis,Saint-Louis,Saint-Louis,540,387,2024-03-01,42,34,352,8,188,344,4,3.57,Choléra,5,10,81.59,20.67,faible,32.4,87.2,2815.3,False,0.65,0.99,0.19,48.2,43.9
8,Centre Hospitalier Régional de Saint-Louis,Saint-Louis,Saint-Louis,540,387,2024-03-02,59,87,62,2,478,364,45,2.19,Choléra,37,0,51.39,5.48,modéré,23.3,70.4,1222.6,False,0.92,0.74,0.18,122.1,39.5
8,Centre Hospitalier Régional de Saint-Louis,Saint-Louis,Saint-Louis,540,387,2024-03-03,39,31,504,25,36,377,37,2.4,Grippe,37,9,62.98,14.43,modéré,24.3,58.1,2967.2,False,0.37,0.84,0.19,96.9,36.2
8,Centre Hospitalier Régional de Saint-Louis,Saint-Louis,Saint-Louis,540,387,2024-03-04,29,61,310,11,230,386,39,3.45,Paludisme,95,4,57.32,12.85,élevé,25.3,43.3,2020.2,True,0.49,0.5,0.07,178.5,27.1
8,Centre Hospitalier Régional de Saint-Louis,Saint-Louis,Saint-Louis,540,387,2024-03-05,10,59,498,1,42,358,48,0.46,Paludisme,107,3,83.46,11.02,élevé,31.3,85.9,4685.1,True,0.82,0.82,0.03,153.0,16.1
8,Centre Hospitalier Régional de Saint-Louis,Saint-Louis,Saint-Louis,540,387,2024-03-06,44,85,437,13,103,349,38,1.42,Grippe,67,0,68.35,4.81,modéré,31.4,75.2,402.0,False,0.33,0.33,0.03,178.0,17.3
8,Centre Hospitalier Régional de Saint-Louis,Saint-Louis,Saint-Louis,540,387,2024-03-07,81,29,513,24,27,339,50,3.82,Choléra,65,4,50.19,20.3,modéré,35.9,85.4,2983.9,False,0.62,0.39,0.04,13.9,48.3
8,Centre Hospitalier Régional de Saint-Louis,Saint-Louis,Saint-Louis,540,387,2024-03-08,92,80,59,24,481,345,53,3.23,Dengue,100,0,55.37,17.13,élevé,24.6,54.3,3889.3,True,0.54,0.45,0.03,151.5,35.8
8,Centre Hospitalier Régional de Saint-Louis,Saint-Louis,Saint-Louis,540,387,2024-03-09,15,59,133,6,407,338,4,1.85,Dengue,70,6,74.87,26.91,modéré,37.9,73.5,2079.5,False,0.84,0.69,0.12,96.7,26.3
8,Centre Hospitalier Régional de Saint-Louis,Saint-Louis,Saint-Louis,540,387,2024-03-10,28,50,34,8,506,338,32,2.23,Paludisme,14,5,75.98,27.44,faible,24.7,79.6,955.2,False,0.36,0.88,0.1,141.5,14.6
8,Centre Hospitalier Régional de Saint-Louis,Saint-Louis,Saint-Louis,540,387,2024-03-11,67,33,443,20,97,360,8,1.3,Grippe,20,5,92.07,8.62,faible,38.2,71.0,153.2,False,0.24,0.49,0.18,27.0,54.5
8,Centre Hospitalier Régional de Saint-Louis,Saint-Louis,Saint-Louis,540,387,2024-03-12,35,5,507,23,33,381,20,2.82,Paludisme,85,7,56.51,17.4,élevé,27.2,54.4,3505.3,True,0.46,0.38,0.02,147.3,23.9
8,Centre Hospitalier Régional de Saint-Louis,Saint-Louis,Saint-Louis,540,387,2024-03-13,64,5,306,0,234,378,30,0.17,Paludisme,34,0,49.72,6.69,modéré,28.1,87.3,2629.5,False,0.3,0.83,0.02,144.9,19.3
8,Centre Hospitalier Régional de Saint-Louis,Saint-Louis,Saint-Louis,540,387,2024-03-14,53,51,419,5,121,373,16,3.85,Dengue,56,6,43.78,21.78,modéré,38.4,42.4,4345.4,False,0.33,0.99,0.0,65.9,54.2
8,Centre Hospitalier Régional de Saint-Louis,Saint-Louis,Saint-Louis,540,387,2024-03-15,29,89,247,15,293,349,31,0.63,Grippe,32,1,85.34,23.43,modéré,37.1,41.7,3267.3,False,0.86,0.74,0.16,68.0,55.7
8,Centre Hospitalier Régional de Saint-Louis,Saint-Louis,Saint-Louis,540,387,2024-03-16,63,69,465,9,75,338,38,0.6,Paludisme,94,4,43.24,1.21,élevé,23.8,65.2,675.7,True,0.66,0.76,0.1,108.1,47.7
8,Centre Hospitalier Régional de Saint-Louis,Saint-Louis,Saint-Louis,540,387,2024-03-17,48,60,236,17,304,366,0,3.94,Choléra,59,5,66.04,6.68,modéré,23.4,71.1,3887.7,False,0.9,0.42,0.0,137.6,49.1
8,Centre Hospitalier Régional de Saint-Louis,Saint-Louis,Saint-Louis,540,387,2024-03-18,62,41,310,2,230,364,14,2.69,Grippe,29,0,56.16,18.36,faible,27.2,83.5,1902.7,False,0.74,0.41,0.01,164.0,38.5
8,Centre Hospitalier Régional de Saint-Louis,Saint-Louis,Saint-Louis,540,387,2024-03-19,35,88,22,6,518,366,56,2.24,Choléra,45,10,61.09,4.44,modéré,32.7,84.8,618.9,False,0.22,0.43,0.04,117.0,49.1
8,Centre Hospitalier Régional de Saint-Louis,Saint-Louis,Saint-Louis,540,387,2024-03-20,69,49,442,25,98,360,38,0.14,Covid-19,26,7,86.86,25.86,faible,26.3,43.4,986.2,False,0.79,0.88,0.03,5.5,58.6
8,Centre Hospitalier Régional de Saint-Louis,Saint-Louis,Saint-Louis,540,387,2024-03-21,16,54,31,25,509,382,27,2.12,Covid-19,17,6,73.43,1.05,faible,37.7,63.6,506.8,False,0.23,0.62,0.06,43.9,6.2
8,Centre Hospitalier Régional de Saint-Louis,Saint-Louis,Saint-Louis,540,387,2024-03-22,30,47,121,11,419,360,45,0.5,Grippe,45,1,59.32,24.97,modéré,31.5,71.3,4723.6,False,0.56,0.57,0.15,164.4,42.3
8,Centre Hospitalier Régional de Saint-Louis,Saint-Louis,Saint-Louis,540,387,2024-03-23,20,33,184,9,356,381,26,2.64,Grippe,87,9,92.29,26.77,élevé,35.5,57.7,2488.0,True,0.3,0.81,0.11,115.5,9.2
8,Centre Hospitalier Régional de Saint-Louis,Saint-Louis,Saint-Louis,540,387,2024-03-24,73,52,48,15,492,354,20,2.23,Grippe,32,6,94.28,8.97,modéré,29.6,78.4,4373.8,False,0.49,0.83,0.2,97.2,43.1
8,Centre Hospitalier Régional de Saint-Louis,Saint-Louis,Saint-Louis,540,387,2024-03-25,17,31,77,19,463,371,49,0.65,Dengue,9,10,64.58,19.79,faible,28.1,86.6,4903.2,False,0.74,0.54,0.14,165.1,51.0
8,Centre Hospitalier Régional de Saint-Louis,Saint-Louis,Saint-Louis,540,387,2024-03-26,95,22,158,20,382,387,11,0.33,Choléra,81,6,74.17,2.86,élevé,32.9,79.7,4933.7,True,0.59,0.73,0.09,137.9,59.1
8,Centre Hospitalier Régional de Saint-Louis,Saint-Louis,Saint-Louis,540,387,2024-03-27,12,11,347,9,193,357,47,2.1,Covid-19,41,9,77.36,8.7,modéré,34.5,44.2,1437.7,False,0.69,0.51,0.06,83.2,29.4
8,Centre Hospitalier Régional de Saint-Louis,Saint-Louis,Saint-Louis,540,387,2024-03-28,92,78,351,16,189,349,50,0.39,Grippe,58,0,35.79,22.35,modéré,31.1,61.3,1355.5,False,0.78,0.71,0.17,77.4,32.0
8,Centre Hospitalier Régional de Saint-Louis,Saint-Louis,Saint-Louis,540,387,2024-05-18,98,33,193,24,347,363,31,1.35,Dengue,76,8,87.06,9.59,modéré,24.4,70.7,4746.0,False,0.89,0.95,0.04,54.1,46.6
8,Centre Hospitalier Régional de Saint-Louis,Saint-Louis,Saint-Louis,540,387,2024-05-19,95,40,392,18,148,354,47,1.84,Covid-19,36,4,31.38,27.16,modéré,26.3,45.0,3126.5,False,0.46,0.91,0.03,125.5,35.7
8,Centre Hospitalier Régional de Saint-Louis,Saint-Louis,Saint-Louis,540,387,2024-05-20,92,40,113,23,427,360,47,1.62,Dengue,103,6,86.06,1.86,élevé,29.2,57.8,2428.7,True,0.81,0.5,0.11,126.0,39.1
8,Centre Hospitalier Régional de Saint-Louis,Saint-Louis,Saint-Louis,540,387,2024-05-21,45,89,366,21,174,366,36,1.98,Choléra,22,6,49.96,9.98,faible,25.7,89.8,2708.1,False,0.28,0.79,0.09,19.5,36.4
8,Centre Hospitalier Régional de Saint-Louis,Saint-Louis,Saint-Louis,540,387,2024-05-22,74,7,129,12,411,358,17,2.77,Covid-19,12,3,49.87,9.66,faible,27.6,77.6,2757.7,False,0.39,0.6,0.0,113.2,11.7
8,Centre Hospitalier Régional de Saint-Louis,Saint-Louis,Saint-Louis,540,387,2024-05-23,72,38,358,15,182,367,58,2.82,Dengue,11,10,81.18,29.74,faible,29.1,74.5,4561.2,False,0.54,0.73,0.12,98.4,11.2
8,Centre Hospitalier Régional de Saint-Louis,Saint-Louis,Saint-Louis,540,387,2024-05-24,19,6,320,13,220,387,12,2.5,Covid-19,109,9,30.27,26.46,élevé,29.7,70.4,3340.2,True,0.56,0.34,0.05,112.8,6.6
8,Centre Hospitalier Régional de Saint-Louis,Saint-Louis,Saint-Louis,540,387,2024-05-25,27,12,314,3,226,361,42,3.47,Grippe,114,1,54.84,15.19,élevé,34.2,75.6,1753.6,True,0.4,0.49,0.11,80.2,7.1
8,Centre Hospitalier Régional de Saint-Louis,Saint-Louis,Saint-Louis,540,387,2024-05-26,38,22,44,13,496,360,41,0.51,Grippe,57,2,34.61,25.27,modéré,32.9,75.0,4803.1,False,0.67,0.96,0.19,49.1,8.4
8,Centre Hospitalier Régional de Saint-Louis,Saint-Louis,Saint-Louis,540,387,2024-05-27,97,80,413,21,127,381,43,2.39,Choléra,76,0,72.63,4.32,modéré,36.9,75.9,583.2,False,0.43,0.82,0.2,37.8,37.8
8,Centre Hospitalier Régional de Saint-Louis,Saint-Louis,Saint-Louis,540,387,2024-05-28,55,82,387,1,153,352,43,3.74,Paludisme,10,3,76.36,26.96,faible,34.7,49.3,4679.1,False,0.27,0.5,0.19,117.9,6.5
8,Centre Hospitalier Régional de Saint-Louis,Saint-Louis,Saint-Louis,540,387,2024-05-29,95,25,315,23,225,345,45,1.93,Dengue,64,9,45.42,18.8,modéré,23.8,41.9,1802.5,False,0.35,0.99,0.02,7.7,18.2
8,Centre Hospitalier Régional de Saint-Louis,Saint-Louis,Saint-Louis,540,387,2024-05-30,94,57,320,4,220,353,10,3.38,Paludisme,64,3,88.88,19.5,modéré,24.4,53.1,3853.8,False,0.93,0.34,0.14,119.0,34.8
8,Centre Hospitalier Régional de Saint-Louis,Saint-Louis,Saint-Louis,540,387,2024-05-31,13,17,388,4,152,384,0,0.81,Paludisme,48,0,32.89,15.9,modéré,24.8,40.7,2727.5,False,0.97,0.89,0.13,60.9,5.7
8,Centre Hospitalier Régional de Saint-Louis,Saint-Louis,Saint-Louis,540,387,2024-06-01,36,71,183,13,357,368,46,2.05,Grippe,75,4,77.3,3.52,modéré,24.6,42.1,1989.8,False,0.5,0.3,0.13,85.2,26.8
8,Centre Hospitalier Régional de Saint-Louis,Saint-Louis,Saint-Louis,540,387,2024-06-02,48,8,253,5,287,358,51,3.91,Covid-19,37,2,53.84,29.07,modéré,32.1,83.5,3113.5,False,0.39,0.36,0.01,82.3,10.9
8,Centre Hospitalier Régional de Saint-Louis,Saint-Louis,Saint-Louis,540,387,2024-06-03,85,75,371,23,169,341,0,3.28,Choléra,99,9,46.75,7.4,élevé,23.0,42.0,1311.7,True,0.57,0.36,0.07,111.1,44.7
8,Centre Hospitalier Régional de Saint-Louis,Saint-Louis,Saint-Louis,540,387,2024-06-04,42,60,225,21,315,379,38,1.48,Grippe,92,0,31.03,29.26,élevé,28.6,59.2,4020.5,True,0.53,0.84,0.04,51.4,38.1
8,Centre Hospitalier Régional de Saint-Louis,Saint-Louis,Saint-Louis,540,387,2024-06-05,93,21,527,5,13,379,48,3.53,Dengue,72,2,63.24,15.6,modéré,24.8,85.6,549.5,False,0.66,0.59,0.13,68.1,8.9
8,Centre Hospitalier Régional de Saint-Louis,Saint-Louis,Saint-Louis,540,387,2024-06-06,79,16,20,23,520,353,2,2.74,Covid-19,59,5,93.53,19.82,modéré,25.1,86.4,1840.4,False,0.5,0.46,0.17,26.5,14.9
8,Centre Hospitalier Régional de Saint-Louis,Saint-Louis,Saint-Louis,540,387,2024-06-07,27,26,232,13,308,386,2,0.56,Covid-19,98,5,59.59,22.96,élevé,23.5,44.9,4131.4,True,0.59,0.96,0.1,102.8,46.2
8,Centre Hospitalier Régional de Saint-Louis,Saint-Louis,Saint-Louis,540,387,2024-06-08,69,65,244,12,296,356,27,3.16,Covid-19,49,10,48.06,21.04,modéré,36.3,70.4,4222.4,False,0.39,0.78,0.14,68.0,47.3
8,Centre Hospitalier Régional de Saint-Louis,Saint-Louis,Saint-Louis,540,387,2024-06-09,37,41,104,4,436,353,52,3.23,Choléra,40,5,82.44,11.81,modéré,33.4,87.2,2958.6,False,0.89,0.75,0.06,52.9,7.5
8,Centre Hospitalier Régional de Saint-Louis,Saint-Louis,Saint-Louis,540,387,2024-06-10,18,47,157,1,383,342,32,1.16,Paludisme,115,0,72.75,22.82,élevé,31.2,60.5,4647.6,True,0.37,0.37,0.13,64.6,56.4
8,Centre Hospitalier Régional de Saint-Louis,Saint-Louis,Saint-Louis,540,387,2024-06-11,76,36,200,0,340,349,45,3.11,Choléra,59,7,45.89,3.16,modéré,38.0,57.7,1621.3,False,0.95,0.98,0.1,159.0,4.7
8,Centre Hospitalier Régional de Saint-Louis,Saint-Louis,Saint-Louis,540,387,2024-06-12,99,55,115,20,425,357,3,1.24,Paludisme,32,7,53.85,2.57,modéré,36.5,74.3,2060.3,False,0.81,0.79,0.19,159.9,39.8
8,Centre Hospitalier Régional de Saint-Louis,Saint-Louis,Saint-Louis,540,387,2024-06-13,52,89,185,1,355,381,41,3.1,Choléra,59,5,52.77,18.13,modéré,34.7,80.8,4661.5,False,0.34,0.77,0.0,12.4,24.9
8,Centre Hospitalier Régional de Saint-Louis,Saint-Louis,Saint-Louis,540,387,2024-06-14,93,74,475,19,65,387,46,3.42,Choléra,25,5,62.51,2.69,faible,36.1,65.0,859.4,False,0.58,0.44,0.02,109.6,13.6
8,Centre Hospitalier Régional de Saint-Louis,Saint-Louis,Saint-Louis,540,387,2024-06-15,91,14,360,10,180,360,7,1.67,Covid-19,2,1,59.27,13.33,faible,23.7,73.3,2071.6,False,0.93,0.98,0.1,150.5,21.2
8,Centre Hospitalier Régional de Saint-Louis,Saint-Louis,Saint-Louis,540,387,2024-06-16,70,39,380,7,160,345,39,3.41,Dengue,71,5,74.19,4.31,modéré,22.6,52.0,4391.7,False,0.66,0.37,0.01,140.3,32.8
8,Centre Hospitalier Régional de Saint-Louis,Saint-Louis,Saint-Louis,540,387,2024-06-17,61,33,144,23,396,383,5,0.8,Grippe,105,8,32.96,17.5,élevé,25.7,83.3,1983.4,True,0.32,0.62,0.11,108.5,12.5
8,Centre Hospitalier Régional de Saint-Louis,Saint-Louis,Saint-Louis,540,387,2024-06-18,45,18,227,9,313,348,42,3.68,Grippe,39,8,72.19,9.56,modéré,27.1,40.9,4513.8,False,0.7,0.39,0.02,127.7,16.1
8,Centre Hospitalier Régional de Saint-Louis,Saint-Louis,Saint-Louis,540,387,2024-06-19,18,42,270,15,270,366,33,1.82,Paludisme,68,7,52.73,16.75,modéré,32.9,90.0,2860.2,False,0.26,0.77,0.11,174.3,38.8
8,Centre Hospitalier Régional de Saint-Louis,Saint-Louis,Saint-Louis,540,387,2024-06-20,21,86,417,8,123,343,42,1.48,Paludisme,51,2,52.65,29.68,modéré,35.9,59.0,2423.6,False,0.46,0.99,0.2,20.4,56.2
8,Centre Hospitalier Régional de Saint-Louis,Saint-Louis,Saint-Louis,540,387,2024-06-21,35,45,480,16,60,387,60,0.35,Paludisme,88,0,44.59,8.18,élevé,34.9,44.1,1001.8,True,0.26,0.69,0.19,78.0,57.8
8,Centre Hospitalier Régional de Saint-Louis,Saint-Louis,Saint-Louis,540,387,2024-06-22,70,5,441,8,99,383,48,2.6,Covid-19,20,1,86.06,26.68,faible,32.8,67.1,1662.2,False,0.31,0.69,0.17,42.7,14.0
8,Centre Hospitalier Régional de Saint-Louis,Saint-Louis,Saint-Louis,540,387,2024-06-23,33,60,311,7,229,386,54,2.99,Choléra,109,8,75.26,22.04,élevé,35.6,84.0,3591.5,True,0.29,0.97,0.08,145.1,3.4
8,Centre Hospitalier Régional de Saint-Louis,Saint-Louis,Saint-Louis,540,387,2024-06-24,14,54,136,4,404,350,38,3.9,Grippe,77,8,67.16,28.81,modéré,27.9,74.9,637.3,False,0.37,0.34,0.12,125.1,7.0
8,Centre Hospitalier Régional de Saint-Louis,Saint-Louis,Saint-Louis,540,387,2024-06-25,38,78,452,20,88,368,46,2.71,Covid-19,74,6,33.1,7.18,modéré,22.0,85.9,199.6,False,0.57,0.37,0.12,107.3,42.1
8,Centre Hospitalier Régional de Saint-Louis,Saint-Louis,Saint-Louis,540,387,2024-06-26,18,87,428,5,112,377,50,1.91,Dengue,6,8,66.89,6.28,faible,37.4,46.3,620.5,False,0.54,0.39,0.0,60.5,37.1
8,Centre Hospitalier Régional de Saint-Louis,Saint-Louis,Saint-Louis,540,387,2024-06-27,27,52,21,6,519,352,49,2.46,Grippe,10,5,47.66,2.25,faible,26.8,52.3,2731.3,False,0.75,0.53,0.13,153.9,3.2
8,Centre Hospitalier Régional de Saint-Louis,Saint-Louis,Saint-Louis,540,387,2024-06-28,46,63,187,8,353,343,46,1.91,Dengue,71,8,67.61,9.25,modéré,35.2,70.1,3147.9,False,0.33,0.68,0.03,6.0,58.9
8,Centre Hospitalier Régional de Saint-Louis,Saint-Louis,Saint-Louis,540,387,2024-06-29,45,58,309,1,231,351,3,0.52,Dengue,97,4,51.32,4.97,élevé,32.0,88.3,628.4,True,0.43,0.66,0.09,34.5,31.8
8,Centre Hospitalier Régional de Saint-Louis,Saint-Louis,Saint-Louis,540,387,2024-06-30,80,88,210,22,330,337,50,3.12,Paludisme,2,0,94.01,14.59,faible,23.4,70.6,3764.4,False,0.66,0.68,0.11,118.0,59.5
8,Centre Hospitalier Régional de Saint-Louis,Saint-Louis,Saint-Louis,540,387,2024-07-01,90,42,269,5,271,358,59,3.57,Choléra,100,1,78.76,20.23,élevé,22.8,52.1,2548.1,True,0.51,0.93,0.0,109.4,25.0
8,Centre Hospitalier Régional de Saint-Louis,Saint-Louis,Saint-Louis,540,387,2024-07-02,66,81,325,20,215,365,2,1.37,Dengue,112,7,59.64,6.08,élevé,32.7,62.6,3368.8,True,0.29,0.66,0.11,168.7,37.4
8,Centre Hospitalier Régional de Saint-Louis,Saint-Louis,Saint-Louis,540,387,2024-07-03,26,71,24,10,516,360,32,1.54,Grippe,88,5,77.62,14.35,élevé,24.0,87.7,1122.5,True,0.62,0.9,0.18,23.6,43.6
8,Centre Hospitalier Régional de Saint-Louis,Saint-Louis,Saint-Louis,540,387,2024-07-04,72,60,463,2,77,382,17,3.89,Choléra,106,8,62.71,7.48,élevé,37.6,79.8,4924.5,True,0.83,0.72,0.07,47.5,43.9
8,Centre Hospitalier Régional de Saint-Louis,Saint-Louis,Saint-Louis,540,387,2024-07-05,64,9,485,10,55,363,51,2.26,Dengue,15,4,94.34,10.47,faible,29.0,48.9,3974.3,False,0.67,0.49,0.13,50.8,57.7
8,Centre Hospitalier Régional de Saint-Louis,Saint-Louis,Saint-Louis,540,387,2024-07-06,49,13,285,1,255,373,55,1.69,Paludisme,28,4,91.41,12.48,faible,26.5,55.7,284.5,False,0.85,0.89,0.08,18.0,41.4
8,Centre Hospitalier Régional de Saint-Louis,Saint-Louis,Saint-Louis,540,387,2024-08-26,96,16,534,2,6,378,36,3.19,Grippe,58,8,76.19,17.94,modéré,29.5,89.1,2145.5,False,0.37,0.54,0.03,158.4,51.2
8,Centre Hospitalier Régional de Saint-Louis,Saint-Louis,Saint-Louis,540,387,2024-08-27,45,26,60,23,480,338,2,0.72,Grippe,85,3,42.72,18.24,élevé,23.2,84.1,3801.8,True,0.59,0.52,0.13,75.4,42.6
8,Centre Hospitalier Régional de Saint-Louis,Saint-Louis,Saint-Louis,540,387,2024-08-28,49,37,189,24,351,372,4,2.61,Choléra,4,0,45.63,9.12,faible,33.2,80.0,648.7,False,0.51,0.55,0.14,150.0,25.3
8,Centre Hospitalier Régional de Saint-Louis,Saint-Louis,Saint-Louis,540,387,2024-08-29,33,66,351,24,189,365,40,1.6,Paludisme,82,8,42.86,25.36,élevé,37.7,84.7,2256.5,True,0.86,0.42,0.15,117.5,13.6
8,Centre Hospitalier Régional de Saint-Louis,Saint-Louis,Saint-Louis,540,387,2024-08-30,22,73,101,8,439,371,44,0.53,Dengue,14,4,92.95,11.48,faible,36.8,52.5,4661.6,False,0.28,0.77,0.02,171.5,54.9
8,Centre Hospitalier Régional de Saint-Louis,Saint-Louis,Saint-Louis,540,387,2024-08-31,74,23,426,19,114,378,51,2.14,Grippe,90,8,59.51,15.69,élevé,32.4,63.0,2171.6,True,0.35,0.52,0.16,28.5,34.2
8,Centre Hospitalier Régional de Saint-Louis,Saint-Louis,Saint-Louis,540,387,2024-09-01,70,31,74,1,466,347,5,3.93,Dengue,94,4,36.2,4.43,élevé,33.6,55.2,3145.2,True,0.42,0.72,0.16,134.2,5.7
8,Centre Hospitalier Régional de Saint-Louis,Saint-Louis,Saint-Louis,540,387,2024-09-02,82,20,421,15,119,387,44,2.9,Paludisme,20,9,90.95,2.41,faible,25.2,69.8,3918.6,False,0.72,0.51,0.09,148.1,13.1
8,Centre Hospitalier Régional de Saint-Louis,Saint-Louis,Saint-Louis,540,387,2024-09-03,33,48,490,16,50,341,40,1.59,Covid-19,62,3,60.64,9.45,modéré,22.4,40.4,1704.3,False,0.25,0.6,0.12,23.4,23.6
8,Centre Hospitalier Régional de Saint-Louis,Saint-Louis,Saint-Louis,540,387,2024-09-04,34,22,425,2,115,368,23,1.74,Covid-19,110,9,92.37,21.73,élevé,38.2,50.5,4063.2,True,0.73,0.71,0.19,109.9,13.8
8,Centre Hospitalier Régional de Saint-Louis,Saint-Louis,Saint-Louis,540,387,2024-09-05,11,79,371,24,169,380,34,1.26,Dengue,17,2,35.07,12.6,faible,23.3,80.8,1430.3,False,0.83,0.34,0.08,71.7,27.3
8,Centre Hospitalier Régional de Saint-Louis,Saint-Louis,Saint-Louis,540,387,2024-09-06,38,56,515,0,25,352,18,1.75,Dengue,14,10,41.06,15.1,faible,31.9,55.5,2361.9,False,0.23,0.31,0.19,169.4,31.7
8,Centre Hospitalier Régional de Saint-Louis,Saint-Louis,Saint-Louis,540,387,2024-09-07,45,56,293,4,247,383,21,0.63,Choléra,27,9,37.77,18.21,faible,25.3,45.1,4418.4,False,0.23,0.92,0.01,158.1,12.7
8,Centre Hospitalier Régional de Saint-Louis,Saint-Louis,Saint-Louis,540,387,2024-09-08,11,40,106,2,434,357,32,2.7,Dengue,30,2,56.04,28.98,modéré,24.8,83.7,1880.9,False,0.46,0.54,0.09,170.6,43.8
8,Centre Hospitalier Régional de Saint-Louis,Saint-Louis,Saint-Louis,540,387,2024-09-09,95,14,278,18,262,370,28,3.08,Grippe,105,4,32.26,20.02,élevé,29.4,44.5,4981.2,True,0.91,0.51,0.13,20.6,28.1
8,Centre Hospitalier Régional de Saint-Louis,Saint-Louis,Saint-Louis,540,387,2024-09-10,33,49,434,18,106,373,15,3.54,Covid-19,103,8,51.32,17.36,élevé,32.1,62.4,2115.5,True,0.27,0.87,0.14,80.4,57.1
8,Centre Hospitalier Régional de Saint-Louis,Saint-Louis,Saint-Louis,540,387,2024-09-11,46,39,248,24,292,384,48,3.13,Grippe,70,8,61.95,15.94,modéré,36.4,82.5,503.7,False,0.46,0.86,0.14,162.0,59.5
8,Centre Hospitalier Régional de Saint-Louis,Saint-Louis,Saint-Louis,540,387,2024-09-12,26,9,136,22,404,352,11,1.85,Choléra,7,10,63.95,10.02,faible,29.3,85.4,4337.2,False,0.71,0.98,0.05,153.0,8.7
8,Centre Hospitalier Régional de Saint-Louis,Saint-Louis,Saint-Louis,540,387,2024-09-13,53,88,131,24,409,344,60,0.21,Covid-19,4,0,32.72,3.98,faible,26.7,47.8,3508.2,False,0.86,0.58,0.08,104.9,40.1
8,Centre Hospitalier Régional de Saint-Louis,Saint-Louis,Saint-Louis,540,387,2024-09-14,14,81,277,18,263,378,3,1.34,Paludisme,5,0,77.23,18.63,faible,27.5,53.1,4629.9,False,0.77,0.81,0.15,18.5,10.8
8,Centre Hospitalier Régional de Saint-Louis,Saint-Louis,Saint-Louis,540,387,2024-09-15,54,80,443,8,97,346,42,3.15,Covid-19,24,0,39.88,9.86,faible,33.7,62.9,922.2,False,0.76,0.9,0.08,51.9,20.2
8,Centre Hospitalier Régional de Saint-Louis,Saint-Louis,Saint-Louis,540,387,2024-09-16,39,75,419,0,121,369,43,0.29,Grippe,91,10,42.35,16.67,élevé,35.8,40.6,1855.2,True,0.5,0.95,0.16,52.4,40.1
8,Centre Hospitalier Régional de Saint-Louis,Saint-Louis,Saint-Louis,540,387,2024-09-17,38,22,64,1,476,387,15,2.06,Grippe,67,8,79.65,20.68,modéré,32.0,64.4,1496.6,False,0.33,0.7,0.08,64.6,13.9
8,Centre Hospitalier Régional de Saint-Louis,Saint-Louis,Saint-Louis,540,387,2024-09-18,79,90,461,7,79,371,46,0.61,Paludisme,31,0,91.9,14.33,modéré,30.4,40.0,2479.9,False,0.69,0.41,0.1,129.4,51.8
8,Centre Hospitalier Régional de Saint-Louis,Saint-Louis,Saint-Louis,540,387,2024-09-19,81,39,528,5,12,363,2,2.87,Paludisme,46,8,46.64,22.32,modéré,36.4,55.7,4580.8,False,0.24,0.49,0.17,46.9,15.5
8,Centre Hospitalier Régional de Saint-Louis,Saint-Louis,Saint-Louis,540,387,2024-09-20,89,24,191,0,349,353,56,1.63,Choléra,89,4,56.54,19.11,élevé,24.0,55.8,2505.5,True,0.89,0.93,0.17,49.2,12.1
8,Centre Hospitalier Régional de Saint-Louis,Saint-Louis,Saint-Louis,540,387,2024-09-21,74,25,528,7,12,343,54,1.18,Choléra,110,9,54.35,13.42,élevé,35.1,54.6,1536.8,True,0.53,0.45,0.16,147.7,35.7
8,Centre Hospitalier Régional de Saint-Louis,Saint-Louis,Saint-Louis,540,387,2024-09-22,98,34,177,8,363,374,26,1.46,Dengue,7,1,88.92,28.49,faible,30.1,54.9,2283.8,False,0.66,0.87,0.12,165.4,33.1
8,Centre Hospitalier Régional de Saint-Louis,Saint-Louis,Saint-Louis,540,387,2024-09-23,56,72,123,13,417,353,37,3.46,Covid-19,0,6,85.66,7.82,faible,26.7,46.9,2354.3,False,0.27,0.95,0.02,145.7,21.0
8,Centre Hospitalier Régional de Saint-Louis,Saint-Louis,Saint-Louis,540,387,2024-09-24,76,6,274,11,266,370,2,2.94,Choléra,3,9,37.95,28.99,faible,33.1,74.9,2445.0,False,0.39,0.56,0.08,22.0,21.4
8,Centre Hospitalier Régional de Saint-Louis,Saint-Louis,Saint-Louis,540,387,2024-09-25,69,41,504,9,36,352,56,3.87,Paludisme,103,6,87.24,9.08,élevé,23.8,72.9,3121.9,True,0.79,0.72,0.03,7.6,39.7
8,Centre Hospitalier Régional de Saint-Louis,Saint-Louis,Saint-Louis,540,387,2024-09-26,49,37,471,16,69,374,46,3.2,Choléra,38,3,35.99,19.83,modéré,33.1,60.4,4533.5,False,0.23,0.43,0.08,101.7,10.2
8,Centre Hospitalier Régional de Saint-Louis,Saint-Louis,Saint-Louis,540,387,2024-09-27,14,26,208,14,332,370,18,1.86,Covid-19,43,5,70.29,3.71,modéré,38.9,52.6,4969.8,False,0.59,0.75,0.06,135.1,13.9
8,Centre Hospitalier Régional de Saint-Louis,Saint-Louis,Saint-Louis,540,387,2024-09-28,47,44,215,9,325,365,16,0.21,Grippe,108,0,83.3,27.33,élevé,26.8,60.2,2461.7,True,0.88,0.63,0.1,67.3,4.8
8,Centre Hospitalier Régional de Saint-Louis,Saint-Louis,Saint-Louis,540,387,2024-09-29,35,37,59,5,481,362,4,1.13,Paludisme,9,6,81.75,14.42,faible,26.7,85.1,2524.0,False,0.82,0.83,0.12,27.5,9.3
8,Centre Hospitalier Régional de Saint-Louis,Saint-Louis,Saint-Louis,540,387,2024-09-30,43,45,476,16,64,358,33,2.03,Grippe,47,2,83.74,15.53,modéré,22.1,71.8,220.7,False,0.35,0.85,0.14,88.6,54.0
8,Centre Hospitalier Régional de Saint-Louis,Saint-Louis,Saint-Louis,540,387,2024-10-01,61,35,265,16,275,364,20,1.93,Choléra,50,10,33.94,5.89,modéré,28.8,48.5,2948.0,False,0.23,0.97,0.13,62.5,46.4
8,Centre Hospitalier Régional de Saint-Louis,Saint-Louis,Saint-Louis,540,387,2024-10-02,25,57,239,19,301,340,8,0.63,Grippe,18,4,61.53,17.93,faible,27.8,76.6,3013.9,False,0.92,0.61,0.1,164.4,14.6
8,Centre Hospitalier Régional de Saint-Louis,Saint-Louis,Saint-Louis,540,387,2024-10-03,71,8,524,3,16,360,1,0.38,Dengue,67,9,47.15,18.49,modéré,38.3,48.0,3433.4,False,0.87,0.7,0.01,170.9,52.3
8,Centre Hospitalier Régional de Saint-Louis,Saint-Louis,Saint-Louis,540,387,2024-10-04,73,55,425,10,115,341,9,3.73,Covid-19,70,8,59.44,12.1,modéré,23.2,85.7,517.6,False,0.51,0.7,0.1,148.3,34.3
8,Centre Hospitalier Régional de Saint-Louis,Saint-Louis,Saint-Louis,540,387,2024-10-05,42,31,501,14,39,373,27,3.04,Grippe,35,0,50.53,5.72,modéré,23.5,66.5,388.3,False,0.82,0.73,0.18,39.1,41.7
8,Centre Hospitalier Régional de Saint-Louis,Saint-Louis,Saint-Louis,540,387,2024-10-06,38,78,196,10,344,363,3,2.98,Dengue,14,4,40.94,2.81,faible,32.6,59.0,4488.2,False,0.28,0.55,0.2,101.1,30.4
8,Centre Hospitalier Régional de Saint-Louis,Saint-Louis,Saint-Louis,540,387,2024-10-07,57,46,191,24,349,360,41,0.25,Covid-19,42,7,90.95,17.78,modéré,35.1,77.2,1244.8,False,0.75,0.64,0.13,107.3,58.6
8,Centre Hospitalier Régional de Saint-Louis,Saint-Louis,Saint-Louis,540,387,2024-10-08,46,35,210,2,330,339,59,0.54,Choléra,119,1,56.59,4.23,élevé,36.3,73.5,509.5,True,0.61,0.71,0.2,113.3,34.5
8,Centre Hospitalier Régional de Saint-Louis,Saint-Louis,Saint-Louis,540,387,2024-10-09,83,22,133,17,407,348,57,0.49,Covid-19,82,8,38.67,3.6,élevé,34.7,88.9,1520.6,True,0.36,0.73,0.05,154.9,55.0
8,Centre Hospitalier Régional de Saint-Louis,Saint-Louis,Saint-Louis,540,387,2024-10-10,88,70,523,24,17,357,13,1.79,Dengue,65,1,76.1,11.07,modéré,34.7,84.1,3374.9,False,0.34,0.57,0.02,94.2,3.1
8,Centre Hospitalier Régional de Saint-Louis,Saint-Louis,Saint-Louis,540,387,2024-10-11,35,32,260,12,280,374,12,1.69,Dengue,86,0,58.7,19.88,élevé,25.1,49.5,2146.9,True,0.91,0.92,0.11,52.2,7.3
8,Centre Hospitalier Régional de Saint-Louis,Saint-Louis,Saint-Louis,540,387,2024-10-12,44,68,215,17,325,364,42,0.57,Covid-19,31,4,41.69,14.37,modéré,23.7,47.6,4400.0,False,0.77,0.35,0.13,126.8,44.0
8,Centre Hospitalier Régional de Saint-Louis,Saint-Louis,Saint-Louis,540,387,2024-10-13,94,45,467,21,73,365,14,3.59,Covid-19,73,7,45.43,5.72,modéré,25.9,56.3,3445.6,False,0.93,0.53,0.12,17.0,55.8
8,Centre Hospitalier Régional de Saint-Louis,Saint-Louis,Saint-Louis,540,387,2024-10-14,84,56,105,25,435,349,21,1.41,Choléra,11,2,30.88,26.25,faible,22.1,42.5,4500.3,False,0.24,0.35,0.2,106.8,51.4
7,Centre Hospitalier Régional de Louga,Louga,Louga,522,369,2024-12-20,26,9,294,22,228,365,14,2.93,Dengue,19,5,46.62,9.65,faible,32.9,51.1,818.0,False,0.33,0.89,0.02,87.4,52.5
7,Centre Hospitalier Régional de Louga,Louga,Louga,522,369,2024-12-21,35,10,456,13,66,340,54,3.13,Grippe,6,9,77.31,29.75,faible,37.0,51.6,4110.4,False,0.62,0.75,0.08,90.6,20.3
7,Centre Hospitalier Régional de Louga,Louga,Louga,522,369,2024-12-22,74,84,359,22,163,338,22,2.91,Paludisme,40,0,46.09,16.69,modéré,24.2,59.8,1066.7,False,0.72,0.89,0.13,37.2,22.1
7,Centre Hospitalier Régional de Louga,Louga,Louga,522,369,2024-12-23,78,31,436,0,86,326,37,3.99,Paludisme,66,10,35.55,1.14,modéré,30.2,66.6,4747.1,False,0.37,0.78,0.11,114.7,58.5
7,Centre Hospitalier Régional de Louga,Louga,Louga,522,369,2024-12-24,54,50,108,19,414,353,59,1.19,Paludisme,94,0,93.79,10.24,élevé,29.3,72.6,2370.0,True,0.36,0.77,0.09,126.7,22.4
7,Centre Hospitalier Régional de Louga,Louga,Louga,522,369,2024-12-25,76,33,484,12,38,322,4,0.74,Dengue,24,1,76.33,5.85,faible,24.9,46.1,2138.3,False,0.36,0.81,0.11,91.2,5.8
7,Centre Hospitalier Régional de Louga,Louga,Louga,522,369,2024-12-26,19,20,183,13,339,344,60,3.78,Dengue,79,10,31.56,25.99,modéré,36.3,89.2,3004.7,False,0.71,0.55,0.06,109.9,4.8
7,Centre Hospitalier Régional de Louga,Louga,Louga,522,369,2024-12-27,26,36,299,16,223,359,44,2.02,Paludisme,41,10,30.46,13.3,modéré,25.6,42.2,4914.0,False,0.61,0.31,0.03,161.2,22.4
7,Centre Hospitalier Régional de Louga,Louga,Louga,522,369,2024-12-28,26,42,222,7,300,361,29,2.36,Choléra,44,6,76.4,25.83,modéré,30.5,58.4,4067.5,False,0.27,0.9,0.06,68.2,37.0
7,Centre Hospitalier Régional de Louga,Louga,Louga,522,369,2024-12-29,46,69,415,1,107,322,2,0.3,Choléra,68,5,71.65,10.79,modéré,24.1,44.7,2537.1,False,0.26,0.57,0.16,157.8,48.9
7,Centre Hospitalier Régional de Louga,Louga,Louga,522,369,2024-12-30,89,56,246,16,276,331,54,1.59,Paludisme,73,5,61.59,2.68,modéré,27.2,46.7,2153.9,False,0.24,0.86,0.18,41.7,47.6
7,Centre Hospitalier Régional de Louga,Louga,Louga,522,369,2024-12-31,31,44,438,15,84,348,35,1.76,Paludisme,15,0,39.63,10.93,faible,24.1,83.6,4813.3,False,0.41,0.55,0.09,88.2,50.9
8,Centre Hospitalier Régional de Saint-Louis,Saint-Louis,Saint-Louis,540,387,2024-01-01,45,62,148,23,392,380,24,2.44,Covid-19,44,1,82.58,17.27,modéré,35.6,49.5,1237.0,False,0.67,0.97,0.01,81.0,55.3
8,Centre Hospitalier Régional de Saint-Louis,Saint-Louis,Saint-Louis,540,387,2024-01-02,90,70,75,24,465,351,36,1.37,Dengue,19,2,42.26,4.98,faible,26.7,56.7,312.4,False,0.86,0.7,0.03,133.6,12.8
8,Centre Hospitalier Régional de Saint-Louis,Saint-Louis,Saint-Louis,540,387,2024-01-03,82,16,320,14,220,383,24,2.25,Grippe,37,7,72.82,26.74,modéré,29.2,65.6,703.6,False,0.75,0.54,0.11,17.6,56.3
8,Centre Hospitalier Régional de Saint-Louis,Saint-Louis,Saint-Louis,540,387,2024-01-04,22,41,309,19,231,366,27,2.49,Choléra,15,7,62.4,7.5,faible,33.9,40.8,1781.8,False,0.52,0.58,0.17,105.7,55.4
8,Centre Hospitalier Régional de Saint-Louis,Saint-Louis,Saint-Louis,540,387,2024-01-05,96,5,481,18,59,371,16,0.56,Dengue,46,0,65.23,16.6,modéré,33.7,75.6,4712.1,False,0.77,0.32,0.11,141.3,38.8
8,Centre Hospitalier Régional de Saint-Louis,Saint-Louis,Saint-Louis,540,387,2024-01-06,75,18,122,14,418,355,52,3.29,Covid-19,96,2,65.62,2.71,élevé,30.9,64.1,829.1,True,0.54,0.35,0.05,118.5,37.3
8,Centre Hospitalier Régional de Saint-Louis,Saint-Louis,Saint-Louis,540,387,2024-01-07,48,41,216,21,324,382,3,3.22,Choléra,104,6,70.26,4.26,élevé,28.9,77.5,2396.5,True,0.48,0.81,0.1,166.0,39.6
8,Centre Hospitalier Régional de Saint-Louis,Saint-Louis,Saint-Louis,540,387,2024-01-08,25,84,467,22,73,385,16,3.64,Dengue,24,8,72.32,14.86,faible,23.4,51.0,1097.3,False,0.51,0.84,0.12,105.8,12.4
8,Centre Hospitalier Régional de Saint-Louis,Saint-Louis,Saint-Louis,540,387,2024-01-09,66,76,530,20,10,355,34,0.28,Covid-19,96,5,31.43,2.01,élevé,26.5,87.2,4662.7,True,0.73,0.8,0.1,111.1,17.7
8,Centre Hospitalier Régional de Saint-Louis,Saint-Louis,Saint-Louis,540,387,2024-01-10,31,12,144,4,396,350,9,2.24,Covid-19,81,6,33.1,1.9,élevé,36.4,51.4,4327.8,True,0.79,0.46,0.13,45.8,11.9
8,Centre Hospitalier Régional de Saint-Louis,Saint-Louis,Saint-Louis,540,387,2024-01-11,35,30,54,13,486,340,17,0.32,Grippe,84,0,68.11,2.11,élevé,32.2,77.5,3998.4,True,0.54,0.51,0.08,164.4,29.5
8,Centre Hospitalier Régional de Saint-Louis,Saint-Louis,Saint-Louis,540,387,2024-01-12,31,32,185,8,355,344,7,1.91,Grippe,50,3,86.43,6.18,modéré,33.7,83.5,262.9,False,0.36,0.44,0.02,130.5,44.7
8,Centre Hospitalier Régional de Saint-Louis,Saint-Louis,Saint-Louis,540,387,2024-01-13,35,24,157,16,383,367,26,0.87,Covid-19,88,4,90.01,8.68,élevé,35.5,64.0,614.2,True,0.62,0.98,0.04,62.2,10.2
8,Centre Hospitalier Régional de Saint-Louis,Saint-Louis,Saint-Louis,540,387,2024-01-14,51,85,247,8,293,375,31,1.78,Covid-19,29,6,36.55,27.13,faible,33.5,66.3,4093.9,False,0.8,0.87,0.04,44.3,48.2
8,Centre Hospitalier Régional de Saint-Louis,Saint-Louis,Saint-Louis,540,387,2024-01-15,80,22,350,24,190,355,19,1.53,Paludisme,76,10,91.11,9.44,modéré,25.3,43.5,3658.0,False,0.85,0.79,0.01,71.7,17.2
8,Centre Hospitalier Régional de Saint-Louis,Saint-Louis,Saint-Louis,540,387,2024-01-16,89,69,86,15,454,373,50,0.93,Choléra,101,3,69.25,27.84,élevé,36.6,45.3,968.6,True,0.51,0.49,0.02,16.7,3.0
8,Centre Hospitalier Régional de Saint-Louis,Saint-Louis,Saint-Louis,540,387,2024-01-17,89,17,423,0,117,382,9,0.96,Covid-19,105,9,83.08,11.93,élevé,22.9,59.7,2892.1,True,0.74,0.58,0.13,72.2,3.7
8,Centre Hospitalier Régional de Saint-Louis,Saint-Louis,Saint-Louis,540,387,2024-01-18,32,49,446,15,94,373,9,2.58,Grippe,115,4,55.87,10.56,élevé,23.2,71.1,3633.1,True,0.55,0.33,0.04,148.5,43.5
8,Centre Hospitalier Régional de Saint-Louis,Saint-Louis,Saint-Louis,540,387,2024-01-19,96,84,96,18,444,387,45,1.81,Paludisme,37,9,76.19,12.45,modéré,26.1,63.5,208.7,False,0.28,0.86,0.16,95.7,24.1
8,Centre Hospitalier Régional de Saint-Louis,Saint-Louis,Saint-Louis,540,387,2024-01-20,16,22,296,7,244,343,10,2.17,Paludisme,51,10,54.84,14.25,modéré,29.1,41.8,4425.5,False,0.82,0.73,0.08,23.5,8.7
8,Centre Hospitalier Régional de Saint-Louis,Saint-Louis,Saint-Louis,540,387,2024-01-21,78,9,255,6,285,357,8,3.87,Dengue,3,8,58.24,3.51,faible,34.7,77.9,1675.8,False,0.96,0.33,0.08,65.0,17.3
8,Centre Hospitalier Régional de Saint-Louis,Saint-Louis,Saint-Louis,540,387,2024-01-22,61,22,36,1,504,380,35,0.2,Paludisme,88,2,30.43,26.23,élevé,28.3,88.6,1440.2,True,0.32,0.5,0.02,96.9,28.7
8,Centre Hospitalier Régional de Saint-Louis,Saint-Louis,Saint-Louis,540,387,2024-01-23,97,75,42,17,498,363,57,0.45,Grippe,1,7,42.4,20.02,faible,36.7,79.9,2359.9,False,0.4,0.33,0.04,60.4,51.9
8,Centre Hospitalier Régional de Saint-Louis,Saint-Louis,Saint-Louis,540,387,2024-01-24,50,51,63,14,477,361,19,2.46,Covid-19,66,4,87.92,20.89,modéré,36.3,65.6,1052.0,False,0.42,0.68,0.06,67.8,23.6
8,Centre Hospitalier Régional de Saint-Louis,Saint-Louis,Saint-Louis,540,387,2024-01-25,58,49,45,11,495,376,23,1.15,Dengue,39,3,48.44,13.56,modéré,38.4,79.0,902.0,False,0.54,0.33,0.19,40.6,20.6
8,Centre Hospitalier Régional de Saint-Louis,Saint-Louis,Saint-Louis,540,387,2024-01-26,73,6,107,0,433,359,29,1.62,Paludisme,15,0,82.81,17.49,faible,29.2,84.7,3998.4,False,0.61,0.61,0.19,65.6,30.4
8,Centre Hospitalier Régional de Saint-Louis,Saint-Louis,Saint-Louis,540,387,2024-01-27,35,61,437,19,103,386,19,0.7,Paludisme,120,10,44.32,19.73,élevé,31.9,41.1,4706.4,True,0.47,0.72,0.01,141.0,17.3
8,Centre Hospitalier Régional de Saint-Louis,Saint-Louis,Saint-Louis,540,387,2024-01-28,54,65,391,19,149,357,14,3.01,Choléra,53,5,71.47,7.25,modéré,31.2,47.9,2972.0,False,0.59,0.66,0.02,113.6,38.9
8,Centre Hospitalier Régional de Saint-Louis,Saint-Louis,Saint-Louis,540,387,2024-01-29,35,49,349,19,191,385,1,1.88,Covid-19,74,1,93.46,22.11,modéré,38.1,69.8,4834.7,False,0.35,0.36,0.01,126.6,56.6
8,Centre Hospitalier Régional de Saint-Louis,Saint-Louis,Saint-Louis,540,387,2024-01-30,74,62,161,14,379,371,32,1.87,Paludisme,34,0,38.74,9.19,modéré,23.6,75.9,2823.3,False,0.53,0.86,0.11,35.5,13.2
8,Centre Hospitalier Régional de Saint-Louis,Saint-Louis,Saint-Louis,540,387,2024-01-31,41,72,59,10,481,363,34,1.97,Grippe,98,10,88.87,9.26,élevé,34.7,86.9,288.0,True,0.25,0.74,0.19,71.4,59.3
8,Centre Hospitalier Régional de Saint-Louis,Saint-Louis,Saint-Louis,540,387,2024-02-01,13,59,424,12,116,349,29,3.69,Choléra,87,1,54.95,15.49,élevé,32.9,87.8,4713.4,True,0.82,0.98,0.09,24.0,51.9
8,Centre Hospitalier Régional de Saint-Louis,Saint-Louis,Saint-Louis,540,387,2024-02-02,50,51,86,1,454,384,40,1.41,Grippe,100,5,65.74,17.42,élevé,35.4,87.7,2986.7,True,0.74,0.83,0.02,100.0,12.4
8,Centre Hospitalier Régional de Saint-Louis,Saint-Louis,Saint-Louis,540,387,2024-02-03,33,88,36,7,504,386,1,3.91,Paludisme,54,8,66.76,7.9,modéré,31.4,46.8,4286.1,False,0.37,0.46,0.19,46.3,29.5
8,Centre Hospitalier Régional de Saint-Louis,Saint-Louis,Saint-Louis,540,387,2024-02-04,88,11,108,4,432,384,50,1.82,Covid-19,115,3,67.86,15.46,élevé,34.5,58.6,1487.4,True,0.25,0.49,0.02,10.6,10.8
8,Centre Hospitalier Régional de Saint-Louis,Saint-Louis,Saint-Louis,540,387,2024-02-05,34,69,246,14,294,347,19,2.54,Paludisme,20,5,69.65,1.75,faible,33.3,80.7,4081.6,False,0.77,0.91,0.08,101.2,7.0
8,Centre Hospitalier Régional de Saint-Louis,Saint-Louis,Saint-Louis,540,387,2024-02-06,40,39,534,5,6,346,42,1.29,Dengue,13,2,50.71,29.25,faible,28.4,74.9,2372.0,False,0.34,0.53,0.1,143.8,23.1
8,Centre Hospitalier Régional de Saint-Louis,Saint-Louis,Saint-Louis,540,387,2024-02-07,99,75,456,17,84,387,43,0.3,Grippe,40,0,55.31,25.56,modéré,26.8,87.1,2282.1,False,0.44,0.87,0.02,150.6,19.3
8,Centre Hospitalier Régional de Saint-Louis,Saint-Louis,Saint-Louis,540,387,2024-12-04,94,59,53,21,487,366,16,0.82,Choléra,95,6,61.1,10.73,élevé,30.5,52.6,3676.5,True,0.65,0.7,0.1,162.1,31.0
8,Centre Hospitalier Régional de Saint-Louis,Saint-Louis,Saint-Louis,540,387,2024-12-05,95,47,479,21,61,349,19,1.78,Grippe,116,6,30.02,27.83,élevé,23.8,88.1,2671.8,True,0.7,0.88,0.08,135.4,29.5
8,Centre Hospitalier Régional de Saint-Louis,Saint-Louis,Saint-Louis,540,387,2024-12-06,30,34,407,22,133,359,33,1.72,Grippe,99,8,54.38,23.29,élevé,38.9,89.5,1621.6,True,0.91,0.64,0.12,92.4,53.5
8,Centre Hospitalier Régional de Saint-Louis,Saint-Louis,Saint-Louis,540,387,2024-12-07,25,80,132,7,408,375,3,0.63,Covid-19,103,3,35.8,23.96,élevé,26.0,44.5,4384.5,True,0.48,0.3,0.04,90.6,7.1
8,Centre Hospitalier Régional de Saint-Louis,Saint-Louis,Saint-Louis,540,387,2024-12-08,79,52,540,2,0,355,1,3.92,Paludisme,60,2,53.36,4.25,modéré,29.4,86.5,1197.8,False,0.55,0.36,0.08,51.4,51.2
8,Centre Hospitalier Régional de Saint-Louis,Saint-Louis,Saint-Louis,540,387,2024-12-09,51,61,201,22,339,371,60,1.44,Grippe,20,7,75.68,10.66,faible,28.8,71.8,3297.6,False,0.87,0.93,0.18,22.6,40.9
8,Centre Hospitalier Régional de Saint-Louis,Saint-Louis,Saint-Louis,540,387,2024-12-10,55,20,163,8,377,359,34,1.01,Grippe,76,7,40.72,4.24,modéré,27.8,69.1,4588.1,False,0.9,0.49,0.15,148.2,34.9
8,Centre Hospitalier Régional de Saint-Louis,Saint-Louis,Saint-Louis,540,387,2024-12-11,15,88,132,8,408,340,26,0.25,Choléra,46,6,30.24,22.46,modéré,38.0,73.8,4092.1,False,0.33,0.83,0.17,112.8,55.1
8,Centre Hospitalier Régional de Saint-Louis,Saint-Louis,Saint-Louis,540,387,2024-12-12,55,17,498,25,42,353,11,1.96,Choléra,117,7,83.54,21.61,élevé,36.8,83.3,4119.1,True,0.81,0.44,0.07,84.8,11.6
8,Centre Hospitalier Régional de Saint-Louis,Saint-Louis,Saint-Louis,540,387,2024-12-13,18,22,274,11,266,342,16,0.42,Dengue,64,0,31.16,21.66,modéré,32.9,76.5,4417.5,False,0.77,0.76,0.13,66.2,38.6
8,Centre Hospitalier Régional de Saint-Louis,Saint-Louis,Saint-Louis,540,387,2024-12-14,51,34,147,24,393,363,22,2.82,Choléra,24,8,92.88,14.04,faible,33.8,49.0,4261.3,False,0.9,0.83,0.09,35.8,7.2
8,Centre Hospitalier Régional de Saint-Louis,Saint-Louis,Saint-Louis,540,387,2024-12-15,40,84,148,8,392,362,10,2.38,Grippe,77,10,34.63,14.04,modéré,27.0,51.3,1418.1,False,0.85,0.36,0.18,96.4,46.6
8,Centre Hospitalier Régional de Saint-Louis,Saint-Louis,Saint-Louis,540,387,2024-12-16,92,19,61,9,479,350,9,2.85,Covid-19,111,2,85.03,12.94,élevé,28.9,56.2,1982.8,True,0.89,0.81,0.17,123.5,44.7
8,Centre Hospitalier Régional de Saint-Louis,Saint-Louis,Saint-Louis,540,387,2024-12-17,25,36,412,5,128,354,51,0.81,Covid-19,91,1,58.77,9.79,élevé,32.2,41.8,1098.3,True,0.3,0.38,0.18,59.5,18.2
8,Centre Hospitalier Régional de Saint-Louis,Saint-Louis,Saint-Louis,540,387,2024-12-18,31,61,535,14,5,345,56,2.36,Grippe,56,2,34.15,17.88,modéré,31.2,81.1,3917.7,False,0.2,0.89,0.04,146.6,14.4
8,Centre Hospitalier Régional de Saint-Louis,Saint-Louis,Saint-Louis,540,387,2024-12-19,79,50,196,0,344,343,18,0.3,Grippe,35,10,63.41,8.39,modéré,38.4,87.4,3831.3,False,0.72,0.41,0.17,69.8,36.6
8,Centre Hospitalier Régional de Saint-Louis,Saint-Louis,Saint-Louis,540,387,2024-12-20,82,80,84,18,456,382,39,2.98,Covid-19,84,10,88.6,3.26,élevé,38.5,71.9,3516.2,True,0.9,0.52,0.09,18.8,56.6
8,Centre Hospitalier Régional de Saint-Louis,Saint-Louis,Saint-Louis,540,387,2024-12-21,70,37,36,0,504,376,23,3.53,Choléra,52,8,79.38,10.2,modéré,33.4,86.9,3220.0,False,0.28,0.83,0.02,83.4,40.1
8,Centre Hospitalier Régional de Saint-Louis,Saint-Louis,Saint-Louis,540,387,2024-12-22,42,26,273,21,267,371,57,0.49,Dengue,107,0,90.13,6.16,élevé,29.4,68.3,3726.7,True,0.38,0.37,0.01,156.5,54.4
8,Centre Hospitalier Régional de Saint-Louis,Saint-Louis,Saint-Louis,540,387,2024-12-23,66,5,196,8,344,370,46,3.45,Covid-19,73,2,42.47,15.68,modéré,29.9,44.7,1766.3,False,0.76,0.46,0.04,83.8,56.3
8,Centre Hospitalier Régional de Saint-Louis,Saint-Louis,Saint-Louis,540,387,2024-12-24,53,57,62,18,478,364,56,0.12,Dengue,71,10,59.88,9.66,modéré,30.5,47.6,4656.9,False,0.93,0.63,0.15,151.8,27.8
8,Centre Hospitalier Régional de Saint-Louis,Saint-Louis,Saint-Louis,540,387,2024-12-25,39,11,480,22,60,350,32,0.32,Covid-19,3,6,38.94,22.4,faible,31.9,63.8,110.5,False,0.27,0.31,0.11,153.8,23.9
8,Centre Hospitalier Régional de Saint-Louis,Saint-Louis,Saint-Louis,540,387,2024-12-26,43,86,89,14,451,340,47,1.25,Dengue,110,10,60.46,15.28,élevé,28.6,45.7,3864.7,True,0.52,0.75,0.05,39.5,12.6
8,Centre Hospitalier Régional de Saint-Louis,Saint-Louis,Saint-Louis,540,387,2024-12-27,82,19,271,19,269,366,25,1.78,Dengue,103,9,81.81,27.5,élevé,37.9,65.6,2568.7,True,0.32,0.76,0.16,157.6,26.2
8,Centre Hospitalier Régional de Saint-Louis,Saint-Louis,Saint-Louis,540,387,2024-12-28,30,29,492,24,48,342,6,1.1,Choléra,103,6,87.52,13.72,élevé,27.1,62.8,1584.2,True,0.93,0.91,0.0,60.6,30.1
8,Centre Hospitalier Régional de Saint-Louis,Saint-Louis,Saint-Louis,540,387,2024-12-29,57,58,267,21,273,341,24,0.91,Paludisme,40,3,87.38,15.76,modéré,34.2,59.3,2675.5,False,0.78,0.39,0.1,39.4,36.5
8,Centre Hospitalier Régional de Saint-Louis,Saint-Louis,Saint-Louis,540,387,2024-12-30,31,44,260,17,280,364,32,1.12,Choléra,58,6,71.11,14.91,modéré,37.8,46.8,1889.7,False,0.95,0.31,0.07,12.1,43.8
8,Centre Hospitalier Régional de Saint-Louis,Saint-Louis,Saint-Louis,540,387,2024-12-31,92,22,292,21,248,377,12,1.61,Dengue,112,4,90.62,4.58,élevé,29.8,50.9,2805.0,True,0.63,0.59,0.09,7.3,18.7
9,Centre Hospitalier Régional de Matam,Matam,Matam,359,116,2024-01-01,27,78,215,14,144,92,46,2.99,Grippe,114,3,71.16,26.62,élevé,38.5,86.5,1572.0,True,0.4,0.53,0.18,155.3,3.5
9,Centre Hospitalier Régional de Matam,Matam,Matam,359,116,2024-01-02,45,72,353,25,6,112,27,0.22,Covid-19,65,10,54.34,18.46,modéré,26.2,50.7,1466.6,False,0.42,0.48,0.16,30.6,43.6
9,Centre Hospitalier Régional de Matam,Matam,Matam,359,116,2024-01-03,89,5,180,25,179,76,37,0.92,Dengue,21,9,45.55,13.44,faible,36.6,53.9,3980.7,False,0.7,0.96,0.12,108.2,57.5
9,Centre Hospitalier Régional de Matam,Matam,Matam,359,116,2024-01-04,91,65,53,21,306,71,20,0.79,Paludisme,62,1,38.18,3.9,modéré,37.8,76.6,466.4,False,0.52,0.78,0.02,85.4,36.1
9,Centre Hospitalier Régional de Matam,Matam,Matam,359,116,2024-01-05,35,39,137,10,222,70,25,3.33,Choléra,45,9,38.17,1.68,modéré,33.4,81.4,2237.5,False,0.41,0.36,0.18,105.6,18.3
9,Centre Hospitalier Régional de Matam,Matam,Matam,359,116,2024-01-06,56,15,232,16,127,97,11,0.54,Covid-19,105,8,63.86,1.85,élevé,29.4,73.0,4467.0,True,0.85,0.67,0.1,170.6,54.3
9,Centre Hospitalier Régional de Matam,Matam,Matam,359,116,2024-01-07,85,59,161,16,198,66,20,3.02,Dengue,112,10,50.31,7.55,élevé,34.0,43.6,594.9,True,0.33,0.9,0.17,106.5,46.5
9,Centre Hospitalier Régional de Matam,Matam,Matam,359,116,2024-01-08,76,34,271,24,88,73,14,1.48,Dengue,25,6,73.59,10.56,faible,28.6,66.2,3260.1,False,0.92,0.47,0.07,176.7,31.6
9,Centre Hospitalier Régional de Matam,Matam,Matam,359,116,2024-01-09,28,81,89,23,270,86,24,1.47,Dengue,39,4,57.05,1.04,modéré,31.9,45.7,1518.0,False,0.55,0.75,0.18,94.6,59.8
9,Centre Hospitalier Régional de Matam,Matam,Matam,359,116,2024-01-10,97,21,64,1,295,73,20,2.92,Dengue,82,4,60.08,8.25,élevé,23.0,43.7,1932.3,True,0.76,0.79,0.2,90.4,5.2
9,Centre Hospitalier Régional de Matam,Matam,Matam,359,116,2024-01-11,82,46,288,20,71,98,27,2.34,Paludisme,41,1,53.0,6.6,modéré,23.1,83.9,275.8,False,0.23,0.59,0.09,16.1,50.7
9,Centre Hospitalier Régional de Matam,Matam,Matam,359,116,2024-01-12,79,12,333,19,26,75,25,0.45,Choléra,106,3,60.69,25.9,élevé,36.5,86.7,1390.7,True,0.78,0.83,0.14,160.6,16.4
9,Centre Hospitalier Régional de Matam,Matam,Matam,359,116,2024-01-13,39,6,149,15,210,92,33,0.66,Dengue,11,8,60.5,5.88,faible,24.0,63.2,808.7,False,0.27,0.44,0.07,28.7,49.4
9,Centre Hospitalier Régional de Matam,Matam,Matam,359,116,2024-01-14,20,61,219,14,140,103,17,1.82,Dengue,4,5,76.12,7.82,faible,22.3,45.5,470.3,False,0.37,0.38,0.06,110.7,56.9
9,Centre Hospitalier Régional de Matam,Matam,Matam,359,116,2024-01-15,70,89,251,7,108,106,32,0.94,Grippe,52,10,90.93,2.7,modéré,34.5,52.0,2038.6,False,0.89,0.42,0.07,102.2,43.4
9,Centre Hospitalier Régional de Matam,Matam,Matam,359,116,2024-01-16,17,84,142,23,217,78,45,0.23,Grippe,4,4,83.37,3.79,faible,22.4,62.8,1158.5,False,0.24,0.81,0.12,51.5,29.2
9,Centre Hospitalier Régional de Matam,Matam,Matam,359,116,2024-01-17,70,16,20,4,339,109,47,1.2,Grippe,2,8,90.15,14.68,faible,36.6,69.1,535.1,False,0.4,0.91,0.03,112.9,3.4
9,Centre Hospitalier Régional de Matam,Matam,Matam,359,116,2024-01-18,21,9,188,15,171,94,14,3.05,Grippe,20,2,78.84,13.23,faible,35.7,56.5,2836.0,False,0.77,0.48,0.05,166.9,29.7
9,Centre Hospitalier Régional de Matam,Matam,Matam,359,116,2024-01-19,38,64,73,6,286,80,13,2.07,Paludisme,71,7,34.49,14.7,modéré,37.5,47.7,2568.0,False,0.82,0.84,0.07,14.1,56.2
9,Centre Hospitalier Régional de Matam,Matam,Matam,359,116,2024-01-20,32,25,271,1,88,91,41,2.49,Choléra,106,0,78.68,25.16,élevé,37.9,40.6,4808.9,True,0.98,0.38,0.03,116.0,43.8
9,Centre Hospitalier Régional de Matam,Matam,Matam,359,116,2024-01-21,80,62,63,9,296,85,6,1.49,Covid-19,69,5,90.21,5.32,modéré,27.2,75.9,3633.0,False,0.53,0.59,0.18,179.8,55.5
9,Centre Hospitalier Régional de Matam,Matam,Matam,359,116,2024-01-22,38,36,40,23,319,76,2,3.75,Choléra,16,5,48.35,4.87,faible,28.7,79.7,2103.2,False,0.35,0.99,0.11,22.1,28.7
6,Centre Hospitalier Régional de Kaffrine,Kaffrine,Kaffrine,364,357,2024-04-30,35,30,218,17,146,350,54,2.36,Dengue,29,1,64.43,12.84,faible,22.7,64.0,4047.5,False,0.33,0.56,0.15,90.9,8.4
6,Centre Hospitalier Régional de Kaffrine,Kaffrine,Kaffrine,364,357,2024-05-01,88,75,229,25,135,325,10,0.23,Covid-19,17,7,89.14,8.54,faible,32.6,61.4,187.9,False,0.93,0.34,0.07,54.1,56.6
6,Centre Hospitalier Régional de Kaffrine,Kaffrine,Kaffrine,364,357,2024-05-02,48,74,301,9,63,325,20,0.59,Dengue,0,3,49.62,21.79,faible,33.5,86.7,2289.9,False,0.56,0.67,0.02,168.8,26.1
6,Centre Hospitalier Régional de Kaffrine,Kaffrine,Kaffrine,364,357,2024-05-03,75,5,119,4,245,342,27,3.74,Dengue,73,9,81.42,28.3,modéré,36.5,54.9,4376.2,False,0.83,0.67,0.07,159.5,32.8
6,Centre Hospitalier Régional de Kaffrine,Kaffrine,Kaffrine,364,357,2024-05-04,58,82,217,17,147,334,25,1.49,Paludisme,85,4,44.37,19.88,élevé,24.7,55.4,1591.2,True,0.93,0.68,0.11,80.1,9.6
6,Centre Hospitalier Régional de Kaffrine,Kaffrine,Kaffrine,364,357,2024-05-05,65,47,52,13,312,333,37,2.62,Covid-19,104,3,65.52,11.6,élevé,29.8,66.9,3621.1,True,0.97,0.43,0.04,8.6,38.3
6,Centre Hospitalier Régional de Kaffrine,Kaffrine,Kaffrine,364,357,2024-05-06,11,46,270,9,94,335,4,1.83,Covid-19,62,7,45.11,14.67,modéré,25.9,51.9,3252.0,False,0.93,0.98,0.16,132.4,5.6
6,Centre Hospitalier Régional de Kaffrine,Kaffrine,Kaffrine,364,357,2024-05-07,89,81,52,22,312,333,27,1.92,Paludisme,55,9,79.21,8.39,modéré,28.1,55.5,2699.2,False,0.35,0.59,0.19,107.3,11.6
6,Centre Hospitalier Régional de Kaffrine,Kaffrine,Kaffrine,364,357,2024-05-08,92,77,270,13,94,335,30,3.88,Grippe,95,0,83.85,17.79,élevé,32.3,49.1,141.6,True,0.7,0.77,0.02,18.6,20.7
6,Centre Hospitalier Régional de Kaffrine,Kaffrine,Kaffrine,364,357,2024-05-09,17,27,344,4,20,327,58,2.33,Grippe,101,8,36.68,26.23,élevé,33.0,88.9,1273.0,True,0.28,0.68,0.14,63.1,27.6
6,Centre Hospitalier Régional de Kaffrine,Kaffrine,Kaffrine,364,357,2024-05-10,65,61,99,0,265,346,41,0.24,Grippe,36,4,62.73,10.57,modéré,37.0,71.5,4792.4,False,0.31,0.63,0.07,73.2,30.6
6,Centre Hospitalier Régional de Kaffrine,Kaffrine,Kaffrine,364,357,2024-05-11,11,71,142,6,222,343,27,3.44,Dengue,16,3,72.32,6.91,faible,35.6,44.9,3777.3,False,0.23,0.53,0.14,53.5,50.4
6,Centre Hospitalier Régional de Kaffrine,Kaffrine,Kaffrine,364,357,2024-05-12,48,42,104,22,260,357,44,2.36,Choléra,107,8,88.45,19.43,élevé,33.6,61.2,960.1,True,0.75,0.5,0.13,71.2,57.3
6,Centre Hospitalier Régional de Kaffrine,Kaffrine,Kaffrine,364,357,2024-05-13,45,66,46,12,318,339,49,3.78,Covid-19,108,9,84.76,1.49,élevé,23.2,68.8,792.3,True,0.96,0.51,0.07,48.1,22.9
6,Centre Hospitalier Régional de Kaffrine,Kaffrine,Kaffrine,364,357,2024-05-14,71,86,196,10,168,342,35,3.97,Dengue,118,9,67.8,22.6,élevé,27.7,66.5,1985.2,True,0.28,0.82,0.1,73.0,8.9
6,Centre Hospitalier Régional de Kaffrine,Kaffrine,Kaffrine,364,357,2024-05-15,21,49,358,9,6,323,31,3.88,Dengue,66,4,76.06,7.35,modéré,32.4,82.6,1712.2,False,0.42,0.77,0.12,144.1,6.1
6,Centre Hospitalier Régional de Kaffrine,Kaffrine,Kaffrine,364,357,2024-05-16,11,24,56,7,308,333,27,3.47,Paludisme,59,9,33.4,22.45,modéré,24.4,66.3,1694.0,False,0.74,0.89,0.15,25.1,17.4
6,Centre Hospitalier Régional de Kaffrine,Kaffrine,Kaffrine,364,357,2024-05-17,65,25,330,14,34,322,14,0.12,Covid-19,90,8,61.56,19.29,élevé,24.8,48.6,1307.6,True,0.33,0.53,0.18,28.0,22.9
6,Centre Hospitalier Régional de Kaffrine,Kaffrine,Kaffrine,364,357,2024-05-18,59,9,216,10,148,357,28,2.12,Grippe,56,7,40.21,15.39,modéré,27.9,84.9,912.6,False,0.92,0.39,0.09,162.0,6.8
6,Centre Hospitalier Régional de Kaffrine,Kaffrine,Kaffrine,364,357,2024-05-19,27,61,98,8,266,337,51,1.28,Paludisme,23,1,35.19,5.72,faible,31.1,85.3,3717.7,False,0.69,0.84,0.13,39.1,53.4
6,Centre Hospitalier Régional de Kaffrine,Kaffrine,Kaffrine,364,357,2024-05-20,69,64,336,3,28,336,33,2.09,Paludisme,105,9,91.13,16.76,élevé,25.8,68.7,1304.7,True,0.49,0.4,0.19,34.3,54.7
6,Centre Hospitalier Régional de Kaffrine,Kaffrine,Kaffrine,364,357,2024-05-21,100,46,286,2,78,324,43,3.1,Covid-19,96,8,66.43,19.99,élevé,24.0,40.3,2567.8,True,0.36,0.73,0.16,22.1,19.5
6,Centre Hospitalier Régional de Kaffrine,Kaffrine,Kaffrine,364,357,2024-05-22,44,60,207,11,157,345,22,1.58,Paludisme,104,0,66.42,12.87,élevé,22.8,68.1,1008.2,True,0.49,0.66,0.06,164.6,28.4
6,Centre Hospitalier Régional de Kaffrine,Kaffrine,Kaffrine,364,357,2024-05-23,23,64,84,1,280,312,10,2.26,Paludisme,35,7,33.43,22.95,modéré,34.3,44.6,4214.3,False,0.26,0.72,0.08,10.4,10.3
6,Centre Hospitalier Régional de Kaffrine,Kaffrine,Kaffrine,364,357,2024-05-24,21,70,105,17,259,339,44,0.7,Covid-19,90,9,56.93,1.28,élevé,30.2,89.5,3814.0,True,0.25,0.35,0.13,43.1,29.6
6,Centre Hospitalier Régional de Kaffrine,Kaffrine,Kaffrine,364,357,2024-05-25,78,5,46,6,318,318,23,2.22,Dengue,112,7,81.15,22.01,élevé,35.4,85.8,124.4,True,0.74,0.98,0.18,49.0,33.4
6,Centre Hospitalier Régional de Kaffrine,Kaffrine,Kaffrine,364,357,2024-05-26,64,60,312,3,52,329,23,1.43,Paludisme,1,0,32.59,23.66,faible,24.4,44.2,794.2,False,0.58,0.55,0.16,142.1,54.1
6,Centre Hospitalier Régional de Kaffrine,Kaffrine,Kaffrine,364,357,2024-05-27,72,67,205,20,159,316,11,1.64,Paludisme,63,5,92.12,29.84,modéré,28.7,44.6,4800.3,False,0.7,0.74,0.09,17.9,40.9
6,Centre Hospitalier Régional de Kaffrine,Kaffrine,Kaffrine,364,357,2024-05-28,30,41,88,22,276,345,2,0.92,Grippe,108,5,68.01,11.53,élevé,33.2,49.4,4070.5,True,0.54,0.44,0.2,105.5,7.3
6,Centre Hospitalier Régional de Kaffrine,Kaffrine,Kaffrine,364,357,2024-05-29,40,81,285,4,79,354,46,0.58,Grippe,42,7,82.78,14.94,modéré,31.3,72.7,2865.6,False,0.65,0.61,0.09,145.5,22.5
6,Centre Hospitalier Régional de Kaffrine,Kaffrine,Kaffrine,364,357,2024-05-30,72,69,67,22,297,316,22,2.56,Covid-19,96,2,33.25,27.53,élevé,22.2,41.8,2767.5,True,0.9,0.37,0.03,14.1,25.7
6,Centre Hospitalier Régional de Kaffrine,Kaffrine,Kaffrine,364,357,2024-05-31,18,45,136,14,228,347,42,2.58,Choléra,0,3,71.47,2.06,faible,31.9,55.5,2591.7,False,0.99,0.56,0.09,143.8,53.3
6,Centre Hospitalier Régional de Kaffrine,Kaffrine,Kaffrine,364,357,2024-06-01,44,74,108,12,256,346,45,1.72,Dengue,66,5,67.22,3.93,modéré,22.7,58.8,3340.4,False,0.83,0.72,0.11,77.2,35.5
6,Centre Hospitalier Régional de Kaffrine,Kaffrine,Kaffrine,364,357,2024-06-02,88,80,336,21,28,336,20,3.75,Dengue,106,0,75.93,23.19,élevé,30.3,66.4,4454.1,True,0.3,0.35,0.11,98.5,11.8
6,Centre Hospitalier Régional de Kaffrine,Kaffrine,Kaffrine,364,357,2024-06-03,79,11,103,23,261,324,47,0.69,Paludisme,75,10,48.79,29.84,modéré,33.9,89.4,2296.4,False,0.98,0.65,0.14,91.1,20.8
6,Centre Hospitalier Régional de Kaffrine,Kaffrine,Kaffrine,364,357,2024-06-04,78,11,168,22,196,315,56,3.67,Dengue,50,8,77.1,17.43,modéré,24.6,53.7,3026.1,False,0.7,0.43,0.08,101.3,50.8
6,Centre Hospitalier Régional de Kaffrine,Kaffrine,Kaffrine,364,357,2024-06-05,99,54,57,17,307,340,0,2.6,Dengue,90,10,51.85,7.88,élevé,32.5,46.2,3114.4,True,0.39,0.79,0.11,131.6,40.2
6,Centre Hospitalier Régional de Kaffrine,Kaffrine,Kaffrine,364,357,2024-06-06,20,49,187,9,177,343,25,1.47,Dengue,21,3,49.14,16.33,faible,25.3,69.8,4707.7,False,0.42,0.7,0.03,52.7,14.3
6,Centre Hospitalier Régional de Kaffrine,Kaffrine,Kaffrine,364,357,2024-06-07,13,26,297,12,67,325,25,3.96,Paludisme,36,10,51.23,11.14,modéré,27.2,61.3,220.6,False,0.44,0.34,0.1,166.4,9.3
6,Centre Hospitalier Régional de Kaffrine,Kaffrine,Kaffrine,364,357,2024-06-08,64,90,213,6,151,344,3,1.75,Choléra,34,10,82.58,18.54,modéré,37.9,76.7,1195.2,False,0.95,0.33,0.1,114.1,36.1
6,Centre Hospitalier Régional de Kaffrine,Kaffrine,Kaffrine,364,357,2024-06-09,52,74,334,18,30,330,31,0.77,Choléra,84,4,77.18,28.21,élevé,26.7,69.7,3038.4,True,0.39,0.56,0.1,53.9,22.6
6,Centre Hospitalier Régional de Kaffrine,Kaffrine,Kaffrine,364,357,2024-06-10,74,31,266,7,98,338,23,2.47,Choléra,25,0,85.87,21.05,faible,26.0,68.7,2984.0,False,0.38,0.37,0.1,129.8,42.3
6,Centre Hospitalier Régional de Kaffrine,Kaffrine,Kaffrine,364,357,2024-06-11,43,86,63,8,301,338,24,2.1,Covid-19,68,1,36.41,16.01,modéré,35.0,65.7,2184.2,False,0.32,0.54,0.06,76.1,5.8
6,Centre Hospitalier Régional de Kaffrine,Kaffrine,Kaffrine,364,357,2024-06-12,20,76,118,0,246,345,36,3.1,Dengue,7,10,91.47,23.42,faible,32.7,52.1,4561.5,False,0.33,0.92,0.07,8.1,28.8
6,Centre Hospitalier Régional de Kaffrine,Kaffrine,Kaffrine,364,357,2024-06-13,73,61,22,7,342,314,14,2.78,Paludisme,107,4,75.57,1.42,élevé,28.9,55.7,387.4,True,0.36,0.68,0.07,11.6,21.1
6,Centre Hospitalier Régional de Kaffrine,Kaffrine,Kaffrine,364,357,2024-06-14,74,70,37,18,327,357,23,1.76,Paludisme,28,10,38.79,27.02,faible,27.3,58.1,2311.3,False,0.49,0.82,0.01,74.1,55.1
6,Centre Hospitalier Régional de Kaffrine,Kaffrine,Kaffrine,364,357,2024-06-15,70,62,25,3,339,349,6,3.83,Dengue,106,4,85.97,1.04,élevé,31.2,71.7,321.3,True,0.76,0.62,0.07,104.2,50.9
6,Centre Hospitalier Régional de Kaffrine,Kaffrine,Kaffrine,364,357,2024-06-16,45,45,29,24,335,350,34,1.65,Paludisme,30,6,81.04,5.0,modéré,23.7,42.6,2616.0,False,0.22,0.65,0.04,140.7,16.5
6,Centre Hospitalier Régional de Kaffrine,Kaffrine,Kaffrine,364,357,2024-06-17,45,21,52,23,312,333,41,1.64,Choléra,81,1,72.72,7.2,élevé,34.4,82.7,3813.8,True,0.71,0.91,0.17,109.9,7.6
6,Centre Hospitalier Régional de Kaffrine,Kaffrine,Kaffrine,364,357,2024-06-18,34,74,330,11,34,328,37,2.07,Paludisme,78,4,43.8,27.21,modéré,25.7,65.9,1910.4,False,0.54,0.5,0.17,165.8,34.0
6,Centre Hospitalier Régional de Kaffrine,Kaffrine,Kaffrine,364,357,2024-06-19,54,14,315,16,49,315,9,1.55,Dengue,41,10,71.39,14.63,modéré,28.0,69.9,238.0,False,0.35,1.0,0.05,66.3,17.9
6,Centre Hospitalier Régional de Kaffrine,Kaffrine,Kaffrine,364,357,2024-06-20,14,37,166,1,198,310,25,1.96,Grippe,92,2,71.98,4.11,élevé,28.2,81.1,275.5,True,0.4,0.91,0.08,135.9,40.3
6,Centre Hospitalier Régional de Kaffrine,Kaffrine,Kaffrine,364,357,2024-06-21,15,40,165,17,199,330,10,2.71,Paludisme,105,2,51.79,17.7,élevé,30.5,52.2,887.0,True,0.7,0.82,0.06,23.8,40.2
6,Centre Hospitalier Régional de Kaffrine,Kaffrine,Kaffrine,364,357,2024-06-22,69,80,158,4,206,339,0,3.01,Dengue,100,4,92.98,25.63,élevé,31.3,41.5,4044.1,True,0.56,0.41,0.04,87.3,47.5
6,Centre Hospitalier Régional de Kaffrine,Kaffrine,Kaffrine,364,357,2024-06-23,68,53,270,8,94,312,45,1.91,Choléra,63,1,85.85,23.22,modéré,26.7,52.9,1538.8,False,0.59,0.97,0.2,167.4,10.2
6,Centre Hospitalier Régional de Kaffrine,Kaffrine,Kaffrine,364,357,2024-06-24,28,6,241,0,123,330,51,2.5,Dengue,2,4,65.4,12.27,faible,33.7,85.3,1623.3,False,0.35,0.48,0.01,125.6,54.7
6,Centre Hospitalier Régional de Kaffrine,Kaffrine,Kaffrine,364,357,2024-06-25,24,58,129,23,235,356,57,0.91,Grippe,60,8,73.98,8.75,modéré,23.5,67.7,4370.9,False,0.49,0.65,0.18,52.3,27.1
6,Centre Hospitalier Régional de Kaffrine,Kaffrine,Kaffrine,364,357,2024-06-26,14,82,201,1,163,328,48,3.53,Paludisme,110,5,54.54,4.4,élevé,30.0,59.1,715.8,True,0.88,0.65,0.18,123.6,13.3
6,Centre Hospitalier Régional de Kaffrine,Kaffrine,Kaffrine,364,357,2024-06-27,96,39,335,22,29,314,41,3.64,Covid-19,120,1,53.58,7.36,élevé,27.1,72.6,4282.0,True,0.75,0.59,0.13,168.7,45.1
6,Centre Hospitalier Régional de Kaffrine,Kaffrine,Kaffrine,364,357,2024-06-28,90,56,53,24,311,321,6,2.11,Choléra,9,1,31.32,1.92,faible,24.1,50.9,4889.3,False,0.54,0.51,0.08,5.8,48.1
6,Centre Hospitalier Régional de Kaffrine,Kaffrine,Kaffrine,364,357,2024-06-29,63,79,84,2,280,309,57,3.52,Covid-19,107,0,91.1,7.24,élevé,29.2,83.2,1051.6,True,0.92,0.86,0.09,12.0,12.9
6,Centre Hospitalier Régional de Kaffrine,Kaffrine,Kaffrine,364,357,2024-06-30,14,39,41,9,323,334,27,0.64,Paludisme,29,10,48.6,25.76,faible,33.8,64.0,2042.3,False,0.98,0.86,0.08,125.3,20.5
6,Centre Hospitalier Régional de Kaffrine,Kaffrine,Kaffrine,364,357,2024-07-01,58,33,339,7,25,354,59,2.74,Choléra,37,2,66.84,2.39,modéré,25.2,58.7,1369.4,False,0.92,0.46,0.17,62.5,30.5
6,Centre Hospitalier Régional de Kaffrine,Kaffrine,Kaffrine,364,357,2024-07-02,73,73,112,22,252,327,20,1.99,Dengue,28,4,38.98,21.59,faible,38.4,87.4,3055.2,False,0.4,0.45,0.12,127.1,42.2
6,Centre Hospitalier Régional de Kaffrine,Kaffrine,Kaffrine,364,357,2024-07-03,26,5,236,21,128,310,33,3.18,Paludisme,75,10,30.1,12.04,modéré,36.2,61.9,3389.2,False,0.74,0.99,0.01,132.5,6.0
6,Centre Hospitalier Régional de Kaffrine,Kaffrine,Kaffrine,364,357,2024-07-04,71,89,52,20,312,325,4,1.15,Grippe,95,8,82.92,7.56,élevé,23.9,63.3,183.3,True,0.65,0.6,0.18,74.9,22.2
6,Centre Hospitalier Régional de Kaffrine,Kaffrine,Kaffrine,364,357,2024-07-05,66,10,313,0,51,356,23,1.33,Grippe,120,9,33.65,2.44,élevé,36.2,74.9,2491.5,True,0.32,0.71,0.06,125.2,28.6
6,Centre Hospitalier Régional de Kaffrine,Kaffrine,Kaffrine,364,357,2024-07-06,62,43,160,2,204,334,3,2.09,Dengue,35,0,84.07,19.78,modéré,31.1,70.7,4779.3,False,0.86,0.81,0.07,65.0,27.2
6,Centre Hospitalier Régional de Kaffrine,Kaffrine,Kaffrine,364,357,2024-07-07,30,49,141,7,223,347,8,2.19,Choléra,56,4,33.47,26.36,modéré,27.9,73.6,2606.3,False,0.4,0.83,0.16,136.8,13.6
6,Centre Hospitalier Régional de Kaffrine,Kaffrine,Kaffrine,364,357,2024-07-08,91,33,92,23,272,331,35,2.29,Covid-19,67,9,68.29,17.45,modéré,28.0,63.2,2693.5,False,0.71,0.57,0.12,51.8,23.3
6,Centre Hospitalier Régional de Kaffrine,Kaffrine,Kaffrine,364,357,2024-07-09,52,15,329,20,35,321,7,0.12,Choléra,100,4,36.42,10.17,élevé,27.8,69.9,4043.0,True,0.76,0.51,0.18,168.9,40.8
6,Centre Hospitalier Régional de Kaffrine,Kaffrine,Kaffrine,364,357,2024-07-10,61,33,322,1,42,328,41,3.35,Covid-19,103,7,36.34,22.33,élevé,22.5,63.7,1510.3,True,0.39,0.32,0.07,24.1,11.5
6,Centre Hospitalier Régional de Kaffrine,Kaffrine,Kaffrine,364,357,2024-07-11,22,18,280,0,84,324,60,3.65,Dengue,9,5,42.58,25.32,faible,26.5,47.9,2985.9,False,0.48,0.51,0.03,178.1,20.6
6,Centre Hospitalier Régional de Kaffrine,Kaffrine,Kaffrine,364,357,2024-07-12,38,66,185,12,179,352,39,3.04,Choléra,71,6,32.48,24.77,modéré,33.8,82.8,4450.4,False,0.39,0.53,0.06,116.4,16.2
6,Centre Hospitalier Régional de Kaffrine,Kaffrine,Kaffrine,364,357,2024-07-13,22,18,89,21,275,325,52,1.3,Choléra,50,0,31.6,15.52,modéré,28.0,51.3,1821.2,False,0.33,0.43,0.01,60.5,45.9
6,Centre Hospitalier Régional de Kaffrine,Kaffrine,Kaffrine,364,357,2024-07-14,41,59,206,13,158,351,31,3.62,Choléra,40,10,71.04,22.24,modéré,34.1,44.9,4643.7,False,0.94,0.93,0.11,52.6,26.0
6,Centre Hospitalier Régional de Kaffrine,Kaffrine,Kaffrine,364,357,2024-07-15,65,79,165,18,199,336,35,3.17,Covid-19,116,9,77.33,28.99,élevé,33.9,50.6,3761.1,True,1.0,0.84,0.07,21.0,46.4
6,Centre Hospitalier Régional de Kaffrine,Kaffrine,Kaffrine,364,357,2024-07-16,83,31,62,12,302,315,41,2.69,Dengue,91,4,67.46,1.78,élevé,38.8,40.4,3171.1,True,0.25,0.4,0.13,167.6,5.9
6,Centre Hospitalier Régional de Kaffrine,Kaffrine,Kaffrine,364,357,2024-07-17,10,11,185,19,179,342,17,0.91,Grippe,76,6,91.57,1.74,modéré,29.2,58.9,2230.1,False,0.42,0.64,0.17,56.6,36.0
6,Centre Hospitalier Régional de Kaffrine,Kaffrine,Kaffrine,364,357,2024-07-18,28,61,127,0,237,334,28,3.85,Grippe,45,4,33.31,9.47,modéré,25.0,52.2,1646.1,False,0.57,0.76,0.18,117.0,18.6
6,Centre Hospitalier Régional de Kaffrine,Kaffrine,Kaffrine,364,357,2024-07-19,64,17,332,15,32,322,32,2.25,Grippe,8,3,93.6,12.13,faible,23.5,60.2,2221.9,False,0.88,0.64,0.07,151.0,11.5
6,Centre Hospitalier Régional de Kaffrine,Kaffrine,Kaffrine,364,357,2024-07-20,47,90,171,16,193,350,34,1.9,Covid-19,37,3,70.54,11.22,modéré,30.3,76.8,167.3,False,0.85,0.43,0.02,9.6,16.5
6,Centre Hospitalier Régional de Kaffrine,Kaffrine,Kaffrine,364,357,2024-07-21,91,15,142,16,222,333,32,1.1,Paludisme,71,6,42.28,23.54,modéré,24.2,60.2,3011.9,False,0.74,0.98,0.11,100.2,19.6
6,Centre Hospitalier Régional de Kaffrine,Kaffrine,Kaffrine,364,357,2024-07-22,66,18,213,1,151,351,46,0.76,Covid-19,102,0,64.41,6.25,élevé,26.3,40.6,165.7,True,0.45,0.55,0.02,16.6,41.8
6,Centre Hospitalier Régional de Kaffrine,Kaffrine,Kaffrine,364,357,2024-07-23,32,43,263,24,101,342,32,3.22,Covid-19,8,5,58.01,21.24,faible,30.7,60.0,3704.9,False,0.93,0.85,0.08,118.7,24.9
6,Centre Hospitalier Régional de Kaffrine,Kaffrine,Kaffrine,364,357,2024-07-24,72,32,159,8,205,316,58,0.76,Paludisme,43,10,73.01,21.52,modéré,26.3,51.3,2076.3,False,0.59,0.86,0.04,173.0,26.7
6,Centre Hospitalier Régional de Kaffrine,Kaffrine,Kaffrine,364,357,2024-07-25,85,24,178,10,186,320,51,1.18,Grippe,84,8,60.12,5.58,élevé,32.3,45.7,4513.6,True,0.63,0.43,0.06,40.8,8.1
6,Centre Hospitalier Régional de Kaffrine,Kaffrine,Kaffrine,364,357,2024-07-26,56,17,200,24,164,344,46,3.21,Grippe,74,8,63.68,25.97,modéré,27.1,62.4,1915.0,False,0.83,0.77,0.03,152.8,58.2
6,Centre Hospitalier Régional de Kaffrine,Kaffrine,Kaffrine,364,357,2024-07-27,90,62,294,8,70,352,47,0.95,Choléra,92,10,79.09,15.84,élevé,32.9,43.0,1045.5,True,0.95,0.57,0.12,27.5,34.6
6,Centre Hospitalier Régional de Kaffrine,Kaffrine,Kaffrine,364,357,2024-07-28,17,60,75,13,289,339,12,3.66,Grippe,78,2,91.02,15.8,modéré,26.3,66.6,4682.5,False,0.26,0.86,0.15,34.7,11.8
6,Centre Hospitalier Régional de Kaffrine,Kaffrine,Kaffrine,364,357,2024-07-29,94,53,261,15,103,320,56,1.55,Paludisme,92,4,75.73,27.36,élevé,29.7,43.2,2520.2,True,0.95,0.3,0.14,72.7,28.7
6,Centre Hospitalier Régional de Kaffrine,Kaffrine,Kaffrine,364,357,2024-07-30,23,33,38,1,326,351,43,3.73,Grippe,90,3,33.23,12.18,élevé,37.7,75.2,1698.4,True,0.66,0.61,0.15,78.8,30.7
6,Centre Hospitalier Régional de Kaffrine,Kaffrine,Kaffrine,364,357,2024-07-31,14,47,286,0,78,328,42,1.1,Choléra,11,1,61.16,19.86,faible,24.2,50.1,4446.9,False,0.28,0.92,0.09,73.2,44.5
6,Centre Hospitalier Régional de Kaffrine,Kaffrine,Kaffrine,364,357,2024-08-01,10,77,253,13,111,352,11,0.13,Choléra,108,0,35.87,2.6,élevé,36.6,67.7,4475.9,True,0.79,0.43,0.19,39.1,36.7
6,Centre Hospitalier Régional de Kaffrine,Kaffrine,Kaffrine,364,357,2024-08-02,72,59,112,0,252,350,24,3.92,Paludisme,117,9,89.57,6.95,élevé,32.1,84.4,4020.7,True,0.34,0.45,0.04,68.6,29.9
6,Centre Hospitalier Régional de Kaffrine,Kaffrine,Kaffrine,364,357,2024-08-03,91,21,265,22,99,346,39,3.12,Dengue,15,0,47.86,21.64,faible,23.8,51.6,355.7,False,0.56,0.68,0.15,81.9,34.4
6,Centre Hospitalier Régional de Kaffrine,Kaffrine,Kaffrine,364,357,2024-08-04,10,39,219,24,145,325,2,2.66,Covid-19,60,5,65.8,8.96,modéré,30.5,74.6,4660.6,False,0.83,0.97,0.1,64.4,4.4
6,Centre Hospitalier Régional de Kaffrine,Kaffrine,Kaffrine,364,357,2024-08-05,41,88,34,17,330,314,34,1.14,Paludisme,43,2,33.28,5.56,modéré,25.8,87.7,743.7,False,0.78,0.9,0.12,23.9,48.2
6,Centre Hospitalier Régional de Kaffrine,Kaffrine,Kaffrine,364,357,2024-08-06,55,87,189,1,175,341,16,3.2,Grippe,91,4,76.91,6.81,élevé,32.6,76.3,4927.6,True,0.42,0.72,0.12,42.7,4.1
6,Centre Hospitalier Régional de Kaffrine,Kaffrine,Kaffrine,364,357,2024-08-07,92,23,28,9,336,323,5,3.83,Dengue,3,0,34.5,2.99,faible,28.5,41.7,2086.4,False,0.49,0.87,0.08,36.8,22.4
6,Centre Hospitalier Régional de Kaffrine,Kaffrine,Kaffrine,364,357,2024-01-21,66,48,350,8,14,338,7,1.32,Paludisme,99,6,48.43,12.47,élevé,23.4,64.0,2038.2,True,0.23,0.62,0.16,98.2,6.8
6,Centre Hospitalier Régional de Kaffrine,Kaffrine,Kaffrine,364,357,2024-01-22,35,26,240,11,124,316,58,1.01,Grippe,5,0,30.06,20.25,faible,37.3,84.7,507.9,False,0.81,0.77,0.06,114.0,9.5
6,Centre Hospitalier Régional de Kaffrine,Kaffrine,Kaffrine,364,357,2024-01-23,18,32,135,10,229,310,27,0.68,Dengue,7,10,93.36,14.91,faible,26.2,72.0,3276.6,False,0.34,0.99,0.06,175.2,43.1
6,Centre Hospitalier Régional de Kaffrine,Kaffrine,Kaffrine,364,357,2024-01-24,18,7,176,22,188,315,11,0.56,Paludisme,22,4,92.88,22.55,faible,35.6,59.1,4106.8,False,0.53,0.5,0.1,7.3,5.7
6,Centre Hospitalier Régional de Kaffrine,Kaffrine,Kaffrine,364,357,2024-01-25,38,7,106,5,258,335,5,0.53,Grippe,104,8,62.23,20.74,élevé,31.0,89.8,3382.4,True,0.42,0.86,0.05,65.2,20.8
6,Centre Hospitalier Régional de Kaffrine,Kaffrine,Kaffrine,364,357,2024-01-26,14,67,192,18,172,344,57,1.18,Covid-19,119,4,82.65,27.82,élevé,29.6,87.8,1318.5,True,0.64,0.53,0.01,137.8,16.0
6,Centre Hospitalier Régional de Kaffrine,Kaffrine,Kaffrine,364,357,2024-01-27,52,50,246,13,118,351,22,0.75,Choléra,89,6,40.98,9.99,élevé,30.4,59.2,2187.0,True,0.77,0.54,0.18,163.8,54.4
6,Centre Hospitalier Régional de Kaffrine,Kaffrine,Kaffrine,364,357,2024-01-28,67,42,247,14,117,321,16,2.21,Grippe,31,5,72.71,19.82,modéré,35.0,43.6,2250.7,False,0.31,0.68,0.05,108.0,16.3
6,Centre Hospitalier Régional de Kaffrine,Kaffrine,Kaffrine,364,357,2024-01-29,32,65,300,18,64,343,45,2.72,Covid-19,29,4,32.68,28.22,faible,37.8,84.0,3219.0,False,0.65,0.51,0.12,96.7,57.3
6,Centre Hospitalier Régional de Kaffrine,Kaffrine,Kaffrine,364,357,2024-01-30,66,32,360,23,4,348,49,2.77,Grippe,32,9,81.6,22.14,modéré,26.1,73.4,1099.1,False,0.26,0.95,0.14,64.9,26.5
6,Centre Hospitalier Régional de Kaffrine,Kaffrine,Kaffrine,364,357,2024-01-31,16,51,201,4,163,346,50,0.99,Grippe,68,1,57.55,16.65,modéré,24.8,83.5,1205.3,False,0.92,0.62,0.18,160.7,28.3
6,Centre Hospitalier Régional de Kaffrine,Kaffrine,Kaffrine,364,357,2024-02-01,13,77,92,14,272,333,13,0.97,Grippe,79,9,44.92,6.34,modéré,34.7,54.5,4213.4,False,0.62,0.58,0.13,11.8,19.7
6,Centre Hospitalier Régional de Kaffrine,Kaffrine,Kaffrine,364,357,2024-02-02,68,50,201,16,163,352,54,3.98,Dengue,106,10,75.83,27.82,élevé,33.4,76.7,1291.7,True,0.81,0.31,0.07,178.5,8.0
6,Centre Hospitalier Régional de Kaffrine,Kaffrine,Kaffrine,364,357,2024-02-03,82,29,165,18,199,338,5,0.74,Grippe,24,0,40.72,17.48,faible,31.8,45.1,1960.8,False,0.95,0.82,0.2,38.0,7.5
6,Centre Hospitalier Régional de Kaffrine,Kaffrine,Kaffrine,364,357,2024-02-04,30,6,351,23,13,341,38,3.29,Paludisme,51,0,44.02,19.79,modéré,27.5,47.9,783.6,False,0.64,0.95,0.13,155.5,3.2
6,Centre Hospitalier Régional de Kaffrine,Kaffrine,Kaffrine,364,357,2024-02-05,94,85,131,22,233,328,2,3.96,Choléra,91,0,73.31,5.44,élevé,24.9,52.6,1071.2,True,0.21,0.9,0.01,23.6,58.2
6,Centre Hospitalier Régional de Kaffrine,Kaffrine,Kaffrine,364,357,2024-02-06,44,79,77,20,287,311,46,2.62,Paludisme,53,3,49.44,22.44,modéré,29.2,75.7,2124.8,False,0.36,0.5,0.01,24.2,50.7
6,Centre Hospitalier Régional de Kaffrine,Kaffrine,Kaffrine,364,357,2024-02-07,77,52,304,16,60,351,47,0.95,Grippe,92,1,45.62,8.39,élevé,27.7,56.1,1361.5,True,0.25,0.72,0.06,173.3,38.0
6,Centre Hospitalier Régional de Kaffrine,Kaffrine,Kaffrine,364,357,2024-02-08,97,6,94,23,270,338,39,3.28,Choléra,16,1,84.63,17.04,faible,24.0,58.0,3599.2,False,0.53,0.79,0.12,147.1,23.5
6,Centre Hospitalier Régional de Kaffrine,Kaffrine,Kaffrine,364,357,2024-02-09,86,42,133,23,231,354,38,2.73,Grippe,101,9,70.93,27.35,élevé,33.1,87.2,4127.9,True,0.99,0.67,0.07,85.3,10.2
6,Centre Hospitalier Régional de Kaffrine,Kaffrine,Kaffrine,364,357,2024-02-10,93,5,103,16,261,347,30,0.16,Paludisme,18,6,76.24,10.56,faible,31.2,85.2,3050.3,False,0.27,0.51,0.05,169.2,39.2
6,Centre Hospitalier Régional de Kaffrine,Kaffrine,Kaffrine,364,357,2024-02-11,18,21,203,23,161,350,17,0.26,Covid-19,85,0,66.74,8.95,élevé,36.4,72.1,801.4,True,0.63,0.64,0.2,32.4,45.4
6,Centre Hospitalier Régional de Kaffrine,Kaffrine,Kaffrine,364,357,2024-02-12,13,49,45,1,319,342,17,2.94,Dengue,54,4,57.18,29.22,modéré,38.6,59.2,1906.6,False,0.45,0.97,0.15,176.0,19.7
6,Centre Hospitalier Régional de Kaffrine,Kaffrine,Kaffrine,364,357,2024-02-13,32,86,115,16,249,313,51,1.72,Paludisme,99,6,88.98,21.66,élevé,27.5,68.7,3147.7,True,0.28,0.93,0.03,126.2,12.3
6,Centre Hospitalier Régional de Kaffrine,Kaffrine,Kaffrine,364,357,2024-02-14,70,20,345,3,19,325,22,1.42,Paludisme,94,7,50.66,23.06,élevé,38.1,49.0,4755.2,True,0.75,0.46,0.07,88.2,22.7
6,Centre Hospitalier Régional de Kaffrine,Kaffrine,Kaffrine,364,357,2024-02-15,23,16,181,0,183,320,5,3.95,Grippe,117,1,88.99,22.56,élevé,27.3,88.3,2681.9,True,0.56,0.46,0.17,35.6,36.1
6,Centre Hospitalier Régional de Kaffrine,Kaffrine,Kaffrine,364,357,2024-02-16,58,36,269,14,95,323,39,2.91,Dengue,105,9,76.17,2.28,élevé,35.6,73.5,3950.3,True,0.4,0.7,0.07,100.5,10.3
6,Centre Hospitalier Régional de Kaffrine,Kaffrine,Kaffrine,364,357,2024-02-17,38,16,323,1,41,336,58,3.61,Covid-19,19,10,41.19,29.52,faible,31.2,54.7,500.7,False,0.34,0.88,0.07,173.9,58.6
6,Centre Hospitalier Régional de Kaffrine,Kaffrine,Kaffrine,364,357,2024-02-18,42,44,229,18,135,327,51,2.69,Covid-19,63,2,52.88,3.94,modéré,25.7,43.4,1252.6,False,0.37,0.81,0.11,25.9,9.5
6,Centre Hospitalier Régional de Kaffrine,Kaffrine,Kaffrine,364,357,2024-02-19,46,57,257,20,107,324,3,3.88,Grippe,18,4,59.38,1.9,faible,24.9,76.4,690.5,False,0.35,0.66,0.07,132.4,41.5
6,Centre Hospitalier Régional de Kaffrine,Kaffrine,Kaffrine,364,357,2024-02-20,66,76,305,1,59,354,51,2.82,Grippe,15,10,60.25,8.83,faible,23.7,81.5,3722.0,False,0.92,0.54,0.09,128.1,50.3
6,Centre Hospitalier Régional de Kaffrine,Kaffrine,Kaffrine,364,357,2024-02-21,31,13,34,20,330,348,44,2.69,Dengue,118,6,31.04,3.32,élevé,25.7,64.0,4563.2,True,0.43,0.67,0.16,178.8,4.0
6,Centre Hospitalier Régional de Kaffrine,Kaffrine,Kaffrine,364,357,2024-02-22,86,40,103,13,261,350,12,1.93,Covid-19,49,9,42.64,24.28,modéré,38.5,59.2,4079.6,False,0.86,0.73,0.18,32.1,59.3
6,Centre Hospitalier Régional de Kaffrine,Kaffrine,Kaffrine,364,357,2024-02-23,45,23,80,22,284,309,47,3.4,Covid-19,12,6,50.47,7.03,faible,28.6,82.1,4088.2,False,0.62,0.61,0.1,45.0,36.6
6,Centre Hospitalier Régional de Kaffrine,Kaffrine,Kaffrine,364,357,2024-02-24,71,8,224,17,140,311,41,3.71,Grippe,42,10,77.4,22.58,modéré,36.4,53.1,835.5,False,0.99,1.0,0.04,20.7,5.1
6,Centre Hospitalier Régional de Kaffrine,Kaffrine,Kaffrine,364,357,2024-02-25,93,11,35,4,329,335,27,1.63,Covid-19,16,9,92.3,2.47,faible,38.0,87.5,4547.9,False,0.32,0.77,0.18,117.8,9.9
6,Centre Hospitalier Régional de Kaffrine,Kaffrine,Kaffrine,364,357,2024-02-26,89,30,115,3,249,334,5,1.12,Paludisme,75,1,77.7,17.48,modéré,24.7,44.2,572.7,False,0.66,0.6,0.11,29.4,11.3
6,Centre Hospitalier Régional de Kaffrine,Kaffrine,Kaffrine,364,357,2024-02-27,94,34,278,8,86,316,55,0.99,Choléra,16,4,51.92,3.52,faible,38.5,79.5,4047.2,False,0.82,0.51,0.03,140.7,49.2
6,Centre Hospitalier Régional de Kaffrine,Kaffrine,Kaffrine,364,357,2024-02-28,96,32,68,12,296,334,2,2.07,Choléra,4,1,50.18,19.23,faible,28.4,60.6,1312.0,False,0.34,1.0,0.13,70.9,16.7
6,Centre Hospitalier Régional de Kaffrine,Kaffrine,Kaffrine,364,357,2024-02-29,96,42,118,3,246,320,4,1.97,Grippe,17,9,86.66,6.07,faible,35.1,56.8,1548.8,False,0.64,0.97,0.03,171.5,27.2
6,Centre Hospitalier Régional de Kaffrine,Kaffrine,Kaffrine,364,357,2024-03-01,42,12,215,25,149,350,55,1.82,Paludisme,22,5,93.66,23.23,faible,28.7,73.2,1861.5,False,0.2,0.96,0.07,131.3,59.1
6,Centre Hospitalier Régional de Kaffrine,Kaffrine,Kaffrine,364,357,2024-03-02,71,87,44,21,320,337,52,3.51,Dengue,65,2,78.45,12.94,modéré,35.4,51.4,3470.8,False,0.86,0.34,0.12,137.0,14.9
6,Centre Hospitalier Régional de Kaffrine,Kaffrine,Kaffrine,364,357,2024-03-03,90,62,178,20,186,328,6,2.72,Dengue,5,4,81.52,24.63,faible,26.1,69.3,1354.1,False,0.57,0.7,0.04,152.9,47.6
6,Centre Hospitalier Régional de Kaffrine,Kaffrine,Kaffrine,364,357,2024-03-04,79,63,64,17,300,328,60,1.44,Choléra,98,3,49.79,14.29,élevé,37.7,68.9,1402.7,True,0.26,0.36,0.12,179.4,30.0
6,Centre Hospitalier Régional de Kaffrine,Kaffrine,Kaffrine,364,357,2024-03-05,33,35,166,19,198,350,47,1.4,Paludisme,10,2,34.82,4.79,faible,28.2,75.8,234.1,False,0.76,0.34,0.15,6.8,44.1
6,Centre Hospitalier Régional de Kaffrine,Kaffrine,Kaffrine,364,357,2024-03-06,69,69,285,14,79,339,53,0.69,Grippe,119,3,52.61,15.83,élevé,24.5,79.9,4316.5,True,0.87,0.75,0.05,142.4,3.9
6,Centre Hospitalier Régional de Kaffrine,Kaffrine,Kaffrine,364,357,2024-03-07,12,44,76,22,288,352,52,3.57,Grippe,109,5,63.06,27.15,élevé,24.1,48.7,3155.5,True,0.98,0.39,0.04,79.7,43.5
6,Centre Hospitalier Régional de Kaffrine,Kaffrine,Kaffrine,364,357,2024-03-08,67,76,349,12,15,327,34,3.93,Dengue,112,3,69.51,12.53,élevé,35.7,88.8,385.7,True,0.67,0.32,0.19,66.9,35.6
6,Centre Hospitalier Régional de Kaffrine,Kaffrine,Kaffrine,364,357,2024-03-09,71,46,363,12,1,351,44,1.58,Grippe,27,8,85.01,29.75,faible,29.8,70.0,184.7,False,0.85,0.75,0.13,74.1,11.7
6,Centre Hospitalier Régional de Kaffrine,Kaffrine,Kaffrine,364,357,2024-03-10,68,22,325,15,39,332,14,1.86,Choléra,78,9,85.54,1.57,modéré,22.2,55.7,2268.1,False,0.32,0.65,0.2,49.3,22.6
6,Centre Hospitalier Régional de Kaffrine,Kaffrine,Kaffrine,364,357,2024-09-27,61,79,212,10,152,331,13,0.44,Covid-19,73,7,66.96,23.29,modéré,34.8,67.4,2375.8,False,0.45,0.76,0.12,178.8,36.1
6,Centre Hospitalier Régional de Kaffrine,Kaffrine,Kaffrine,364,357,2024-09-28,63,5,113,24,251,335,12,0.36,Paludisme,52,0,67.02,7.7,modéré,22.3,75.5,3904.1,False,0.41,0.3,0.06,30.5,47.0
6,Centre Hospitalier Régional de Kaffrine,Kaffrine,Kaffrine,364,357,2024-09-29,22,31,127,10,237,323,54,0.6,Dengue,67,5,79.82,14.99,modéré,23.1,82.5,3017.6,False,0.68,1.0,0.18,14.2,3.5
6,Centre Hospitalier Régional de Kaffrine,Kaffrine,Kaffrine,364,357,2024-09-30,94,53,88,3,276,311,13,2.46,Choléra,0,7,40.06,2.25,faible,37.9,85.8,3097.3,False,0.33,0.8,0.15,113.5,15.1
6,Centre Hospitalier Régional de Kaffrine,Kaffrine,Kaffrine,364,357,2024-10-01,77,80,36,7,328,323,49,3.5,Covid-19,44,7,94.15,23.98,modéré,37.8,79.5,461.7,False,0.63,0.49,0.04,149.9,42.1
6,Centre Hospitalier Régional de Kaffrine,Kaffrine,Kaffrine,364,357,2024-10-02,54,71,149,21,215,334,1,3.48,Dengue,95,2,94.89,21.09,élevé,33.0,82.9,1341.5,True,0.73,0.91,0.05,71.2,17.7
6,Centre Hospitalier Régional de Kaffrine,Kaffrine,Kaffrine,364,357,2024-10-03,27,36,249,17,115,320,7,2.5,Grippe,90,2,65.34,20.13,élevé,28.9,70.8,2677.0,True,0.23,0.52,0.11,179.6,12.1
6,Centre Hospitalier Régional de Kaffrine,Kaffrine,Kaffrine,364,357,2024-10-04,73,25,203,19,161,333,2,3.91,Choléra,105,10,93.71,16.27,élevé,26.3,82.6,2054.0,True,0.26,0.82,0.17,79.3,52.2
6,Centre Hospitalier Régional de Kaffrine,Kaffrine,Kaffrine,364,357,2024-10-05,39,83,98,13,266,310,44,0.12,Dengue,60,2,48.56,25.27,modéré,35.0,54.5,771.1,False,0.23,0.84,0.07,77.0,32.3
6,Centre Hospitalier Régional de Kaffrine,Kaffrine,Kaffrine,364,357,2024-10-06,20,89,358,5,6,339,56,0.66,Grippe,120,7,58.62,8.37,élevé,34.3,67.9,1037.6,True,0.6,0.62,0.05,153.0,19.3
6,Centre Hospitalier Régional de Kaffrine,Kaffrine,Kaffrine,364,357,2024-10-07,25,54,265,24,99,311,14,2.6,Dengue,105,8,68.8,23.85,élevé,29.6,70.1,1206.1,True,0.32,0.61,0.06,144.6,21.9
6,Centre Hospitalier Régional de Kaffrine,Kaffrine,Kaffrine,364,357,2024-10-08,65,31,210,15,154,309,30,2.78,Choléra,13,4,64.47,24.77,faible,32.0,80.6,4652.1,False,0.99,0.59,0.14,100.4,53.7
6,Centre Hospitalier Régional de Kaffrine,Kaffrine,Kaffrine,364,357,2024-10-09,48,34,309,2,55,351,8,1.65,Dengue,46,9,64.33,18.18,modéré,28.4,45.0,687.3,False,0.57,0.57,0.07,50.9,5.5
6,Centre Hospitalier Régional de Kaffrine,Kaffrine,Kaffrine,364,357,2024-10-10,49,44,71,2,293,333,30,2.49,Covid-19,15,5,82.21,18.34,faible,24.4,63.2,3811.5,False,0.52,0.8,0.05,61.8,50.1
6,Centre Hospitalier Régional de Kaffrine,Kaffrine,Kaffrine,364,357,2024-10-11,57,6,157,10,207,350,25,2.89,Choléra,58,5,70.53,28.89,modéré,32.0,49.9,2212.3,False,0.96,0.75,0.14,14.2,39.5
6,Centre Hospitalier Régional de Kaffrine,Kaffrine,Kaffrine,364,357,2024-10-12,14,57,133,6,231,319,2,0.14,Choléra,61,3,81.8,19.84,modéré,25.6,50.6,3516.9,False,0.55,0.36,0.18,28.9,44.0
6,Centre Hospitalier Régional de Kaffrine,Kaffrine,Kaffrine,364,357,2024-10-13,14,79,355,0,9,311,59,3.53,Dengue,41,7,45.34,15.42,modéré,25.4,40.7,4943.0,False,0.51,0.59,0.04,27.6,10.5
6,Centre Hospitalier Régional de Kaffrine,Kaffrine,Kaffrine,364,357,2024-10-14,22,73,218,7,146,308,27,0.15,Covid-19,52,8,70.18,5.13,modéré,27.4,86.5,4604.1,False,0.36,0.5,0.05,138.1,59.7
6,Centre Hospitalier Régional de Kaffrine,Kaffrine,Kaffrine,364,357,2024-10-15,62,34,350,4,14,341,44,2.43,Choléra,13,4,46.07,9.12,faible,25.5,64.0,3169.0,False,0.74,0.53,0.07,125.9,15.4
6,Centre Hospitalier Régional de Kaffrine,Kaffrine,Kaffrine,364,357,2024-10-16,88,82,190,24,174,324,29,3.48,Grippe,12,1,43.54,26.01,faible,25.7,85.9,3948.8,False,0.45,0.81,0.19,151.5,26.8
6,Centre Hospitalier Régional de Kaffrine,Kaffrine,Kaffrine,364,357,2024-10-17,99,6,69,20,295,354,26,3.85,Dengue,16,7,60.88,15.23,faible,25.3,60.7,1954.0,False,0.64,0.93,0.12,11.7,54.8
6,Centre Hospitalier Régional de Kaffrine,Kaffrine,Kaffrine,364,357,2024-10-18,75,78,144,6,220,323,43,1.21,Dengue,16,6,74.44,25.48,faible,37.8,84.8,256.0,False,0.54,0.32,0.17,87.4,55.3
6,Centre Hospitalier Régional de Kaffrine,Kaffrine,Kaffrine,364,357,2024-10-19,21,25,67,12,297,330,18,1.86,Covid-19,41,10,77.74,8.67,modéré,22.5,70.8,966.1,False,0.77,0.84,0.01,171.8,22.9
6,Centre Hospitalier Régional de Kaffrine,Kaffrine,Kaffrine,364,357,2024-10-20,48,74,185,8,179,345,51,2.67,Covid-19,7,0,84.5,11.66,faible,28.5,56.7,3080.1,False,0.92,0.54,0.15,174.9,5.4
6,Centre Hospitalier Régional de Kaffrine,Kaffrine,Kaffrine,364,357,2024-10-21,30,84,295,18,69,341,8,0.62,Covid-19,94,5,62.78,16.23,élevé,37.4,41.5,439.4,True,0.79,0.68,0.15,170.2,17.3
6,Centre Hospitalier Régional de Kaffrine,Kaffrine,Kaffrine,364,357,2024-10-22,52,14,28,9,336,348,27,2.58,Grippe,21,2,54.05,24.25,faible,30.3,78.7,4850.2,False,0.42,0.69,0.04,116.7,19.3
6,Centre Hospitalier Régional de Kaffrine,Kaffrine,Kaffrine,364,357,2024-10-23,36,61,42,23,322,327,6,2.74,Covid-19,71,10,79.03,6.9,modéré,27.4,69.1,1451.0,False,0.99,0.97,0.11,125.6,50.9
6,Centre Hospitalier Régional de Kaffrine,Kaffrine,Kaffrine,364,357,2024-10-24,80,48,335,20,29,314,0,0.29,Dengue,80,2,63.46,24.38,élevé,35.5,66.5,4362.5,False,0.21,0.97,0.12,117.6,22.0
6,Centre Hospitalier Régional de Kaffrine,Kaffrine,Kaffrine,364,357,2024-10-25,57,39,335,8,29,353,48,2.64,Paludisme,95,5,54.09,13.1,élevé,31.9,58.1,4704.5,True,0.53,0.52,0.06,119.4,37.3
6,Centre Hospitalier Régional de Kaffrine,Kaffrine,Kaffrine,364,357,2024-10-26,70,41,113,22,251,331,56,3.76,Dengue,87,10,76.32,16.83,élevé,23.9,61.6,2255.6,True,0.9,0.7,0.11,164.8,49.4
6,Centre Hospitalier Régional de Kaffrine,Kaffrine,Kaffrine,364,357,2024-10-27,46,6,215,7,149,347,14,2.05,Covid-19,86,7,64.55,23.31,élevé,26.8,48.7,755.9,True,0.3,0.73,0.18,80.4,47.1
6,Centre Hospitalier Régional de Kaffrine,Kaffrine,Kaffrine,364,357,2024-10-28,97,10,334,21,30,317,17,3.47,Covid-19,120,2,65.81,8.66,élevé,28.4,70.5,3932.7,True,0.33,0.68,0.04,161.4,7.1
6,Centre Hospitalier Régional de Kaffrine,Kaffrine,Kaffrine,364,357,2024-10-29,36,20,192,24,172,357,55,1.18,Grippe,3,1,76.12,23.06,faible,33.2,49.8,897.2,False,0.63,0.67,0.18,39.6,19.6
6,Centre Hospitalier Régional de Kaffrine,Kaffrine,Kaffrine,364,357,2024-10-30,29,67,249,1,115,327,14,2.68,Paludisme,84,1,87.26,23.3,élevé,32.0,60.1,2683.1,True,0.39,0.59,0.04,17.8,40.5
6,Centre Hospitalier Régional de Kaffrine,Kaffrine,Kaffrine,364,357,2024-10-31,79,84,139,3,225,308,11,3.97,Choléra,72,10,40.3,29.0,modéré,33.5,85.9,277.9,False,0.44,0.57,0.15,164.1,46.5
6,Centre Hospitalier Régional de Kaffrine,Kaffrine,Kaffrine,364,357,2024-11-01,98,28,339,10,25,310,38,2.44,Grippe,57,6,69.98,21.73,modéré,23.3,87.5,4202.3,False,0.71,0.97,0.04,76.0,7.9
6,Centre Hospitalier Régional de Kaffrine,Kaffrine,Kaffrine,364,357,2024-11-02,23,78,185,4,179,320,31,1.27,Paludisme,71,2,53.44,9.04,modéré,38.2,75.5,1836.2,False,0.79,0.84,0.17,13.2,59.0
6,Centre Hospitalier Régional de Kaffrine,Kaffrine,Kaffrine,364,357,2024-11-03,90,32,23,21,341,351,30,0.52,Dengue,5,9,48.9,11.62,faible,24.1,72.6,1025.4,False,0.58,0.82,0.06,91.4,32.6
6,Centre Hospitalier Régional de Kaffrine,Kaffrine,Kaffrine,364,357,2024-11-04,77,15,29,13,335,335,35,0.41,Dengue,6,3,65.55,29.27,faible,34.5,45.4,929.9,False,0.95,0.34,0.14,98.9,22.8
6,Centre Hospitalier Régional de Kaffrine,Kaffrine,Kaffrine,364,357,2024-11-05,48,67,111,15,253,328,47,0.48,Grippe,82,5,42.39,11.31,élevé,25.4,41.8,101.8,True,0.52,0.6,0.06,17.8,39.3
6,Centre Hospitalier Régional de Kaffrine,Kaffrine,Kaffrine,364,357,2024-11-06,67,71,40,12,324,345,16,2.05,Paludisme,95,8,86.39,22.79,élevé,32.5,73.2,4562.0,True,0.9,0.93,0.16,8.3,29.7
6,Centre Hospitalier Régional de Kaffrine,Kaffrine,Kaffrine,364,357,2024-11-07,59,72,344,11,20,326,57,2.86,Dengue,49,10,74.13,24.59,modéré,33.4,80.3,3207.8,False,0.68,0.74,0.15,45.2,59.1
6,Centre Hospitalier Régional de Kaffrine,Kaffrine,Kaffrine,364,357,2024-11-08,94,22,69,11,295,348,23,2.59,Covid-19,12,3,41.05,7.25,faible,22.3,71.0,4966.4,False,0.81,0.39,0.07,110.8,19.4
6,Centre Hospitalier Régional de Kaffrine,Kaffrine,Kaffrine,364,357,2024-11-09,39,13,226,6,138,333,32,1.66,Choléra,74,6,36.36,28.04,modéré,24.8,81.9,3453.7,False,0.3,0.4,0.15,22.1,50.9
6,Centre Hospitalier Régional de Kaffrine,Kaffrine,Kaffrine,364,357,2024-11-10,68,13,329,12,35,337,1,1.59,Grippe,61,0,43.88,5.4,modéré,37.4,80.9,2359.7,False,0.42,0.39,0.19,84.1,57.9
6,Centre Hospitalier Régional de Kaffrine,Kaffrine,Kaffrine,364,357,2024-11-11,11,40,189,18,175,308,24,3.8,Choléra,71,9,40.57,20.76,modéré,30.5,71.9,1178.2,False,0.85,0.45,0.12,161.4,10.6
6,Centre Hospitalier Régional de Kaffrine,Kaffrine,Kaffrine,364,357,2024-11-12,78,64,334,21,30,309,55,2.19,Grippe,6,2,89.63,13.15,faible,30.1,52.7,2652.0,False,0.5,0.79,0.15,68.1,33.7
6,Centre Hospitalier Régional de Kaffrine,Kaffrine,Kaffrine,364,357,2024-11-13,80,89,47,20,317,346,30,1.23,Choléra,5,2,77.75,13.48,faible,34.4,82.5,3383.6,False,0.2,0.81,0.06,121.8,7.8
6,Centre Hospitalier Régional de Kaffrine,Kaffrine,Kaffrine,364,357,2024-11-14,63,84,46,4,318,350,7,1.6,Covid-19,78,10,30.81,14.47,modéré,30.3,74.0,4735.5,False,0.78,0.39,0.11,38.7,15.7
6,Centre Hospitalier Régional de Kaffrine,Kaffrine,Kaffrine,364,357,2024-11-15,76,34,118,17,246,343,38,2.21,Choléra,4,3,73.6,3.9,faible,31.5,79.0,1664.9,False,0.73,0.89,0.01,112.0,46.3
6,Centre Hospitalier Régional de Kaffrine,Kaffrine,Kaffrine,364,357,2024-08-08,39,32,141,4,223,334,19,0.41,Paludisme,109,8,55.15,28.38,élevé,26.1,50.6,1695.9,True,0.72,0.51,0.18,102.2,39.6
6,Centre Hospitalier Régional de Kaffrine,Kaffrine,Kaffrine,364,357,2024-08-09,18,44,348,4,16,327,51,2.05,Choléra,67,0,88.75,26.18,modéré,25.7,73.2,3731.5,False,0.48,0.36,0.0,87.1,27.8
6,Centre Hospitalier Régional de Kaffrine,Kaffrine,Kaffrine,364,357,2024-08-10,85,6,116,1,248,348,14,0.62,Dengue,62,1,39.38,15.01,modéré,37.5,72.2,3272.0,False,0.91,0.57,0.16,165.6,11.4
6,Centre Hospitalier Régional de Kaffrine,Kaffrine,Kaffrine,364,357,2024-08-11,19,62,134,6,230,316,21,3.49,Dengue,46,7,40.89,9.7,modéré,35.6,40.8,1872.4,False,0.25,0.9,0.05,77.1,16.1
6,Centre Hospitalier Régional de Kaffrine,Kaffrine,Kaffrine,364,357,2024-08-12,37,56,137,9,227,307,18,0.12,Choléra,115,9,34.85,28.68,élevé,30.8,47.3,4954.1,True,0.91,0.83,0.1,132.1,51.3
6,Centre Hospitalier Régional de Kaffrine,Kaffrine,Kaffrine,364,357,2024-08-13,55,5,55,8,309,309,40,1.22,Covid-19,28,6,82.96,7.04,faible,30.2,89.8,4653.9,False,0.88,0.7,0.04,37.1,21.9
6,Centre Hospitalier Régional de Kaffrine,Kaffrine,Kaffrine,364,357,2024-08-14,28,76,184,11,180,309,5,3.61,Dengue,56,2,88.06,21.66,modéré,31.7,71.8,1504.3,False,0.4,1.0,0.16,93.7,24.0
6,Centre Hospitalier Régional de Kaffrine,Kaffrine,Kaffrine,364,357,2024-08-15,29,84,265,4,99,333,13,0.24,Grippe,32,1,35.0,22.87,modéré,30.6,79.1,2945.8,False,0.43,0.48,0.2,55.0,7.6
6,Centre Hospitalier Régional de Kaffrine,Kaffrine,Kaffrine,364,357,2024-08-16,91,80,41,9,323,313,39,0.12,Covid-19,81,0,91.01,24.99,élevé,34.5,72.5,3649.0,True,0.89,0.54,0.13,43.5,26.1
6,Centre Hospitalier Régional de Kaffrine,Kaffrine,Kaffrine,364,357,2024-08-17,28,42,288,3,76,316,33,0.2,Grippe,48,7,84.42,16.05,modéré,34.8,54.2,401.6,False,0.97,0.65,0.14,152.6,19.7
6,Centre Hospitalier Régional de Kaffrine,Kaffrine,Kaffrine,364,357,2024-08-18,22,43,341,8,23,349,28,2.96,Dengue,85,4,59.53,12.67,élevé,38.1,48.8,4462.7,True,0.87,0.61,0.17,109.8,9.1
6,Centre Hospitalier Régional de Kaffrine,Kaffrine,Kaffrine,364,357,2024-08-19,38,34,157,9,207,340,57,1.0,Paludisme,12,2,56.9,8.68,faible,22.6,72.5,3208.1,False,0.27,0.63,0.11,9.3,53.1
6,Centre Hospitalier Régional de Kaffrine,Kaffrine,Kaffrine,364,357,2024-08-20,11,10,94,17,270,324,35,1.0,Choléra,116,0,51.39,11.08,élevé,35.1,80.6,3977.2,True,0.6,0.45,0.01,82.9,9.7
6,Centre Hospitalier Régional de Kaffrine,Kaffrine,Kaffrine,364,357,2024-08-21,70,68,257,14,107,310,6,2.8,Covid-19,33,7,49.69,26.82,modéré,22.7,41.5,3892.0,False,0.25,0.45,0.11,129.0,20.8
6,Centre Hospitalier Régional de Kaffrine,Kaffrine,Kaffrine,364,357,2024-08-22,16,80,119,15,245,328,23,3.3,Covid-19,110,4,73.9,9.97,élevé,27.0,67.2,1314.3,True,0.57,0.83,0.12,83.1,59.8
6,Centre Hospitalier Régional de Kaffrine,Kaffrine,Kaffrine,364,357,2024-08-23,46,35,56,15,308,334,0,2.87,Choléra,114,2,83.01,19.86,élevé,35.4,66.7,4297.8,True,0.63,0.62,0.1,14.2,10.1
6,Centre Hospitalier Régional de Kaffrine,Kaffrine,Kaffrine,364,357,2024-08-24,21,19,74,8,290,331,52,0.87,Dengue,50,0,88.86,4.75,modéré,23.4,88.3,3197.1,False,0.39,0.36,0.09,26.6,17.2
6,Centre Hospitalier Régional de Kaffrine,Kaffrine,Kaffrine,364,357,2024-08-25,85,82,70,12,294,332,1,3.3,Choléra,31,2,56.37,15.99,modéré,24.0,87.5,4516.8,False,0.94,0.52,0.02,171.8,48.5
6,Centre Hospitalier Régional de Kaffrine,Kaffrine,Kaffrine,364,357,2024-08-26,18,39,307,17,57,341,16,1.22,Choléra,92,6,50.54,14.96,élevé,36.8,86.7,766.4,True,0.35,0.96,0.19,125.3,50.8
6,Centre Hospitalier Régional de Kaffrine,Kaffrine,Kaffrine,364,357,2024-08-27,32,71,79,3,285,307,47,2.32,Grippe,118,3,75.47,11.15,élevé,32.4,51.8,112.2,True,0.7,0.4,0.01,5.8,14.7
6,Centre Hospitalier Régional de Kaffrine,Kaffrine,Kaffrine,364,357,2024-08-28,68,6,98,24,266,335,2,2.08,Paludisme,68,5,59.19,9.86,modéré,27.6,48.0,3288.2,False,0.73,0.65,0.04,43.9,11.3
6,Centre Hospitalier Régional de Kaffrine,Kaffrine,Kaffrine,364,357,2024-08-29,36,84,105,18,259,350,31,2.54,Grippe,55,1,34.0,7.07,modéré,39.0,50.2,4350.2,False,0.53,0.84,0.13,116.5,33.5
6,Centre Hospitalier Régional de Kaffrine,Kaffrine,Kaffrine,364,357,2024-08-30,46,20,347,3,17,315,50,1.67,Grippe,71,4,80.44,11.67,modéré,26.7,87.6,4698.7,False,0.62,0.59,0.15,157.4,5.0
6,Centre Hospitalier Régional de Kaffrine,Kaffrine,Kaffrine,364,357,2024-08-31,69,5,292,4,72,307,17,3.28,Grippe,69,10,36.54,5.78,modéré,26.6,42.8,4892.2,False,0.42,0.41,0.16,153.3,34.4
6,Centre Hospitalier Régional de Kaffrine,Kaffrine,Kaffrine,364,357,2024-09-01,39,60,38,7,326,313,36,1.03,Paludisme,108,3,57.48,3.93,élevé,36.9,49.9,1121.3,True,0.55,0.78,0.02,101.5,44.4
6,Centre Hospitalier Régional de Kaffrine,Kaffrine,Kaffrine,364,357,2024-09-02,58,6,154,1,210,326,44,3.04,Dengue,13,7,74.43,13.3,faible,24.4,51.3,1079.5,False,0.85,0.77,0.06,19.3,30.8
6,Centre Hospitalier Régional de Kaffrine,Kaffrine,Kaffrine,364,357,2024-09-03,48,14,69,23,295,334,33,3.68,Grippe,81,3,81.2,22.04,élevé,31.1,66.8,2043.5,True,0.99,0.62,0.14,17.9,9.2
6,Centre Hospitalier Régional de Kaffrine,Kaffrine,Kaffrine,364,357,2024-09-04,14,15,292,25,72,324,10,0.63,Covid-19,69,6,37.24,21.58,modéré,31.6,46.5,683.0,False,0.82,0.75,0.05,64.4,49.3
6,Centre Hospitalier Régional de Kaffrine,Kaffrine,Kaffrine,364,357,2024-09-05,87,65,209,25,155,341,5,0.74,Covid-19,114,6,34.03,17.6,élevé,32.2,47.4,2956.2,True,0.93,0.67,0.01,87.3,33.5
6,Centre Hospitalier Régional de Kaffrine,Kaffrine,Kaffrine,364,357,2024-09-06,36,69,79,6,285,341,39,0.9,Paludisme,37,6,81.86,24.92,modéré,33.3,55.6,1779.2,False,0.34,0.73,0.13,118.6,41.2
6,Centre Hospitalier Régional de Kaffrine,Kaffrine,Kaffrine,364,357,2024-09-07,85,57,187,11,177,337,53,3.99,Grippe,2,1,43.68,17.5,faible,25.5,76.3,1266.5,False,0.9,0.41,0.09,72.1,59.1
6,Centre Hospitalier Régional de Kaffrine,Kaffrine,Kaffrine,364,357,2024-09-08,14,18,301,1,63,317,51,0.62,Dengue,88,3,86.82,5.44,élevé,35.4,80.0,2879.3,True,0.29,0.96,0.06,56.9,59.6
6,Centre Hospitalier Régional de Kaffrine,Kaffrine,Kaffrine,364,357,2024-09-09,45,26,101,13,263,319,23,3.93,Paludisme,101,3,75.61,14.67,élevé,31.8,74.2,3343.8,True,0.34,0.79,0.15,124.5,51.5
6,Centre Hospitalier Régional de Kaffrine,Kaffrine,Kaffrine,364,357,2024-09-10,87,12,187,22,177,345,18,0.35,Choléra,91,3,63.49,8.72,élevé,28.3,54.4,2207.8,True,0.52,0.55,0.08,150.0,38.6
6,Centre Hospitalier Régional de Kaffrine,Kaffrine,Kaffrine,364,357,2024-09-11,88,26,208,2,156,321,53,3.96,Paludisme,24,3,82.42,20.33,faible,26.6,85.2,3468.7,False,0.26,0.3,0.17,173.2,6.7
6,Centre Hospitalier Régional de Kaffrine,Kaffrine,Kaffrine,364,357,2024-09-12,37,10,220,1,144,316,1,1.96,Covid-19,78,3,82.12,17.67,modéré,31.1,45.6,4677.5,False,0.94,0.51,0.09,151.4,23.0
6,Centre Hospitalier Régional de Kaffrine,Kaffrine,Kaffrine,364,357,2024-09-13,58,46,165,22,199,327,9,2.48,Dengue,29,1,40.44,2.6,faible,28.0,75.0,829.0,False,0.66,0.63,0.16,137.8,57.3
6,Centre Hospitalier Régional de Kaffrine,Kaffrine,Kaffrine,364,357,2024-09-14,37,22,259,19,105,323,1,2.0,Choléra,10,6,86.72,2.49,faible,35.7,88.7,4827.6,False,0.26,0.74,0.15,103.9,51.8
6,Centre Hospitalier Régional de Kaffrine,Kaffrine,Kaffrine,364,357,2024-09-15,25,8,256,20,108,312,40,1.64,Choléra,74,9,51.16,9.66,modéré,32.4,66.7,2410.6,False,0.31,0.85,0.15,35.5,42.2
6,Centre Hospitalier Régional de Kaffrine,Kaffrine,Kaffrine,364,357,2024-09-16,94,56,314,8,50,343,6,1.01,Paludisme,36,8,84.35,4.57,modéré,33.4,48.4,2863.7,False,0.9,0.65,0.18,70.3,31.6
6,Centre Hospitalier Régional de Kaffrine,Kaffrine,Kaffrine,364,357,2024-09-17,87,82,225,0,139,307,24,0.26,Dengue,3,3,63.33,16.96,faible,26.0,61.7,1589.1,False,0.89,0.95,0.07,73.0,38.3
6,Centre Hospitalier Régional de Kaffrine,Kaffrine,Kaffrine,364,357,2024-09-18,34,67,51,13,313,345,35,0.27,Covid-19,120,8,86.53,26.31,élevé,26.6,72.2,373.4,True,0.59,0.89,0.13,54.8,55.9
6,Centre Hospitalier Régional de Kaffrine,Kaffrine,Kaffrine,364,357,2024-09-19,87,54,310,10,54,343,41,1.14,Paludisme,45,10,46.73,6.53,modéré,24.0,43.6,505.0,False,0.87,0.86,0.11,56.1,41.0
6,Centre Hospitalier Régional de Kaffrine,Kaffrine,Kaffrine,364,357,2024-09-20,38,28,255,10,109,345,50,3.47,Grippe,71,0,56.84,12.85,modéré,22.9,48.1,2302.2,False,0.75,0.91,0.2,123.0,46.4
6,Centre Hospitalier Régional de Kaffrine,Kaffrine,Kaffrine,364,357,2024-09-21,92,69,190,0,174,338,21,1.61,Dengue,90,4,61.52,16.18,élevé,34.1,89.1,717.7,True,0.34,0.56,0.12,48.3,32.7
6,Centre Hospitalier Régional de Kaffrine,Kaffrine,Kaffrine,364,357,2024-09-22,94,84,78,2,286,339,47,2.21,Dengue,22,10,86.43,18.66,faible,28.7,46.6,2477.2,False,0.79,0.82,0.04,38.9,57.1
6,Centre Hospitalier Régional de Kaffrine,Kaffrine,Kaffrine,364,357,2024-09-23,80,53,232,3,132,317,16,2.04,Covid-19,98,6,90.56,21.58,élevé,30.3,55.2,783.0,True,0.27,0.79,0.07,88.0,19.7
6,Centre Hospitalier Régional de Kaffrine,Kaffrine,Kaffrine,364,357,2024-09-24,34,89,265,20,99,345,11,3.36,Dengue,3,7,93.92,5.9,faible,32.6,67.8,1829.1,False,0.86,0.71,0.19,120.4,31.5
6,Centre Hospitalier Régional de Kaffrine,Kaffrine,Kaffrine,364,357,2024-09-25,29,82,321,12,43,308,6,2.38,Dengue,69,2,94.61,4.24,modéré,37.3,62.8,2158.2,False,0.65,0.95,0.0,158.3,32.1
6,Centre Hospitalier Régional de Kaffrine,Kaffrine,Kaffrine,364,357,2024-09-26,49,21,168,24,196,327,40,2.28,Dengue,97,2,57.02,26.0,élevé,34.3,75.6,4969.4,True,0.83,0.32,0.01,137.1,22.4
6,Centre Hospitalier Régional de Kaffrine,Kaffrine,Kaffrine,364,357,2024-03-11,68,43,131,7,233,320,58,3.12,Choléra,100,9,92.97,9.46,élevé,31.5,86.3,1887.9,True,0.97,0.88,0.11,101.7,37.9
6,Centre Hospitalier Régional de Kaffrine,Kaffrine,Kaffrine,364,357,2024-03-12,18,48,113,24,251,351,29,1.85,Grippe,76,2,75.13,15.4,modéré,28.5,80.5,3391.2,False,0.33,0.86,0.15,8.8,8.6
6,Centre Hospitalier Régional de Kaffrine,Kaffrine,Kaffrine,364,357,2024-03-13,63,35,283,5,81,315,58,3.06,Dengue,87,6,67.9,10.29,élevé,22.9,57.7,727.1,True,0.3,0.87,0.19,95.5,8.9
6,Centre Hospitalier Régional de Kaffrine,Kaffrine,Kaffrine,364,357,2024-03-14,58,74,209,0,155,321,25,3.73,Paludisme,24,8,61.83,22.04,faible,37.3,44.3,390.4,False,0.82,0.46,0.19,149.4,15.0
6,Centre Hospitalier Régional de Kaffrine,Kaffrine,Kaffrine,364,357,2024-03-15,39,74,95,0,269,335,4,1.53,Dengue,93,10,70.9,24.44,élevé,27.8,66.6,2260.1,True,0.25,0.59,0.1,86.3,57.4
6,Centre Hospitalier Régional de Kaffrine,Kaffrine,Kaffrine,364,357,2024-03-16,41,15,152,24,212,331,40,3.58,Dengue,38,3,85.06,25.55,modéré,31.7,47.1,3550.2,False,0.28,0.65,0.19,5.6,44.0
6,Centre Hospitalier Régional de Kaffrine,Kaffrine,Kaffrine,364,357,2024-03-17,52,21,237,23,127,310,20,0.51,Dengue,27,1,46.9,9.43,faible,27.7,46.9,3027.6,False,0.26,0.35,0.1,143.1,11.6
6,Centre Hospitalier Régional de Kaffrine,Kaffrine,Kaffrine,364,357,2024-03-18,50,41,257,11,107,339,11,0.14,Grippe,109,9,51.86,28.19,élevé,29.4,57.1,3639.5,True,0.74,0.5,0.11,64.0,54.3
6,Centre Hospitalier Régional de Kaffrine,Kaffrine,Kaffrine,364,357,2024-03-19,49,59,186,8,178,355,17,0.12,Covid-19,115,7,79.11,29.67,élevé,35.3,42.3,2579.7,True,0.23,0.92,0.14,32.3,30.8
6,Centre Hospitalier Régional de Kaffrine,Kaffrine,Kaffrine,364,357,2024-03-20,65,52,351,4,13,310,3,0.2,Dengue,112,10,71.06,3.6,élevé,25.1,57.8,2344.6,True,0.36,0.92,0.01,59.9,39.0
6,Centre Hospitalier Régional de Kaffrine,Kaffrine,Kaffrine,364,357,2024-03-21,83,14,170,4,194,325,54,1.98,Grippe,66,10,38.18,9.91,modéré,31.8,44.9,3449.0,False,0.97,0.85,0.19,12.7,7.3
6,Centre Hospitalier Régional de Kaffrine,Kaffrine,Kaffrine,364,357,2024-03-22,21,70,111,4,253,325,28,1.6,Choléra,24,6,45.26,20.73,faible,37.0,56.7,289.7,False,0.7,0.59,0.18,128.6,29.9
6,Centre Hospitalier Régional de Kaffrine,Kaffrine,Kaffrine,364,357,2024-03-23,25,89,167,23,197,319,44,1.39,Covid-19,71,1,70.82,18.72,modéré,30.0,49.6,4010.5,False,0.28,0.83,0.09,94.1,19.7
6,Centre Hospitalier Régional de Kaffrine,Kaffrine,Kaffrine,364,357,2024-03-24,42,71,158,25,206,309,24,0.31,Choléra,16,0,82.62,17.45,faible,25.1,52.4,2939.0,False,0.54,0.32,0.11,89.7,56.5
6,Centre Hospitalier Régional de Kaffrine,Kaffrine,Kaffrine,364,357,2024-03-25,35,44,191,2,173,325,9,3.18,Paludisme,116,1,42.03,2.5,élevé,35.7,63.9,130.6,True,0.91,0.84,0.15,166.3,12.5
6,Centre Hospitalier Régional de Kaffrine,Kaffrine,Kaffrine,364,357,2024-03-26,52,37,27,20,337,313,5,1.08,Choléra,84,0,69.79,4.49,élevé,25.4,50.4,3438.9,True,0.84,0.34,0.1,167.5,37.8
6,Centre Hospitalier Régional de Kaffrine,Kaffrine,Kaffrine,364,357,2024-03-27,55,85,105,20,259,309,30,0.85,Grippe,3,1,85.76,22.16,faible,38.2,80.5,2699.1,False,0.29,0.74,0.19,26.8,7.5
6,Centre Hospitalier Régional de Kaffrine,Kaffrine,Kaffrine,364,357,2024-03-28,14,34,226,7,138,335,60,0.74,Dengue,42,5,50.17,10.9,modéré,29.3,86.6,4904.7,False,0.87,0.79,0.06,57.0,34.3
6,Centre Hospitalier Régional de Kaffrine,Kaffrine,Kaffrine,364,357,2024-03-29,64,17,337,4,27,321,33,3.69,Grippe,50,2,82.71,10.42,modéré,26.1,40.2,885.9,False,0.95,0.64,0.17,36.0,54.8
6,Centre Hospitalier Régional de Kaffrine,Kaffrine,Kaffrine,364,357,2024-03-30,77,57,339,10,25,312,33,2.69,Grippe,72,7,53.66,6.48,modéré,31.4,84.5,3693.7,False,0.89,0.36,0.13,139.0,7.3
6,Centre Hospitalier Régional de Kaffrine,Kaffrine,Kaffrine,364,357,2024-03-31,69,66,306,0,58,322,22,2.0,Covid-19,8,5,52.6,16.66,faible,32.1,70.4,4739.1,False,0.91,0.77,0.18,175.6,26.3
6,Centre Hospitalier Régional de Kaffrine,Kaffrine,Kaffrine,364,357,2024-04-01,57,83,177,1,187,350,45,0.99,Grippe,70,6,82.26,12.99,modéré,38.2,55.5,875.8,False,0.87,0.84,0.13,28.7,23.6
6,Centre Hospitalier Régional de Kaffrine,Kaffrine,Kaffrine,364,357,2024-04-02,57,15,186,0,178,317,11,2.43,Choléra,105,7,57.63,18.44,élevé,22.4,79.1,3317.4,True,0.66,0.53,0.04,118.5,17.3
6,Centre Hospitalier Régional de Kaffrine,Kaffrine,Kaffrine,364,357,2024-04-03,62,36,93,22,271,346,17,1.7,Dengue,80,3,74.11,7.74,élevé,31.9,58.1,3244.7,False,0.23,0.83,0.12,28.2,49.7
6,Centre Hospitalier Régional de Kaffrine,Kaffrine,Kaffrine,364,357,2024-04-04,55,46,132,3,232,319,19,0.14,Choléra,13,5,75.1,7.62,faible,25.7,44.5,2772.5,False,0.49,0.36,0.13,38.2,13.9
6,Centre Hospitalier Régional de Kaffrine,Kaffrine,Kaffrine,364,357,2024-04-05,41,45,159,1,205,322,54,1.93,Dengue,101,9,30.69,9.86,élevé,24.6,52.4,2676.8,True,0.9,0.7,0.09,81.3,40.2
6,Centre Hospitalier Régional de Kaffrine,Kaffrine,Kaffrine,364,357,2024-04-06,95,42,75,23,289,318,16,0.63,Grippe,94,8,50.47,19.89,élevé,26.2,69.5,2455.8,True,0.57,0.47,0.18,69.4,20.7
6,Centre Hospitalier Régional de Kaffrine,Kaffrine,Kaffrine,364,357,2024-04-07,59,68,289,3,75,310,16,1.54,Covid-19,67,2,43.99,29.65,modéré,38.9,41.4,3648.3,False,0.69,0.44,0.07,19.6,42.3
6,Centre Hospitalier Régional de Kaffrine,Kaffrine,Kaffrine,364,357,2024-04-08,76,42,126,4,238,328,43,2.19,Paludisme,16,6,38.17,18.2,faible,23.3,75.7,1102.8,False,0.51,0.9,0.2,179.9,19.2
6,Centre Hospitalier Régional de Kaffrine,Kaffrine,Kaffrine,364,357,2024-04-09,87,40,277,11,87,352,16,3.66,Covid-19,50,2,81.39,13.86,modéré,36.0,50.5,658.9,False,0.21,0.34,0.14,51.7,30.6
6,Centre Hospitalier Régional de Kaffrine,Kaffrine,Kaffrine,364,357,2024-04-10,58,42,315,12,49,336,31,3.43,Paludisme,33,8,73.95,22.43,modéré,26.1,62.9,4388.4,False,0.81,0.57,0.06,20.5,31.2
6,Centre Hospitalier Régional de Kaffrine,Kaffrine,Kaffrine,364,357,2024-04-11,71,7,163,11,201,340,26,3.53,Dengue,44,3,50.99,4.42,modéré,25.1,58.2,1463.5,False,0.27,0.88,0.12,17.3,51.6
6,Centre Hospitalier Régional de Kaffrine,Kaffrine,Kaffrine,364,357,2024-04-12,15,61,155,10,209,316,57,1.15,Grippe,93,0,43.17,19.26,élevé,27.0,50.4,3921.2,True,0.32,0.55,0.19,122.1,16.6
6,Centre Hospitalier Régional de Kaffrine,Kaffrine,Kaffrine,364,357,2024-04-13,81,83,324,9,40,349,48,1.95,Grippe,109,2,55.43,3.39,élevé,37.9,58.3,456.8,True,0.63,0.76,0.07,78.9,19.9
6,Centre Hospitalier Régional de Kaffrine,Kaffrine,Kaffrine,364,357,2024-04-14,63,63,89,6,275,348,44,1.83,Paludisme,113,5,37.74,1.27,élevé,30.2,68.1,3721.6,True,0.8,0.58,0.0,110.0,37.7
6,Centre Hospitalier Régional de Kaffrine,Kaffrine,Kaffrine,364,357,2024-04-15,55,28,355,1,9,322,27,1.75,Choléra,35,0,75.86,23.12,modéré,25.7,75.9,2353.8,False,0.85,0.46,0.18,114.4,23.1
6,Centre Hospitalier Régional de Kaffrine,Kaffrine,Kaffrine,364,357,2024-04-16,56,8,128,18,236,318,47,1.19,Covid-19,3,10,33.91,23.67,faible,27.6,85.4,3398.2,False,0.75,0.84,0.12,58.8,17.1
6,Centre Hospitalier Régional de Kaffrine,Kaffrine,Kaffrine,364,357,2024-04-17,37,88,40,24,324,322,29,3.06,Choléra,85,8,60.3,28.18,élevé,27.0,49.8,2241.9,True,0.63,0.43,0.0,99.3,58.1
6,Centre Hospitalier Régional de Kaffrine,Kaffrine,Kaffrine,364,357,2024-04-18,43,68,363,18,1,327,5,3.91,Covid-19,87,10,82.1,17.99,élevé,38.3,62.6,1564.3,True,0.32,0.63,0.06,129.0,10.0
6,Centre Hospitalier Régional de Kaffrine,Kaffrine,Kaffrine,364,357,2024-04-19,14,87,301,22,63,337,49,0.53,Choléra,104,4,69.01,19.87,élevé,37.1,78.1,1471.1,True,0.37,0.99,0.06,91.5,37.4
6,Centre Hospitalier Régional de Kaffrine,Kaffrine,Kaffrine,364,357,2024-04-20,25,67,358,24,6,325,38,3.72,Choléra,113,2,51.21,27.46,élevé,37.2,42.6,2263.0,True,0.43,0.46,0.18,29.8,31.6
6,Centre Hospitalier Régional de Kaffrine,Kaffrine,Kaffrine,364,357,2024-04-21,21,13,174,18,190,338,44,1.11,Covid-19,22,8,79.26,9.43,faible,25.6,51.2,3895.8,False,0.89,0.81,0.16,26.9,57.2
6,Centre Hospitalier Régional de Kaffrine,Kaffrine,Kaffrine,364,357,2024-04-22,84,70,39,21,325,327,37,1.28,Dengue,21,8,76.95,1.31,faible,38.3,84.9,4768.8,False,0.63,0.65,0.05,33.4,36.1
6,Centre Hospitalier Régional de Kaffrine,Kaffrine,Kaffrine,364,357,2024-04-23,48,67,292,17,72,313,21,3.41,Dengue,114,9,58.57,12.36,élevé,33.1,56.9,1893.0,True,0.89,0.89,0.06,100.9,34.6
6,Centre Hospitalier Régional de Kaffrine,Kaffrine,Kaffrine,364,357,2024-04-24,79,30,349,11,15,351,39,0.56,Dengue,68,0,46.6,8.07,modéré,23.5,41.1,1974.5,False,0.49,0.49,0.16,14.0,33.4
6,Centre Hospitalier Régional de Kaffrine,Kaffrine,Kaffrine,364,357,2024-04-25,47,42,27,25,337,348,28,3.36,Paludisme,40,5,61.26,28.04,modéré,36.5,70.5,4043.9,False,0.81,0.5,0.16,16.7,37.5
6,Centre Hospitalier Régional de Kaffrine,Kaffrine,Kaffrine,364,357,2024-04-26,49,54,352,6,12,310,46,2.16,Paludisme,81,5,81.02,1.52,élevé,25.9,46.2,4371.5,True,0.96,0.79,0.16,93.3,45.4
6,Centre Hospitalier Régional de Kaffrine,Kaffrine,Kaffrine,364,357,2024-04-27,13,52,203,18,161,309,4,1.24,Dengue,87,10,66.01,3.86,élevé,27.1,82.9,1087.8,True,0.79,0.32,0.2,145.8,34.9
6,Centre Hospitalier Régional de Kaffrine,Kaffrine,Kaffrine,364,357,2024-04-28,57,73,70,16,294,347,26,3.91,Dengue,105,9,83.91,14.48,élevé,25.4,89.7,4834.0,True,0.92,0.57,0.18,146.3,24.4
6,Centre Hospitalier Régional de Kaffrine,Kaffrine,Kaffrine,364,357,2024-04-29,32,39,136,6,228,344,53,3.1,Dengue,3,3,68.21,22.95,faible,29.0,44.7,1893.7,False,0.26,0.37,0.04,46.8,40.2
6,Centre Hospitalier Régional de Kaffrine,Kaffrine,Kaffrine,364,357,2024-11-16,88,22,110,17,254,307,56,0.8,Covid-19,105,2,79.66,9.92,élevé,24.7,85.7,3961.5,True,0.94,0.46,0.17,154.4,48.8
6,Centre Hospitalier Régional de Kaffrine,Kaffrine,Kaffrine,364,357,2024-11-17,47,6,77,0,287,341,22,3.66,Grippe,29,6,65.85,2.97,faible,38.7,88.8,3253.8,False,0.41,0.46,0.12,6.7,5.1
6,Centre Hospitalier Régional de Kaffrine,Kaffrine,Kaffrine,364,357,2024-11-18,18,85,152,22,212,323,48,1.07,Grippe,77,9,55.81,22.84,modéré,32.8,65.4,3887.4,False,0.75,1.0,0.03,65.8,47.3
6,Centre Hospitalier Régional de Kaffrine,Kaffrine,Kaffrine,364,357,2024-11-19,50,78,32,2,332,328,22,1.08,Paludisme,37,0,82.14,1.89,modéré,36.3,43.1,550.1,False,0.86,0.34,0.19,165.8,17.5
6,Centre Hospitalier Régional de Kaffrine,Kaffrine,Kaffrine,364,357,2024-11-20,81,33,77,1,287,329,12,2.14,Paludisme,60,2,66.58,24.56,modéré,23.5,40.9,2253.7,False,0.67,0.78,0.05,177.2,37.1
6,Centre Hospitalier Régional de Kaffrine,Kaffrine,Kaffrine,364,357,2024-11-21,21,55,179,10,185,331,12,3.66,Choléra,102,10,73.6,8.65,élevé,26.8,70.7,403.5,True,0.56,0.53,0.11,29.6,56.8
6,Centre Hospitalier Régional de Kaffrine,Kaffrine,Kaffrine,364,357,2024-11-22,63,61,41,15,323,347,31,1.28,Dengue,67,9,62.93,19.27,modéré,33.4,62.1,4109.0,False,0.97,0.74,0.19,94.7,41.5
6,Centre Hospitalier Régional de Kaffrine,Kaffrine,Kaffrine,364,357,2024-11-23,86,65,178,12,186,343,55,0.53,Dengue,91,1,38.95,21.33,élevé,37.7,64.2,4705.0,True,0.86,0.66,0.12,117.6,47.4
6,Centre Hospitalier Régional de Kaffrine,Kaffrine,Kaffrine,364,357,2024-11-24,27,31,139,17,225,333,8,3.31,Covid-19,24,4,59.4,11.05,faible,33.2,42.4,3806.1,False,0.48,0.6,0.18,7.0,14.3
6,Centre Hospitalier Régional de Kaffrine,Kaffrine,Kaffrine,364,357,2024-11-25,76,46,308,23,56,333,58,2.15,Paludisme,95,4,36.95,25.26,élevé,36.7,74.7,2856.2,True,0.43,0.68,0.17,142.0,10.1
6,Centre Hospitalier Régional de Kaffrine,Kaffrine,Kaffrine,364,357,2024-11-26,69,20,311,20,53,315,19,2.13,Grippe,44,3,30.03,14.47,modéré,34.0,41.0,4833.6,False,0.3,1.0,0.07,115.3,29.8
6,Centre Hospitalier Régional de Kaffrine,Kaffrine,Kaffrine,364,357,2024-11-27,95,41,278,8,86,334,15,0.91,Choléra,79,9,44.83,11.6,modéré,24.9,88.8,3960.5,False,0.81,0.7,0.15,7.2,45.5
6,Centre Hospitalier Régional de Kaffrine,Kaffrine,Kaffrine,364,357,2024-11-28,72,17,263,25,101,329,14,3.0,Grippe,82,10,77.16,5.39,élevé,37.8,60.6,158.1,True,0.48,0.73,0.12,102.7,37.7
6,Centre Hospitalier Régional de Kaffrine,Kaffrine,Kaffrine,364,357,2024-11-29,24,19,230,1,134,324,8,3.96,Dengue,33,7,68.72,1.38,modéré,34.1,77.7,4362.1,False,0.22,0.65,0.11,128.3,48.4
6,Centre Hospitalier Régional de Kaffrine,Kaffrine,Kaffrine,364,357,2024-11-30,30,20,237,6,127,337,14,0.6,Dengue,32,7,90.13,12.48,modéré,35.5,67.5,1677.6,False,0.73,0.68,0.05,144.6,57.8
6,Centre Hospitalier Régional de Kaffrine,Kaffrine,Kaffrine,364,357,2024-12-01,11,90,138,22,226,352,14,1.5,Dengue,36,4,82.7,25.18,modéré,22.9,61.8,4355.2,False,0.7,0.51,0.2,147.1,33.7
6,Centre Hospitalier Régional de Kaffrine,Kaffrine,Kaffrine,364,357,2024-12-02,58,80,340,19,24,325,48,3.86,Covid-19,12,7,79.73,3.2,faible,24.0,49.1,2169.0,False,0.94,0.62,0.02,139.4,28.2
6,Centre Hospitalier Régional de Kaffrine,Kaffrine,Kaffrine,364,357,2024-12-03,30,28,219,20,145,343,44,1.51,Grippe,120,7,38.63,8.81,élevé,37.7,60.4,4602.4,True,0.9,0.34,0.06,118.2,15.6
6,Centre Hospitalier Régional de Kaffrine,Kaffrine,Kaffrine,364,357,2024-12-04,88,79,352,11,12,352,24,0.35,Paludisme,114,3,31.09,20.72,élevé,32.5,53.4,1522.6,True,0.62,0.99,0.11,37.0,10.8
6,Centre Hospitalier Régional de Kaffrine,Kaffrine,Kaffrine,364,357,2024-12-05,84,9,358,11,6,308,30,2.21,Dengue,100,1,68.24,29.96,élevé,30.6,48.1,748.8,True,0.89,0.89,0.01,43.1,20.6
6,Centre Hospitalier Régional de Kaffrine,Kaffrine,Kaffrine,364,357,2024-12-06,31,25,292,10,72,310,43,0.83,Choléra,58,10,60.86,26.71,modéré,28.5,88.5,1818.5,False,0.64,0.53,0.08,85.9,18.3
6,Centre Hospitalier Régional de Kaffrine,Kaffrine,Kaffrine,364,357,2024-12-07,77,25,284,16,80,357,27,2.15,Dengue,76,0,63.68,10.2,modéré,37.4,56.5,4797.0,False,0.91,0.6,0.15,34.1,59.3
6,Centre Hospitalier Régional de Kaffrine,Kaffrine,Kaffrine,364,357,2024-12-08,57,25,109,11,255,329,36,2.57,Covid-19,109,3,61.65,22.47,élevé,39.0,41.0,4647.8,True,0.67,0.86,0.08,54.5,16.7
6,Centre Hospitalier Régional de Kaffrine,Kaffrine,Kaffrine,364,357,2024-12-09,67,45,301,5,63,351,51,2.4,Covid-19,95,2,47.22,13.13,élevé,33.6,78.5,528.6,True,0.66,0.38,0.07,44.2,32.3
6,Centre Hospitalier Régional de Kaffrine,Kaffrine,Kaffrine,364,357,2024-12-10,18,16,175,2,189,327,7,3.86,Dengue,88,7,61.3,8.23,élevé,37.0,57.1,1984.4,True,0.59,0.69,0.1,112.2,34.2
6,Centre Hospitalier Régional de Kaffrine,Kaffrine,Kaffrine,364,357,2024-12-11,91,84,45,17,319,314,24,1.7,Choléra,47,8,40.22,13.28,modéré,36.2,64.4,1343.1,False,0.34,0.99,0.01,115.8,33.3
6,Centre Hospitalier Régional de Kaffrine,Kaffrine,Kaffrine,364,357,2024-12-12,61,60,337,10,27,316,54,3.17,Grippe,60,9,51.08,17.83,modéré,32.1,82.8,1555.9,False,0.25,0.93,0.18,117.4,12.2
6,Centre Hospitalier Régional de Kaffrine,Kaffrine,Kaffrine,364,357,2024-12-13,44,57,250,25,114,343,15,3.88,Grippe,105,3,32.93,29.93,élevé,22.2,57.3,248.7,True,0.74,0.69,0.04,34.6,14.7
6,Centre Hospitalier Régional de Kaffrine,Kaffrine,Kaffrine,364,357,2024-12-14,38,9,337,4,27,333,0,1.08,Covid-19,9,1,40.05,14.2,faible,38.7,53.4,1257.5,False,0.87,0.76,0.04,144.9,14.2
6,Centre Hospitalier Régional de Kaffrine,Kaffrine,Kaffrine,364,357,2024-12-15,52,81,334,12,30,352,39,1.73,Choléra,108,3,94.35,27.41,élevé,22.9,64.0,3288.0,True,0.52,0.43,0.12,180.0,16.3
6,Centre Hospitalier Régional de Kaffrine,Kaffrine,Kaffrine,364,357,2024-12-16,42,25,276,0,88,349,23,1.62,Covid-19,14,8,35.54,4.32,faible,34.3,87.5,3223.1,False,0.51,0.81,0.06,92.4,4.2
6,Centre Hospitalier Régional de Kaffrine,Kaffrine,Kaffrine,364,357,2024-12-17,80,90,279,9,85,315,8,2.92,Paludisme,81,9,46.28,12.45,élevé,38.0,40.8,3923.8,True,0.57,0.89,0.12,15.9,31.6
6,Centre Hospitalier Régional de Kaffrine,Kaffrine,Kaffrine,364,357,2024-12-18,66,55,351,3,13,308,33,1.59,Dengue,27,0,59.3,1.05,faible,31.1,70.5,631.6,False,0.52,0.54,0.02,123.3,16.7
6,Centre Hospitalier Régional de Kaffrine,Kaffrine,Kaffrine,364,357,2024-12-19,22,89,327,24,37,353,23,1.89,Grippe,47,6,73.29,24.28,modéré,27.7,52.1,4387.6,False,0.24,0.6,0.14,171.3,27.4
6,Centre Hospitalier Régional de Kaffrine,Kaffrine,Kaffrine,364,357,2024-12-20,73,81,346,21,18,342,33,1.63,Dengue,62,7,50.33,16.05,modéré,34.0,67.1,3136.4,False,0.69,0.92,0.09,80.5,53.0
6,Centre Hospitalier Régional de Kaffrine,Kaffrine,Kaffrine,364,357,2024-12-21,40,36,274,7,90,336,26,3.31,Choléra,113,0,65.03,6.57,élevé,34.4,80.0,1096.2,True,0.25,0.8,0.08,100.0,49.7
6,Centre Hospitalier Régional de Kaffrine,Kaffrine,Kaffrine,364,357,2024-12-22,81,67,141,13,223,336,33,3.87,Covid-19,16,8,52.36,29.99,faible,25.6,60.7,4082.3,False,0.99,0.32,0.13,147.4,54.3
6,Centre Hospitalier Régional de Kaffrine,Kaffrine,Kaffrine,364,357,2024-12-23,24,59,258,5,106,324,6,2.59,Dengue,98,6,57.24,15.67,élevé,24.7,53.2,1335.4,True,0.26,0.65,0.12,75.9,8.6
6,Centre Hospitalier Régional de Kaffrine,Kaffrine,Kaffrine,364,357,2024-12-24,50,87,330,23,34,353,6,2.12,Dengue,107,1,50.8,5.69,élevé,36.7,55.3,1413.2,True,0.61,0.58,0.0,48.9,47.4
6,Centre Hospitalier Régional de Kaffrine,Kaffrine,Kaffrine,364,357,2024-12-25,49,87,294,0,70,342,37,1.92,Grippe,100,7,72.57,13.66,élevé,24.5,60.3,3661.3,True,0.25,0.36,0.08,167.9,36.2
6,Centre Hospitalier Régional de Kaffrine,Kaffrine,Kaffrine,364,357,2024-12-26,88,10,54,10,310,333,4,2.85,Dengue,64,5,39.69,5.61,modéré,30.3,83.9,4834.7,False,0.35,0.75,0.11,75.3,49.1
6,Centre Hospitalier Régional de Kaffrine,Kaffrine,Kaffrine,364,357,2024-12-27,71,5,201,8,163,350,3,1.14,Choléra,40,5,63.72,8.7,modéré,38.2,60.8,193.8,False,0.6,0.95,0.15,9.9,58.1
6,Centre Hospitalier Régional de Kaffrine,Kaffrine,Kaffrine,364,357,2024-12-28,38,7,259,15,105,323,60,2.34,Dengue,36,7,60.36,17.01,modéré,24.6,48.8,3458.1,False,0.68,0.55,0.02,125.8,33.8
6,Centre Hospitalier Régional de Kaffrine,Kaffrine,Kaffrine,364,357,2024-12-29,29,22,74,15,290,317,44,3.9,Grippe,105,6,52.33,7.08,élevé,34.0,41.3,2275.3,True,0.75,0.54,0.08,138.4,38.1
6,Centre Hospitalier Régional de Kaffrine,Kaffrine,Kaffrine,364,357,2024-12-30,60,89,235,8,129,315,56,1.89,Grippe,73,10,83.28,3.42,modéré,34.0,60.1,1046.0,False,0.52,0.97,0.03,135.5,34.1
6,Centre Hospitalier Régional de Kaffrine,Kaffrine,Kaffrine,364,357,2024-12-31,42,71,264,9,100,351,28,0.9,Dengue,8,2,91.3,1.59,faible,37.1,72.2,2764.1,False,0.77,0.48,0.18,22.2,5.1
7,Centre Hospitalier Régional de Louga,Louga,Louga,522,369,2024-01-01,45,45,238,10,284,323,44,0.73,Covid-19,57,7,36.13,20.84,modéré,39.0,50.3,3183.7,False,0.8,0.46,0.06,111.7,57.1
7,Centre Hospitalier Régional de Louga,Louga,Louga,522,369,2024-01-02,22,44,493,12,29,338,42,2.69,Dengue,70,2,57.11,12.26,modéré,33.8,61.9,549.9,False,0.81,0.67,0.18,177.6,33.2
7,Centre Hospitalier Régional de Louga,Louga,Louga,522,369,2024-01-03,68,52,105,4,417,369,20,3.88,Paludisme,2,0,63.19,1.02,faible,24.0,89.8,2329.0,False,0.4,0.53,0.18,35.4,4.8
7,Centre Hospitalier Régional de Louga,Louga,Louga,522,369,2024-01-04,82,29,164,1,358,323,7,0.25,Dengue,98,1,71.2,25.16,élevé,26.3,47.2,4888.7,True,0.32,0.83,0.07,112.3,15.7
5,Centre Hospitalier Régional de Fatick,Fatick,Fatick,264,560,2024-12-02,12,86,31,15,233,530,56,0.39,Choléra,56,4,37.71,12.07,modéré,32.3,42.5,4590.1,False,0.51,0.68,0.18,25.0,11.4
5,Centre Hospitalier Régional de Fatick,Fatick,Fatick,264,560,2024-12-03,86,44,66,3,198,527,29,0.31,Covid-19,58,7,79.15,11.98,modéré,31.0,47.2,2044.9,False,0.35,0.61,0.01,119.9,35.4
5,Centre Hospitalier Régional de Fatick,Fatick,Fatick,264,560,2024-12-04,51,5,148,19,116,524,30,1.38,Grippe,19,8,52.53,15.73,faible,35.5,54.3,2378.2,False,0.38,0.8,0.06,99.5,23.8
5,Centre Hospitalier Régional de Fatick,Fatick,Fatick,264,560,2024-12-05,72,17,228,18,36,557,54,3.65,Grippe,17,7,62.98,29.08,faible,29.8,48.1,2689.0,False,0.92,0.52,0.06,9.5,38.9
5,Centre Hospitalier Régional de Fatick,Fatick,Fatick,264,560,2024-12-06,71,63,145,8,119,535,54,1.85,Choléra,3,9,67.23,27.59,faible,33.1,48.4,3012.1,False,0.39,0.98,0.16,164.9,13.4
5,Centre Hospitalier Régional de Fatick,Fatick,Fatick,264,560,2024-12-07,29,26,210,20,54,513,10,2.78,Choléra,67,0,77.45,20.48,modéré,30.0,42.3,2063.0,False,0.9,0.35,0.11,121.6,43.8
5,Centre Hospitalier Régional de Fatick,Fatick,Fatick,264,560,2024-12-08,28,38,66,25,198,511,45,3.93,Dengue,17,9,59.3,9.65,faible,25.0,41.1,1778.1,False,0.61,0.47,0.12,107.9,7.3
5,Centre Hospitalier Régional de Fatick,Fatick,Fatick,264,560,2024-12-09,95,39,194,6,70,539,37,0.1,Paludisme,35,3,84.17,13.1,modéré,38.1,52.7,3494.5,False,0.44,0.4,0.06,89.8,17.3
5,Centre Hospitalier Régional de Fatick,Fatick,Fatick,264,560,2024-12-10,98,78,139,0,125,538,30,3.55,Choléra,107,1,90.49,22.78,élevé,31.7,90.0,1102.6,True,0.23,0.77,0.0,54.6,53.1
5,Centre Hospitalier Régional de Fatick,Fatick,Fatick,264,560,2024-12-11,95,65,242,2,22,523,36,0.92,Covid-19,35,4,77.57,1.8,modéré,26.0,85.0,1511.0,False,0.68,0.57,0.07,134.6,46.4
5,Centre Hospitalier Régional de Fatick,Fatick,Fatick,264,560,2024-12-12,35,13,44,11,220,539,44,0.72,Dengue,2,6,46.68,19.47,faible,30.4,88.7,238.6,False,0.64,0.76,0.15,171.8,6.7
5,Centre Hospitalier Régional de Fatick,Fatick,Fatick,264,560,2024-12-13,23,30,20,10,244,551,4,0.22,Paludisme,43,0,53.81,25.31,modéré,31.8,78.2,3099.7,False,0.8,0.4,0.14,139.9,23.8
5,Centre Hospitalier Régional de Fatick,Fatick,Fatick,264,560,2024-12-14,59,80,220,7,44,515,22,3.77,Dengue,96,5,94.34,15.84,élevé,28.4,75.6,285.0,True,0.39,0.92,0.0,113.1,59.0
5,Centre Hospitalier Régional de Fatick,Fatick,Fatick,264,560,2024-12-15,87,88,26,2,238,515,44,0.17,Choléra,75,10,94.7,8.94,modéré,37.6,44.6,2694.6,False,0.99,0.69,0.02,38.3,41.5
5,Centre Hospitalier Régional de Fatick,Fatick,Fatick,264,560,2024-12-16,78,11,73,3,191,549,41,0.6,Dengue,17,5,44.84,15.08,faible,30.5,69.8,4084.1,False,0.46,0.6,0.07,34.0,7.9
5,Centre Hospitalier Régional de Fatick,Fatick,Fatick,264,560,2024-12-17,100,72,212,10,52,531,34,0.78,Grippe,22,7,69.6,16.74,faible,28.2,53.1,1672.5,False,0.78,0.33,0.07,121.3,9.6
5,Centre Hospitalier Régional de Fatick,Fatick,Fatick,264,560,2024-12-18,24,49,101,22,163,546,25,3.91,Choléra,13,10,79.69,23.78,faible,24.6,53.5,2081.2,False,0.9,0.54,0.1,44.6,43.9
5,Centre Hospitalier Régional de Fatick,Fatick,Fatick,264,560,2024-12-19,73,39,68,12,196,538,12,3.11,Covid-19,71,1,34.65,16.94,modéré,38.5,86.4,1670.6,False,0.64,0.42,0.07,172.8,4.9
5,Centre Hospitalier Régional de Fatick,Fatick,Fatick,264,560,2024-12-20,24,13,157,5,107,532,59,0.13,Grippe,89,4,54.47,8.17,élevé,26.4,71.9,3669.9,True,0.89,0.81,0.0,126.9,20.6
5,Centre Hospitalier Régional de Fatick,Fatick,Fatick,264,560,2024-12-21,89,12,177,25,87,516,13,2.71,Dengue,40,10,56.29,4.02,modéré,31.5,58.4,1318.9,False,0.75,0.53,0.1,29.4,35.7
5,Centre Hospitalier Régional de Fatick,Fatick,Fatick,264,560,2024-12-22,62,77,252,21,12,525,29,2.51,Dengue,98,1,84.46,3.55,élevé,31.1,83.5,1028.5,True,0.27,0.67,0.03,30.1,19.2
5,Centre Hospitalier Régional de Fatick,Fatick,Fatick,264,560,2024-12-23,17,34,42,0,222,529,28,1.37,Dengue,119,2,68.92,27.27,élevé,28.1,42.4,3722.6,True,0.31,0.49,0.09,119.6,37.0
5,Centre Hospitalier Régional de Fatick,Fatick,Fatick,264,560,2024-12-24,38,70,185,12,79,525,46,1.54,Covid-19,30,5,50.09,20.19,modéré,26.3,82.6,2938.8,False,0.37,0.78,0.06,65.2,59.3
5,Centre Hospitalier Régional de Fatick,Fatick,Fatick,264,560,2024-12-25,61,41,155,11,109,535,49,2.43,Grippe,12,9,73.32,11.97,faible,30.7,74.5,2402.7,False,0.97,0.93,0.07,54.6,22.3
5,Centre Hospitalier Régional de Fatick,Fatick,Fatick,264,560,2024-12-26,15,70,147,18,117,518,35,2.39,Dengue,69,8,49.73,5.64,modéré,35.5,63.8,1074.0,False,0.48,0.42,0.04,6.6,48.2
5,Centre Hospitalier Régional de Fatick,Fatick,Fatick,264,560,2024-12-27,85,31,247,14,17,552,31,2.71,Dengue,77,9,92.84,20.21,modéré,28.4,50.4,2389.7,False,0.44,0.73,0.02,119.9,59.0
5,Centre Hospitalier Régional de Fatick,Fatick,Fatick,264,560,2024-12-28,69,71,260,14,4,537,59,3.17,Covid-19,82,3,70.5,11.4,élevé,37.4,77.0,3890.9,True,0.51,0.32,0.15,175.3,19.0
5,Centre Hospitalier Régional de Fatick,Fatick,Fatick,264,560,2024-12-29,88,59,147,17,117,556,4,3.14,Covid-19,58,10,83.59,19.13,modéré,37.1,79.8,2151.7,False,0.62,0.64,0.13,64.9,14.7
5,Centre Hospitalier Régional de Fatick,Fatick,Fatick,264,560,2024-12-30,21,81,214,11,50,540,31,1.85,Grippe,109,6,45.82,6.93,élevé,38.2,89.9,3807.1,True,0.31,0.34,0.16,131.0,15.1
5,Centre Hospitalier Régional de Fatick,Fatick,Fatick,264,560,2024-12-31,15,28,65,12,199,537,24,3.39,Choléra,113,9,57.36,26.05,élevé,35.8,86.7,653.9,True,0.66,0.67,0.19,36.8,8.1
6,Centre Hospitalier Régional de Kaffrine,Kaffrine,Kaffrine,364,357,2024-01-01,86,19,361,15,3,343,31,3.75,Dengue,13,4,89.81,20.86,faible,37.8,71.4,4896.7,False,0.92,0.32,0.14,62.7,30.3
6,Centre Hospitalier Régional de Kaffrine,Kaffrine,Kaffrine,364,357,2024-01-02,20,60,351,10,13,350,53,3.24,Covid-19,55,5,91.18,23.88,modéré,33.7,61.1,3133.7,False,0.55,0.7,0.04,141.7,11.3
6,Centre Hospitalier Régional de Kaffrine,Kaffrine,Kaffrine,364,357,2024-01-03,80,54,363,1,1,343,4,1.33,Paludisme,15,10,39.95,18.62,faible,28.9,77.6,1194.3,False,0.83,0.59,0.01,132.9,19.2
6,Centre Hospitalier Régional de Kaffrine,Kaffrine,Kaffrine,364,357,2024-01-04,86,12,259,24,105,327,30,1.8,Paludisme,0,4,70.09,6.7,faible,32.1,56.3,3963.6,False,0.98,0.94,0.04,24.4,30.4
6,Centre Hospitalier Régional de Kaffrine,Kaffrine,Kaffrine,364,357,2024-01-05,74,19,179,5,185,343,31,3.82,Paludisme,115,9,40.1,5.72,élevé,25.9,76.2,4688.1,True,0.48,0.33,0.2,84.1,22.8
6,Centre Hospitalier Régional de Kaffrine,Kaffrine,Kaffrine,364,357,2024-01-06,45,27,339,19,25,323,41,0.81,Covid-19,100,4,72.6,5.89,élevé,35.9,69.9,4545.6,True,0.74,0.95,0.17,87.5,28.5
6,Centre Hospitalier Régional de Kaffrine,Kaffrine,Kaffrine,364,357,2024-01-07,39,61,299,17,65,338,32,1.58,Grippe,105,2,63.04,7.58,élevé,31.6,87.8,1962.4,True,0.98,0.52,0.18,113.8,57.9
6,Centre Hospitalier Régional de Kaffrine,Kaffrine,Kaffrine,364,357,2024-01-08,78,58,223,13,141,337,60,0.51,Dengue,19,7,63.34,23.38,faible,35.1,58.5,1410.7,False,0.22,0.68,0.2,75.7,43.2
6,Centre Hospitalier Régional de Kaffrine,Kaffrine,Kaffrine,364,357,2024-01-09,34,31,161,19,203,350,35,0.23,Dengue,98,9,61.61,6.25,élevé,34.5,83.2,3611.4,True,0.97,0.61,0.19,107.8,51.9
6,Centre Hospitalier Régional de Kaffrine,Kaffrine,Kaffrine,364,357,2024-01-10,48,30,119,17,245,335,42,1.74,Choléra,101,10,35.57,21.42,élevé,22.5,55.5,3387.0,True,0.29,0.31,0.01,134.5,39.6
6,Centre Hospitalier Régional de Kaffrine,Kaffrine,Kaffrine,364,357,2024-01-11,68,83,201,22,163,336,12,0.32,Dengue,99,1,90.24,14.26,élevé,31.0,61.1,1929.0,True,0.32,0.37,0.15,118.0,26.4
6,Centre Hospitalier Régional de Kaffrine,Kaffrine,Kaffrine,364,357,2024-01-12,98,64,223,19,141,354,14,3.31,Dengue,120,2,74.61,15.31,élevé,28.5,78.5,2307.6,True,0.33,0.3,0.03,28.5,37.9
6,Centre Hospitalier Régional de Kaffrine,Kaffrine,Kaffrine,364,357,2024-01-13,100,60,252,21,112,322,41,2.01,Grippe,20,8,74.75,24.57,faible,26.6,87.7,4015.2,False,0.25,0.37,0.1,137.9,7.8
6,Centre Hospitalier Régional de Kaffrine,Kaffrine,Kaffrine,364,357,2024-01-14,39,9,153,16,211,339,51,1.42,Grippe,91,2,69.33,26.86,élevé,33.0,84.9,507.3,True,0.44,0.82,0.08,139.7,21.6
6,Centre Hospitalier Régional de Kaffrine,Kaffrine,Kaffrine,364,357,2024-01-15,46,83,92,25,272,312,47,3.75,Covid-19,2,7,83.41,28.74,faible,35.0,68.2,2243.1,False,0.68,0.88,0.07,30.5,51.2
6,Centre Hospitalier Régional de Kaffrine,Kaffrine,Kaffrine,364,357,2024-01-16,13,8,152,16,212,320,39,1.35,Paludisme,86,9,89.15,8.63,élevé,33.2,70.4,647.7,True,0.69,0.59,0.14,94.6,9.9
6,Centre Hospitalier Régional de Kaffrine,Kaffrine,Kaffrine,364,357,2024-01-17,47,7,311,18,53,334,21,1.14,Paludisme,98,0,59.5,13.39,élevé,25.4,88.7,1035.2,True,0.43,0.49,0.11,26.8,25.6
6,Centre Hospitalier Régional de Kaffrine,Kaffrine,Kaffrine,364,357,2024-01-18,27,43,342,7,22,342,50,0.5,Paludisme,96,8,85.21,20.36,élevé,27.9,83.0,619.4,True,0.31,0.82,0.09,169.6,12.4
6,Centre Hospitalier Régional de Kaffrine,Kaffrine,Kaffrine,364,357,2024-01-19,43,68,127,21,237,339,23,0.93,Dengue,14,3,62.08,20.14,faible,31.1,74.5,101.0,False,0.53,0.66,0.11,152.2,19.2
6,Centre Hospitalier Régional de Kaffrine,Kaffrine,Kaffrine,364,357,2024-01-20,60,71,285,22,79,339,13,3.28,Choléra,27,6,73.93,12.61,faible,38.9,79.2,4220.3,False,0.67,0.84,0.07,121.5,14.6
7,Centre Hospitalier Régional de Louga,Louga,Louga,522,369,2024-06-03,50,76,82,24,440,363,0,1.04,Grippe,70,7,80.99,19.0,modéré,34.3,52.6,1708.9,False,0.81,0.78,0.0,48.8,57.7
7,Centre Hospitalier Régional de Louga,Louga,Louga,522,369,2024-06-04,84,15,451,2,71,363,15,0.67,Covid-19,21,9,69.35,15.38,faible,22.1,79.5,655.5,False,0.74,0.67,0.06,115.8,47.8
7,Centre Hospitalier Régional de Louga,Louga,Louga,522,369,2024-06-05,13,20,225,18,297,331,25,2.21,Dengue,50,0,68.45,29.39,modéré,25.6,52.6,3503.4,False,0.85,0.63,0.17,57.8,29.5
7,Centre Hospitalier Régional de Louga,Louga,Louga,522,369,2024-06-06,12,40,92,0,430,352,23,1.79,Dengue,78,5,89.38,14.25,modéré,34.2,46.5,4595.4,False,0.22,0.72,0.05,64.0,53.1
7,Centre Hospitalier Régional de Louga,Louga,Louga,522,369,2024-06-07,80,62,312,23,210,332,48,0.27,Covid-19,32,4,30.32,5.94,modéré,36.5,53.6,2050.2,False,0.27,0.92,0.06,96.6,50.3
7,Centre Hospitalier Régional de Louga,Louga,Louga,522,369,2024-06-08,45,53,471,1,51,366,48,3.93,Covid-19,43,0,48.54,10.76,modéré,36.3,50.3,2762.8,False,0.22,0.69,0.18,143.6,21.5
7,Centre Hospitalier Régional de Louga,Louga,Louga,522,369,2024-06-09,19,5,250,6,272,323,40,2.98,Paludisme,93,2,56.49,1.46,élevé,24.7,76.4,4552.4,True,0.25,0.98,0.13,166.0,42.7
7,Centre Hospitalier Régional de Louga,Louga,Louga,522,369,2024-06-10,91,53,101,11,421,364,24,2.69,Grippe,116,6,93.22,23.9,élevé,28.7,69.0,2985.7,True,0.82,0.77,0.09,55.8,29.2
7,Centre Hospitalier Régional de Louga,Louga,Louga,522,369,2024-06-11,74,24,298,16,224,334,37,3.35,Grippe,38,3,87.25,1.47,modéré,36.0,77.7,3142.3,False,0.48,0.53,0.14,22.3,37.3
7,Centre Hospitalier Régional de Louga,Louga,Louga,522,369,2024-06-12,82,21,382,24,140,327,44,0.12,Covid-19,57,9,70.38,7.65,modéré,34.0,41.4,3690.9,False,0.46,0.57,0.06,97.3,37.2
7,Centre Hospitalier Régional de Louga,Louga,Louga,522,369,2024-06-13,25,55,101,3,421,364,43,0.3,Grippe,51,0,51.02,24.73,modéré,22.9,84.3,2877.8,False,0.37,0.81,0.12,7.6,35.1
7,Centre Hospitalier Régional de Louga,Louga,Louga,522,369,2024-06-14,17,60,128,5,394,356,17,2.8,Dengue,52,10,68.73,6.18,modéré,27.7,51.1,559.5,False,0.23,0.99,0.06,152.2,37.8
7,Centre Hospitalier Régional de Louga,Louga,Louga,522,369,2024-06-15,92,57,341,22,181,354,41,3.8,Choléra,9,7,62.22,1.06,faible,38.6,71.0,4539.6,False,0.86,0.97,0.17,104.9,42.3
7,Centre Hospitalier Régional de Louga,Louga,Louga,522,369,2024-06-16,47,81,319,4,203,367,54,2.31,Grippe,17,2,42.42,10.38,faible,24.1,79.8,192.9,False,0.99,0.33,0.18,137.5,25.9
7,Centre Hospitalier Régional de Louga,Louga,Louga,522,369,2024-06-17,22,43,439,1,83,342,52,2.79,Covid-19,16,6,66.12,26.39,faible,36.7,56.6,3546.3,False,0.92,0.92,0.06,128.4,42.5
7,Centre Hospitalier Régional de Louga,Louga,Louga,522,369,2024-06-18,84,40,476,23,46,344,56,0.49,Choléra,58,5,84.27,1.19,modéré,24.6,61.3,2942.3,False,0.83,0.51,0.05,137.3,15.5
7,Centre Hospitalier Régional de Louga,Louga,Louga,522,369,2024-06-19,92,47,368,11,154,340,28,2.64,Grippe,70,7,74.87,22.96,modéré,37.8,87.3,3943.6,False,0.83,0.53,0.14,66.2,25.9
7,Centre Hospitalier Régional de Louga,Louga,Louga,522,369,2024-06-20,57,29,364,11,158,337,21,0.17,Choléra,6,6,76.79,15.29,faible,34.3,46.8,2120.0,False,0.83,0.96,0.13,120.5,54.9
7,Centre Hospitalier Régional de Louga,Louga,Louga,522,369,2024-06-21,52,53,158,9,364,323,47,2.51,Paludisme,56,5,86.58,16.99,modéré,28.0,53.1,1246.3,False,0.82,0.89,0.05,176.3,15.7
7,Centre Hospitalier Régional de Louga,Louga,Louga,522,369,2024-06-22,83,7,243,5,279,327,6,2.89,Grippe,80,7,34.14,15.51,élevé,24.5,68.8,493.1,False,0.25,0.42,0.01,11.7,58.2
7,Centre Hospitalier Régional de Louga,Louga,Louga,522,369,2024-06-23,13,64,158,16,364,354,4,0.28,Paludisme,33,9,62.46,2.49,modéré,25.0,60.9,908.6,False,1.0,0.34,0.17,157.8,35.3
7,Centre Hospitalier Régional de Louga,Louga,Louga,522,369,2024-06-24,61,83,250,10,272,349,19,3.44,Grippe,66,5,83.07,23.9,modéré,33.6,53.0,3542.7,False,0.58,0.98,0.04,17.0,25.7
7,Centre Hospitalier Régional de Louga,Louga,Louga,522,369,2024-06-25,64,40,464,15,58,338,39,1.65,Dengue,113,10,52.9,14.5,élevé,25.5,87.8,1372.7,True,0.79,0.43,0.01,96.8,47.2
7,Centre Hospitalier Régional de Louga,Louga,Louga,522,369,2024-06-26,40,65,294,14,228,324,45,1.45,Covid-19,95,7,39.3,29.73,élevé,22.5,84.1,4911.6,True,0.41,0.78,0.16,74.0,6.2
7,Centre Hospitalier Régional de Louga,Louga,Louga,522,369,2024-06-27,44,31,520,1,2,353,39,1.45,Paludisme,20,3,61.88,11.5,faible,27.0,76.2,3432.5,False,0.73,0.51,0.05,75.3,42.2
7,Centre Hospitalier Régional de Louga,Louga,Louga,522,369,2024-06-28,76,33,488,17,34,351,29,2.8,Dengue,14,4,46.46,8.09,faible,37.9,41.6,528.9,False,0.68,0.87,0.13,87.6,23.4
7,Centre Hospitalier Régional de Louga,Louga,Louga,522,369,2024-06-29,58,6,376,22,146,332,53,3.2,Choléra,84,3,64.49,11.15,élevé,29.6,58.1,3000.3,True,0.79,0.4,0.17,85.4,34.0
7,Centre Hospitalier Régional de Louga,Louga,Louga,522,369,2024-06-30,31,21,194,15,328,349,39,2.26,Grippe,27,0,80.69,22.33,faible,28.3,84.8,3117.2,False,0.74,0.63,0.2,150.5,48.7
7,Centre Hospitalier Régional de Louga,Louga,Louga,522,369,2024-07-01,79,71,320,8,202,344,19,2.02,Covid-19,71,6,91.12,12.15,modéré,27.6,50.7,3418.6,False,0.98,0.53,0.03,78.2,46.6
7,Centre Hospitalier Régional de Louga,Louga,Louga,522,369,2024-07-02,44,21,212,19,310,326,17,3.85,Covid-19,36,10,32.32,26.47,modéré,31.7,88.1,3194.5,False,0.81,0.64,0.05,119.9,20.3
7,Centre Hospitalier Régional de Louga,Louga,Louga,522,369,2024-07-03,97,40,196,7,326,328,17,3.65,Choléra,30,4,91.92,18.16,modéré,29.4,78.8,3462.8,False,0.99,0.35,0.15,176.3,14.9
7,Centre Hospitalier Régional de Louga,Louga,Louga,522,369,2024-07-04,74,73,446,6,76,369,37,0.78,Choléra,56,7,57.85,3.09,modéré,30.4,48.5,4757.3,False,0.75,0.65,0.18,126.7,47.1
7,Centre Hospitalier Régional de Louga,Louga,Louga,522,369,2024-07-05,96,49,224,23,298,327,33,0.21,Paludisme,31,0,44.52,17.41,modéré,26.6,70.4,2302.8,False,0.37,0.47,0.18,34.1,18.2
7,Centre Hospitalier Régional de Louga,Louga,Louga,522,369,2024-07-06,93,64,479,4,43,328,14,2.01,Dengue,50,0,89.11,13.73,modéré,32.7,68.5,4114.6,False,0.72,0.86,0.1,110.9,27.9
7,Centre Hospitalier Régional de Louga,Louga,Louga,522,369,2024-07-07,65,60,318,5,204,334,49,1.53,Grippe,106,10,30.58,27.92,élevé,24.2,61.5,3702.2,True,0.21,0.32,0.15,127.1,52.6
7,Centre Hospitalier Régional de Louga,Louga,Louga,522,369,2024-07-08,76,58,512,4,10,333,40,2.77,Paludisme,50,9,85.26,25.68,modéré,36.8,49.4,4706.3,False,0.64,0.45,0.19,173.3,15.8
7,Centre Hospitalier Régional de Louga,Louga,Louga,522,369,2024-07-09,61,76,278,3,244,346,2,0.68,Paludisme,106,7,48.52,2.99,élevé,35.1,89.8,2100.5,True,0.73,0.54,0.06,148.1,57.8
7,Centre Hospitalier Régional de Louga,Louga,Louga,522,369,2024-07-10,73,56,76,15,446,352,26,0.11,Dengue,42,4,35.58,1.65,modéré,31.7,41.3,804.2,False,0.3,0.42,0.1,60.0,6.3
7,Centre Hospitalier Régional de Louga,Louga,Louga,522,369,2024-07-11,42,21,246,8,276,355,51,3.62,Dengue,98,2,93.23,28.43,élevé,26.1,78.1,4044.9,True,0.21,0.62,0.19,46.3,16.5
7,Centre Hospitalier Régional de Louga,Louga,Louga,522,369,2024-07-12,37,14,412,11,110,361,14,1.37,Dengue,69,6,62.27,28.1,modéré,36.0,89.0,470.5,False,0.52,0.71,0.05,76.0,52.2
7,Centre Hospitalier Régional de Louga,Louga,Louga,522,369,2024-07-13,37,67,215,23,307,332,25,0.15,Covid-19,72,8,30.1,12.79,modéré,32.1,55.3,4567.5,False,0.29,0.56,0.08,27.2,59.1
7,Centre Hospitalier Régional de Louga,Louga,Louga,522,369,2024-07-14,29,13,229,9,293,319,12,3.8,Covid-19,36,2,34.42,14.9,modéré,36.9,63.7,4140.5,False,0.25,0.83,0.05,99.1,43.5
7,Centre Hospitalier Régional de Louga,Louga,Louga,522,369,2024-07-15,27,70,165,25,357,326,21,0.75,Choléra,9,9,72.31,17.9,faible,31.5,48.2,3320.0,False,0.37,0.42,0.14,143.3,56.2
7,Centre Hospitalier Régional de Louga,Louga,Louga,522,369,2024-07-16,97,84,198,9,324,320,39,0.99,Dengue,41,7,89.86,16.2,modéré,37.9,87.1,2889.6,False,0.69,0.93,0.2,13.5,10.2
7,Centre Hospitalier Régional de Louga,Louga,Louga,522,369,2024-07-17,58,80,493,15,29,339,30,0.66,Covid-19,8,7,55.02,11.33,faible,22.3,60.6,3932.7,False,0.47,0.45,0.1,149.9,45.9
7,Centre Hospitalier Régional de Louga,Louga,Louga,522,369,2024-07-18,63,60,329,12,193,362,19,3.09,Paludisme,18,6,32.08,7.19,faible,35.9,79.3,2877.3,False,0.59,0.8,0.19,112.8,46.9
7,Centre Hospitalier Régional de Louga,Louga,Louga,522,369,2024-07-19,93,30,366,16,156,344,47,3.19,Paludisme,52,8,34.45,16.25,modéré,31.8,58.6,1273.0,False,0.73,0.55,0.19,93.8,54.0
7,Centre Hospitalier Régional de Louga,Louga,Louga,522,369,2024-07-20,46,9,73,13,449,361,57,1.42,Covid-19,116,0,63.5,22.85,élevé,38.4,64.3,646.2,True,0.8,0.75,0.19,81.2,15.8
7,Centre Hospitalier Régional de Louga,Louga,Louga,522,369,2024-07-21,26,32,264,11,258,332,55,2.32,Choléra,112,6,54.19,19.95,élevé,22.8,44.6,783.4,True,0.39,0.5,0.13,171.5,57.6
7,Centre Hospitalier Régional de Louga,Louga,Louga,522,369,2024-07-22,27,26,178,1,344,334,27,1.99,Grippe,61,8,49.14,11.59,modéré,25.3,72.2,1195.5,False,0.39,0.62,0.02,84.4,17.1
7,Centre Hospitalier Régional de Louga,Louga,Louga,522,369,2024-10-31,15,68,235,19,287,346,40,2.97,Grippe,61,5,46.15,14.34,modéré,35.3,52.9,565.8,False,0.8,0.32,0.07,126.0,49.4
7,Centre Hospitalier Régional de Louga,Louga,Louga,522,369,2024-11-01,58,58,105,4,417,323,55,2.25,Choléra,110,4,77.17,9.21,élevé,23.4,52.0,806.8,True,0.85,0.86,0.04,88.4,60.0
7,Centre Hospitalier Régional de Louga,Louga,Louga,522,369,2024-11-02,83,42,67,16,455,334,29,0.97,Grippe,83,10,44.98,11.33,élevé,27.1,64.5,2489.7,True,0.39,0.35,0.17,32.9,55.4
7,Centre Hospitalier Régional de Louga,Louga,Louga,522,369,2024-11-03,82,48,503,5,19,339,7,1.51,Choléra,94,4,87.17,14.05,élevé,33.2,45.9,404.4,True,0.84,0.95,0.11,65.7,43.1
7,Centre Hospitalier Régional de Louga,Louga,Louga,522,369,2024-11-04,70,51,289,11,233,366,35,3.47,Choléra,93,5,31.71,3.91,élevé,27.7,85.6,4500.1,True,0.94,0.71,0.12,30.8,55.3
7,Centre Hospitalier Régional de Louga,Louga,Louga,522,369,2024-11-05,91,17,202,21,320,343,23,3.07,Choléra,108,1,44.46,3.29,élevé,31.4,84.7,1620.4,True,0.98,0.67,0.09,20.7,38.5
7,Centre Hospitalier Régional de Louga,Louga,Louga,522,369,2024-11-06,83,73,45,5,477,362,8,2.03,Paludisme,52,10,89.98,29.46,modéré,27.5,76.8,4318.1,False,0.4,0.41,0.13,62.4,32.0
7,Centre Hospitalier Régional de Louga,Louga,Louga,522,369,2024-11-07,25,32,445,6,77,366,5,2.22,Grippe,110,0,72.94,22.9,élevé,32.8,57.6,128.2,True,0.87,0.86,0.13,92.3,29.1
7,Centre Hospitalier Régional de Louga,Louga,Louga,522,369,2024-11-08,14,21,310,11,212,360,8,2.53,Covid-19,23,6,80.69,10.54,faible,35.4,64.3,2134.5,False,0.6,0.54,0.17,84.2,10.5
7,Centre Hospitalier Régional de Louga,Louga,Louga,522,369,2024-11-09,75,39,49,13,473,351,28,1.21,Choléra,67,1,50.05,21.07,modéré,28.3,88.7,1304.4,False,0.76,0.93,0.18,9.1,46.6
7,Centre Hospitalier Régional de Louga,Louga,Louga,522,369,2024-11-10,12,42,270,8,252,331,26,1.43,Dengue,78,0,74.62,21.99,modéré,38.9,77.4,4164.4,False,0.49,0.8,0.09,30.9,41.9
7,Centre Hospitalier Régional de Louga,Louga,Louga,522,369,2024-11-11,99,31,360,2,162,361,17,2.96,Choléra,87,1,61.87,10.37,élevé,29.7,88.0,1630.5,True,0.53,0.91,0.03,117.3,19.1
7,Centre Hospitalier Régional de Louga,Louga,Louga,522,369,2024-11-12,70,14,340,25,182,344,18,3.1,Choléra,66,10,90.57,13.44,modéré,26.1,62.2,3959.7,False,0.22,0.92,0.02,173.9,32.7
7,Centre Hospitalier Régional de Louga,Louga,Louga,522,369,2024-11-13,30,61,25,6,497,352,43,0.88,Paludisme,120,8,76.93,24.9,élevé,23.3,56.7,2884.8,True,0.88,0.79,0.02,110.0,45.9
7,Centre Hospitalier Régional de Louga,Louga,Louga,522,369,2024-11-14,23,56,348,21,174,330,1,0.68,Paludisme,45,6,88.36,12.78,modéré,25.5,76.2,1494.6,False,0.78,0.55,0.07,8.6,6.9
7,Centre Hospitalier Régional de Louga,Louga,Louga,522,369,2024-11-15,87,10,28,0,494,347,41,0.64,Covid-19,94,2,65.08,12.66,élevé,33.9,81.9,383.2,True,0.95,0.56,0.15,148.9,29.1
7,Centre Hospitalier Régional de Louga,Louga,Louga,522,369,2024-11-16,29,77,285,4,237,324,54,1.55,Choléra,62,8,76.69,24.91,modéré,33.4,43.3,2534.9,False,0.27,0.98,0.16,155.4,41.9
7,Centre Hospitalier Régional de Louga,Louga,Louga,522,369,2024-11-17,78,71,485,1,37,368,11,2.88,Grippe,91,0,78.1,26.14,élevé,26.1,79.7,4948.1,True,0.72,0.37,0.03,17.2,30.3
7,Centre Hospitalier Régional de Louga,Louga,Louga,522,369,2024-11-18,52,82,201,18,321,343,40,0.95,Choléra,32,5,93.67,6.24,modéré,37.5,46.7,4034.9,False,0.99,0.39,0.09,85.5,16.4
7,Centre Hospitalier Régional de Louga,Louga,Louga,522,369,2024-11-19,57,46,292,22,230,353,18,3.56,Choléra,116,1,51.69,28.22,élevé,32.8,78.6,4584.2,True,0.5,0.63,0.09,84.0,10.7
7,Centre Hospitalier Régional de Louga,Louga,Louga,522,369,2024-11-20,15,11,476,15,46,326,44,2.72,Covid-19,31,9,66.94,21.16,modéré,32.8,80.4,225.0,False,0.46,0.4,0.07,61.9,20.2
7,Centre Hospitalier Régional de Louga,Louga,Louga,522,369,2024-11-21,86,67,30,6,492,365,29,2.53,Choléra,50,10,33.61,23.11,modéré,33.0,71.8,1705.8,False,0.59,0.91,0.03,33.5,7.1
7,Centre Hospitalier Régional de Louga,Louga,Louga,522,369,2024-11-22,83,52,327,17,195,335,37,1.89,Grippe,105,9,60.89,13.4,élevé,31.8,54.8,3247.4,True,0.73,0.62,0.12,69.9,52.2
7,Centre Hospitalier Régional de Louga,Louga,Louga,522,369,2024-11-23,59,6,450,19,72,338,20,3.3,Covid-19,90,6,54.01,1.55,élevé,26.2,71.2,4429.8,True,0.52,0.99,0.16,136.6,45.4
7,Centre Hospitalier Régional de Louga,Louga,Louga,522,369,2024-11-24,80,57,134,16,388,355,7,3.44,Grippe,83,8,39.64,16.89,élevé,36.2,44.4,900.2,True,0.85,0.6,0.03,76.3,44.2
7,Centre Hospitalier Régional de Louga,Louga,Louga,522,369,2024-11-25,94,90,204,17,318,330,19,1.68,Choléra,71,6,45.03,29.15,modéré,28.5,74.6,4356.3,False,0.71,0.92,0.03,74.7,12.4
7,Centre Hospitalier Régional de Louga,Louga,Louga,522,369,2024-11-26,41,29,35,14,487,344,7,0.12,Grippe,16,9,57.31,15.46,faible,38.5,59.7,4515.8,False,0.45,0.4,0.18,137.3,19.9
7,Centre Hospitalier Régional de Louga,Louga,Louga,522,369,2024-11-27,65,10,492,19,30,360,13,3.62,Covid-19,15,4,88.99,9.38,faible,32.3,85.5,4454.4,False,0.8,0.9,0.04,98.9,54.4
7,Centre Hospitalier Régional de Louga,Louga,Louga,522,369,2024-11-28,41,48,406,25,116,369,16,2.1,Paludisme,71,0,41.5,7.08,modéré,27.7,65.2,698.0,False,0.68,0.98,0.14,146.2,38.4
7,Centre Hospitalier Régional de Louga,Louga,Louga,522,369,2024-11-29,58,41,137,15,385,332,20,3.62,Grippe,44,9,56.51,15.8,modéré,24.6,84.0,3420.8,False,0.73,0.55,0.07,177.1,19.9
7,Centre Hospitalier Régional de Louga,Louga,Louga,522,369,2024-11-30,29,16,54,13,468,339,11,0.96,Paludisme,77,0,38.29,5.09,modéré,22.2,81.9,475.7,False,0.73,0.32,0.08,117.6,31.2
7,Centre Hospitalier Régional de Louga,Louga,Louga,522,369,2024-12-01,25,43,128,4,394,329,7,2.39,Dengue,56,6,48.81,16.89,modéré,26.2,45.3,4966.3,False,0.99,0.58,0.11,108.5,37.8
7,Centre Hospitalier Régional de Louga,Louga,Louga,522,369,2024-12-02,61,29,363,14,159,336,48,2.22,Covid-19,119,4,62.57,21.46,élevé,36.1,85.6,759.6,True,0.98,0.49,0.01,65.4,33.6
7,Centre Hospitalier Régional de Louga,Louga,Louga,522,369,2024-12-03,90,80,382,7,140,323,1,3.27,Choléra,93,9,75.7,1.19,élevé,24.4,59.6,3946.5,True,0.84,0.75,0.08,172.2,54.0
7,Centre Hospitalier Régional de Louga,Louga,Louga,522,369,2024-12-04,26,69,472,16,50,325,49,2.53,Choléra,69,2,34.18,23.12,modéré,34.0,63.5,3765.3,False,0.86,0.44,0.05,37.0,9.1
7,Centre Hospitalier Régional de Louga,Louga,Louga,522,369,2024-12-05,80,46,440,6,82,322,9,3.05,Covid-19,22,7,88.09,23.74,faible,34.5,43.6,3952.4,False,0.85,0.99,0.19,153.6,29.3
7,Centre Hospitalier Régional de Louga,Louga,Louga,522,369,2024-12-06,55,67,279,24,243,322,41,0.57,Paludisme,105,7,49.78,28.34,élevé,31.4,60.3,2782.4,True,0.56,0.89,0.04,115.7,56.7
7,Centre Hospitalier Régional de Louga,Louga,Louga,522,369,2024-12-07,35,70,349,19,173,336,14,2.11,Dengue,3,9,67.06,25.37,faible,33.6,87.2,370.4,False,0.67,0.65,0.04,29.1,52.8
7,Centre Hospitalier Régional de Louga,Louga,Louga,522,369,2024-12-08,92,82,219,4,303,344,35,2.95,Grippe,78,6,42.41,20.03,modéré,25.4,41.9,1532.4,False,0.94,0.62,0.06,118.3,6.4
7,Centre Hospitalier Régional de Louga,Louga,Louga,522,369,2024-12-09,77,14,60,11,462,355,55,3.24,Choléra,79,3,32.59,1.18,modéré,31.5,48.3,3766.4,False,0.9,0.47,0.18,24.5,58.5
7,Centre Hospitalier Régional de Louga,Louga,Louga,522,369,2024-12-10,16,24,74,20,448,320,54,0.44,Covid-19,108,9,62.04,29.14,élevé,26.3,49.5,4670.8,True,0.35,0.95,0.18,48.9,7.6
7,Centre Hospitalier Régional de Louga,Louga,Louga,522,369,2024-12-11,85,33,157,10,365,363,17,2.52,Covid-19,42,10,72.77,3.41,modéré,35.5,65.3,2826.2,False,0.61,0.97,0.04,126.2,8.2
7,Centre Hospitalier Régional de Louga,Louga,Louga,522,369,2024-12-12,64,57,28,13,494,364,41,3.19,Paludisme,0,1,46.19,4.93,faible,26.4,89.0,3818.2,False,0.57,0.4,0.0,96.5,49.5
7,Centre Hospitalier Régional de Louga,Louga,Louga,522,369,2024-12-13,56,58,20,16,502,328,8,0.13,Grippe,10,9,94.53,14.44,faible,38.5,69.1,1925.0,False,0.46,0.98,0.03,114.7,53.8
7,Centre Hospitalier Régional de Louga,Louga,Louga,522,369,2024-12-14,82,60,464,14,58,331,57,1.2,Choléra,23,9,43.23,9.35,faible,33.4,72.2,3341.6,False,0.35,0.97,0.13,162.3,17.0
7,Centre Hospitalier Régional de Louga,Louga,Louga,522,369,2024-12-15,81,68,197,22,325,367,4,3.95,Paludisme,0,4,89.2,19.72,faible,34.6,80.9,4795.5,False,0.28,0.74,0.04,103.7,39.7
7,Centre Hospitalier Régional de Louga,Louga,Louga,522,369,2024-12-16,88,83,295,18,227,354,17,1.5,Grippe,117,4,80.66,20.55,élevé,36.3,50.7,3595.6,True,0.23,0.78,0.12,7.5,41.8
7,Centre Hospitalier Régional de Louga,Louga,Louga,522,369,2024-12-17,12,38,314,5,208,333,44,1.28,Grippe,34,2,45.81,18.68,modéré,31.4,55.1,3874.3,False,0.85,0.55,0.06,81.4,3.8
7,Centre Hospitalier Régional de Louga,Louga,Louga,522,369,2024-12-18,31,16,497,25,25,362,38,0.28,Grippe,51,2,67.22,8.85,modéré,30.4,85.5,1596.8,False,0.72,0.95,0.08,35.8,41.3
7,Centre Hospitalier Régional de Louga,Louga,Louga,522,369,2024-12-19,33,38,145,6,377,324,38,2.54,Grippe,47,0,35.05,7.54,modéré,32.3,84.2,4077.4,False,0.97,0.91,0.03,156.2,54.3
7,Centre Hospitalier Régional de Louga,Louga,Louga,522,369,2024-09-11,95,26,383,19,139,352,3,3.37,Paludisme,33,7,42.12,10.57,modéré,35.1,60.6,3674.1,False,0.29,0.98,0.11,82.9,30.6
7,Centre Hospitalier Régional de Louga,Louga,Louga,522,369,2024-09-12,97,77,303,4,219,352,11,1.15,Covid-19,50,4,78.28,1.83,modéré,29.8,72.5,3769.6,False,0.77,0.64,0.1,35.1,19.8
7,Centre Hospitalier Régional de Louga,Louga,Louga,522,369,2024-09-13,64,11,67,6,455,319,34,2.11,Choléra,33,10,54.26,29.69,modéré,29.6,53.6,1674.8,False,0.72,0.65,0.09,69.1,10.9
7,Centre Hospitalier Régional de Louga,Louga,Louga,522,369,2024-09-14,27,77,479,1,43,325,49,3.29,Paludisme,38,4,68.72,11.29,modéré,32.9,70.3,2840.0,False,0.22,0.86,0.12,43.7,28.7
7,Centre Hospitalier Régional de Louga,Louga,Louga,522,369,2024-09-15,17,28,391,1,131,365,10,1.05,Paludisme,64,3,75.84,6.02,modéré,36.0,59.8,4936.8,False,0.7,0.85,0.2,142.8,21.6
7,Centre Hospitalier Régional de Louga,Louga,Louga,522,369,2024-09-16,55,31,86,21,436,355,37,1.68,Choléra,77,1,36.61,3.09,modéré,32.7,44.0,1037.7,False,0.81,0.79,0.06,158.8,29.4
7,Centre Hospitalier Régional de Louga,Louga,Louga,522,369,2024-09-17,58,88,370,19,152,358,31,1.82,Paludisme,98,2,50.48,18.5,élevé,32.5,78.0,4904.7,True,0.58,0.73,0.11,136.9,53.0
7,Centre Hospitalier Régional de Louga,Louga,Louga,522,369,2024-09-18,63,28,426,0,96,353,54,1.03,Choléra,111,10,57.77,1.14,élevé,29.1,61.2,1042.6,True,0.87,0.92,0.12,101.3,29.4
7,Centre Hospitalier Régional de Louga,Louga,Louga,522,369,2024-09-19,91,86,151,2,371,360,3,3.6,Dengue,64,0,65.21,5.92,modéré,34.0,61.3,2325.4,False,0.46,0.38,0.15,107.8,8.3
7,Centre Hospitalier Régional de Louga,Louga,Louga,522,369,2024-09-20,18,17,475,18,47,337,46,0.28,Covid-19,118,5,72.43,24.56,élevé,36.6,73.8,1163.6,True,0.43,0.37,0.07,94.4,55.0
7,Centre Hospitalier Régional de Louga,Louga,Louga,522,369,2024-09-21,45,42,136,11,386,350,40,1.34,Choléra,48,0,91.04,18.93,modéré,32.4,43.9,560.8,False,0.56,0.88,0.2,125.1,44.5
7,Centre Hospitalier Régional de Louga,Louga,Louga,522,369,2024-09-22,35,59,468,23,54,347,4,3.0,Paludisme,13,1,86.02,3.02,faible,26.6,42.1,656.2,False,0.96,0.54,0.07,178.7,39.3
7,Centre Hospitalier Régional de Louga,Louga,Louga,522,369,2024-09-23,65,80,95,7,427,329,28,0.97,Dengue,119,6,89.35,9.93,élevé,22.6,74.4,3426.8,True,0.93,0.58,0.04,135.9,48.2
7,Centre Hospitalier Régional de Louga,Louga,Louga,522,369,2024-09-24,86,5,458,17,64,338,14,1.48,Dengue,43,9,92.93,6.88,modéré,35.7,72.3,1697.0,False,0.71,0.92,0.09,12.7,16.8
7,Centre Hospitalier Régional de Louga,Louga,Louga,522,369,2024-09-25,59,44,118,8,404,340,37,0.63,Choléra,59,7,80.52,16.49,modéré,26.7,78.4,3524.7,False,0.55,0.35,0.02,118.4,32.7
7,Centre Hospitalier Régional de Louga,Louga,Louga,522,369,2024-09-26,88,7,311,0,211,354,46,2.28,Choléra,75,0,90.75,26.75,modéré,22.3,67.4,2698.3,False,0.28,0.49,0.1,121.2,51.3
7,Centre Hospitalier Régional de Louga,Louga,Louga,522,369,2024-09-27,95,52,36,25,486,352,52,0.77,Grippe,56,2,91.56,26.93,modéré,37.3,42.6,4261.5,False,0.24,0.71,0.08,144.3,19.9
7,Centre Hospitalier Régional de Louga,Louga,Louga,522,369,2024-09-28,81,72,511,13,11,323,42,1.37,Dengue,51,3,94.06,13.93,modéré,23.3,79.9,2584.4,False,0.3,0.36,0.04,80.8,39.3
7,Centre Hospitalier Régional de Louga,Louga,Louga,522,369,2024-09-29,45,48,514,9,8,351,6,1.83,Choléra,74,6,91.98,16.6,modéré,29.3,81.8,4353.5,False,0.7,0.65,0.01,68.4,43.1
7,Centre Hospitalier Régional de Louga,Louga,Louga,522,369,2024-09-30,20,37,228,13,294,323,58,3.27,Grippe,27,6,52.14,17.86,faible,36.0,61.6,1295.9,False,0.45,0.32,0.14,61.7,8.0
7,Centre Hospitalier Régional de Louga,Louga,Louga,522,369,2024-10-01,42,71,181,22,341,356,25,1.68,Choléra,88,1,94.72,11.5,élevé,24.9,78.9,3412.1,True,0.81,0.49,0.12,142.3,33.0
7,Centre Hospitalier Régional de Louga,Louga,Louga,522,369,2024-10-02,95,52,233,3,289,336,4,2.38,Grippe,110,6,52.9,6.71,élevé,25.2,45.6,1183.8,True,0.22,0.85,0.09,28.6,46.6
7,Centre Hospitalier Régional de Louga,Louga,Louga,522,369,2024-10-03,34,72,141,22,381,328,46,2.52,Paludisme,27,3,56.6,23.48,faible,38.5,87.5,1113.1,False,0.75,0.92,0.07,165.1,53.9
7,Centre Hospitalier Régional de Louga,Louga,Louga,522,369,2024-10-04,16,79,261,24,261,319,59,2.94,Grippe,50,5,61.91,26.9,modéré,36.2,52.7,1647.3,False,0.62,0.49,0.06,141.2,55.5
7,Centre Hospitalier Régional de Louga,Louga,Louga,522,369,2024-10-05,98,71,282,19,240,338,54,2.85,Dengue,65,1,55.62,21.85,modéré,24.6,65.8,3099.6,False,0.91,0.97,0.01,169.4,44.4
7,Centre Hospitalier Régional de Louga,Louga,Louga,522,369,2024-10-06,41,19,275,9,247,342,53,0.8,Covid-19,107,0,81.16,26.41,élevé,33.2,59.5,965.5,True,0.91,0.38,0.2,163.8,20.3
7,Centre Hospitalier Régional de Louga,Louga,Louga,522,369,2024-10-07,84,63,466,12,56,358,10,0.33,Covid-19,2,10,63.36,28.16,faible,25.2,69.9,254.6,False,0.52,0.35,0.1,83.7,55.9
7,Centre Hospitalier Régional de Louga,Louga,Louga,522,369,2024-10-08,77,42,107,19,415,335,30,2.18,Grippe,105,0,94.01,22.04,élevé,29.1,74.4,955.6,True,0.23,0.61,0.03,118.5,24.1
7,Centre Hospitalier Régional de Louga,Louga,Louga,522,369,2024-10-09,65,35,103,21,419,325,1,1.33,Covid-19,63,0,72.31,20.71,modéré,28.7,47.0,2798.4,False,0.81,0.82,0.18,82.5,12.6
7,Centre Hospitalier Régional de Louga,Louga,Louga,522,369,2024-10-10,75,10,389,5,133,349,47,3.13,Choléra,116,7,88.98,17.46,élevé,32.0,44.1,2365.4,True,0.34,0.66,0.08,114.6,9.8
7,Centre Hospitalier Régional de Louga,Louga,Louga,522,369,2024-10-11,47,80,20,6,502,325,4,1.09,Grippe,17,1,71.49,11.24,faible,27.9,40.9,1530.0,False,0.85,0.46,0.01,104.9,35.3
7,Centre Hospitalier Régional de Louga,Louga,Louga,522,369,2024-10-12,48,76,140,14,382,355,17,3.93,Paludisme,82,0,55.19,11.41,élevé,34.2,71.0,1494.6,True,0.9,0.98,0.16,40.5,39.1
7,Centre Hospitalier Régional de Louga,Louga,Louga,522,369,2024-10-13,64,90,184,12,338,345,13,2.31,Paludisme,77,4,70.03,4.93,modéré,32.0,76.5,402.2,False,0.86,0.46,0.15,43.4,48.4
7,Centre Hospitalier Régional de Louga,Louga,Louga,522,369,2024-10-14,18,6,421,12,101,346,48,1.38,Choléra,17,8,46.65,18.83,faible,23.9,56.6,427.9,False,0.68,0.99,0.2,70.6,46.7
7,Centre Hospitalier Régional de Louga,Louga,Louga,522,369,2024-10-15,15,17,452,20,70,331,28,2.23,Choléra,99,6,68.66,25.55,élevé,25.1,71.9,919.3,True,0.76,0.71,0.17,64.7,27.2
7,Centre Hospitalier Régional de Louga,Louga,Louga,522,369,2024-10-16,26,49,455,25,67,362,10,2.59,Grippe,22,4,46.67,11.93,faible,22.8,64.5,1968.4,False,0.41,0.91,0.03,80.0,6.5
7,Centre Hospitalier Régional de Louga,Louga,Louga,522,369,2024-10-17,72,56,487,24,35,324,26,2.4,Grippe,59,5,54.21,10.2,modéré,29.7,50.7,1496.3,False,0.36,0.45,0.18,132.9,6.0
7,Centre Hospitalier Régional de Louga,Louga,Louga,522,369,2024-10-18,58,53,39,14,483,328,12,1.08,Grippe,45,9,40.77,1.41,modéré,30.0,71.7,947.1,False,0.66,0.61,0.2,137.2,40.0
7,Centre Hospitalier Régional de Louga,Louga,Louga,522,369,2024-10-19,96,6,71,15,451,344,28,3.87,Covid-19,87,0,78.0,7.72,élevé,28.4,47.5,1836.1,True,0.59,0.82,0.06,17.6,31.5
7,Centre Hospitalier Régional de Louga,Louga,Louga,522,369,2024-10-20,15,65,124,21,398,329,21,2.73,Paludisme,43,8,70.59,7.7,modéré,23.4,81.2,4760.9,False,0.31,0.31,0.03,164.9,40.9
7,Centre Hospitalier Régional de Louga,Louga,Louga,522,369,2024-10-21,43,22,189,9,333,326,16,0.56,Covid-19,73,2,32.11,14.11,modéré,22.2,53.2,2825.8,False,0.66,0.62,0.14,63.2,3.5
7,Centre Hospitalier Régional de Louga,Louga,Louga,522,369,2024-10-22,14,75,353,23,169,351,47,1.27,Dengue,60,7,78.26,9.14,modéré,32.0,54.6,4044.5,False,0.26,0.96,0.16,126.7,17.3
7,Centre Hospitalier Régional de Louga,Louga,Louga,522,369,2024-10-23,56,56,50,0,472,340,53,1.74,Choléra,107,8,65.92,1.33,élevé,38.8,88.0,493.9,True,0.98,0.34,0.14,52.7,58.8
7,Centre Hospitalier Régional de Louga,Louga,Louga,522,369,2024-10-24,68,16,124,24,398,345,6,1.34,Covid-19,11,6,79.97,27.24,faible,29.8,73.8,818.7,False,0.7,0.69,0.16,42.5,53.2
7,Centre Hospitalier Régional de Louga,Louga,Louga,522,369,2024-10-25,73,56,74,2,448,359,23,1.05,Choléra,38,3,66.43,3.13,modéré,22.9,64.3,3602.4,False,0.43,0.76,0.01,87.0,24.6
7,Centre Hospitalier Régional de Louga,Louga,Louga,522,369,2024-10-26,86,40,178,4,344,369,37,2.18,Dengue,12,6,38.47,3.5,faible,32.1,68.2,3039.7,False,0.74,0.55,0.13,157.1,14.6
7,Centre Hospitalier Régional de Louga,Louga,Louga,522,369,2024-10-27,51,31,520,16,2,341,16,1.37,Dengue,33,6,76.73,6.32,modéré,28.8,41.8,2062.7,False,0.85,1.0,0.07,103.2,58.6
7,Centre Hospitalier Régional de Louga,Louga,Louga,522,369,2024-10-28,54,61,161,14,361,356,36,1.53,Covid-19,117,2,71.93,17.96,élevé,33.5,87.7,2857.2,True,0.87,0.84,0.16,123.8,20.4
7,Centre Hospitalier Régional de Louga,Louga,Louga,522,369,2024-10-29,52,71,276,3,246,350,23,0.15,Grippe,103,4,94.09,9.02,élevé,35.4,85.1,2316.1,True,0.2,0.66,0.06,83.5,33.2
7,Centre Hospitalier Régional de Louga,Louga,Louga,522,369,2024-10-30,27,5,433,11,89,345,9,0.79,Grippe,24,2,35.58,20.36,faible,28.7,53.2,4912.5,False,0.8,0.39,0.04,37.2,46.5
7,Centre Hospitalier Régional de Louga,Louga,Louga,522,369,2024-02-24,22,81,314,1,208,347,13,0.43,Grippe,11,7,35.23,15.57,faible,25.1,43.8,4777.7,False,0.33,0.34,0.16,33.1,26.0
7,Centre Hospitalier Régional de Louga,Louga,Louga,522,369,2024-02-25,14,60,83,17,439,356,29,0.53,Choléra,14,0,45.79,19.14,faible,29.3,89.4,1793.9,False,0.49,0.62,0.19,15.9,14.2
7,Centre Hospitalier Régional de Louga,Louga,Louga,522,369,2024-02-26,55,41,517,0,5,340,46,0.7,Grippe,71,6,89.95,24.01,modéré,23.0,66.0,4083.9,False,0.54,0.69,0.01,41.3,36.2
7,Centre Hospitalier Régional de Louga,Louga,Louga,522,369,2024-02-27,95,31,62,10,460,333,55,0.55,Covid-19,82,6,37.62,28.79,élevé,22.2,80.6,402.8,True,0.97,0.31,0.16,149.3,40.3
7,Centre Hospitalier Régional de Louga,Louga,Louga,522,369,2024-02-28,13,18,232,5,290,322,12,3.31,Paludisme,37,1,94.77,26.92,modéré,36.1,74.9,4060.1,False,0.72,0.35,0.08,136.7,53.2
7,Centre Hospitalier Régional de Louga,Louga,Louga,522,369,2024-02-29,83,87,207,10,315,327,26,3.16,Dengue,102,1,31.13,19.93,élevé,32.5,80.9,1305.2,True,0.38,1.0,0.0,45.5,26.5
7,Centre Hospitalier Régional de Louga,Louga,Louga,522,369,2024-03-01,41,23,315,4,207,352,50,2.2,Choléra,28,10,40.85,5.91,faible,36.2,57.3,4867.4,False,0.28,0.51,0.17,11.3,46.6
7,Centre Hospitalier Régional de Louga,Louga,Louga,522,369,2024-03-02,41,42,414,19,108,366,54,2.54,Covid-19,40,1,48.94,1.21,modéré,22.5,80.0,4061.7,False,0.5,0.72,0.07,69.6,6.3
7,Centre Hospitalier Régional de Louga,Louga,Louga,522,369,2024-03-03,91,37,362,14,160,326,5,0.69,Dengue,34,3,78.53,3.4,modéré,30.2,47.0,3783.1,False,0.25,0.3,0.19,60.1,18.4
7,Centre Hospitalier Régional de Louga,Louga,Louga,522,369,2024-03-04,32,38,109,3,413,362,21,0.75,Choléra,110,6,30.56,28.29,élevé,22.5,64.8,1610.9,True,0.99,0.47,0.08,80.0,6.2
7,Centre Hospitalier Régional de Louga,Louga,Louga,522,369,2024-03-05,81,57,170,2,352,343,44,2.11,Paludisme,85,7,44.76,20.02,élevé,26.5,66.2,2752.6,True,0.47,0.92,0.05,112.8,42.4
7,Centre Hospitalier Régional de Louga,Louga,Louga,522,369,2024-03-06,28,33,405,8,117,365,46,3.34,Grippe,61,0,81.08,20.8,modéré,33.5,50.5,168.8,False,0.76,0.42,0.01,15.5,6.9
7,Centre Hospitalier Régional de Louga,Louga,Louga,522,369,2024-03-07,96,84,132,21,390,319,25,3.3,Dengue,115,3,72.66,16.75,élevé,32.3,69.5,410.6,True,0.33,0.64,0.06,77.4,59.1
7,Centre Hospitalier Régional de Louga,Louga,Louga,522,369,2024-03-08,90,88,239,3,283,324,6,0.32,Grippe,64,0,60.22,28.35,modéré,22.3,80.8,243.6,False,0.43,0.65,0.06,128.5,11.4
7,Centre Hospitalier Régional de Louga,Louga,Louga,522,369,2024-03-09,83,89,446,2,76,346,40,1.39,Choléra,103,10,92.84,19.36,élevé,24.2,47.1,2145.5,True,0.54,0.44,0.12,90.7,35.0
7,Centre Hospitalier Régional de Louga,Louga,Louga,522,369,2024-03-10,99,21,36,15,486,322,46,1.03,Dengue,108,6,42.76,19.13,élevé,34.4,53.7,4352.5,True,0.24,0.91,0.15,91.5,59.8
7,Centre Hospitalier Régional de Louga,Louga,Louga,522,369,2024-03-11,44,53,314,21,208,344,0,3.48,Choléra,4,9,44.87,2.85,faible,37.8,40.1,1361.6,False,0.63,0.33,0.11,52.9,34.4
7,Centre Hospitalier Régional de Louga,Louga,Louga,522,369,2024-03-12,10,22,485,2,37,322,9,2.11,Paludisme,117,1,33.51,15.42,élevé,22.4,84.6,1951.6,True,0.95,0.68,0.14,40.0,8.8
7,Centre Hospitalier Régional de Louga,Louga,Louga,522,369,2024-03-13,69,87,46,14,476,366,39,3.66,Choléra,105,5,47.46,14.65,élevé,35.2,45.9,2522.9,True,0.35,0.89,0.13,99.4,22.1
7,Centre Hospitalier Régional de Louga,Louga,Louga,522,369,2024-03-14,86,18,212,20,310,324,3,0.22,Paludisme,41,10,47.83,4.62,modéré,34.1,48.2,4458.6,False,0.57,0.84,0.06,94.4,44.1
7,Centre Hospitalier Régional de Louga,Louga,Louga,522,369,2024-03-15,26,30,161,19,361,358,53,1.9,Dengue,30,9,49.4,11.02,modéré,26.6,73.8,4233.5,False,0.42,0.37,0.05,104.5,16.2
7,Centre Hospitalier Régional de Louga,Louga,Louga,522,369,2024-03-16,12,45,193,17,329,367,40,0.88,Grippe,117,7,40.64,28.45,élevé,36.7,58.2,2512.1,True,0.58,0.64,0.01,58.8,12.2
7,Centre Hospitalier Régional de Louga,Louga,Louga,522,369,2024-03-17,85,51,197,24,325,350,32,3.78,Choléra,59,6,67.75,20.78,modéré,30.2,53.7,1811.8,False,0.84,0.81,0.08,50.5,6.1
7,Centre Hospitalier Régional de Louga,Louga,Louga,522,369,2024-03-18,90,81,389,21,133,328,38,1.46,Grippe,11,8,56.99,22.49,faible,24.5,85.6,1947.8,False,0.26,0.69,0.18,110.6,4.4
7,Centre Hospitalier Régional de Louga,Louga,Louga,522,369,2024-03-19,68,51,387,7,135,342,21,0.21,Dengue,110,4,60.66,19.46,élevé,31.6,61.2,1963.8,True,0.9,0.82,0.09,174.6,46.6
7,Centre Hospitalier Régional de Louga,Louga,Louga,522,369,2024-03-20,59,10,448,15,74,334,53,2.25,Grippe,116,8,55.62,12.17,élevé,32.5,73.4,3464.5,True,0.57,0.99,0.0,30.0,42.6
7,Centre Hospitalier Régional de Louga,Louga,Louga,522,369,2024-03-21,95,66,306,21,216,360,24,2.27,Grippe,83,8,52.07,23.17,élevé,35.1,87.7,374.8,True,0.89,0.32,0.09,98.3,27.8
7,Centre Hospitalier Régional de Louga,Louga,Louga,522,369,2024-03-22,92,48,275,24,247,321,47,2.05,Paludisme,103,5,74.99,27.2,élevé,36.6,55.7,3951.5,True,0.3,0.3,0.19,27.1,54.9
7,Centre Hospitalier Régional de Louga,Louga,Louga,522,369,2024-03-23,65,74,430,19,92,320,2,1.34,Dengue,112,7,64.61,5.0,élevé,22.2,66.9,2821.2,True,0.93,0.91,0.1,79.0,34.6
7,Centre Hospitalier Régional de Louga,Louga,Louga,522,369,2024-03-24,59,40,337,4,185,333,5,3.99,Covid-19,5,5,57.11,9.22,faible,25.8,83.6,4051.3,False,0.91,0.36,0.15,52.3,6.5
7,Centre Hospitalier Régional de Louga,Louga,Louga,522,369,2024-03-25,39,18,388,19,134,357,11,3.97,Dengue,91,9,62.34,5.66,élevé,35.8,79.5,2151.5,True,0.62,0.5,0.08,39.9,32.9
7,Centre Hospitalier Régional de Louga,Louga,Louga,522,369,2024-03-26,52,79,32,24,490,362,21,0.24,Choléra,120,7,77.63,1.13,élevé,23.9,85.7,1441.2,True,0.77,0.37,0.14,99.7,28.6
7,Centre Hospitalier Régional de Louga,Louga,Louga,522,369,2024-03-27,61,82,408,12,114,321,1,0.37,Paludisme,44,8,46.12,14.71,modéré,27.4,58.7,4256.5,False,0.72,0.36,0.19,6.8,40.6
7,Centre Hospitalier Régional de Louga,Louga,Louga,522,369,2024-03-28,26,53,60,9,462,356,57,3.94,Choléra,32,2,84.58,27.49,modéré,38.6,85.7,2347.0,False,0.99,0.87,0.07,160.6,10.3
7,Centre Hospitalier Régional de Louga,Louga,Louga,522,369,2024-03-29,83,23,448,15,74,333,39,3.65,Choléra,55,2,59.02,26.26,modéré,22.5,45.1,4736.0,False,0.87,0.86,0.03,107.6,33.9
7,Centre Hospitalier Régional de Louga,Louga,Louga,522,369,2024-03-30,98,9,143,11,379,329,11,2.75,Dengue,40,4,50.98,10.07,modéré,36.9,45.6,2393.2,False,0.97,0.58,0.02,177.9,55.3
7,Centre Hospitalier Régional de Louga,Louga,Louga,522,369,2024-03-31,74,13,55,9,467,339,31,0.78,Paludisme,69,7,38.04,1.59,modéré,29.9,41.7,4654.7,False,0.98,0.79,0.09,128.7,18.4
7,Centre Hospitalier Régional de Louga,Louga,Louga,522,369,2024-04-01,87,41,128,9,394,329,27,2.14,Grippe,55,1,71.37,14.64,modéré,25.3,58.5,3213.3,False,0.9,0.59,0.03,68.9,14.8
7,Centre Hospitalier Régional de Louga,Louga,Louga,522,369,2024-04-02,30,47,45,24,477,320,30,2.21,Covid-19,95,6,91.62,2.88,élevé,37.9,52.0,1912.6,True,0.27,0.47,0.14,173.1,57.3
7,Centre Hospitalier Régional de Louga,Louga,Louga,522,369,2024-04-03,43,84,207,8,315,369,3,2.09,Choléra,32,3,39.27,7.65,modéré,23.9,79.3,1641.3,False,1.0,0.6,0.13,22.3,33.1
7,Centre Hospitalier Régional de Louga,Louga,Louga,522,369,2024-04-04,41,26,331,25,191,319,42,1.94,Paludisme,81,4,52.5,6.08,élevé,32.0,58.2,159.9,True,0.72,0.91,0.18,12.2,24.8
7,Centre Hospitalier Régional de Louga,Louga,Louga,522,369,2024-04-05,86,74,211,22,311,363,22,2.52,Paludisme,40,2,74.69,1.61,modéré,33.7,77.4,374.6,False,0.38,0.9,0.14,71.9,22.6
7,Centre Hospitalier Régional de Louga,Louga,Louga,522,369,2024-04-06,99,33,72,9,450,327,26,3.28,Choléra,24,10,55.49,5.5,faible,35.1,88.5,1163.1,False,0.47,0.36,0.1,113.7,47.2
7,Centre Hospitalier Régional de Louga,Louga,Louga,522,369,2024-04-07,90,81,39,12,483,364,12,1.27,Covid-19,73,8,74.31,27.47,modéré,33.8,55.8,2831.3,False,0.83,0.76,0.1,8.9,42.4
7,Centre Hospitalier Régional de Louga,Louga,Louga,522,369,2024-04-08,29,41,365,12,157,326,37,0.28,Grippe,99,6,49.72,19.19,élevé,25.6,63.1,1567.9,True,0.98,0.64,0.03,49.7,47.9
7,Centre Hospitalier Régional de Louga,Louga,Louga,522,369,2024-04-09,86,15,258,8,264,363,46,2.93,Paludisme,33,10,30.59,14.47,modéré,30.5,77.1,1777.1,False,0.99,0.89,0.18,16.1,28.8
7,Centre Hospitalier Régional de Louga,Louga,Louga,522,369,2024-04-10,84,37,407,24,115,339,32,2.89,Choléra,70,8,47.23,15.75,modéré,34.4,79.3,2235.6,False,0.53,0.37,0.1,136.8,7.6
7,Centre Hospitalier Régional de Louga,Louga,Louga,522,369,2024-04-11,29,82,122,8,400,328,47,0.18,Covid-19,65,4,36.06,1.79,modéré,34.9,48.0,661.4,False,0.69,0.42,0.06,23.2,19.1
7,Centre Hospitalier Régional de Louga,Louga,Louga,522,369,2024-04-12,99,7,439,21,83,324,14,1.2,Paludisme,55,2,39.81,19.14,modéré,35.7,77.8,216.5,False,0.7,0.49,0.03,171.3,53.5
7,Centre Hospitalier Régional de Louga,Louga,Louga,522,369,2024-04-13,38,25,415,10,107,327,19,2.63,Dengue,58,10,61.86,4.56,modéré,29.4,80.6,1806.4,False,0.5,0.57,0.19,124.3,28.8
7,Centre Hospitalier Régional de Louga,Louga,Louga,522,369,2024-04-14,29,88,269,15,253,342,9,2.05,Grippe,38,3,59.62,9.87,modéré,36.1,65.6,1889.2,False,0.48,0.35,0.01,22.1,59.7
7,Centre Hospitalier Régional de Louga,Louga,Louga,522,369,2024-04-15,92,89,141,20,381,369,16,1.38,Paludisme,48,7,39.74,6.05,modéré,30.2,53.7,1183.2,False,0.48,0.7,0.2,132.5,21.5
7,Centre Hospitalier Régional de Louga,Louga,Louga,522,369,2024-04-16,51,44,255,1,267,324,22,1.4,Grippe,59,3,65.91,1.22,modéré,34.4,52.8,4020.9,False,0.44,0.57,0.01,126.7,46.8
7,Centre Hospitalier Régional de Louga,Louga,Louga,522,369,2024-04-17,84,60,505,21,17,351,52,2.14,Paludisme,29,2,60.9,7.4,faible,35.6,77.6,2501.3,False,0.45,0.87,0.09,17.7,12.4
7,Centre Hospitalier Régional de Louga,Louga,Louga,522,369,2024-04-18,85,82,491,1,31,320,2,0.37,Paludisme,2,6,52.67,5.12,faible,24.9,73.8,3745.1,False,0.2,0.88,0.13,36.8,51.1
7,Centre Hospitalier Régional de Louga,Louga,Louga,522,369,2024-04-19,10,82,490,14,32,350,34,0.63,Paludisme,56,5,91.29,15.13,modéré,28.9,64.1,3179.6,False,0.39,0.68,0.03,111.9,9.8
7,Centre Hospitalier Régional de Louga,Louga,Louga,522,369,2024-04-20,42,6,389,15,133,357,58,3.33,Covid-19,58,7,64.7,1.06,modéré,36.7,77.2,1596.4,False,0.86,0.65,0.16,60.6,20.5
7,Centre Hospitalier Régional de Louga,Louga,Louga,522,369,2024-04-21,86,80,286,13,236,361,9,3.44,Dengue,8,7,37.28,17.81,faible,24.2,69.0,1595.3,False,0.66,0.48,0.04,90.2,42.8
7,Centre Hospitalier Régional de Louga,Louga,Louga,522,369,2024-04-22,54,8,475,25,47,326,59,3.82,Choléra,48,9,34.19,9.44,modéré,25.7,81.9,971.4,False,0.99,0.73,0.06,47.8,11.1
7,Centre Hospitalier Régional de Louga,Louga,Louga,522,369,2024-04-23,31,63,408,25,114,362,39,1.21,Dengue,110,2,46.02,12.16,élevé,24.3,80.0,178.8,True,0.42,0.48,0.06,59.7,48.3
7,Centre Hospitalier Régional de Louga,Louga,Louga,522,369,2024-04-24,78,54,97,5,425,353,36,1.75,Grippe,78,2,85.91,16.61,modéré,31.5,76.8,3100.8,False,0.85,0.98,0.13,82.4,17.1
7,Centre Hospitalier Régional de Louga,Louga,Louga,522,369,2024-04-25,61,80,262,6,260,351,44,2.04,Covid-19,114,3,81.49,12.34,élevé,35.6,49.2,1910.8,True,0.67,0.45,0.06,26.4,19.6
7,Centre Hospitalier Régional de Louga,Louga,Louga,522,369,2024-04-26,39,8,427,16,95,334,23,0.96,Covid-19,115,7,30.37,9.61,élevé,29.9,78.9,2326.3,True,0.21,0.48,0.01,41.0,51.5
7,Centre Hospitalier Régional de Louga,Louga,Louga,522,369,2024-04-27,10,34,44,7,478,359,36,2.71,Choléra,25,3,56.47,29.63,faible,26.5,54.4,2675.2,False,0.57,0.73,0.05,116.8,53.9
7,Centre Hospitalier Régional de Louga,Louga,Louga,522,369,2024-04-28,56,81,376,10,146,331,23,0.32,Covid-19,75,7,42.02,6.48,modéré,36.9,86.4,4988.7,False,0.99,0.94,0.04,159.8,19.6
7,Centre Hospitalier Régional de Louga,Louga,Louga,522,369,2024-04-29,73,61,302,20,220,334,17,3.05,Covid-19,105,8,92.4,24.08,élevé,23.9,71.4,2271.2,True,0.24,0.46,0.0,176.6,31.9
7,Centre Hospitalier Régional de Louga,Louga,Louga,522,369,2024-04-30,43,55,81,5,441,357,46,2.58,Grippe,78,1,59.5,22.22,modéré,29.9,71.6,3154.5,False,0.67,0.95,0.2,155.8,36.0
7,Centre Hospitalier Régional de Louga,Louga,Louga,522,369,2024-05-01,94,51,383,14,139,324,52,0.41,Choléra,17,2,94.25,11.95,faible,23.8,55.1,4674.8,False,0.45,0.78,0.07,52.8,30.4
7,Centre Hospitalier Régional de Louga,Louga,Louga,522,369,2024-05-02,53,65,122,18,400,330,50,0.63,Choléra,13,0,87.37,1.8,faible,27.2,78.3,2668.8,False,0.42,0.41,0.05,131.0,35.0
7,Centre Hospitalier Régional de Louga,Louga,Louga,522,369,2024-05-03,70,26,475,14,47,365,49,2.75,Choléra,63,10,68.31,2.39,modéré,28.2,84.6,2102.1,False,0.34,0.34,0.05,164.4,7.1
7,Centre Hospitalier Régional de Louga,Louga,Louga,522,369,2024-05-04,32,40,373,15,149,343,2,2.08,Covid-19,120,8,84.76,9.69,élevé,25.8,77.6,3769.9,True,0.75,0.67,0.18,15.3,31.8
7,Centre Hospitalier Régional de Louga,Louga,Louga,522,369,2024-05-05,33,25,50,24,472,367,13,0.4,Paludisme,66,1,57.7,11.25,modéré,31.3,46.7,4859.5,False,0.41,0.45,0.2,111.1,31.4
7,Centre Hospitalier Régional de Louga,Louga,Louga,522,369,2024-05-06,86,58,96,1,426,347,60,0.32,Choléra,8,4,86.57,12.9,faible,35.8,72.7,1163.4,False,0.23,0.52,0.15,126.5,26.9
7,Centre Hospitalier Régional de Louga,Louga,Louga,522,369,2024-05-07,71,63,67,25,455,340,59,3.28,Paludisme,37,7,35.25,22.9,modéré,22.9,54.0,4026.6,False,0.87,0.96,0.02,19.2,12.3
7,Centre Hospitalier Régional de Louga,Louga,Louga,522,369,2024-05-08,75,89,177,24,345,352,11,2.99,Paludisme,21,4,94.59,1.33,faible,26.9,72.5,1112.4,False,0.69,0.61,0.01,130.6,48.0
7,Centre Hospitalier Régional de Louga,Louga,Louga,522,369,2024-05-09,27,88,472,8,50,344,8,3.19,Paludisme,61,1,84.71,1.89,modéré,29.8,51.3,1061.8,False,0.27,0.9,0.13,128.9,12.5
7,Centre Hospitalier Régional de Louga,Louga,Louga,522,369,2024-05-10,98,27,461,1,61,321,36,3.76,Choléra,84,10,68.73,16.5,élevé,38.2,57.6,2486.8,True,0.9,0.47,0.2,13.3,8.0
7,Centre Hospitalier Régional de Louga,Louga,Louga,522,369,2024-05-11,19,90,390,4,132,367,8,2.16,Choléra,43,8,65.74,1.73,modéré,36.3,72.9,944.8,False,0.87,0.54,0.09,17.3,57.9
7,Centre Hospitalier Régional de Louga,Louga,Louga,522,369,2024-05-12,43,41,150,21,372,320,3,2.9,Dengue,64,2,88.33,13.53,modéré,32.9,54.3,4516.1,False,0.53,0.86,0.14,38.1,4.8
7,Centre Hospitalier Régional de Louga,Louga,Louga,522,369,2024-05-13,16,65,406,17,116,365,23,3.05,Choléra,98,9,47.1,13.68,élevé,33.3,71.9,1529.0,True,0.88,0.97,0.18,16.5,51.4
7,Centre Hospitalier Régional de Louga,Louga,Louga,522,369,2024-05-14,41,33,232,7,290,354,20,3.73,Dengue,41,10,83.4,10.29,modéré,30.8,72.9,4114.5,False,0.81,0.89,0.05,59.6,36.6
7,Centre Hospitalier Régional de Louga,Louga,Louga,522,369,2024-05-15,58,42,121,16,401,366,7,0.98,Dengue,84,1,34.4,24.96,élevé,32.5,43.3,4001.9,True,0.97,0.97,0.07,54.6,32.4
7,Centre Hospitalier Régional de Louga,Louga,Louga,522,369,2024-05-16,33,8,86,23,436,357,4,0.22,Paludisme,50,5,84.09,1.54,modéré,37.8,51.1,4860.6,False,0.55,0.89,0.2,137.9,19.2
7,Centre Hospitalier Régional de Louga,Louga,Louga,522,369,2024-05-17,19,84,71,5,451,353,20,0.45,Grippe,11,8,31.6,21.56,faible,29.5,42.0,582.6,False,0.82,0.96,0.13,48.6,31.9
7,Centre Hospitalier Régional de Louga,Louga,Louga,522,369,2024-05-18,62,17,385,6,137,355,29,1.53,Choléra,98,0,36.49,26.47,élevé,30.8,72.1,2003.8,True,0.51,0.46,0.07,130.6,55.6
7,Centre Hospitalier Régional de Louga,Louga,Louga,522,369,2024-05-19,90,23,453,17,69,344,11,3.38,Dengue,68,8,44.73,28.0,modéré,34.6,40.9,2789.9,False,0.45,0.7,0.1,79.8,27.1
7,Centre Hospitalier Régional de Louga,Louga,Louga,522,369,2024-05-20,35,81,329,18,193,350,47,3.57,Choléra,87,9,30.42,15.96,élevé,25.2,43.9,1167.6,True,0.58,0.58,0.15,98.0,33.7
7,Centre Hospitalier Régional de Louga,Louga,Louga,522,369,2024-05-21,41,90,291,3,231,342,29,2.82,Dengue,78,0,47.43,7.16,modéré,26.9,54.8,3662.7,False,0.72,0.5,0.07,56.8,55.1
7,Centre Hospitalier Régional de Louga,Louga,Louga,522,369,2024-05-22,27,86,253,2,269,365,42,1.78,Grippe,110,0,77.29,25.98,élevé,28.3,74.2,1247.5,True,0.33,0.81,0.08,116.4,23.2
7,Centre Hospitalier Régional de Louga,Louga,Louga,522,369,2024-05-23,49,21,125,16,397,347,5,3.03,Choléra,63,2,49.08,14.02,modéré,34.8,75.9,2604.7,False,0.46,0.97,0.15,91.4,48.3
7,Centre Hospitalier Régional de Louga,Louga,Louga,522,369,2024-05-24,96,50,273,21,249,365,57,0.99,Grippe,120,2,93.36,14.37,élevé,27.4,53.5,3772.8,True,0.74,0.5,0.02,156.0,57.9
7,Centre Hospitalier Régional de Louga,Louga,Louga,522,369,2024-05-25,46,23,109,19,413,345,52,3.0,Choléra,41,10,73.99,8.19,modéré,28.7,89.0,3722.3,False,0.68,0.81,0.09,122.4,30.8
7,Centre Hospitalier Régional de Louga,Louga,Louga,522,369,2024-05-26,45,65,468,11,54,336,5,0.51,Choléra,2,10,35.07,23.03,faible,29.2,85.4,2395.3,False,0.88,0.6,0.19,116.2,15.4
7,Centre Hospitalier Régional de Louga,Louga,Louga,522,369,2024-05-27,47,9,351,1,171,344,26,3.2,Grippe,4,7,41.09,12.54,faible,22.5,80.8,1306.2,False,0.41,0.75,0.01,140.3,23.5
7,Centre Hospitalier Régional de Louga,Louga,Louga,522,369,2024-05-28,50,30,279,9,243,350,52,1.66,Choléra,2,6,71.96,1.47,faible,27.2,73.0,4529.3,False,0.88,0.96,0.01,174.8,33.5
7,Centre Hospitalier Régional de Louga,Louga,Louga,522,369,2024-05-29,36,81,232,20,290,319,30,3.53,Covid-19,84,0,83.07,8.85,élevé,27.9,77.4,2140.4,True,0.4,0.61,0.07,133.7,36.3
7,Centre Hospitalier Régional de Louga,Louga,Louga,522,369,2024-05-30,26,24,384,0,138,327,12,2.59,Covid-19,84,10,78.07,10.08,élevé,31.1,69.0,788.3,True,0.49,0.74,0.02,14.4,19.7
7,Centre Hospitalier Régional de Louga,Louga,Louga,522,369,2024-05-31,37,28,360,10,162,360,21,1.92,Covid-19,55,7,49.55,19.55,modéré,23.9,65.9,2624.1,False,0.79,0.81,0.16,68.0,35.1
7,Centre Hospitalier Régional de Louga,Louga,Louga,522,369,2024-06-01,43,36,378,10,144,345,57,0.32,Covid-19,110,2,77.3,6.82,élevé,25.6,84.4,4820.3,True,0.38,0.73,0.14,169.2,27.6
7,Centre Hospitalier Régional de Louga,Louga,Louga,522,369,2024-06-02,50,57,518,12,4,330,35,0.87,Dengue,37,4,33.21,25.13,modéré,25.5,88.1,1453.7,False,0.48,0.79,0.17,47.4,8.8
7,Centre Hospitalier Régional de Louga,Louga,Louga,522,369,2024-04-14,29,88,269,15,253,342,9,2.05,Grippe,38,3,59.62,9.87,modéré,36.1,65.6,1889.2,False,0.48,0.35,0.01,22.1,59.7
7,Centre Hospitalier Régional de Louga,Louga,Louga,522,369,2024-04-15,92,89,141,20,381,369,16,1.38,Paludisme,48,7,39.74,6.05,modéré,30.2,53.7,1183.2,False,0.48,0.7,0.2,132.5,21.5
7,Centre Hospitalier Régional de Louga,Louga,Louga,522,369,2024-04-16,51,44,255,1,267,324,22,1.4,Grippe,59,3,65.91,1.22,modéré,34.4,52.8,4020.9,False,0.44,0.57,0.01,126.7,46.8
7,Centre Hospitalier Régional de Louga,Louga,Louga,522,369,2024-04-17,84,60,505,21,17,351,52,2.14,Paludisme,29,2,60.9,7.4,faible,35.6,77.6,2501.3,False,0.45,0.87,0.09,17.7,12.4
7,Centre Hospitalier Régional de Louga,Louga,Louga,522,369,2024-04-18,85,82,491,1,31,320,2,0.37,Paludisme,2,6,52.67,5.12,faible,24.9,73.8,3745.1,False,0.2,0.88,0.13,36.8,51.1
7,Centre Hospitalier Régional de Louga,Louga,Louga,522,369,2024-04-19,10,82,490,14,32,350,34,0.63,Paludisme,56,5,91.29,15.13,modéré,28.9,64.1,3179.6,False,0.39,0.68,0.03,111.9,9.8
7,Centre Hospitalier Régional de Louga,Louga,Louga,522,369,2024-04-20,42,6,389,15,133,357,58,3.33,Covid-19,58,7,64.7,1.06,modéré,36.7,77.2,1596.4,False,0.86,0.65,0.16,60.6,20.5
7,Centre Hospitalier Régional de Louga,Louga,Louga,522,369,2024-04-21,86,80,286,13,236,361,9,3.44,Dengue,8,7,37.28,17.81,faible,24.2,69.0,1595.3,False,0.66,0.48,0.04,90.2,42.8
7,Centre Hospitalier Régional de Louga,Louga,Louga,522,369,2024-04-22,54,8,475,25,47,326,59,3.82,Choléra,48,9,34.19,9.44,modéré,25.7,81.9,971.4,False,0.99,0.73,0.06,47.8,11.1
7,Centre Hospitalier Régional de Louga,Louga,Louga,522,369,2024-04-23,31,63,408,25,114,362,39,1.21,Dengue,110,2,46.02,12.16,élevé,24.3,80.0,178.8,True,0.42,0.48,0.06,59.7,48.3
7,Centre Hospitalier Régional de Louga,Louga,Louga,522,369,2024-04-24,78,54,97,5,425,353,36,1.75,Grippe,78,2,85.91,16.61,modéré,31.5,76.8,3100.8,False,0.85,0.98,0.13,82.4,17.1
7,Centre Hospitalier Régional de Louga,Louga,Louga,522,369,2024-04-25,61,80,262,6,260,351,44,2.04,Covid-19,114,3,81.49,12.34,élevé,35.6,49.2,1910.8,True,0.67,0.45,0.06,26.4,19.6
7,Centre Hospitalier Régional de Louga,Louga,Louga,522,369,2024-04-26,39,8,427,16,95,334,23,0.96,Covid-19,115,7,30.37,9.61,élevé,29.9,78.9,2326.3,True,0.21,0.48,0.01,41.0,51.5
7,Centre Hospitalier Régional de Louga,Louga,Louga,522,369,2024-04-27,10,34,44,7,478,359,36,2.71,Choléra,25,3,56.47,29.63,faible,26.5,54.4,2675.2,False,0.57,0.73,0.05,116.8,53.9
7,Centre Hospitalier Régional de Louga,Louga,Louga,522,369,2024-04-28,56,81,376,10,146,331,23,0.32,Covid-19,75,7,42.02,6.48,modéré,36.9,86.4,4988.7,False,0.99,0.94,0.04,159.8,19.6
7,Centre Hospitalier Régional de Louga,Louga,Louga,522,369,2024-04-29,73,61,302,20,220,334,17,3.05,Covid-19,105,8,92.4,24.08,élevé,23.9,71.4,2271.2,True,0.24,0.46,0.0,176.6,31.9
7,Centre Hospitalier Régional de Louga,Louga,Louga,522,369,2024-04-30,43,55,81,5,441,357,46,2.58,Grippe,78,1,59.5,22.22,modéré,29.9,71.6,3154.5,False,0.67,0.95,0.2,155.8,36.0
7,Centre Hospitalier Régional de Louga,Louga,Louga,522,369,2024-05-01,94,51,383,14,139,324,52,0.41,Choléra,17,2,94.25,11.95,faible,23.8,55.1,4674.8,False,0.45,0.78,0.07,52.8,30.4
7,Centre Hospitalier Régional de Louga,Louga,Louga,522,369,2024-05-02,53,65,122,18,400,330,50,0.63,Choléra,13,0,87.37,1.8,faible,27.2,78.3,2668.8,False,0.42,0.41,0.05,131.0,35.0
7,Centre Hospitalier Régional de Louga,Louga,Louga,522,369,2024-05-03,70,26,475,14,47,365,49,2.75,Choléra,63,10,68.31,2.39,modéré,28.2,84.6,2102.1,False,0.34,0.34,0.05,164.4,7.1
7,Centre Hospitalier Régional de Louga,Louga,Louga,522,369,2024-05-04,32,40,373,15,149,343,2,2.08,Covid-19,120,8,84.76,9.69,élevé,25.8,77.6,3769.9,True,0.75,0.67,0.18,15.3,31.8
7,Centre Hospitalier Régional de Louga,Louga,Louga,522,369,2024-05-05,33,25,50,24,472,367,13,0.4,Paludisme,66,1,57.7,11.25,modéré,31.3,46.7,4859.5,False,0.41,0.45,0.2,111.1,31.4
7,Centre Hospitalier Régional de Louga,Louga,Louga,522,369,2024-05-06,86,58,96,1,426,347,60,0.32,Choléra,8,4,86.57,12.9,faible,35.8,72.7,1163.4,False,0.23,0.52,0.15,126.5,26.9
7,Centre Hospitalier Régional de Louga,Louga,Louga,522,369,2024-05-07,71,63,67,25,455,340,59,3.28,Paludisme,37,7,35.25,22.9,modéré,22.9,54.0,4026.6,False,0.87,0.96,0.02,19.2,12.3
7,Centre Hospitalier Régional de Louga,Louga,Louga,522,369,2024-05-08,75,89,177,24,345,352,11,2.99,Paludisme,21,4,94.59,1.33,faible,26.9,72.5,1112.4,False,0.69,0.61,0.01,130.6,48.0
7,Centre Hospitalier Régional de Louga,Louga,Louga,522,369,2024-05-09,27,88,472,8,50,344,8,3.19,Paludisme,61,1,84.71,1.89,modéré,29.8,51.3,1061.8,False,0.27,0.9,0.13,128.9,12.5
7,Centre Hospitalier Régional de Louga,Louga,Louga,522,369,2024-05-10,98,27,461,1,61,321,36,3.76,Choléra,84,10,68.73,16.5,élevé,38.2,57.6,2486.8,True,0.9,0.47,0.2,13.3,8.0
7,Centre Hospitalier Régional de Louga,Louga,Louga,522,369,2024-05-11,19,90,390,4,132,367,8,2.16,Choléra,43,8,65.74,1.73,modéré,36.3,72.9,944.8,False,0.87,0.54,0.09,17.3,57.9
7,Centre Hospitalier Régional de Louga,Louga,Louga,522,369,2024-05-12,43,41,150,21,372,320,3,2.9,Dengue,64,2,88.33,13.53,modéré,32.9,54.3,4516.1,False,0.53,0.86,0.14,38.1,4.8
7,Centre Hospitalier Régional de Louga,Louga,Louga,522,369,2024-05-13,16,65,406,17,116,365,23,3.05,Choléra,98,9,47.1,13.68,élevé,33.3,71.9,1529.0,True,0.88,0.97,0.18,16.5,51.4
7,Centre Hospitalier Régional de Louga,Louga,Louga,522,369,2024-05-14,41,33,232,7,290,354,20,3.73,Dengue,41,10,83.4,10.29,modéré,30.8,72.9,4114.5,False,0.81,0.89,0.05,59.6,36.6
7,Centre Hospitalier Régional de Louga,Louga,Louga,522,369,2024-05-15,58,42,121,16,401,366,7,0.98,Dengue,84,1,34.4,24.96,élevé,32.5,43.3,4001.9,True,0.97,0.97,0.07,54.6,32.4
7,Centre Hospitalier Régional de Louga,Louga,Louga,522,369,2024-05-16,33,8,86,23,436,357,4,0.22,Paludisme,50,5,84.09,1.54,modéré,37.8,51.1,4860.6,False,0.55,0.89,0.2,137.9,19.2
7,Centre Hospitalier Régional de Louga,Louga,Louga,522,369,2024-05-17,19,84,71,5,451,353,20,0.45,Grippe,11,8,31.6,21.56,faible,29.5,42.0,582.6,False,0.82,0.96,0.13,48.6,31.9
7,Centre Hospitalier Régional de Louga,Louga,Louga,522,369,2024-05-18,62,17,385,6,137,355,29,1.53,Choléra,98,0,36.49,26.47,élevé,30.8,72.1,2003.8,True,0.51,0.46,0.07,130.6,55.6
7,Centre Hospitalier Régional de Louga,Louga,Louga,522,369,2024-05-19,90,23,453,17,69,344,11,3.38,Dengue,68,8,44.73,28.0,modéré,34.6,40.9,2789.9,False,0.45,0.7,0.1,79.8,27.1
7,Centre Hospitalier Régional de Louga,Louga,Louga,522,369,2024-05-20,35,81,329,18,193,350,47,3.57,Choléra,87,9,30.42,15.96,élevé,25.2,43.9,1167.6,True,0.58,0.58,0.15,98.0,33.7
7,Centre Hospitalier Régional de Louga,Louga,Louga,522,369,2024-05-21,41,90,291,3,231,342,29,2.82,Dengue,78,0,47.43,7.16,modéré,26.9,54.8,3662.7,False,0.72,0.5,0.07,56.8,55.1
7,Centre Hospitalier Régional de Louga,Louga,Louga,522,369,2024-05-22,27,86,253,2,269,365,42,1.78,Grippe,110,0,77.29,25.98,élevé,28.3,74.2,1247.5,True,0.33,0.81,0.08,116.4,23.2
7,Centre Hospitalier Régional de Louga,Louga,Louga,522,369,2024-05-23,49,21,125,16,397,347,5,3.03,Choléra,63,2,49.08,14.02,modéré,34.8,75.9,2604.7,False,0.46,0.97,0.15,91.4,48.3
7,Centre Hospitalier Régional de Louga,Louga,Louga,522,369,2024-05-24,96,50,273,21,249,365,57,0.99,Grippe,120,2,93.36,14.37,élevé,27.4,53.5,3772.8,True,0.74,0.5,0.02,156.0,57.9
7,Centre Hospitalier Régional de Louga,Louga,Louga,522,369,2024-05-25,46,23,109,19,413,345,52,3.0,Choléra,41,10,73.99,8.19,modéré,28.7,89.0,3722.3,False,0.68,0.81,0.09,122.4,30.8
7,Centre Hospitalier Régional de Louga,Louga,Louga,522,369,2024-05-26,45,65,468,11,54,336,5,0.51,Choléra,2,10,35.07,23.03,faible,29.2,85.4,2395.3,False,0.88,0.6,0.19,116.2,15.4
7,Centre Hospitalier Régional de Louga,Louga,Louga,522,369,2024-05-27,47,9,351,1,171,344,26,3.2,Grippe,4,7,41.09,12.54,faible,22.5,80.8,1306.2,False,0.41,0.75,0.01,140.3,23.5
7,Centre Hospitalier Régional de Louga,Louga,Louga,522,369,2024-05-28,50,30,279,9,243,350,52,1.66,Choléra,2,6,71.96,1.47,faible,27.2,73.0,4529.3,False,0.88,0.96,0.01,174.8,33.5
7,Centre Hospitalier Régional de Louga,Louga,Louga,522,369,2024-05-29,36,81,232,20,290,319,30,3.53,Covid-19,84,0,83.07,8.85,élevé,27.9,77.4,2140.4,True,0.4,0.61,0.07,133.7,36.3
7,Centre Hospitalier Régional de Louga,Louga,Louga,522,369,2024-05-30,26,24,384,0,138,327,12,2.59,Covid-19,84,10,78.07,10.08,élevé,31.1,69.0,788.3,True,0.49,0.74,0.02,14.4,19.7
7,Centre Hospitalier Régional de Louga,Louga,Louga,522,369,2024-05-31,37,28,360,10,162,360,21,1.92,Covid-19,55,7,49.55,19.55,modéré,23.9,65.9,2624.1,False,0.79,0.81,0.16,68.0,35.1
7,Centre Hospitalier Régional de Louga,Louga,Louga,522,369,2024-06-01,43,36,378,10,144,345,57,0.32,Covid-19,110,2,77.3,6.82,élevé,25.6,84.4,4820.3,True,0.38,0.73,0.14,169.2,27.6
7,Centre Hospitalier Régional de Louga,Louga,Louga,522,369,2024-06-02,50,57,518,12,4,330,35,0.87,Dengue,37,4,33.21,25.13,modéré,25.5,88.1,1453.7,False,0.48,0.79,0.17,47.4,8.8
7,Centre Hospitalier Régional de Louga,Louga,Louga,522,369,2024-01-05,50,37,332,24,190,361,43,2.11,Grippe,119,8,84.52,22.17,élevé,28.9,47.3,1207.3,True,0.26,0.47,0.1,97.7,60.0
7,Centre Hospitalier Régional de Louga,Louga,Louga,522,369,2024-01-06,27,60,38,25,484,338,48,2.53,Covid-19,62,7,74.76,13.75,modéré,35.7,48.4,2772.4,False,0.46,0.79,0.09,16.2,4.9
7,Centre Hospitalier Régional de Louga,Louga,Louga,522,369,2024-01-07,67,63,134,20,388,338,56,1.29,Paludisme,11,2,51.67,13.1,faible,36.9,64.5,753.0,False,0.22,0.73,0.08,55.5,23.2
7,Centre Hospitalier Régional de Louga,Louga,Louga,522,369,2024-01-08,54,30,210,18,312,360,37,1.82,Grippe,54,1,81.81,11.28,modéré,24.1,68.1,3972.4,False,0.61,0.86,0.12,5.2,43.8
7,Centre Hospitalier Régional de Louga,Louga,Louga,522,369,2024-01-09,74,84,470,2,52,323,32,1.17,Grippe,115,9,84.86,22.5,élevé,34.4,42.3,4587.1,True,0.4,0.79,0.13,173.9,44.5
7,Centre Hospitalier Régional de Louga,Louga,Louga,522,369,2024-01-10,80,76,334,13,188,331,22,0.94,Grippe,78,6,49.76,10.29,modéré,36.4,64.9,2981.7,False,0.79,0.69,0.04,47.1,44.3
7,Centre Hospitalier Régional de Louga,Louga,Louga,522,369,2024-01-11,30,65,480,17,42,353,15,0.29,Covid-19,43,10,86.13,26.47,modéré,35.6,78.0,1335.1,False,0.83,0.75,0.14,90.1,26.2
7,Centre Hospitalier Régional de Louga,Louga,Louga,522,369,2024-01-12,45,85,164,6,358,330,8,3.16,Choléra,78,4,84.12,17.11,modéré,34.8,52.1,3304.3,False,0.31,0.47,0.12,83.5,3.7
7,Centre Hospitalier Régional de Louga,Louga,Louga,522,369,2024-01-13,45,70,401,20,121,339,58,0.51,Choléra,81,5,46.58,28.43,élevé,37.2,66.3,1871.5,True,0.59,0.5,0.19,124.8,10.7
7,Centre Hospitalier Régional de Louga,Louga,Louga,522,369,2024-01-14,97,89,69,14,453,324,15,1.27,Grippe,61,5,75.98,17.01,modéré,29.6,53.1,4272.9,False,0.48,0.65,0.12,161.8,25.3
7,Centre Hospitalier Régional de Louga,Louga,Louga,522,369,2024-01-15,74,21,518,4,4,324,45,3.41,Grippe,22,2,71.13,11.19,faible,34.1,54.1,4947.7,False,0.98,0.96,0.02,129.0,12.7
7,Centre Hospitalier Régional de Louga,Louga,Louga,522,369,2024-01-16,15,18,282,9,240,354,35,0.74,Dengue,76,7,71.48,18.13,modéré,23.5,76.7,896.6,False,0.9,0.77,0.07,160.5,43.8
7,Centre Hospitalier Régional de Louga,Louga,Louga,522,369,2024-01-17,50,69,179,8,343,345,28,1.96,Dengue,20,3,68.78,19.81,faible,28.1,59.4,2079.7,False,0.22,0.35,0.1,177.0,37.0
7,Centre Hospitalier Régional de Louga,Louga,Louga,522,369,2024-01-18,85,22,470,15,52,347,8,0.71,Choléra,18,1,64.02,9.71,faible,25.2,42.9,4097.8,False,0.34,0.51,0.03,50.1,53.1
7,Centre Hospitalier Régional de Louga,Louga,Louga,522,369,2024-01-19,84,27,213,9,309,333,7,1.47,Grippe,2,10,47.6,11.28,faible,32.4,40.4,4689.5,False,0.97,0.3,0.12,14.8,10.7
7,Centre Hospitalier Régional de Louga,Louga,Louga,522,369,2024-01-20,26,10,41,23,481,359,7,3.1,Covid-19,30,7,59.73,29.25,modéré,36.4,78.8,1112.5,False,0.55,0.7,0.07,47.9,14.9
7,Centre Hospitalier Régional de Louga,Louga,Louga,522,369,2024-01-21,57,10,259,17,263,369,8,0.43,Choléra,89,5,78.72,19.46,élevé,27.3,69.9,1740.8,True,0.72,0.88,0.12,120.4,45.3
7,Centre Hospitalier Régional de Louga,Louga,Louga,522,369,2024-01-22,27,54,478,0,44,335,55,0.57,Choléra,17,6,60.34,2.39,faible,26.9,81.8,3624.3,False,0.69,0.61,0.14,110.9,37.2
7,Centre Hospitalier Régional de Louga,Louga,Louga,522,369,2024-01-23,49,75,323,12,199,327,32,1.72,Covid-19,70,4,81.15,24.2,modéré,34.5,51.6,4937.0,False,0.26,0.98,0.02,171.6,39.1
7,Centre Hospitalier Régional de Louga,Louga,Louga,522,369,2024-01-24,80,52,177,1,345,369,21,0.88,Choléra,40,8,55.64,5.99,modéré,31.9,64.4,1054.8,False,0.2,0.49,0.16,5.5,4.0
7,Centre Hospitalier Régional de Louga,Louga,Louga,522,369,2024-01-25,49,84,166,4,356,332,48,1.25,Choléra,87,8,70.23,3.45,élevé,31.8,67.0,372.2,True,0.6,0.32,0.08,35.4,19.1
7,Centre Hospitalier Régional de Louga,Louga,Louga,522,369,2024-01-26,72,23,70,22,452,319,55,3.23,Choléra,66,6,67.23,14.94,modéré,38.8,65.2,2635.2,False,0.23,0.74,0.07,155.2,35.6
7,Centre Hospitalier Régional de Louga,Louga,Louga,522,369,2024-01-27,23,89,272,7,250,326,44,1.03,Grippe,51,2,64.01,8.54,modéré,25.9,79.8,4771.4,False,0.74,0.4,0.1,32.7,23.2
7,Centre Hospitalier Régional de Louga,Louga,Louga,522,369,2024-01-28,84,38,226,5,296,348,15,2.61,Covid-19,61,5,70.04,16.58,modéré,26.5,65.5,1317.0,False,0.27,0.71,0.03,173.9,3.0
7,Centre Hospitalier Régional de Louga,Louga,Louga,522,369,2024-01-29,85,74,39,9,483,366,0,3.69,Covid-19,21,3,93.31,6.19,faible,28.7,49.0,1822.2,False,0.78,0.61,0.13,46.1,38.8
7,Centre Hospitalier Régional de Louga,Louga,Louga,522,369,2024-01-30,12,60,108,3,414,364,0,3.47,Paludisme,22,4,94.28,22.86,faible,38.5,75.1,2303.5,False,0.78,0.57,0.08,98.3,60.0
7,Centre Hospitalier Régional de Louga,Louga,Louga,522,369,2024-01-31,56,60,459,13,63,358,50,2.7,Paludisme,57,8,52.16,25.69,modéré,27.7,87.2,4603.7,False,0.97,0.48,0.03,138.0,10.6
7,Centre Hospitalier Régional de Louga,Louga,Louga,522,369,2024-02-01,55,27,353,18,169,351,11,2.72,Paludisme,89,0,40.35,7.99,élevé,36.8,87.0,2243.6,True,0.53,0.54,0.16,174.2,19.7
7,Centre Hospitalier Régional de Louga,Louga,Louga,522,369,2024-02-02,52,49,196,24,326,323,53,1.44,Covid-19,109,10,61.61,12.15,élevé,27.5,61.2,699.1,True,0.2,0.75,0.05,61.9,16.8
7,Centre Hospitalier Régional de Louga,Louga,Louga,522,369,2024-02-03,71,78,245,22,277,352,32,3.71,Choléra,106,4,80.65,14.93,élevé,24.9,74.6,4057.0,True,0.9,0.46,0.1,48.3,20.3
7,Centre Hospitalier Régional de Louga,Louga,Louga,522,369,2024-02-04,47,80,497,1,25,324,7,0.39,Dengue,46,3,73.65,17.58,modéré,29.8,85.4,1324.6,False,0.28,0.45,0.03,26.9,7.8
7,Centre Hospitalier Régional de Louga,Louga,Louga,522,369,2024-02-05,82,83,353,22,169,357,59,2.06,Choléra,12,8,32.83,19.69,faible,26.8,57.9,3571.6,False,0.22,0.9,0.06,96.8,59.6
7,Centre Hospitalier Régional de Louga,Louga,Louga,522,369,2024-02-06,86,54,248,7,274,337,19,3.08,Covid-19,14,4,30.19,13.29,faible,25.1,69.7,2990.4,False,0.77,0.41,0.06,156.3,27.0
7,Centre Hospitalier Régional de Louga,Louga,Louga,522,369,2024-02-07,52,21,519,5,3,323,54,1.4,Dengue,83,1,86.43,22.8,élevé,25.4,69.1,2195.7,True,0.46,0.4,0.14,135.6,46.2
7,Centre Hospitalier Régional de Louga,Louga,Louga,522,369,2024-02-08,37,20,520,5,2,355,40,1.73,Choléra,2,4,43.49,4.72,faible,28.0,74.5,288.0,False,0.89,0.9,0.18,89.0,21.4
7,Centre Hospitalier Régional de Louga,Louga,Louga,522,369,2024-02-09,96,82,38,14,484,338,12,2.82,Choléra,89,7,76.72,13.46,élevé,25.9,43.0,4777.3,True,0.2,0.73,0.15,53.0,55.2
7,Centre Hospitalier Régional de Louga,Louga,Louga,522,369,2024-02-10,10,71,168,10,354,350,24,1.88,Grippe,14,4,77.3,2.85,faible,35.8,60.4,4251.1,False,0.26,0.31,0.16,149.8,16.2
7,Centre Hospitalier Régional de Louga,Louga,Louga,522,369,2024-02-11,15,50,122,8,400,343,14,3.45,Paludisme,74,8,86.87,6.19,modéré,22.9,56.4,4448.3,False,0.65,0.76,0.11,73.1,20.0
7,Centre Hospitalier Régional de Louga,Louga,Louga,522,369,2024-02-12,78,60,155,13,367,356,30,1.67,Choléra,26,9,72.71,2.93,faible,36.2,55.3,498.1,False,0.93,0.81,0.16,41.4,48.0
7,Centre Hospitalier Régional de Louga,Louga,Louga,522,369,2024-02-13,37,42,137,12,385,322,59,0.27,Grippe,31,6,53.8,12.56,modéré,32.4,48.2,260.0,False,0.98,0.93,0.18,34.3,4.3
7,Centre Hospitalier Régional de Louga,Louga,Louga,522,369,2024-02-14,58,23,54,4,468,346,2,0.22,Covid-19,80,1,82.07,11.74,élevé,27.5,86.3,4897.3,False,0.26,0.66,0.14,174.5,7.0
7,Centre Hospitalier Régional de Louga,Louga,Louga,522,369,2024-02-15,22,58,388,12,134,340,25,2.39,Dengue,64,6,92.16,11.13,modéré,23.3,45.3,1648.7,False,0.27,0.96,0.04,132.7,5.5
7,Centre Hospitalier Régional de Louga,Louga,Louga,522,369,2024-02-16,72,57,494,10,28,325,39,2.53,Choléra,100,6,59.61,12.48,élevé,25.8,43.3,1401.5,True,0.72,0.63,0.16,85.5,35.5
7,Centre Hospitalier Régional de Louga,Louga,Louga,522,369,2024-02-17,77,56,193,12,329,351,24,2.8,Paludisme,0,4,49.9,11.39,faible,38.6,68.9,3806.0,False,0.76,0.89,0.15,6.5,32.8
7,Centre Hospitalier Régional de Louga,Louga,Louga,522,369,2024-02-18,60,21,56,11,466,327,47,1.02,Grippe,5,9,53.46,18.88,faible,23.3,44.8,4915.5,False,0.69,0.91,0.13,11.6,51.0
7,Centre Hospitalier Régional de Louga,Louga,Louga,522,369,2024-02-19,83,32,202,25,320,324,18,2.95,Choléra,18,0,31.41,25.41,faible,31.5,72.2,1297.4,False,0.37,0.4,0.16,123.1,27.6
7,Centre Hospitalier Régional de Louga,Louga,Louga,522,369,2024-02-20,16,42,341,6,181,361,29,1.28,Dengue,1,6,83.18,10.56,faible,23.2,71.4,2350.9,False,0.52,0.47,0.14,146.0,10.7
7,Centre Hospitalier Régional de Louga,Louga,Louga,522,369,2024-02-21,94,16,242,15,280,332,34,2.97,Covid-19,65,9,82.38,14.87,modéré,37.3,63.9,1788.9,False,0.28,0.55,0.08,74.3,14.3
7,Centre Hospitalier Régional de Louga,Louga,Louga,522,369,2024-02-22,63,64,80,14,442,354,16,3.38,Choléra,114,4,43.92,19.81,élevé,26.7,59.8,3119.5,True,0.38,0.77,0.08,170.7,58.5
7,Centre Hospitalier Régional de Louga,Louga,Louga,522,369,2024-02-23,63,89,49,20,473,346,6,3.44,Paludisme,57,5,57.34,17.64,modéré,34.9,78.5,4669.4,False,0.25,0.81,0.13,24.1,17.1
7,Centre Hospitalier Régional de Louga,Louga,Louga,522,369,2024-07-23,89,76,323,23,199,364,26,3.6,Choléra,45,7,75.52,8.22,modéré,31.0,54.1,1243.7,False,0.85,0.99,0.03,90.5,30.7
7,Centre Hospitalier Régional de Louga,Louga,Louga,522,369,2024-07-24,82,33,172,11,350,353,57,2.55,Choléra,69,2,47.47,14.1,modéré,38.0,53.0,2351.2,False,0.69,0.79,0.15,30.1,22.1
7,Centre Hospitalier Régional de Louga,Louga,Louga,522,369,2024-07-25,22,27,124,8,398,357,5,0.89,Covid-19,34,0,42.33,26.69,modéré,32.7,85.9,652.6,False,0.94,0.49,0.07,93.4,19.8
7,Centre Hospitalier Régional de Louga,Louga,Louga,522,369,2024-07-26,70,55,60,23,462,360,41,2.92,Paludisme,103,10,44.43,15.88,élevé,23.5,69.4,1059.5,True,0.72,0.7,0.15,169.0,4.2
7,Centre Hospitalier Régional de Louga,Louga,Louga,522,369,2024-07-27,16,20,477,21,45,351,51,2.26,Dengue,5,10,65.22,23.33,faible,36.6,86.0,3757.3,False,0.44,0.63,0.03,63.5,45.2
7,Centre Hospitalier Régional de Louga,Louga,Louga,522,369,2024-07-28,50,6,470,6,52,330,20,0.89,Dengue,118,5,37.32,15.5,élevé,33.2,58.6,257.7,True,0.83,0.98,0.15,135.8,18.4
7,Centre Hospitalier Régional de Louga,Louga,Louga,522,369,2024-07-29,47,12,507,3,15,365,49,2.4,Dengue,14,1,59.62,27.35,faible,24.0,71.3,2063.6,False,0.88,0.78,0.07,47.5,23.6
7,Centre Hospitalier Régional de Louga,Louga,Louga,522,369,2024-07-30,44,83,43,1,479,328,3,3.11,Covid-19,36,7,89.52,16.37,modéré,28.9,43.5,2787.5,False,0.73,0.41,0.09,157.2,38.3
7,Centre Hospitalier Régional de Louga,Louga,Louga,522,369,2024-07-31,99,6,439,4,83,366,32,3.23,Paludisme,39,6,86.13,7.11,modéré,32.6,81.7,4159.0,False,0.94,0.87,0.03,67.4,39.8
7,Centre Hospitalier Régional de Louga,Louga,Louga,522,369,2024-08-01,70,36,295,4,227,333,16,1.79,Grippe,93,8,93.41,16.55,élevé,30.8,42.0,1475.8,True,0.89,0.87,0.06,19.4,14.4
7,Centre Hospitalier Régional de Louga,Louga,Louga,522,369,2024-08-02,62,42,51,22,471,346,36,0.45,Paludisme,22,8,81.76,3.08,faible,24.7,49.4,2903.5,False,0.46,0.37,0.14,26.0,18.2
7,Centre Hospitalier Régional de Louga,Louga,Louga,522,369,2024-08-03,73,22,478,12,44,335,5,3.17,Covid-19,50,7,38.69,2.11,modéré,22.1,49.7,4182.7,False,0.44,0.5,0.06,162.6,41.8
7,Centre Hospitalier Régional de Louga,Louga,Louga,522,369,2024-08-04,92,33,238,19,284,363,45,2.05,Covid-19,36,9,94.37,1.5,modéré,26.3,44.6,4409.1,False,0.51,0.9,0.18,148.5,59.4
7,Centre Hospitalier Régional de Louga,Louga,Louga,522,369,2024-08-05,73,66,420,6,102,343,24,1.53,Paludisme,117,0,72.94,6.72,élevé,29.1,72.6,2114.3,True,0.98,0.67,0.11,57.2,27.8
7,Centre Hospitalier Régional de Louga,Louga,Louga,522,369,2024-08-06,81,15,329,13,193,336,35,0.14,Dengue,19,8,82.19,26.73,faible,36.1,43.1,719.2,False,0.21,0.87,0.04,116.8,38.4
7,Centre Hospitalier Régional de Louga,Louga,Louga,522,369,2024-08-07,34,68,354,4,168,363,58,0.41,Dengue,117,9,59.73,17.17,élevé,24.3,53.9,2978.0,True,0.69,0.51,0.11,127.0,53.6
7,Centre Hospitalier Régional de Louga,Louga,Louga,522,369,2024-08-08,20,71,167,4,355,356,44,3.68,Covid-19,60,2,63.99,11.52,modéré,32.6,44.8,3008.7,False,0.55,0.74,0.07,38.6,48.4
7,Centre Hospitalier Régional de Louga,Louga,Louga,522,369,2024-08-09,16,84,295,10,227,351,59,3.71,Grippe,29,0,61.81,10.4,faible,35.2,44.7,1170.8,False,0.49,0.89,0.03,72.0,6.9
7,Centre Hospitalier Régional de Louga,Louga,Louga,522,369,2024-08-10,90,53,335,8,187,322,29,2.56,Dengue,16,2,55.08,6.78,faible,29.0,66.0,3168.6,False,0.38,0.82,0.06,138.5,14.5
7,Centre Hospitalier Régional de Louga,Louga,Louga,522,369,2024-08-11,58,39,358,20,164,364,47,0.1,Choléra,109,8,68.69,16.48,élevé,33.0,42.2,2559.5,True,0.55,0.92,0.19,142.6,3.4
7,Centre Hospitalier Régional de Louga,Louga,Louga,522,369,2024-08-12,64,51,39,9,483,360,0,2.06,Grippe,47,4,40.71,19.52,modéré,22.3,66.6,4602.3,False,0.59,0.76,0.09,5.3,48.2
7,Centre Hospitalier Régional de Louga,Louga,Louga,522,369,2024-08-13,38,31,472,2,50,358,52,1.7,Grippe,12,2,38.22,11.79,faible,37.3,88.7,1847.6,False,0.55,0.36,0.11,6.5,15.4
7,Centre Hospitalier Régional de Louga,Louga,Louga,522,369,2024-08-14,46,60,249,14,273,362,37,2.39,Paludisme,61,5,81.91,15.75,modéré,36.5,44.9,3702.4,False,0.76,0.37,0.19,21.8,45.2
7,Centre Hospitalier Régional de Louga,Louga,Louga,522,369,2024-08-15,91,79,519,4,3,355,11,1.03,Choléra,111,1,85.52,17.45,élevé,25.9,74.3,2359.2,True,0.47,0.37,0.14,87.5,32.2
7,Centre Hospitalier Régional de Louga,Louga,Louga,522,369,2024-08-16,91,28,382,18,140,337,40,2.74,Dengue,56,7,57.08,15.05,modéré,32.8,78.0,3433.4,False,0.92,0.73,0.14,12.1,43.6
7,Centre Hospitalier Régional de Louga,Louga,Louga,522,369,2024-08-17,82,50,92,16,430,344,4,2.11,Grippe,60,2,34.56,18.13,modéré,33.0,69.4,3472.0,False,0.78,0.57,0.06,131.3,24.4
7,Centre Hospitalier Régional de Louga,Louga,Louga,522,369,2024-08-18,42,57,426,2,96,363,10,2.58,Dengue,61,8,46.36,23.44,modéré,32.5,64.3,2063.1,False,0.3,0.72,0.06,23.8,41.0
7,Centre Hospitalier Régional de Louga,Louga,Louga,522,369,2024-08-19,76,6,483,13,39,361,20,0.6,Grippe,71,7,62.87,4.7,modéré,29.5,76.2,3000.3,False,0.36,0.49,0.16,53.1,12.3
7,Centre Hospitalier Régional de Louga,Louga,Louga,522,369,2024-08-20,51,23,518,6,4,363,27,3.88,Grippe,116,7,93.39,9.93,élevé,23.3,65.6,4830.5,True,0.93,0.51,0.13,147.4,29.4
7,Centre Hospitalier Régional de Louga,Louga,Louga,522,369,2024-08-21,69,35,27,25,495,347,20,1.37,Paludisme,2,5,89.25,11.4,faible,36.2,41.7,1265.1,False,0.61,0.66,0.08,123.1,41.6
7,Centre Hospitalier Régional de Louga,Louga,Louga,522,369,2024-08-22,30,61,106,6,416,339,20,0.21,Grippe,82,3,44.3,28.9,élevé,23.9,63.2,3361.8,True,0.5,0.59,0.01,90.4,30.8
7,Centre Hospitalier Régional de Louga,Louga,Louga,522,369,2024-08-23,84,66,468,14,54,338,33,3.74,Choléra,74,6,84.47,6.35,modéré,30.2,85.9,4846.0,False,0.4,0.74,0.05,18.0,40.0
7,Centre Hospitalier Régional de Louga,Louga,Louga,522,369,2024-08-24,50,20,104,0,418,362,19,1.89,Choléra,72,9,46.88,5.45,modéré,28.7,79.1,3321.3,False,0.77,0.72,0.08,87.7,4.2
7,Centre Hospitalier Régional de Louga,Louga,Louga,522,369,2024-08-25,69,88,424,25,98,368,10,3.91,Grippe,49,8,30.68,13.59,modéré,37.3,75.7,1894.0,False,0.97,0.41,0.2,105.7,6.7
7,Centre Hospitalier Régional de Louga,Louga,Louga,522,369,2024-08-26,66,59,376,10,146,340,39,0.69,Paludisme,103,5,88.14,16.1,élevé,36.9,89.1,4286.8,True,0.82,0.75,0.02,108.6,13.5
7,Centre Hospitalier Régional de Louga,Louga,Louga,522,369,2024-08-27,83,49,160,3,362,355,41,2.73,Dengue,25,5,36.35,15.48,faible,24.0,40.5,621.0,False,0.93,0.43,0.18,146.8,24.6
7,Centre Hospitalier Régional de Louga,Louga,Louga,522,369,2024-08-28,12,88,65,1,457,337,45,2.58,Grippe,92,10,69.9,29.26,élevé,23.5,78.9,4457.4,True,0.97,0.71,0.08,52.6,59.6
7,Centre Hospitalier Régional de Louga,Louga,Louga,522,369,2024-08-29,81,90,521,6,1,321,7,1.8,Covid-19,22,4,39.72,14.77,faible,29.0,44.4,4818.7,False,0.25,0.63,0.04,106.0,51.3
7,Centre Hospitalier Régional de Louga,Louga,Louga,522,369,2024-08-30,97,41,234,16,288,322,21,3.19,Covid-19,17,8,82.88,7.88,faible,35.0,89.2,2976.0,False,0.8,0.42,0.16,142.5,48.7
7,Centre Hospitalier Régional de Louga,Louga,Louga,522,369,2024-08-31,39,29,138,15,384,344,20,2.6,Grippe,95,9,35.22,22.76,élevé,24.8,60.9,3156.2,True,0.82,0.46,0.05,163.2,3.1
7,Centre Hospitalier Régional de Louga,Louga,Louga,522,369,2024-09-01,97,20,194,13,328,346,43,1.89,Choléra,110,8,80.0,12.43,élevé,30.8,80.7,3612.3,True,0.72,0.87,0.1,22.4,50.4
7,Centre Hospitalier Régional de Louga,Louga,Louga,522,369,2024-09-02,58,15,248,12,274,327,41,0.21,Dengue,86,8,43.97,15.82,élevé,26.2,54.2,1025.2,True,0.21,0.39,0.06,46.4,8.9
7,Centre Hospitalier Régional de Louga,Louga,Louga,522,369,2024-09-03,84,57,198,14,324,341,39,2.63,Paludisme,19,4,41.96,24.78,faible,30.9,89.4,887.8,False,0.38,0.65,0.06,20.5,8.8
7,Centre Hospitalier Régional de Louga,Louga,Louga,522,369,2024-09-04,79,10,223,14,299,343,50,2.8,Grippe,42,4,69.65,3.31,modéré,27.2,88.9,764.8,False,0.28,0.91,0.12,72.6,25.5
7,Centre Hospitalier Régional de Louga,Louga,Louga,522,369,2024-09-05,52,48,339,8,183,341,53,0.7,Choléra,38,7,42.76,24.71,modéré,26.0,73.8,2375.2,False,0.57,0.58,0.18,159.5,13.3
7,Centre Hospitalier Régional de Louga,Louga,Louga,522,369,2024-09-06,61,13,60,12,462,330,37,3.8,Choléra,20,2,58.11,21.21,faible,31.0,73.8,169.2,False,0.65,0.71,0.04,123.9,50.0
7,Centre Hospitalier Régional de Louga,Louga,Louga,522,369,2024-09-07,53,21,32,1,490,352,39,0.47,Choléra,17,1,49.28,15.2,faible,28.9,83.2,3625.2,False,0.25,0.68,0.17,122.7,40.7
7,Centre Hospitalier Régional de Louga,Louga,Louga,522,369,2024-09-08,75,18,484,3,38,343,16,2.76,Paludisme,65,2,58.49,9.7,modéré,24.2,65.9,937.7,False,0.49,0.93,0.02,117.5,16.4
7,Centre Hospitalier Régional de Louga,Louga,Louga,522,369,2024-09-09,17,74,251,4,271,338,9,2.74,Grippe,21,8,90.24,16.55,faible,31.5,61.7,1385.1,False,0.73,0.93,0.17,167.6,50.8
7,Centre Hospitalier Régional de Louga,Louga,Louga,522,369,2024-09-10,63,81,139,4,383,352,39,0.75,Paludisme,44,5,34.41,4.41,modéré,32.3,89.0,4150.7,False,0.43,0.75,0.15,159.3,48.1
9,Centre Hospitalier Régional de Matam,Matam,Matam,359,116,2024-03-13,47,16,184,10,175,81,37,3.65,Covid-19,4,3,71.53,4.47,faible,38.1,59.8,3872.2,False,0.77,0.34,0.02,148.1,29.0
9,Centre Hospitalier Régional de Matam,Matam,Matam,359,116,2024-03-14,65,31,227,14,132,74,38,2.59,Choléra,103,5,94.93,29.7,élevé,29.9,87.7,2615.6,True,0.8,0.44,0.05,129.4,22.2
9,Centre Hospitalier Régional de Matam,Matam,Matam,359,116,2024-03-15,48,46,49,10,310,105,2,2.27,Covid-19,38,10,89.27,15.28,modéré,34.9,85.3,2137.7,False,0.87,0.99,0.05,41.5,6.7
9,Centre Hospitalier Régional de Matam,Matam,Matam,359,116,2024-03-16,64,43,296,23,63,81,7,0.24,Grippe,71,0,31.1,8.33,modéré,32.4,49.8,1511.0,False,0.74,0.98,0.18,96.4,32.2
9,Centre Hospitalier Régional de Matam,Matam,Matam,359,116,2024-03-17,33,90,47,5,312,81,27,2.16,Paludisme,105,5,72.92,16.77,élevé,28.0,65.3,1025.4,True,0.96,0.88,0.14,90.7,16.6
9,Centre Hospitalier Régional de Matam,Matam,Matam,359,116,2024-03-18,38,81,132,21,227,77,16,1.09,Choléra,16,2,46.23,19.64,faible,31.7,54.4,3631.1,False,0.91,0.33,0.02,99.3,38.8
9,Centre Hospitalier Régional de Matam,Matam,Matam,359,116,2024-03-19,65,55,159,13,200,78,3,2.36,Covid-19,103,2,88.41,24.43,élevé,35.1,83.4,781.4,True,0.62,0.95,0.09,67.6,12.4
9,Centre Hospitalier Régional de Matam,Matam,Matam,359,116,2024-03-20,57,6,357,22,2,102,56,1.75,Covid-19,87,2,72.34,3.98,élevé,36.5,79.0,3980.4,True,0.63,0.86,0.15,161.5,11.4
9,Centre Hospitalier Régional de Matam,Matam,Matam,359,116,2024-03-21,77,11,321,24,38,81,17,1.18,Paludisme,70,0,35.75,2.27,modéré,27.1,55.3,2332.2,False,0.31,0.51,0.1,51.1,51.4
9,Centre Hospitalier Régional de Matam,Matam,Matam,359,116,2024-03-22,34,69,78,17,281,99,35,3.58,Covid-19,112,1,76.35,11.78,élevé,30.8,88.0,2038.7,True,0.84,0.69,0.17,53.9,12.4
9,Centre Hospitalier Régional de Matam,Matam,Matam,359,116,2024-03-23,50,55,286,23,73,110,27,1.55,Paludisme,106,2,31.72,7.08,élevé,33.5,89.7,1190.0,True,0.45,0.81,0.15,142.2,50.1
9,Centre Hospitalier Régional de Matam,Matam,Matam,359,116,2024-03-24,38,48,177,3,182,79,40,3.02,Covid-19,69,6,61.55,25.57,modéré,36.7,53.6,4368.8,False,0.42,0.78,0.03,64.6,5.9
9,Centre Hospitalier Régional de Matam,Matam,Matam,359,116,2024-03-25,32,15,33,3,326,109,30,3.99,Dengue,25,0,85.41,10.61,faible,32.4,77.4,3314.0,False,0.33,0.37,0.16,145.7,4.8
9,Centre Hospitalier Régional de Matam,Matam,Matam,359,116,2024-03-26,66,5,86,23,273,90,45,2.47,Paludisme,38,2,68.69,19.5,modéré,35.4,84.1,4571.5,False,0.28,0.54,0.05,57.6,55.3
9,Centre Hospitalier Régional de Matam,Matam,Matam,359,116,2024-03-27,46,37,190,6,169,109,26,2.76,Covid-19,85,8,62.29,2.05,élevé,27.9,40.6,481.3,True,0.64,0.45,0.01,87.6,20.5
9,Centre Hospitalier Régional de Matam,Matam,Matam,359,116,2024-03-28,61,50,60,21,299,90,30,1.27,Covid-19,1,4,74.97,25.53,faible,22.7,63.1,730.8,False,0.32,0.54,0.08,95.1,47.7
9,Centre Hospitalier Régional de Matam,Matam,Matam,359,116,2024-03-29,90,24,347,15,12,84,16,0.56,Covid-19,78,4,61.33,16.2,modéré,23.5,81.6,1509.5,False,0.37,0.84,0.12,18.2,23.9
9,Centre Hospitalier Régional de Matam,Matam,Matam,359,116,2024-03-30,90,23,311,2,48,80,43,3.15,Dengue,79,7,54.05,26.83,modéré,30.3,51.9,4868.3,False,0.88,0.88,0.07,146.2,47.8
9,Centre Hospitalier Régional de Matam,Matam,Matam,359,116,2024-03-31,89,77,120,16,239,89,29,2.72,Paludisme,32,0,90.24,3.52,modéré,34.2,61.2,1660.7,False,0.47,0.7,0.13,8.0,30.7
9,Centre Hospitalier Régional de Matam,Matam,Matam,359,116,2024-04-01,20,30,319,9,40,73,23,0.46,Grippe,117,5,55.14,9.28,élevé,38.5,56.1,3499.0,True,0.2,0.48,0.14,16.9,30.8
9,Centre Hospitalier Régional de Matam,Matam,Matam,359,116,2024-04-02,64,74,356,0,3,104,25,3.0,Choléra,106,2,50.97,26.18,élevé,33.1,40.6,2836.8,True,0.81,0.57,0.13,49.2,6.8
9,Centre Hospitalier Régional de Matam,Matam,Matam,359,116,2024-04-03,85,11,353,23,6,96,40,1.56,Grippe,62,1,70.85,14.9,modéré,36.0,46.6,2362.9,False,0.53,0.87,0.08,127.8,19.3
9,Centre Hospitalier Régional de Matam,Matam,Matam,359,116,2024-04-04,98,45,68,22,291,72,47,1.39,Paludisme,11,2,35.73,22.33,faible,38.5,58.0,1469.6,False,0.86,0.54,0.03,45.7,39.0
9,Centre Hospitalier Régional de Matam,Matam,Matam,359,116,2024-04-05,76,48,52,11,307,107,9,3.26,Covid-19,41,5,58.43,2.42,modéré,24.9,47.6,966.2,False,0.83,0.85,0.11,10.4,7.3
9,Centre Hospitalier Régional de Matam,Matam,Matam,359,116,2024-04-06,59,39,88,16,271,115,19,1.56,Dengue,13,9,35.66,25.45,faible,24.8,49.6,3595.3,False,0.71,0.6,0.03,100.4,30.9
9,Centre Hospitalier Régional de Matam,Matam,Matam,359,116,2024-04-07,69,53,352,25,7,109,27,1.12,Grippe,42,1,46.33,28.52,modéré,27.5,50.4,3521.0,False,0.96,0.64,0.11,27.7,53.7
9,Centre Hospitalier Régional de Matam,Matam,Matam,359,116,2024-04-08,11,73,43,8,316,109,25,2.66,Dengue,78,1,51.1,13.38,modéré,33.8,48.9,1243.8,False,0.43,0.45,0.02,147.4,22.6
9,Centre Hospitalier Régional de Matam,Matam,Matam,359,116,2024-04-09,78,30,332,3,27,70,43,0.83,Choléra,119,3,66.08,27.26,élevé,37.5,75.4,3752.7,True,1.0,0.62,0.12,103.7,6.3
9,Centre Hospitalier Régional de Matam,Matam,Matam,359,116,2024-04-10,97,62,316,20,43,87,23,0.42,Paludisme,31,8,58.8,2.67,modéré,28.4,67.2,1489.6,False,0.85,0.72,0.09,71.4,7.2
9,Centre Hospitalier Régional de Matam,Matam,Matam,359,116,2024-04-11,14,44,303,22,56,76,40,0.96,Choléra,101,8,32.49,29.49,élevé,36.6,52.8,806.2,True,0.23,0.58,0.01,53.0,50.9
9,Centre Hospitalier Régional de Matam,Matam,Matam,359,116,2024-04-12,14,10,309,24,50,115,39,1.89,Paludisme,31,8,53.81,15.43,modéré,23.9,42.3,3563.4,False,0.97,0.59,0.11,143.3,47.4
9,Centre Hospitalier Régional de Matam,Matam,Matam,359,116,2024-04-13,30,54,263,21,96,93,21,2.97,Grippe,75,8,54.67,10.53,modéré,23.6,56.3,2509.8,False,0.68,0.92,0.04,100.0,19.0
9,Centre Hospitalier Régional de Matam,Matam,Matam,359,116,2024-04-14,56,78,211,14,148,96,46,1.35,Covid-19,80,5,76.36,29.26,élevé,38.1,45.1,2665.2,False,0.31,0.72,0.0,29.5,42.1
9,Centre Hospitalier Régional de Matam,Matam,Matam,359,116,2024-04-15,79,46,253,24,106,73,21,1.07,Dengue,110,6,91.24,15.74,élevé,26.6,88.5,735.2,True,0.46,0.66,0.09,79.7,8.6
9,Centre Hospitalier Régional de Matam,Matam,Matam,359,116,2024-04-16,28,68,129,21,230,98,53,1.74,Dengue,106,1,68.41,18.69,élevé,27.7,82.3,3213.5,True,0.99,0.49,0.04,42.2,17.7
9,Centre Hospitalier Régional de Matam,Matam,Matam,359,116,2024-04-17,26,50,109,20,250,92,60,3.76,Choléra,98,5,67.3,7.46,élevé,33.8,46.4,4922.6,True,0.91,0.41,0.19,41.5,13.4
9,Centre Hospitalier Régional de Matam,Matam,Matam,359,116,2024-04-18,78,12,321,14,38,70,33,2.15,Grippe,80,7,48.92,29.67,élevé,38.3,81.9,3206.9,False,0.63,0.77,0.11,43.2,49.4
9,Centre Hospitalier Régional de Matam,Matam,Matam,359,116,2024-04-19,71,79,264,8,95,108,1,3.24,Covid-19,103,5,33.18,14.29,élevé,35.2,43.0,3341.5,True,0.2,0.61,0.01,166.7,7.2
9,Centre Hospitalier Régional de Matam,Matam,Matam,359,116,2024-04-20,13,17,346,24,13,94,45,1.76,Paludisme,24,10,40.37,20.82,faible,33.3,44.6,105.4,False,0.51,0.69,0.14,144.3,58.9
9,Centre Hospitalier Régional de Matam,Matam,Matam,359,116,2024-04-21,66,60,342,4,17,97,29,1.93,Covid-19,118,7,64.62,16.76,élevé,26.2,74.6,3381.0,True,0.54,0.34,0.19,67.1,18.5
9,Centre Hospitalier Régional de Matam,Matam,Matam,359,116,2024-04-22,95,34,161,18,198,104,33,3.52,Paludisme,14,5,69.15,22.82,faible,23.5,53.2,311.8,False,0.58,0.52,0.2,143.9,42.5
9,Centre Hospitalier Régional de Matam,Matam,Matam,359,116,2024-04-23,19,86,315,19,44,78,32,1.12,Choléra,100,10,68.03,1.47,élevé,22.1,49.7,4166.1,True,0.33,0.58,0.01,39.4,12.7
9,Centre Hospitalier Régional de Matam,Matam,Matam,359,116,2024-04-24,29,30,223,17,136,101,14,2.89,Dengue,86,3,91.04,14.83,élevé,25.0,63.4,4154.2,True,0.89,0.48,0.13,85.6,49.3
9,Centre Hospitalier Régional de Matam,Matam,Matam,359,116,2024-04-25,27,21,338,0,21,96,11,1.01,Grippe,103,1,39.46,10.96,élevé,22.2,66.9,960.7,True,0.26,0.54,0.14,63.4,44.9
9,Centre Hospitalier Régional de Matam,Matam,Matam,359,116,2024-04-26,84,68,143,13,216,74,4,0.51,Choléra,103,3,64.26,17.08,élevé,36.0,83.8,1506.0,True,0.24,0.59,0.18,76.0,36.6
9,Centre Hospitalier Régional de Matam,Matam,Matam,359,116,2024-04-27,66,14,208,15,151,81,3,2.15,Dengue,16,1,69.45,25.85,faible,27.2,73.6,2918.2,False,0.83,0.41,0.12,39.8,36.5
9,Centre Hospitalier Régional de Matam,Matam,Matam,359,116,2024-04-28,26,63,122,0,237,105,50,0.35,Covid-19,119,0,58.56,8.81,élevé,26.7,54.6,1051.5,True,0.62,0.72,0.2,114.7,48.6
9,Centre Hospitalier Régional de Matam,Matam,Matam,359,116,2024-04-29,13,86,350,4,9,106,20,2.36,Dengue,96,4,89.76,29.84,élevé,26.6,55.0,2032.5,True,0.62,0.64,0.18,50.2,9.9
9,Centre Hospitalier Régional de Matam,Matam,Matam,359,116,2024-04-30,22,71,103,24,256,101,24,3.87,Grippe,115,2,92.09,12.2,élevé,28.1,72.7,2081.7,True,0.32,0.83,0.07,79.9,27.1
9,Centre Hospitalier Régional de Matam,Matam,Matam,359,116,2024-05-01,69,85,253,1,106,87,17,1.25,Covid-19,111,9,87.49,10.58,élevé,27.4,86.6,4128.1,True,0.51,0.87,0.15,100.5,25.0
9,Centre Hospitalier Régional de Matam,Matam,Matam,359,116,2024-05-02,13,37,200,19,159,103,60,0.62,Grippe,38,0,61.12,8.68,modéré,24.5,63.2,1106.0,False,0.42,0.77,0.18,64.3,23.0
9,Centre Hospitalier Régional de Matam,Matam,Matam,359,116,2024-05-03,67,51,170,24,189,96,59,3.73,Grippe,6,4,55.08,26.0,faible,33.2,71.5,4083.9,False,0.39,0.42,0.1,140.2,46.2
9,Centre Hospitalier Régional de Matam,Matam,Matam,359,116,2024-05-04,47,55,288,16,71,103,31,2.74,Paludisme,48,1,48.85,9.8,modéré,32.8,76.0,2779.5,False,0.61,0.93,0.2,168.8,48.2
9,Centre Hospitalier Régional de Matam,Matam,Matam,359,116,2024-05-05,70,63,313,24,46,70,11,0.55,Grippe,87,7,77.34,20.53,élevé,32.7,45.9,1679.8,True,0.59,0.36,0.04,133.7,22.6
9,Centre Hospitalier Régional de Matam,Matam,Matam,359,116,2024-05-06,12,35,96,14,263,71,41,1.67,Choléra,58,8,79.62,22.5,modéré,32.1,74.8,3194.9,False,0.8,0.94,0.02,105.6,16.8
9,Centre Hospitalier Régional de Matam,Matam,Matam,359,116,2024-05-07,74,25,138,20,221,113,55,0.13,Choléra,81,5,59.46,28.17,élevé,28.4,84.8,1760.2,True,0.77,0.59,0.18,51.7,19.9
9,Centre Hospitalier Régional de Matam,Matam,Matam,359,116,2024-05-08,64,45,80,4,279,66,57,0.83,Covid-19,86,6,61.84,25.51,élevé,33.8,84.4,1596.3,True,0.27,0.7,0.04,35.5,42.4
9,Centre Hospitalier Régional de Matam,Matam,Matam,359,116,2024-05-09,28,44,323,5,36,81,44,1.52,Choléra,5,7,71.78,15.3,faible,27.7,69.6,1481.4,False,0.31,0.54,0.03,84.1,53.3
9,Centre Hospitalier Régional de Matam,Matam,Matam,359,116,2024-05-10,67,24,96,17,263,115,58,0.53,Dengue,116,5,54.15,6.05,élevé,35.0,52.7,2542.1,True,0.24,0.75,0.04,8.0,22.1
9,Centre Hospitalier Régional de Matam,Matam,Matam,359,116,2024-05-11,17,58,160,8,199,102,7,2.83,Dengue,5,3,71.69,28.98,faible,33.1,54.2,577.9,False,0.58,0.43,0.18,179.4,46.0
9,Centre Hospitalier Régional de Matam,Matam,Matam,359,116,2024-05-12,42,70,165,14,194,77,29,0.1,Choléra,116,4,86.32,3.38,élevé,31.6,68.8,2225.3,True,0.29,0.79,0.09,32.5,20.7
9,Centre Hospitalier Régional de Matam,Matam,Matam,359,116,2024-05-13,25,59,294,1,65,94,18,3.32,Paludisme,98,4,69.71,29.32,élevé,35.6,67.6,3964.5,True,0.82,0.63,0.01,120.3,17.8
9,Centre Hospitalier Régional de Matam,Matam,Matam,359,116,2024-05-14,24,10,117,7,242,85,53,2.35,Choléra,41,8,88.14,27.23,modéré,24.6,69.8,1824.3,False,0.43,0.78,0.15,68.6,4.5
9,Centre Hospitalier Régional de Matam,Matam,Matam,359,116,2024-05-15,83,13,333,11,26,103,25,2.28,Choléra,37,5,73.17,20.9,modéré,31.2,49.9,4575.2,False,0.74,0.63,0.13,11.6,25.6
9,Centre Hospitalier Régional de Matam,Matam,Matam,359,116,2024-05-16,58,72,294,17,65,110,34,2.79,Choléra,34,3,43.16,11.11,modéré,25.7,69.3,2698.8,False,0.95,0.52,0.17,26.7,10.6
9,Centre Hospitalier Régional de Matam,Matam,Matam,359,116,2024-05-17,72,79,64,22,295,69,45,3.76,Grippe,15,0,34.97,19.02,faible,37.1,74.8,2643.7,False,0.3,0.58,0.2,156.6,12.1
9,Centre Hospitalier Régional de Matam,Matam,Matam,359,116,2024-05-18,63,66,154,23,205,90,16,3.93,Grippe,24,5,59.34,12.93,faible,34.4,85.2,4299.9,False,0.32,0.86,0.08,48.8,48.6
9,Centre Hospitalier Régional de Matam,Matam,Matam,359,116,2024-05-19,25,50,234,21,125,98,19,2.08,Choléra,94,1,37.84,14.26,élevé,37.0,49.8,942.7,True,0.88,1.0,0.18,45.7,57.1
9,Centre Hospitalier Régional de Matam,Matam,Matam,359,116,2024-05-20,38,41,280,5,79,71,12,3.34,Paludisme,46,1,78.62,17.94,modéré,30.7,78.4,4177.6,False,0.45,0.55,0.03,21.4,28.5
9,Centre Hospitalier Régional de Matam,Matam,Matam,359,116,2024-05-21,44,59,197,4,162,76,27,2.19,Covid-19,88,2,51.98,19.56,élevé,33.3,73.0,840.7,True,0.69,0.5,0.15,65.9,54.5
9,Centre Hospitalier Régional de Matam,Matam,Matam,359,116,2024-05-22,71,54,234,9,125,112,44,1.78,Dengue,84,5,51.99,2.22,élevé,23.3,85.3,768.4,True,0.56,0.92,0.05,43.7,55.2
9,Centre Hospitalier Régional de Matam,Matam,Matam,359,116,2024-05-23,17,40,127,20,232,109,41,2.96,Covid-19,104,7,39.58,15.05,élevé,32.7,56.1,1449.4,True,0.54,0.44,0.14,169.3,21.7
9,Centre Hospitalier Régional de Matam,Matam,Matam,359,116,2024-05-24,51,77,215,23,144,73,31,2.98,Covid-19,73,3,77.36,4.02,modéré,28.0,73.2,3207.8,False,0.39,0.65,0.01,71.8,42.1
9,Centre Hospitalier Régional de Matam,Matam,Matam,359,116,2024-05-25,79,78,293,22,66,74,43,0.95,Grippe,5,9,73.86,21.78,faible,34.2,68.3,3018.8,False,0.38,0.34,0.11,168.5,40.7
9,Centre Hospitalier Régional de Matam,Matam,Matam,359,116,2024-05-26,70,88,231,21,128,76,3,3.75,Grippe,88,9,74.92,5.4,élevé,28.5,61.7,4731.5,True,0.66,0.62,0.09,143.0,13.7
9,Centre Hospitalier Régional de Matam,Matam,Matam,359,116,2024-05-27,92,42,51,3,308,107,14,2.52,Choléra,74,0,49.3,5.52,modéré,28.3,88.1,4115.3,False,0.94,0.7,0.1,35.6,37.4
9,Centre Hospitalier Régional de Matam,Matam,Matam,359,116,2024-05-28,46,46,285,15,74,67,7,2.36,Choléra,60,4,72.57,2.92,modéré,23.8,81.8,1645.2,False,0.37,0.59,0.19,94.7,45.9
9,Centre Hospitalier Régional de Matam,Matam,Matam,359,116,2024-05-29,82,28,150,21,209,70,46,3.0,Paludisme,39,7,62.63,11.95,modéré,30.1,42.7,4951.8,False,0.78,0.6,0.08,89.5,51.3
9,Centre Hospitalier Régional de Matam,Matam,Matam,359,116,2024-05-30,94,18,210,7,149,75,59,3.12,Dengue,18,1,79.89,20.02,faible,25.3,52.0,1547.0,False,0.83,0.81,0.02,114.1,51.2
9,Centre Hospitalier Régional de Matam,Matam,Matam,359,116,2024-05-31,23,22,74,25,285,106,57,3.21,Dengue,43,0,53.34,11.69,modéré,28.2,57.5,736.3,False,0.24,0.8,0.07,148.5,10.4
9,Centre Hospitalier Régional de Matam,Matam,Matam,359,116,2024-06-01,55,79,178,16,181,80,41,0.99,Choléra,119,8,59.06,29.66,élevé,27.9,86.7,3152.7,True,0.57,0.96,0.1,130.8,29.2
9,Centre Hospitalier Régional de Matam,Matam,Matam,359,116,2024-06-02,31,23,140,12,219,76,11,1.92,Dengue,72,10,35.68,12.34,modéré,34.1,59.9,1631.7,False,0.82,0.51,0.05,142.4,5.8
9,Centre Hospitalier Régional de Matam,Matam,Matam,359,116,2024-06-03,61,76,333,3,26,90,44,2.48,Dengue,107,8,57.71,3.76,élevé,23.8,44.2,2015.2,True,0.84,0.57,0.03,161.3,48.7
9,Centre Hospitalier Régional de Matam,Matam,Matam,359,116,2024-06-04,38,41,197,15,162,87,33,0.63,Choléra,0,5,86.72,7.06,faible,24.0,85.8,1160.0,False,0.88,0.66,0.2,165.1,46.1
9,Centre Hospitalier Régional de Matam,Matam,Matam,359,116,2024-06-05,60,25,215,12,144,69,8,1.74,Paludisme,78,6,30.95,23.83,modéré,36.1,68.8,147.4,False,0.82,0.41,0.16,27.1,27.7
9,Centre Hospitalier Régional de Matam,Matam,Matam,359,116,2024-06-06,27,38,26,13,333,83,17,2.13,Choléra,49,9,89.0,9.03,modéré,34.0,89.1,4307.7,False,0.45,0.87,0.15,13.1,4.3
9,Centre Hospitalier Régional de Matam,Matam,Matam,359,116,2024-06-07,45,17,68,5,291,82,40,2.67,Dengue,102,6,39.99,3.41,élevé,37.6,83.7,2677.7,True,0.28,0.55,0.13,101.4,13.8
9,Centre Hospitalier Régional de Matam,Matam,Matam,359,116,2024-06-08,43,29,309,18,50,74,9,0.1,Choléra,60,0,52.89,2.42,modéré,28.4,71.5,1536.9,False,0.6,0.4,0.02,33.5,42.0
9,Centre Hospitalier Régional de Matam,Matam,Matam,359,116,2024-06-09,46,80,120,9,239,110,32,0.64,Dengue,99,2,35.58,24.54,élevé,26.0,61.3,4719.2,True,0.47,0.71,0.11,31.3,6.6
9,Centre Hospitalier Régional de Matam,Matam,Matam,359,116,2024-06-10,92,82,202,4,157,86,21,1.01,Dengue,48,0,50.91,25.1,modéré,29.5,81.3,3784.9,False,0.56,0.73,0.01,130.7,15.5
9,Centre Hospitalier Régional de Matam,Matam,Matam,359,116,2024-06-11,10,44,341,20,18,109,48,2.18,Covid-19,59,3,77.4,6.52,modéré,38.9,72.2,1148.0,False,0.54,0.56,0.16,87.5,41.5
9,Centre Hospitalier Régional de Matam,Matam,Matam,359,116,2024-06-12,70,48,40,2,319,74,25,2.55,Covid-19,42,4,68.8,15.42,modéré,38.0,87.8,1477.3,False,0.89,0.31,0.2,67.1,37.9
9,Centre Hospitalier Régional de Matam,Matam,Matam,359,116,2024-06-13,37,37,140,24,219,83,37,2.82,Paludisme,110,5,68.02,2.51,élevé,28.2,84.4,1977.3,True,0.82,0.72,0.15,19.0,58.0
9,Centre Hospitalier Régional de Matam,Matam,Matam,359,116,2024-06-14,65,18,99,4,260,70,29,3.57,Grippe,91,1,79.0,24.73,élevé,32.5,77.7,4101.6,True,0.73,0.93,0.05,64.8,42.6
9,Centre Hospitalier Régional de Matam,Matam,Matam,359,116,2024-06-15,17,11,143,20,216,90,31,0.7,Grippe,55,9,64.91,4.14,modéré,38.7,88.5,2662.7,False,0.52,0.43,0.11,118.0,18.5
9,Centre Hospitalier Régional de Matam,Matam,Matam,359,116,2024-06-16,89,43,55,11,304,84,37,3.58,Covid-19,86,10,87.88,11.12,élevé,28.7,48.2,4895.6,True,0.47,0.32,0.01,48.5,42.1
9,Centre Hospitalier Régional de Matam,Matam,Matam,359,116,2024-06-17,50,13,100,1,259,104,8,0.79,Covid-19,83,9,57.92,29.9,élevé,26.4,65.5,2224.3,True,0.44,0.81,0.1,133.0,50.2
9,Centre Hospitalier Régional de Matam,Matam,Matam,359,116,2024-06-18,66,41,266,15,93,103,49,2.9,Dengue,67,8,79.29,23.84,modéré,31.9,53.0,1892.1,False,0.68,0.85,0.06,20.1,5.2
9,Centre Hospitalier Régional de Matam,Matam,Matam,359,116,2024-06-19,93,62,40,11,319,73,46,0.9,Paludisme,30,7,54.78,26.88,modéré,33.5,55.8,4561.3,False,0.98,0.67,0.2,13.6,35.0
9,Centre Hospitalier Régional de Matam,Matam,Matam,359,116,2024-06-20,25,20,119,4,240,101,42,2.88,Paludisme,120,9,34.36,12.09,élevé,24.0,46.2,2064.0,True,0.68,0.72,0.06,6.6,18.5
9,Centre Hospitalier Régional de Matam,Matam,Matam,359,116,2024-01-23,96,28,238,23,121,72,57,2.66,Dengue,37,7,57.83,9.35,modéré,29.2,68.5,4427.9,False,0.51,0.82,0.09,78.8,26.0
9,Centre Hospitalier Régional de Matam,Matam,Matam,359,116,2024-01-24,75,87,320,11,39,66,48,2.08,Dengue,77,7,89.63,11.14,modéré,31.6,66.4,2659.9,False,0.81,0.72,0.01,78.1,21.2
9,Centre Hospitalier Régional de Matam,Matam,Matam,359,116,2024-01-25,14,22,357,19,2,103,41,1.24,Paludisme,91,5,40.26,23.72,élevé,22.6,46.4,1448.7,True,0.67,0.85,0.04,148.6,9.3
9,Centre Hospitalier Régional de Matam,Matam,Matam,359,116,2024-01-26,33,90,293,11,66,102,27,3.98,Covid-19,78,7,86.97,2.94,modéré,22.6,47.3,2459.3,False,0.92,0.38,0.0,177.6,50.1
9,Centre Hospitalier Régional de Matam,Matam,Matam,359,116,2024-01-27,29,81,20,21,339,83,29,0.93,Choléra,100,9,48.01,20.4,élevé,35.3,85.4,4929.7,True,0.76,0.53,0.08,58.9,39.4
9,Centre Hospitalier Régional de Matam,Matam,Matam,359,116,2024-01-28,83,31,278,7,81,103,32,0.77,Dengue,110,9,68.68,29.25,élevé,35.3,63.0,4670.4,True,0.61,0.37,0.01,95.8,49.7
9,Centre Hospitalier Régional de Matam,Matam,Matam,359,116,2024-01-29,69,84,79,25,280,99,23,2.4,Choléra,3,7,60.1,6.6,faible,29.7,81.8,4213.9,False,0.73,0.34,0.19,62.6,52.6
9,Centre Hospitalier Régional de Matam,Matam,Matam,359,116,2024-01-30,33,16,83,12,276,92,25,3.36,Grippe,46,2,80.88,12.44,modéré,22.2,75.6,2419.8,False,0.86,0.51,0.01,178.4,18.2
9,Centre Hospitalier Régional de Matam,Matam,Matam,359,116,2024-01-31,95,20,227,23,132,94,12,3.01,Covid-19,103,0,86.71,18.38,élevé,27.0,51.3,316.7,True,0.25,0.58,0.12,158.7,6.6
9,Centre Hospitalier Régional de Matam,Matam,Matam,359,116,2024-02-01,50,5,234,10,125,86,38,0.18,Grippe,20,8,78.86,21.63,faible,35.4,54.8,1718.1,False,0.46,0.66,0.16,107.4,44.6
9,Centre Hospitalier Régional de Matam,Matam,Matam,359,116,2024-02-02,83,64,24,20,335,107,53,2.35,Paludisme,38,8,76.66,7.3,modéré,34.3,67.1,2743.8,False,0.65,0.35,0.07,51.1,18.0
9,Centre Hospitalier Régional de Matam,Matam,Matam,359,116,2024-02-03,24,17,297,17,62,77,6,3.53,Grippe,108,0,32.07,4.99,élevé,26.7,55.9,4339.4,True,0.21,0.59,0.14,55.0,21.5
9,Centre Hospitalier Régional de Matam,Matam,Matam,359,116,2024-02-04,31,40,38,10,321,68,32,3.1,Paludisme,3,4,61.53,8.3,faible,29.9,59.2,2356.2,False,0.37,0.95,0.16,157.7,53.9
9,Centre Hospitalier Régional de Matam,Matam,Matam,359,116,2024-02-05,36,5,204,4,155,94,14,3.09,Grippe,1,3,64.87,6.11,faible,33.2,52.6,1822.5,False,0.24,0.53,0.09,14.7,48.8
9,Centre Hospitalier Régional de Matam,Matam,Matam,359,116,2024-02-06,17,64,256,19,103,96,30,3.46,Choléra,80,7,66.44,9.48,élevé,22.9,66.0,292.7,False,0.73,0.82,0.01,125.9,7.2
9,Centre Hospitalier Régional de Matam,Matam,Matam,359,116,2024-02-07,56,58,68,23,291,107,11,2.96,Choléra,14,4,43.66,21.4,faible,24.9,83.5,174.8,False,0.48,0.65,0.05,128.7,27.2
9,Centre Hospitalier Régional de Matam,Matam,Matam,359,116,2024-02-08,84,87,89,21,270,69,3,1.61,Paludisme,29,6,88.67,1.06,faible,30.0,45.4,1323.5,False,0.83,0.52,0.17,128.1,11.8
9,Centre Hospitalier Régional de Matam,Matam,Matam,359,116,2024-02-09,19,15,269,13,90,73,22,2.62,Choléra,116,2,67.45,29.35,élevé,35.8,64.5,3617.0,True,0.52,0.96,0.19,170.0,25.8
9,Centre Hospitalier Régional de Matam,Matam,Matam,359,116,2024-02-10,46,30,84,10,275,98,18,0.49,Grippe,49,10,55.65,25.33,modéré,25.5,62.1,4748.7,False,0.36,0.8,0.18,137.0,46.2
9,Centre Hospitalier Régional de Matam,Matam,Matam,359,116,2024-02-11,32,20,140,6,219,72,13,0.18,Dengue,114,10,57.42,6.9,élevé,34.7,57.2,2203.7,True,0.96,0.63,0.18,53.8,45.3
9,Centre Hospitalier Régional de Matam,Matam,Matam,359,116,2024-02-12,26,30,272,23,87,114,7,3.92,Choléra,101,8,84.12,9.29,élevé,30.1,49.0,1350.6,True,0.77,0.57,0.14,137.7,51.8
9,Centre Hospitalier Régional de Matam,Matam,Matam,359,116,2024-02-13,30,43,302,19,57,74,39,3.3,Grippe,17,6,45.75,29.93,faible,34.4,61.0,4200.3,False,0.52,0.64,0.14,102.5,17.3
9,Centre Hospitalier Régional de Matam,Matam,Matam,359,116,2024-02-14,57,33,256,21,103,102,32,2.33,Paludisme,112,10,48.47,5.08,élevé,27.9,77.8,833.0,True,0.37,0.53,0.18,160.5,39.3
9,Centre Hospitalier Régional de Matam,Matam,Matam,359,116,2024-02-15,93,81,216,24,143,82,8,2.11,Covid-19,104,2,58.06,18.66,élevé,22.8,48.7,3309.3,True,1.0,0.63,0.13,109.5,22.6
9,Centre Hospitalier Régional de Matam,Matam,Matam,359,116,2024-02-16,91,50,305,7,54,112,21,0.57,Dengue,97,4,57.07,17.3,élevé,27.1,51.0,4403.9,True,0.29,0.77,0.15,7.8,31.7
9,Centre Hospitalier Régional de Matam,Matam,Matam,359,116,2024-02-17,83,56,215,7,144,108,4,0.34,Paludisme,65,5,85.6,25.03,modéré,30.9,44.3,1195.3,False,0.32,0.87,0.03,34.6,58.1
9,Centre Hospitalier Régional de Matam,Matam,Matam,359,116,2024-02-18,73,41,44,11,315,81,15,3.9,Grippe,6,0,85.37,8.19,faible,29.4,40.6,3892.9,False,0.89,0.36,0.2,56.3,10.4
9,Centre Hospitalier Régional de Matam,Matam,Matam,359,116,2024-02-19,53,86,240,0,119,104,5,3.86,Covid-19,57,0,60.56,25.53,modéré,22.6,61.3,4266.4,False,0.6,0.5,0.05,65.7,45.6
9,Centre Hospitalier Régional de Matam,Matam,Matam,359,116,2024-02-20,72,36,188,13,171,70,57,1.45,Grippe,60,9,34.05,12.55,modéré,27.7,51.7,1257.6,False,0.6,0.53,0.11,123.8,41.3
9,Centre Hospitalier Régional de Matam,Matam,Matam,359,116,2024-02-21,55,85,137,3,222,75,43,3.7,Grippe,2,10,69.47,4.44,faible,25.0,83.8,1191.7,False,0.89,0.75,0.1,14.0,29.4
9,Centre Hospitalier Régional de Matam,Matam,Matam,359,116,2024-02-22,88,56,166,19,193,67,56,2.59,Covid-19,104,6,59.18,5.28,élevé,37.4,81.4,296.7,True,0.75,0.88,0.18,70.2,27.9
9,Centre Hospitalier Régional de Matam,Matam,Matam,359,116,2024-02-23,43,68,27,24,332,85,13,3.81,Grippe,110,4,87.82,2.43,élevé,25.2,73.2,3525.1,True,0.99,0.42,0.06,42.6,10.7
9,Centre Hospitalier Régional de Matam,Matam,Matam,359,116,2024-02-24,81,77,76,10,283,95,58,3.24,Dengue,30,10,66.61,9.85,modéré,28.3,40.9,3724.3,False,0.67,0.99,0.2,151.9,5.0
9,Centre Hospitalier Régional de Matam,Matam,Matam,359,116,2024-02-25,81,29,178,1,181,75,19,0.35,Paludisme,57,1,65.94,9.25,modéré,30.0,84.4,563.2,False,0.85,0.65,0.02,43.7,7.8
9,Centre Hospitalier Régional de Matam,Matam,Matam,359,116,2024-02-26,55,12,220,4,139,88,22,2.41,Grippe,12,8,46.54,5.69,faible,26.2,78.4,3042.1,False,0.75,0.79,0.02,72.3,28.1
9,Centre Hospitalier Régional de Matam,Matam,Matam,359,116,2024-02-27,76,74,335,17,24,105,39,1.91,Paludisme,113,4,39.51,9.69,élevé,35.9,50.6,749.6,True,0.24,0.37,0.18,9.2,55.6
9,Centre Hospitalier Régional de Matam,Matam,Matam,359,116,2024-02-28,36,70,45,0,314,100,58,1.73,Covid-19,9,0,57.53,27.94,faible,26.0,85.8,3967.4,False,0.81,0.59,0.12,167.3,23.9
9,Centre Hospitalier Régional de Matam,Matam,Matam,359,116,2024-02-29,42,70,251,22,108,69,55,3.56,Choléra,57,2,38.88,29.93,modéré,23.4,74.8,3200.9,False,0.79,0.53,0.1,43.7,57.4
9,Centre Hospitalier Régional de Matam,Matam,Matam,359,116,2024-03-01,34,52,199,16,160,109,15,2.12,Grippe,89,7,55.78,27.68,élevé,31.3,40.9,2762.7,True,0.47,0.64,0.07,154.9,20.3
9,Centre Hospitalier Régional de Matam,Matam,Matam,359,116,2024-03-02,49,24,110,24,249,69,11,1.31,Covid-19,61,5,91.81,6.81,modéré,25.7,58.0,377.1,False,0.74,0.56,0.15,144.6,25.6
9,Centre Hospitalier Régional de Matam,Matam,Matam,359,116,2024-03-03,77,49,113,6,246,67,36,3.09,Grippe,104,10,86.09,21.64,élevé,30.7,56.8,4344.0,True,0.77,0.91,0.06,133.6,39.6
9,Centre Hospitalier Régional de Matam,Matam,Matam,359,116,2024-03-04,96,72,249,19,110,76,59,3.77,Covid-19,73,8,42.42,29.68,modéré,31.7,66.6,228.2,False,0.6,0.74,0.12,143.2,28.1
9,Centre Hospitalier Régional de Matam,Matam,Matam,359,116,2024-03-05,96,31,327,15,32,73,57,1.72,Grippe,57,7,91.49,13.89,modéré,30.9,69.4,3640.9,False,0.55,0.4,0.07,27.5,21.0
9,Centre Hospitalier Régional de Matam,Matam,Matam,359,116,2024-03-06,57,38,50,17,309,109,3,2.87,Paludisme,99,6,39.63,2.14,élevé,37.8,84.3,2884.8,True,0.44,0.93,0.05,30.9,29.1
9,Centre Hospitalier Régional de Matam,Matam,Matam,359,116,2024-03-07,51,80,159,14,200,107,1,1.8,Dengue,76,9,70.52,5.59,modéré,28.0,56.7,510.8,False,0.33,0.7,0.18,8.5,20.6
9,Centre Hospitalier Régional de Matam,Matam,Matam,359,116,2024-03-08,99,81,358,23,1,79,21,1.77,Covid-19,98,5,34.91,3.25,élevé,34.3,77.7,3602.5,True,0.57,0.96,0.07,36.7,50.9
9,Centre Hospitalier Régional de Matam,Matam,Matam,359,116,2024-03-09,35,67,257,3,102,75,25,2.68,Grippe,29,7,47.27,22.44,faible,29.3,41.1,2549.0,False,0.75,0.6,0.03,131.4,24.7
9,Centre Hospitalier Régional de Matam,Matam,Matam,359,116,2024-03-10,48,86,217,10,142,98,38,2.67,Dengue,14,1,81.51,24.21,faible,22.6,74.2,1333.2,False,0.74,0.94,0.07,62.5,15.1
9,Centre Hospitalier Régional de Matam,Matam,Matam,359,116,2024-03-11,95,65,199,13,160,95,29,0.87,Dengue,76,1,35.47,25.67,modéré,22.2,50.4,3016.0,False,0.9,0.41,0.0,136.0,6.0
9,Centre Hospitalier Régional de Matam,Matam,Matam,359,116,2024-03-12,15,65,125,10,234,109,18,2.9,Grippe,65,10,80.23,18.18,modéré,29.0,85.8,770.3,False,0.7,0.4,0.07,25.5,26.0
