hospital_id,hospital_name,region,city,capacity_beds,capacity_staff,date,patients_admitted,patients_released,patients_in_care,icu_patients,available_beds,available_staff,emergency_cases,mortality_rate,disease_name,new_cases,new_deaths,vaccination_rate,test_positivity_rate,risk_level,temperature_c,humidity_percent,population_density,public_alert,region_mobility_index,medical_supplies_index,staff_absence_rate,avg_wait_time_minutes,response_time_minutes
8,Centre Hospitalier Régional de Saint-Louis,Saint-Louis,Saint-Louis,540,387,2024-07-07,12,27,170,9,370,357,44,0.53,Dengue,21,9,52.01,23.14,faible,27.6,48.8,1928.2,False,0.69,0.61,0.2,154.4,40.9
8,Centre Hospitalier Régional de Saint-Louis,Saint-Louis,Saint-Louis,540,387,2024-07-08,61,31,116,10,424,337,34,3.45,Choléra,12,7,49.13,5.8,faible,35.1,89.3,2857.8,False,0.82,0.71,0.03,28.4,22.2
8,Centre Hospitalier Régional de Saint-Louis,Saint-Louis,Saint-Louis,540,387,2024-07-09,24,22,435,14,105,354,40,1.32,Paludisme,35,9,34.43,9.24,modéré,37.6,51.4,2154.8,False,0.39,0.6,0.01,123.2,8.2
8,Centre Hospitalier Régional de Saint-Louis,Saint-Louis,Saint-Louis,540,387,2024-07-10,74,54,406,3,134,340,6,3.71,Covid-19,38,6,38.47,15.78,modéré,32.7,82.5,3158.7,False,0.83,0.84,0.16,109.8,45.3
8,Centre Hospitalier Régional de Saint-Louis,Saint-Louis,Saint-Louis,540,387,2024-07-11,90,55,382,22,158,374,59,0.28,Grippe,72,7,53.1,18.73,modéré,32.8,51.1,939.6,False,0.85,0.94,0.1,87.2,48.9
8,Centre Hospitalier Régional de Saint-Louis,Saint-Louis,Saint-Louis,540,387,2024-07-12,31,68,280,3,260,344,33,1.44,Paludisme,26,4,38.19,14.58,faible,38.4,86.1,540.8,False,0.96,0.9,0.13,83.1,39.0
8,Centre Hospitalier Régional de Saint-Louis,Saint-Louis,Saint-Louis,540,387,2024-07-13,56,7,489,1,51,381,26,2.17,Dengue,35,3,67.19,14.05,modéré,36.8,52.1,3974.3,False,0.35,0.77,0.15,107.4,34.5
8,Centre Hospitalier Régional de Saint-Louis,Saint-Louis,Saint-Louis,540,387,2024-07-14,34,59,497,5,43,339,59,1.73,Grippe,63,5,46.71,11.81,modéré,28.9,55.1,2129.7,False,0.75,0.42,0.12,113.1,25.4
8,Centre Hospitalier Régional de Saint-Louis,Saint-Louis,Saint-Louis,540,387,2024-07-15,52,29,467,23,73,387,6,1.47,Choléra,113,9,48.88,23.86,élevé,35.1,71.8,3225.6,True,0.39,0.62,0.15,146.5,35.7
8,Centre Hospitalier Régional de Saint-Louis,Saint-Louis,Saint-Louis,540,387,2024-07-16,99,61,180,21,360,351,11,3.63,Paludisme,43,10,89.8,19.88,modéré,27.4,62.0,823.4,False,0.55,0.62,0.14,149.4,12.3
8,Centre Hospitalier Régional de Saint-Louis,Saint-Louis,Saint-Louis,540,387,2024-07-17,51,71,78,10,462,380,19,0.34,Covid-19,51,1,36.24,3.19,modéré,25.2,60.6,2741.8,False,0.63,0.97,0.04,157.4,7.0
8,Centre Hospitalier Régional de Saint-Louis,Saint-Louis,Saint-Louis,540,387,2024-07-18,48,63,378,13,162,367,25,2.31,Paludisme,63,3,33.06,12.34,modéré,37.9,59.6,1998.3,False,0.21,0.92,0.09,63.1,14.6
8,Centre Hospitalier Régional de Saint-Louis,Saint-Louis,Saint-Louis,540,387,2024-07-19,72,36,209,18,331,337,35,1.68,Paludisme,61,5,61.62,20.94,modéré,24.7,88.7,3825.5,False,0.62,0.56,0.11,157.1,42.6
8,Centre Hospitalier Régional de Saint-Louis,Saint-Louis,Saint-Louis,540,387,2024-07-20,86,85,137,0,403,382,12,0.87,Grippe,105,7,72.1,18.34,élevé,25.0,81.9,2699.5,True,0.89,0.55,0.18,38.3,31.5
8,Centre Hospitalier Régional de Saint-Louis,Saint-Louis,Saint-Louis,540,387,2024-07-21,45,83,189,1,351,349,0,2.7,Covid-19,4,9,76.98,9.43,faible,37.6,49.6,2080.4,False,0.7,0.55,0.07,34.3,34.7
8,Centre Hospitalier Régional de Saint-Louis,Saint-Louis,Saint-Louis,540,387,2024-07-22,92,21,71,17,469,387,36,2.47,Covid-19,35,5,73.01,12.15,modéré,23.3,46.7,3369.1,False,0.42,0.87,0.15,87.5,18.0
8,Centre Hospitalier Régional de Saint-Louis,Saint-Louis,Saint-Louis,540,387,2024-07-23,75,88,45,14,495,386,38,3.15,Dengue,81,7,89.4,21.22,élevé,35.5,65.0,3480.1,True,0.25,0.84,0.11,9.2,13.8
8,Centre Hospitalier Régional de Saint-Louis,Saint-Louis,Saint-Louis,540,387,2024-07-24,72,56,490,7,50,373,39,0.54,Covid-19,43,5,39.79,10.04,modéré,31.7,73.5,723.6,False,0.39,0.35,0.09,152.3,54.6
8,Centre Hospitalier Régional de Saint-Louis,Saint-Louis,Saint-Louis,540,387,2024-07-25,71,6,188,19,352,362,45,1.59,Choléra,46,7,76.02,29.26,modéré,33.6,82.0,1115.8,False,0.59,0.43,0.12,119.9,56.7
8,Centre Hospitalier Régional de Saint-Louis,Saint-Louis,Saint-Louis,540,387,2024-07-26,99,84,346,9,194,357,44,3.61,Choléra,81,1,32.64,2.43,élevé,33.0,65.1,4391.6,True,0.78,0.78,0.09,117.6,14.3
8,Centre Hospitalier Régional de Saint-Louis,Saint-Louis,Saint-Louis,540,387,2024-07-27,88,25,433,18,107,356,28,3.98,Covid-19,50,2,45.49,15.01,modéré,36.5,43.0,4831.0,False,0.39,0.74,0.07,87.4,24.6
8,Centre Hospitalier Régional de Saint-Louis,Saint-Louis,Saint-Louis,540,387,2024-07-28,47,8,471,8,69,347,7,2.46,Covid-19,116,1,36.01,3.32,élevé,30.8,76.4,2632.5,True,0.69,0.93,0.12,80.3,55.6
8,Centre Hospitalier Régional de Saint-Louis,Saint-Louis,Saint-Louis,540,387,2024-07-29,37,61,471,19,69,366,50,1.21,Grippe,100,9,85.51,24.51,élevé,35.3,56.1,1461.8,True,0.29,0.99,0.08,56.2,45.8
8,Centre Hospitalier Régional de Saint-Louis,Saint-Louis,Saint-Louis,540,387,2024-07-30,19,41,519,19,21,380,20,1.05,Paludisme,19,3,93.85,8.16,faible,22.9,60.7,3642.9,False,0.63,0.72,0.07,132.5,7.6
8,Centre Hospitalier Régional de Saint-Louis,Saint-Louis,Saint-Louis,540,387,2024-07-31,27,42,77,10,463,348,3,2.05,Grippe,8,2,56.16,10.82,faible,26.3,84.0,1828.5,False,0.99,0.8,0.07,63.6,40.2
8,Centre Hospitalier Régional de Saint-Louis,Saint-Louis,Saint-Louis,540,387,2024-08-01,92,48,530,5,10,354,39,3.81,Grippe,41,9,86.44,28.71,modéré,28.8,72.6,3266.9,False,0.41,0.47,0.05,162.2,28.6
8,Centre Hospitalier Régional de Saint-Louis,Saint-Louis,Saint-Louis,540,387,2024-08-02,26,42,255,0,285,362,19,0.17,Paludisme,86,0,42.75,23.73,élevé,35.8,48.7,3715.0,True,0.71,0.8,0.02,28.4,36.5
8,Centre Hospitalier Régional de Saint-Louis,Saint-Louis,Saint-Louis,540,387,2024-08-03,43,81,266,6,274,359,14,0.11,Choléra,48,2,50.39,6.22,modéré,37.7,63.9,530.3,False,0.53,0.81,0.18,178.3,39.3
8,Centre Hospitalier Régional de Saint-Louis,Saint-Louis,Saint-Louis,540,387,2024-08-04,89,48,223,14,317,353,41,2.98,Choléra,51,10,46.0,19.84,modéré,22.7,76.4,2336.9,False,0.37,0.6,0.12,124.3,24.7
8,Centre Hospitalier Régional de Saint-Louis,Saint-Louis,Saint-Louis,540,387,2024-08-05,39,52,118,14,422,364,51,2.61,Choléra,120,2,51.34,12.66,élevé,37.3,78.7,1837.6,True,0.5,0.44,0.12,100.4,30.1
8,Centre Hospitalier Régional de Saint-Louis,Saint-Louis,Saint-Louis,540,387,2024-08-06,66,22,158,11,382,343,13,2.02,Choléra,57,4,90.75,18.09,modéré,22.8,74.6,3446.2,False,0.41,0.39,0.03,111.0,50.1
8,Centre Hospitalier Régional de Saint-Louis,Saint-Louis,Saint-Louis,540,387,2024-08-07,88,18,458,15,82,386,49,0.49,Covid-19,101,2,58.99,23.2,élevé,26.6,59.0,122.3,True,0.73,0.35,0.1,114.2,57.4
8,Centre Hospitalier Régional de Saint-Louis,Saint-Louis,Saint-Louis,540,387,2024-08-08,19,61,251,20,289,378,17,1.16,Choléra,59,7,33.61,21.55,modéré,35.0,81.2,1884.0,False,0.98,0.31,0.19,100.9,38.5
8,Centre Hospitalier Régional de Saint-Louis,Saint-Louis,Saint-Louis,540,387,2024-08-09,64,17,354,6,186,387,33,1.38,Paludisme,96,2,90.28,20.58,élevé,25.8,84.8,4528.0,True,0.38,0.88,0.14,10.9,29.1
8,Centre Hospitalier Régional de Saint-Louis,Saint-Louis,Saint-Louis,540,387,2024-08-10,78,78,100,24,440,363,10,3.97,Grippe,55,8,79.85,25.3,modéré,32.4,75.2,961.6,False,0.24,0.64,0.2,128.0,11.4
8,Centre Hospitalier Régional de Saint-Louis,Saint-Louis,Saint-Louis,540,387,2024-08-11,57,64,208,24,332,371,21,0.91,Dengue,115,4,77.21,23.55,élevé,35.0,79.0,2143.8,True,0.71,0.6,0.08,113.5,59.1
8,Centre Hospitalier Régional de Saint-Louis,Saint-Louis,Saint-Louis,540,387,2024-08-12,98,43,130,4,410,341,59,1.41,Covid-19,71,4,87.29,21.94,modéré,28.7,49.1,4546.9,False,0.36,0.3,0.16,139.9,34.9
8,Centre Hospitalier Régional de Saint-Louis,Saint-Louis,Saint-Louis,540,387,2024-08-13,91,60,402,25,138,366,33,3.17,Choléra,0,2,79.72,24.71,faible,24.5,64.2,887.9,False,0.66,0.71,0.01,142.1,19.9
8,Centre Hospitalier Régional de Saint-Louis,Saint-Louis,Saint-Louis,540,387,2024-08-14,66,81,264,5,276,387,29,3.72,Covid-19,93,8,59.22,1.33,élevé,29.9,81.2,3764.3,True,0.39,0.43,0.15,48.6,29.0
8,Centre Hospitalier Régional de Saint-Louis,Saint-Louis,Saint-Louis,540,387,2024-08-15,58,90,295,22,245,377,6,0.24,Covid-19,46,1,84.19,5.89,modéré,35.1,75.5,1888.5,False,0.65,0.49,0.09,119.6,31.2
8,Centre Hospitalier Régional de Saint-Louis,Saint-Louis,Saint-Louis,540,387,2024-08-16,11,45,177,22,363,378,14,1.17,Choléra,91,2,91.98,4.49,élevé,23.1,69.5,2023.7,True,0.23,0.53,0.19,49.5,22.7
8,Centre Hospitalier Régional de Saint-Louis,Saint-Louis,Saint-Louis,540,387,2024-08-17,92,71,409,19,131,366,41,0.45,Paludisme,4,6,49.17,6.84,faible,37.6,72.0,4234.7,False,0.48,0.38,0.17,135.0,37.3
8,Centre Hospitalier Régional de Saint-Louis,Saint-Louis,Saint-Louis,540,387,2024-08-18,94,73,508,13,32,350,56,3.61,Covid-19,49,10,74.82,7.29,modéré,34.2,60.7,1009.5,False,0.75,0.88,0.17,18.9,19.6
8,Centre Hospitalier Régional de Saint-Louis,Saint-Louis,Saint-Louis,540,387,2024-08-19,20,5,162,4,378,374,28,0.99,Covid-19,115,7,73.7,20.86,élevé,31.8,88.6,2171.3,True,0.21,0.42,0.04,112.0,13.4
8,Centre Hospitalier Régional de Saint-Louis,Saint-Louis,Saint-Louis,540,387,2024-08-20,98,34,59,9,481,374,38,2.07,Choléra,20,10,30.04,14.74,faible,33.6,47.3,4732.5,False,0.67,0.48,0.07,64.8,21.1
8,Centre Hospitalier Régional de Saint-Louis,Saint-Louis,Saint-Louis,540,387,2024-08-21,33,43,52,2,488,364,47,3.8,Paludisme,75,1,68.64,29.34,modéré,36.5,60.5,1063.6,False,0.26,0.79,0.04,130.7,51.0
8,Centre Hospitalier Régional de Saint-Louis,Saint-Louis,Saint-Louis,540,387,2024-08-22,27,32,99,19,441,372,20,1.93,Dengue,21,4,81.33,19.31,faible,37.7,61.6,1444.3,False,0.64,0.66,0.09,178.4,36.2
8,Centre Hospitalier Régional de Saint-Louis,Saint-Louis,Saint-Louis,540,387,2024-08-23,26,73,405,17,135,342,53,3.35,Grippe,96,3,93.01,6.14,élevé,26.4,69.0,556.5,True,0.94,0.97,0.17,48.0,34.5
8,Centre Hospitalier Régional de Saint-Louis,Saint-Louis,Saint-Louis,540,387,2024-08-24,72,8,214,1,326,340,47,3.4,Choléra,45,3,64.44,26.06,modéré,27.9,54.1,414.1,False,0.68,0.65,0.11,138.0,45.5
8,Centre Hospitalier Régional de Saint-Louis,Saint-Louis,Saint-Louis,540,387,2024-08-25,46,47,93,3,447,352,26,2.5,Choléra,15,10,34.44,28.55,faible,27.0,65.4,3688.4,False,0.79,0.47,0.16,144.0,24.0
8,Centre Hospitalier Régional de Saint-Louis,Saint-Louis,Saint-Louis,540,387,2024-03-29,65,60,494,11,46,376,56,3.68,Paludisme,62,5,53.25,4.32,modéré,33.6,77.5,709.0,False,0.84,0.63,0.09,171.3,12.6
8,Centre Hospitalier Régional de Saint-Louis,Saint-Louis,Saint-Louis,540,387,2024-03-30,11,38,81,6,459,348,3,0.74,Dengue,90,0,41.98,7.72,élevé,29.8,40.5,4821.9,True,0.75,0.87,0.1,117.0,59.5
8,Centre Hospitalier Régional de Saint-Louis,Saint-Louis,Saint-Louis,540,387,2024-03-31,56,58,214,22,326,341,22,1.0,Covid-19,0,6,51.78,14.93,faible,30.9,67.6,3858.9,False,0.39,0.78,0.04,108.0,22.5
8,Centre Hospitalier Régional de Saint-Louis,Saint-Louis,Saint-Louis,540,387,2024-04-01,15,34,504,19,36,359,48,2.53,Paludisme,28,9,58.17,21.34,faible,35.6,83.3,374.8,False,0.5,0.97,0.07,92.3,27.9
8,Centre Hospitalier Régional de Saint-Louis,Saint-Louis,Saint-Louis,540,387,2024-04-02,72,41,302,19,238,366,43,2.05,Paludisme,47,5,55.18,14.96,modéré,24.0,53.4,3419.9,False,0.97,0.82,0.12,131.0,32.6
8,Centre Hospitalier Régional de Saint-Louis,Saint-Louis,Saint-Louis,540,387,2024-04-03,12,20,486,19,54,376,46,3.02,Paludisme,20,0,71.42,20.3,faible,34.9,77.4,3831.4,False,0.6,0.44,0.1,175.1,34.6
8,Centre Hospitalier Régional de Saint-Louis,Saint-Louis,Saint-Louis,540,387,2024-04-04,95,11,477,11,63,363,13,2.85,Covid-19,107,9,47.74,8.58,élevé,24.1,79.3,2173.9,True,0.26,0.65,0.15,36.4,4.8
8,Centre Hospitalier Régional de Saint-Louis,Saint-Louis,Saint-Louis,540,387,2024-04-05,41,29,107,14,433,345,20,3.04,Covid-19,103,5,42.31,19.5,élevé,29.3,49.9,4111.9,True,0.92,0.74,0.16,32.7,33.7
8,Centre Hospitalier Régional de Saint-Louis,Saint-Louis,Saint-Louis,540,387,2024-04-06,100,82,382,23,158,382,21,3.65,Dengue,69,5,85.65,3.59,modéré,35.3,46.2,2413.5,False,0.6,0.34,0.0,31.8,35.7
8,Centre Hospitalier Régional de Saint-Louis,Saint-Louis,Saint-Louis,540,387,2024-04-07,85,43,489,10,51,356,1,2.01,Dengue,70,9,80.64,9.08,modéré,22.7,89.7,2401.1,False,0.45,0.73,0.07,35.0,8.5
8,Centre Hospitalier Régional de Saint-Louis,Saint-Louis,Saint-Louis,540,387,2024-04-08,28,72,82,3,458,353,41,3.09,Paludisme,30,2,80.66,7.61,modéré,33.6,86.9,4401.1,False,0.71,0.61,0.19,114.0,7.0
8,Centre Hospitalier Régional de Saint-Louis,Saint-Louis,Saint-Louis,540,387,2024-04-09,36,9,458,4,82,362,39,3.42,Paludisme,21,0,48.42,28.92,faible,25.4,74.6,4344.8,False,0.61,0.66,0.06,119.4,35.7
8,Centre Hospitalier Régional de Saint-Louis,Saint-Louis,Saint-Louis,540,387,2024-04-10,67,10,236,3,304,354,59,3.08,Paludisme,109,3,76.61,9.64,élevé,33.7,41.6,1455.8,True,0.4,0.98,0.01,99.7,58.5
8,Centre Hospitalier Régional de Saint-Louis,Saint-Louis,Saint-Louis,540,387,2024-04-11,86,78,167,20,373,341,17,3.18,Grippe,94,0,51.39,18.96,élevé,38.6,40.5,640.8,True,0.38,0.92,0.15,174.3,47.3
8,Centre Hospitalier Régional de Saint-Louis,Saint-Louis,Saint-Louis,540,387,2024-04-12,31,9,117,24,423,375,37,2.8,Grippe,63,0,30.22,5.24,modéré,29.5,51.7,1199.4,False,0.91,0.52,0.05,95.8,5.7
8,Centre Hospitalier Régional de Saint-Louis,Saint-Louis,Saint-Louis,540,387,2024-04-13,54,34,329,7,211,348,39,1.51,Grippe,64,5,37.97,12.89,modéré,32.2,74.7,1232.1,False,0.69,0.7,0.03,5.7,20.0
8,Centre Hospitalier Régional de Saint-Louis,Saint-Louis,Saint-Louis,540,387,2024-04-14,97,22,397,22,143,356,33,1.89,Covid-19,19,8,63.84,26.04,faible,32.9,62.1,2625.5,False,0.32,0.37,0.1,59.3,38.0
8,Centre Hospitalier Régional de Saint-Louis,Saint-Louis,Saint-Louis,540,387,2024-04-15,94,72,245,0,295,382,28,1.39,Dengue,69,2,49.01,6.96,modéré,37.3,52.8,3748.2,False,0.66,0.55,0.09,13.6,34.7
8,Centre Hospitalier Régional de Saint-Louis,Saint-Louis,Saint-Louis,540,387,2024-04-16,37,9,220,19,320,373,55,2.76,Choléra,43,4,77.84,18.71,modéré,36.7,55.9,2581.4,False,0.63,0.53,0.15,24.1,46.7
8,Centre Hospitalier Régional de Saint-Louis,Saint-Louis,Saint-Louis,540,387,2024-04-17,54,41,342,1,198,381,52,1.65,Grippe,115,8,82.27,15.16,élevé,25.6,71.5,2250.4,True,0.58,0.95,0.02,94.7,47.4
8,Centre Hospitalier Régional de Saint-Louis,Saint-Louis,Saint-Louis,540,387,2024-04-18,25,63,91,6,449,377,28,3.86,Covid-19,32,6,84.38,4.22,modéré,35.5,82.8,2417.2,False,0.37,0.48,0.08,58.6,23.6
8,Centre Hospitalier Régional de Saint-Louis,Saint-Louis,Saint-Louis,540,387,2024-04-19,90,31,141,17,399,351,5,0.26,Covid-19,8,3,91.24,9.43,faible,36.9,47.2,2551.7,False,0.31,0.99,0.01,119.6,55.6
8,Centre Hospitalier Régional de Saint-Louis,Saint-Louis,Saint-Louis,540,387,2024-04-20,31,44,421,21,119,340,44,2.95,Choléra,35,2,82.68,26.8,modéré,26.6,58.6,2320.5,False,0.55,0.74,0.15,110.5,33.6
8,Centre Hospitalier Régional de Saint-Louis,Saint-Louis,Saint-Louis,540,387,2024-04-21,95,72,205,11,335,379,10,3.91,Dengue,52,6,85.04,29.85,modéré,37.1,43.8,3841.2,False,0.99,0.74,0.06,119.1,38.7
8,Centre Hospitalier Régional de Saint-Louis,Saint-Louis,Saint-Louis,540,387,2024-04-22,51,82,331,8,209,382,19,1.79,Grippe,88,4,62.32,25.83,élevé,28.2,61.1,1038.6,True,0.37,0.4,0.03,164.3,19.1
8,Centre Hospitalier Régional de Saint-Louis,Saint-Louis,Saint-Louis,540,387,2024-04-23,34,66,215,8,325,382,4,3.13,Covid-19,67,3,65.99,12.03,modéré,28.3,45.1,4079.5,False,0.55,0.72,0.11,34.7,10.2
8,Centre Hospitalier Régional de Saint-Louis,Saint-Louis,Saint-Louis,540,387,2024-04-24,48,65,254,22,286,387,26,2.99,Choléra,40,3,71.06,22.86,modéré,31.3,66.2,2964.4,False,0.7,0.39,0.0,160.5,29.3
8,Centre Hospitalier Régional de Saint-Louis,Saint-Louis,Saint-Louis,540,387,2024-04-25,90,55,329,25,211,338,18,2.4,Paludisme,55,1,91.24,27.48,modéré,26.8,76.8,2055.5,False,0.36,0.89,0.13,129.1,57.1
8,Centre Hospitalier Régional de Saint-Louis,Saint-Louis,Saint-Louis,540,387,2024-04-26,47,78,171,12,369,350,37,0.35,Dengue,54,2,85.38,13.71,modéré,33.3,51.6,4957.7,False,0.9,0.98,0.01,26.7,15.5
8,Centre Hospitalier Régional de Saint-Louis,Saint-Louis,Saint-Louis,540,387,2024-04-27,67,87,303,2,237,387,46,1.44,Choléra,26,6,47.11,25.14,faible,31.4,49.3,1055.6,False,0.39,0.36,0.08,42.8,31.4
8,Centre Hospitalier Régional de Saint-Louis,Saint-Louis,Saint-Louis,540,387,2024-04-28,59,62,362,3,178,358,25,3.77,Choléra,4,9,64.84,3.21,faible,23.7,41.2,3813.4,False,0.53,0.85,0.09,78.9,51.2
8,Centre Hospitalier Régional de Saint-Louis,Saint-Louis,Saint-Louis,540,387,2024-04-29,70,55,207,14,333,353,54,0.58,Paludisme,89,7,86.82,29.77,élevé,37.9,80.1,374.8,True,0.58,0.9,0.03,163.7,39.9
8,Centre Hospitalier Régional de Saint-Louis,Saint-Louis,Saint-Louis,540,387,2024-04-30,55,71,500,7,40,381,43,2.56,Paludisme,66,3,68.81,27.02,modéré,29.6,80.4,823.5,False,0.82,0.57,0.08,106.6,24.6
8,Centre Hospitalier Régional de Saint-Louis,Saint-Louis,Saint-Louis,540,387,2024-05-01,68,34,370,12,170,360,60,2.53,Paludisme,14,8,39.41,21.02,faible,23.7,45.6,652.2,False,0.73,0.35,0.05,94.1,4.9
8,Centre Hospitalier Régional de Saint-Louis,Saint-Louis,Saint-Louis,540,387,2024-05-02,10,64,323,2,217,342,31,0.9,Paludisme,61,6,50.25,22.69,modéré,34.0,74.6,1340.5,False,0.46,0.93,0.08,105.8,14.6
8,Centre Hospitalier Régional de Saint-Louis,Saint-Louis,Saint-Louis,540,387,2024-05-03,95,46,357,22,183,381,58,3.24,Covid-19,88,10,72.47,28.72,élevé,26.4,49.9,1569.5,True,0.73,0.63,0.07,118.5,43.3
8,Centre Hospitalier Régional de Saint-Louis,Saint-Louis,Saint-Louis,540,387,2024-05-04,44,65,435,19,105,371,10,2.44,Choléra,33,4,75.33,14.6,modéré,28.6,67.9,4675.9,False,0.55,0.55,0.15,60.7,32.2
8,Centre Hospitalier Régional de Saint-Louis,Saint-Louis,Saint-Louis,540,387,2024-05-05,41,8,379,2,161,340,18,1.53,Grippe,99,8,92.44,8.54,élevé,29.1,88.1,3389.8,True,0.52,0.3,0.14,70.2,56.8
8,Centre Hospitalier Régional de Saint-Louis,Saint-Louis,Saint-Louis,540,387,2024-05-06,34,53,100,15,440,346,4,0.25,Dengue,95,8,64.08,18.43,élevé,33.6,54.8,1911.8,True,0.82,0.96,0.09,165.7,50.8
8,Centre Hospitalier Régional de Saint-Louis,Saint-Louis,Saint-Louis,540,387,2024-05-07,74,50,67,16,473,380,29,0.35,Choléra,24,0,48.86,14.97,faible,34.0,81.6,4460.5,False,0.89,0.65,0.19,131.1,23.1
8,Centre Hospitalier Régional de Saint-Louis,Saint-Louis,Saint-Louis,540,387,2024-05-08,78,53,466,22,74,341,45,2.56,Covid-19,78,5,89.0,12.43,modéré,26.5,63.5,1297.2,False,0.68,0.73,0.14,128.2,9.6
8,Centre Hospitalier Régional de Saint-Louis,Saint-Louis,Saint-Louis,540,387,2024-05-09,74,32,44,24,496,358,20,1.55,Grippe,96,2,72.1,11.49,élevé,22.3,56.5,4078.7,True,0.6,0.98,0.14,141.1,29.2
8,Centre Hospitalier Régional de Saint-Louis,Saint-Louis,Saint-Louis,540,387,2024-05-10,56,32,333,4,207,376,34,0.51,Paludisme,15,6,47.84,20.94,faible,24.9,43.6,2135.8,False,0.9,0.46,0.19,134.9,22.3
8,Centre Hospitalier Régional de Saint-Louis,Saint-Louis,Saint-Louis,540,387,2024-05-11,54,57,113,14,427,386,33,2.83,Grippe,15,10,36.14,16.7,faible,25.5,68.1,2636.0,False,0.6,0.96,0.06,68.1,30.0
8,Centre Hospitalier Régional de Saint-Louis,Saint-Louis,Saint-Louis,540,387,2024-05-12,17,60,27,4,513,346,24,1.68,Choléra,54,10,63.58,19.6,modéré,22.9,69.0,169.0,False,0.61,0.33,0.08,120.2,10.9
8,Centre Hospitalier Régional de Saint-Louis,Saint-Louis,Saint-Louis,540,387,2024-05-13,16,17,236,24,304,346,11,2.06,Dengue,66,5,38.34,26.55,modéré,31.1,71.9,2625.7,False,0.28,0.99,0.07,58.2,14.9
8,Centre Hospitalier Régional de Saint-Louis,Saint-Louis,Saint-Louis,540,387,2024-05-14,24,16,305,0,235,373,27,0.12,Covid-19,117,10,82.78,9.55,élevé,27.0,42.5,2249.9,True,0.88,0.74,0.09,99.6,53.5
8,Centre Hospitalier Régional de Saint-Louis,Saint-Louis,Saint-Louis,540,387,2024-05-15,80,57,168,0,372,362,39,1.7,Dengue,15,10,39.25,14.54,faible,31.2,50.4,2548.3,False,0.29,0.39,0.12,61.6,4.2
8,Centre Hospitalier Régional de Saint-Louis,Saint-Louis,Saint-Louis,540,387,2024-05-16,87,18,454,10,86,370,8,2.79,Covid-19,85,10,90.71,23.74,élevé,25.4,67.9,4790.0,True,0.48,0.77,0.07,109.9,15.7
8,Centre Hospitalier Régional de Saint-Louis,Saint-Louis,Saint-Louis,540,387,2024-05-17,92,46,190,9,350,341,25,1.72,Grippe,94,5,32.76,13.49,élevé,33.4,81.4,2149.8,True,0.56,0.71,0.2,78.6,51.0
8,Centre Hospitalier Régional de Saint-Louis,Saint-Louis,Saint-Louis,540,387,2024-10-15,18,55,267,14,273,348,18,0.84,Paludisme,120,10,62.79,4.62,élevé,22.7,54.0,343.4,True,0.55,0.36,0.14,65.7,49.2
8,Centre Hospitalier Régional de Saint-Louis,Saint-Louis,Saint-Louis,540,387,2024-10-16,98,71,430,18,110,375,43,1.32,Grippe,26,1,52.42,7.54,faible,30.1,50.4,546.7,False,0.34,0.8,0.03,38.1,54.5
8,Centre Hospitalier Régional de Saint-Louis,Saint-Louis,Saint-Louis,540,387,2024-10-17,79,19,296,0,244,359,31,1.85,Grippe,41,2,68.17,12.88,modéré,29.3,53.8,4226.1,False,0.8,0.55,0.11,163.6,50.5
8,Centre Hospitalier Régional de Saint-Louis,Saint-Louis,Saint-Louis,540,387,2024-10-18,36,75,196,6,344,366,32,0.14,Choléra,107,6,88.09,20.1,élevé,35.4,84.4,1379.1,True,0.6,0.72,0.06,147.9,3.0
8,Centre Hospitalier Régional de Saint-Louis,Saint-Louis,Saint-Louis,540,387,2024-10-19,20,40,226,24,314,353,60,3.89,Covid-19,109,3,67.53,26.74,élevé,24.2,53.2,1630.0,True,0.46,0.87,0.02,132.9,36.3
8,Centre Hospitalier Régional de Saint-Louis,Saint-Louis,Saint-Louis,540,387,2024-10-20,90,25,67,1,473,364,10,3.19,Dengue,6,9,60.88,20.46,faible,22.8,86.7,1241.5,False,0.86,0.45,0.13,136.3,12.4
8,Centre Hospitalier Régional de Saint-Louis,Saint-Louis,Saint-Louis,540,387,2024-10-21,27,25,133,19,407,366,9,4.0,Choléra,119,1,58.39,15.1,élevé,31.7,43.7,379.2,True,0.92,0.66,0.04,121.4,48.9
8,Centre Hospitalier Régional de Saint-Louis,Saint-Louis,Saint-Louis,540,387,2024-10-22,86,74,234,16,306,346,10,1.53,Paludisme,90,1,46.43,19.56,élevé,37.4,62.4,4294.4,True,0.63,0.99,0.06,121.5,19.8
8,Centre Hospitalier Régional de Saint-Louis,Saint-Louis,Saint-Louis,540,387,2024-10-23,100,35,499,9,41,374,42,1.29,Paludisme,112,0,56.69,29.09,élevé,36.1,47.8,4883.2,True,0.96,0.73,0.04,159.7,24.7
8,Centre Hospitalier Régional de Saint-Louis,Saint-Louis,Saint-Louis,540,387,2024-10-24,29,37,32,10,508,382,9,3.58,Paludisme,14,9,89.51,12.96,faible,24.2,40.2,2623.7,False,0.8,0.66,0.06,78.5,24.8
8,Centre Hospitalier Régional de Saint-Louis,Saint-Louis,Saint-Louis,540,387,2024-10-25,93,90,393,1,147,350,14,1.75,Choléra,18,0,50.83,18.85,faible,30.3,77.5,1156.1,False,0.84,0.64,0.03,82.3,54.5
8,Centre Hospitalier Régional de Saint-Louis,Saint-Louis,Saint-Louis,540,387,2024-10-26,99,21,388,5,152,364,40,0.32,Grippe,24,4,35.06,7.44,faible,35.0,45.0,4564.4,False,0.33,0.63,0.07,35.0,28.6
8,Centre Hospitalier Régional de Saint-Louis,Saint-Louis,Saint-Louis,540,387,2024-10-27,51,13,188,8,352,362,36,1.81,Paludisme,26,1,79.42,3.62,faible,25.4,57.4,1300.9,False,0.68,0.98,0.01,137.9,49.6
8,Centre Hospitalier Régional de Saint-Louis,Saint-Louis,Saint-Louis,540,387,2024-10-28,25,88,157,25,383,374,30,1.87,Choléra,75,10,65.77,26.09,modéré,23.3,59.7,2811.7,False,0.34,0.92,0.2,47.6,12.9
8,Centre Hospitalier Régional de Saint-Louis,Saint-Louis,Saint-Louis,540,387,2024-10-29,76,27,463,13,77,363,35,0.6,Covid-19,99,10,93.3,26.08,élevé,26.1,62.1,554.1,True,0.73,0.34,0.17,122.4,7.6
8,Centre Hospitalier Régional de Saint-Louis,Saint-Louis,Saint-Louis,540,387,2024-10-30,65,8,111,19,429,365,36,1.1,Paludisme,70,5,61.93,13.0,modéré,38.4,53.9,871.3,False,0.59,0.4,0.01,56.8,26.7
8,Centre Hospitalier Régional de Saint-Louis,Saint-Louis,Saint-Louis,540,387,2024-10-31,19,36,135,10,405,378,6,1.61,Choléra,33,6,54.46,22.22,modéré,32.1,63.2,4651.6,False,0.42,0.61,0.16,100.3,25.0
8,Centre Hospitalier Régional de Saint-Louis,Saint-Louis,Saint-Louis,540,387,2024-11-01,70,44,219,9,321,338,0,2.21,Paludisme,67,3,54.12,25.17,modéré,25.8,58.0,2321.2,False,0.25,0.51,0.13,175.4,7.3
8,Centre Hospitalier Régional de Saint-Louis,Saint-Louis,Saint-Louis,540,387,2024-11-02,41,54,340,20,200,383,38,2.89,Covid-19,107,0,77.95,18.51,élevé,36.1,80.5,2406.0,True,0.9,0.66,0.1,85.6,11.4
8,Centre Hospitalier Régional de Saint-Louis,Saint-Louis,Saint-Louis,540,387,2024-11-03,94,46,328,4,212,355,60,1.7,Paludisme,18,8,73.66,2.82,faible,36.6,46.9,2391.8,False,0.99,0.7,0.19,11.6,44.9
8,Centre Hospitalier Régional de Saint-Louis,Saint-Louis,Saint-Louis,540,387,2024-11-04,56,55,489,13,51,355,38,1.46,Covid-19,100,1,70.68,27.12,élevé,37.2,75.3,2602.0,True,0.57,0.78,0.03,9.4,49.7
8,Centre Hospitalier Régional de Saint-Louis,Saint-Louis,Saint-Louis,540,387,2024-11-05,69,45,178,22,362,352,8,3.08,Choléra,100,8,55.3,24.4,élevé,23.9,66.2,1248.4,True,0.65,0.43,0.19,169.3,17.2
8,Centre Hospitalier Régional de Saint-Louis,Saint-Louis,Saint-Louis,540,387,2024-11-06,97,61,455,0,85,352,43,1.49,Choléra,98,8,67.36,18.44,élevé,27.7,45.6,3622.5,True,0.63,0.72,0.08,76.5,5.9
8,Centre Hospitalier Régional de Saint-Louis,Saint-Louis,Saint-Louis,540,387,2024-11-07,35,82,523,24,17,382,2,1.58,Paludisme,117,9,30.01,19.96,élevé,28.8,73.7,4157.0,True,0.2,0.82,0.12,36.1,41.8
8,Centre Hospitalier Régional de Saint-Louis,Saint-Louis,Saint-Louis,540,387,2024-11-08,28,54,53,2,487,346,21,0.47,Dengue,118,6,74.93,15.59,élevé,34.6,85.3,1298.5,True,0.86,0.31,0.12,172.8,23.7
8,Centre Hospitalier Régional de Saint-Louis,Saint-Louis,Saint-Louis,540,387,2024-11-09,91,58,371,0,169,369,50,2.43,Choléra,98,5,33.58,3.18,élevé,29.0,43.6,3250.1,True,0.99,0.92,0.16,97.4,17.8
8,Centre Hospitalier Régional de Saint-Louis,Saint-Louis,Saint-Louis,540,387,2024-11-10,97,40,537,11,3,383,11,1.78,Covid-19,10,7,88.75,4.08,faible,32.7,65.7,4350.9,False,0.46,0.4,0.16,74.2,8.8
8,Centre Hospitalier Régional de Saint-Louis,Saint-Louis,Saint-Louis,540,387,2024-11-11,35,11,209,11,331,387,2,3.95,Choléra,73,2,57.71,10.53,modéré,35.6,58.8,102.5,False,0.87,0.98,0.08,161.9,18.7
8,Centre Hospitalier Régional de Saint-Louis,Saint-Louis,Saint-Louis,540,387,2024-11-12,31,41,247,5,293,366,23,1.27,Choléra,11,4,77.31,5.66,faible,35.5,58.4,3117.8,False,0.57,0.47,0.04,49.2,30.6
8,Centre Hospitalier Régional de Saint-Louis,Saint-Louis,Saint-Louis,540,387,2024-11-13,25,7,354,0,186,386,47,0.7,Choléra,96,1,46.72,12.38,élevé,36.0,82.7,1363.9,True,0.85,0.36,0.04,51.6,7.1
8,Centre Hospitalier Régional de Saint-Louis,Saint-Louis,Saint-Louis,540,387,2024-11-14,45,33,278,8,262,377,8,3.8,Choléra,120,8,74.5,10.15,élevé,34.8,86.6,3362.2,True,0.51,0.53,0.12,24.7,34.6
8,Centre Hospitalier Régional de Saint-Louis,Saint-Louis,Saint-Louis,540,387,2024-11-15,76,57,388,17,152,354,12,1.98,Paludisme,43,9,76.09,29.24,modéré,25.8,44.9,3760.5,False,0.91,1.0,0.05,20.8,5.0
8,Centre Hospitalier Régional de Saint-Louis,Saint-Louis,Saint-Louis,540,387,2024-11-16,63,86,299,20,241,351,2,3.41,Choléra,57,7,91.77,6.92,modéré,25.0,47.5,3980.6,False,0.43,0.64,0.1,63.4,46.7
8,Centre Hospitalier Régional de Saint-Louis,Saint-Louis,Saint-Louis,540,387,2024-11-17,93,78,275,16,265,369,5,3.99,Dengue,32,0,94.75,20.29,modéré,28.2,67.3,1159.5,False,0.41,0.87,0.18,163.3,9.7
8,Centre Hospitalier Régional de Saint-Louis,Saint-Louis,Saint-Louis,540,387,2024-11-18,17,44,146,15,394,360,57,0.45,Dengue,118,5,64.24,25.05,élevé,35.7,52.1,2543.8,True,0.78,0.61,0.13,71.5,5.6
8,Centre Hospitalier Régional de Saint-Louis,Saint-Louis,Saint-Louis,540,387,2024-11-19,33,14,262,4,278,357,55,2.66,Choléra,116,5,55.29,6.9,élevé,27.3,40.4,4680.5,True,0.51,0.57,0.19,143.6,34.4
8,Centre Hospitalier Régional de Saint-Louis,Saint-Louis,Saint-Louis,540,387,2024-11-20,68,10,38,5,502,374,42,3.09,Paludisme,119,0,61.92,13.17,élevé,32.6,86.7,2053.5,True,0.23,0.69,0.1,159.4,52.9
8,Centre Hospitalier Régional de Saint-Louis,Saint-Louis,Saint-Louis,540,387,2024-11-21,83,29,123,8,417,372,14,0.6,Choléra,41,5,47.61,22.78,modéré,38.3,84.6,1840.6,False,0.37,0.72,0.06,148.0,13.6
8,Centre Hospitalier Régional de Saint-Louis,Saint-Louis,Saint-Louis,540,387,2024-11-22,19,25,355,13,185,357,25,0.97,Grippe,29,8,62.19,21.25,faible,29.9,65.1,4704.8,False,0.72,0.77,0.08,69.8,22.3
8,Centre Hospitalier Régional de Saint-Louis,Saint-Louis,Saint-Louis,540,387,2024-11-23,24,11,285,1,255,382,5,1.28,Choléra,105,4,74.44,10.82,élevé,27.7,56.7,295.5,True,0.76,0.5,0.05,146.0,36.7
8,Centre Hospitalier Régional de Saint-Louis,Saint-Louis,Saint-Louis,540,387,2024-11-24,74,64,180,10,360,343,44,1.91,Grippe,85,8,71.58,19.32,élevé,31.2,78.9,4481.2,True,0.28,0.99,0.06,8.1,53.0
8,Centre Hospitalier Régional de Saint-Louis,Saint-Louis,Saint-Louis,540,387,2024-11-25,12,55,153,8,387,353,50,1.12,Grippe,75,4,53.81,25.26,modéré,33.4,51.7,4818.3,False,0.57,0.72,0.04,56.3,9.5
8,Centre Hospitalier Régional de Saint-Louis,Saint-Louis,Saint-Louis,540,387,2024-11-26,63,30,474,23,66,381,50,0.52,Choléra,33,9,30.74,25.06,modéré,24.4,71.7,455.7,False,0.31,0.39,0.16,26.1,56.8
8,Centre Hospitalier Régional de Saint-Louis,Saint-Louis,Saint-Louis,540,387,2024-11-27,82,65,322,17,218,365,22,0.45,Choléra,43,7,93.63,29.89,modéré,38.8,56.7,1456.2,False,0.9,0.86,0.06,8.8,13.2
8,Centre Hospitalier Régional de Saint-Louis,Saint-Louis,Saint-Louis,540,387,2024-11-28,63,89,262,22,278,373,41,3.41,Covid-19,92,3,79.63,17.53,élevé,34.2,84.0,2038.4,True,0.23,0.34,0.17,176.0,56.8
8,Centre Hospitalier Régional de Saint-Louis,Saint-Louis,Saint-Louis,540,387,2024-11-29,69,24,54,3,486,361,4,0.74,Covid-19,41,4,90.61,24.31,modéré,24.8,46.6,4798.2,False,0.3,0.55,0.07,12.9,48.2
8,Centre Hospitalier Régional de Saint-Louis,Saint-Louis,Saint-Louis,540,387,2024-11-30,47,42,26,12,514,354,34,2.58,Covid-19,59,4,35.55,1.18,modéré,22.3,73.0,535.7,False,0.59,0.93,0.05,53.3,31.1
8,Centre Hospitalier Régional de Saint-Louis,Saint-Louis,Saint-Louis,540,387,2024-12-01,93,85,205,15,335,384,34,2.56,Grippe,64,10,81.23,22.4,modéré,30.4,68.0,2043.8,False,0.99,0.7,0.11,138.3,20.0
8,Centre Hospitalier Régional de Saint-Louis,Saint-Louis,Saint-Louis,540,387,2024-12-02,81,39,121,16,419,348,59,3.36,Choléra,79,4,37.38,29.25,modéré,27.1,45.6,4890.6,False,0.75,0.5,0.01,114.1,20.4
8,Centre Hospitalier Régional de Saint-Louis,Saint-Louis,Saint-Louis,540,387,2024-12-03,79,69,94,20,446,350,55,3.08,Paludisme,88,9,85.76,16.34,élevé,24.3,67.9,1033.8,True,0.24,0.49,0.17,64.7,49.3
10,Centre Hospitalier Régional de Tambacounda,Tambacounda,Tambacounda,284,397,2024-01-07,33,28,272,0,12,376,51,0.76,Dengue,79,3,44.02,17.93,modéré,36.1,79.9,2804.9,False,0.34,0.43,0.18,37.6,43.5
10,Centre Hospitalier Régional de Tambacounda,Tambacounda,Tambacounda,284,397,2024-01-08,63,77,250,22,34,372,40,0.78,Grippe,20,9,56.99,3.12,faible,30.3,47.6,2637.0,False,0.64,0.53,0.09,154.5,42.6
10,Centre Hospitalier Régional de Tambacounda,Tambacounda,Tambacounda,284,397,2024-01-09,61,40,271,7,13,392,27,3.22,Paludisme,0,2,46.48,5.75,faible,35.7,47.3,2791.1,False,0.4,0.8,0.04,53.2,8.2
10,Centre Hospitalier Régional de Tambacounda,Tambacounda,Tambacounda,284,397,2024-01-10,58,70,183,22,101,376,7,1.42,Grippe,76,6,65.71,17.26,modéré,30.0,88.5,4597.9,False,1.0,0.49,0.18,121.9,48.7
10,Centre Hospitalier Régional de Tambacounda,Tambacounda,Tambacounda,284,397,2024-01-11,55,49,263,8,21,368,6,3.2,Choléra,107,1,62.53,14.88,élevé,30.7,61.1,232.1,True,0.22,0.99,0.03,16.2,56.6
10,Centre Hospitalier Régional de Tambacounda,Tambacounda,Tambacounda,284,397,2024-01-12,13,69,118,19,166,393,36,2.98,Choléra,46,9,58.69,13.45,modéré,24.8,60.7,2849.1,False,0.97,0.8,0.06,108.3,24.9
10,Centre Hospitalier Régional de Tambacounda,Tambacounda,Tambacounda,284,397,2024-01-13,99,35,182,1,102,361,33,2.0,Paludisme,27,1,32.78,19.06,faible,30.3,64.5,3020.9,False,0.31,0.42,0.09,167.4,45.9
10,Centre Hospitalier Régional de Tambacounda,Tambacounda,Tambacounda,284,397,2024-01-14,98,17,194,1,90,385,12,2.1,Covid-19,16,9,52.33,25.32,faible,27.0,44.2,3833.2,False,0.4,0.42,0.09,29.6,57.3
10,Centre Hospitalier Régional de Tambacounda,Tambacounda,Tambacounda,284,397,2024-01-15,86,7,225,6,59,387,5,1.07,Covid-19,108,0,57.06,27.31,élevé,33.5,88.3,4685.8,True,0.57,0.52,0.01,144.0,37.3
10,Centre Hospitalier Régional de Tambacounda,Tambacounda,Tambacounda,284,397,2024-01-16,42,47,29,2,255,377,53,1.54,Paludisme,53,3,63.6,4.74,modéré,35.8,67.7,618.1,False,0.42,0.94,0.11,148.7,36.4
10,Centre Hospitalier Régional de Tambacounda,Tambacounda,Tambacounda,284,397,2024-01-17,79,18,228,25,56,347,21,2.06,Covid-19,42,6,30.07,26.42,modéré,32.5,60.1,1832.3,False,0.26,0.47,0.01,40.1,55.1
10,Centre Hospitalier Régional de Tambacounda,Tambacounda,Tambacounda,284,397,2024-01-18,84,50,216,9,68,395,36,1.05,Grippe,87,5,38.6,18.09,élevé,23.2,79.3,270.0,True,0.2,0.91,0.14,99.5,45.4
10,Centre Hospitalier Régional de Tambacounda,Tambacounda,Tambacounda,284,397,2024-01-19,16,15,161,25,123,357,22,1.34,Paludisme,47,8,52.16,15.09,modéré,34.1,50.6,2988.1,False,0.85,0.91,0.11,155.8,16.9
10,Centre Hospitalier Régional de Tambacounda,Tambacounda,Tambacounda,284,397,2024-01-20,33,24,76,20,208,349,59,3.9,Paludisme,92,8,34.43,28.64,élevé,37.1,85.5,2107.3,True,0.28,0.71,0.08,83.0,45.4
10,Centre Hospitalier Régional de Tambacounda,Tambacounda,Tambacounda,284,397,2024-01-21,52,41,149,18,135,397,14,0.99,Grippe,47,5,75.27,4.57,modéré,23.4,79.2,4383.4,False,0.94,0.68,0.13,35.1,12.6
10,Centre Hospitalier Régional de Tambacounda,Tambacounda,Tambacounda,284,397,2024-01-22,56,31,62,19,222,395,50,1.72,Dengue,114,1,36.02,27.56,élevé,30.6,73.4,2421.3,True,0.35,0.63,0.03,132.2,34.5
10,Centre Hospitalier Régional de Tambacounda,Tambacounda,Tambacounda,284,397,2024-01-23,86,84,117,24,167,355,18,3.35,Covid-19,63,10,55.36,11.95,modéré,33.1,54.7,2784.7,False,0.35,0.52,0.07,168.1,28.0
10,Centre Hospitalier Régional de Tambacounda,Tambacounda,Tambacounda,284,397,2024-01-24,37,20,122,2,162,395,41,1.9,Dengue,83,7,70.3,26.04,élevé,35.8,87.4,4400.9,True,0.72,0.66,0.06,98.5,42.2
10,Centre Hospitalier Régional de Tambacounda,Tambacounda,Tambacounda,284,397,2024-01-25,37,50,182,14,102,351,10,1.52,Choléra,1,3,84.72,22.86,faible,29.1,86.7,1787.9,False,0.35,0.38,0.15,105.9,22.3
10,Centre Hospitalier Régional de Tambacounda,Tambacounda,Tambacounda,284,397,2024-01-26,61,58,39,0,245,382,26,0.61,Dengue,98,6,69.5,10.18,élevé,29.4,56.3,3515.8,True,0.22,0.98,0.05,136.7,8.6
10,Centre Hospitalier Régional de Tambacounda,Tambacounda,Tambacounda,284,397,2024-01-27,75,27,268,1,16,375,29,2.62,Choléra,42,4,62.47,29.77,modéré,28.4,88.0,1027.4,False,0.97,0.72,0.05,165.0,13.8
10,Centre Hospitalier Régional de Tambacounda,Tambacounda,Tambacounda,284,397,2024-01-28,60,62,23,15,261,364,35,1.5,Grippe,99,8,86.97,5.2,élevé,37.8,49.0,4749.7,True,0.28,0.32,0.07,33.2,42.5
10,Centre Hospitalier Régional de Tambacounda,Tambacounda,Tambacounda,284,397,2024-01-29,73,79,213,24,71,366,42,2.19,Grippe,66,9,43.92,29.81,modéré,31.9,44.6,244.4,False,0.82,0.42,0.01,91.8,13.3
10,Centre Hospitalier Régional de Tambacounda,Tambacounda,Tambacounda,284,397,2024-01-30,58,60,173,1,111,386,56,2.56,Dengue,97,1,63.79,12.96,élevé,29.0,53.8,3251.8,True,0.99,0.97,0.17,33.6,47.0
10,Centre Hospitalier Régional de Tambacounda,Tambacounda,Tambacounda,284,397,2024-01-31,55,68,142,7,142,374,34,3.78,Grippe,109,6,58.26,6.16,élevé,32.1,73.2,475.2,True,0.53,0.61,0.18,125.0,27.2
10,Centre Hospitalier Régional de Tambacounda,Tambacounda,Tambacounda,284,397,2024-02-01,50,88,254,5,30,363,59,2.52,Grippe,28,7,80.39,9.03,faible,36.8,78.4,2382.0,False,0.78,1.0,0.12,159.6,19.6
10,Centre Hospitalier Régional de Tambacounda,Tambacounda,Tambacounda,284,397,2024-02-02,44,73,278,14,6,364,45,3.17,Grippe,66,0,92.79,17.15,modéré,24.0,78.2,310.0,False,0.38,0.42,0.03,177.6,15.8
10,Centre Hospitalier Régional de Tambacounda,Tambacounda,Tambacounda,284,397,2024-02-03,54,65,76,4,208,364,33,3.32,Grippe,58,5,80.52,9.16,modéré,26.7,84.1,4071.6,False,0.98,0.85,0.01,142.4,24.3
10,Centre Hospitalier Régional de Tambacounda,Tambacounda,Tambacounda,284,397,2024-02-04,60,69,134,18,150,349,22,1.92,Choléra,63,1,46.8,26.74,modéré,24.0,70.1,4008.3,False,0.96,0.73,0.01,115.8,49.2
10,Centre Hospitalier Régional de Tambacounda,Tambacounda,Tambacounda,284,397,2024-02-05,97,61,62,9,222,387,22,0.41,Dengue,37,3,46.58,3.34,modéré,26.2,57.9,4154.6,False,0.59,0.65,0.01,170.1,21.7
10,Centre Hospitalier Régional de Tambacounda,Tambacounda,Tambacounda,284,397,2024-02-06,47,53,239,12,45,356,0,2.06,Covid-19,49,3,78.6,8.97,modéré,32.8,58.2,4537.3,False,0.29,0.59,0.0,10.7,25.8
10,Centre Hospitalier Régional de Tambacounda,Tambacounda,Tambacounda,284,397,2024-02-07,18,64,262,21,22,359,34,1.93,Paludisme,41,9,49.59,3.68,modéré,34.4,87.3,2395.9,False,0.86,1.0,0.08,55.5,55.7
10,Centre Hospitalier Régional de Tambacounda,Tambacounda,Tambacounda,284,397,2024-02-08,20,56,124,15,160,361,2,1.22,Paludisme,47,0,85.01,16.53,modéré,30.5,63.8,4903.3,False,0.4,0.53,0.1,50.4,18.4
10,Centre Hospitalier Régional de Tambacounda,Tambacounda,Tambacounda,284,397,2024-02-09,44,28,106,0,178,394,18,3.95,Grippe,20,3,64.94,24.71,faible,26.9,80.0,439.8,False,0.8,0.43,0.09,133.5,47.5
10,Centre Hospitalier Régional de Tambacounda,Tambacounda,Tambacounda,284,397,2024-02-10,95,8,261,16,23,381,25,3.98,Choléra,25,8,84.39,29.6,faible,36.8,75.3,1144.8,False,0.6,0.59,0.01,68.1,4.6
10,Centre Hospitalier Régional de Tambacounda,Tambacounda,Tambacounda,284,397,2024-02-11,11,35,196,8,88,375,10,0.4,Dengue,51,8,56.07,24.16,modéré,28.1,53.1,814.8,False,0.93,0.49,0.13,5.1,31.9
10,Centre Hospitalier Régional de Tambacounda,Tambacounda,Tambacounda,284,397,2024-02-12,70,56,152,16,132,368,26,3.7,Grippe,99,10,35.54,4.52,élevé,28.7,43.7,4303.4,True,0.93,0.94,0.03,87.1,22.2
10,Centre Hospitalier Régional de Tambacounda,Tambacounda,Tambacounda,284,397,2024-02-13,25,56,178,18,106,351,33,3.01,Dengue,31,7,33.35,17.96,modéré,37.4,45.7,4306.6,False,0.9,0.95,0.09,59.6,38.9
10,Centre Hospitalier Régional de Tambacounda,Tambacounda,Tambacounda,284,397,2024-02-14,91,80,64,23,220,362,27,0.5,Paludisme,81,3,60.07,6.63,élevé,29.1,63.1,1576.6,True,0.24,0.41,0.13,39.5,23.4
10,Centre Hospitalier Régional de Tambacounda,Tambacounda,Tambacounda,284,397,2024-02-15,11,86,148,18,136,387,47,0.15,Paludisme,109,4,83.46,26.07,élevé,32.9,53.4,243.7,True,0.67,0.77,0.18,162.0,56.0
10,Centre Hospitalier Régional de Tambacounda,Tambacounda,Tambacounda,284,397,2024-02-16,68,47,277,2,7,372,56,0.59,Grippe,102,1,46.14,9.21,élevé,23.1,73.6,1308.4,True,0.25,0.83,0.04,50.1,56.9
10,Centre Hospitalier Régional de Tambacounda,Tambacounda,Tambacounda,284,397,2024-02-17,79,80,62,18,222,348,27,1.34,Paludisme,81,4,53.88,9.84,élevé,24.3,81.6,552.0,True,0.73,0.81,0.12,23.9,10.8
10,Centre Hospitalier Régional de Tambacounda,Tambacounda,Tambacounda,284,397,2024-02-18,62,79,178,0,106,368,55,2.19,Choléra,103,6,72.99,3.86,élevé,32.1,77.9,1655.7,True,0.91,0.76,0.07,57.6,6.9
10,Centre Hospitalier Régional de Tambacounda,Tambacounda,Tambacounda,284,397,2024-02-19,50,12,53,15,231,353,5,3.7,Covid-19,45,1,57.03,28.39,modéré,30.4,61.3,3545.3,False,0.99,0.69,0.12,24.3,10.5
10,Centre Hospitalier Régional de Tambacounda,Tambacounda,Tambacounda,284,397,2024-02-20,81,14,181,14,103,369,51,3.23,Dengue,40,3,41.84,8.44,modéré,33.8,73.5,431.3,False,0.52,0.62,0.01,150.5,59.1
10,Centre Hospitalier Régional de Tambacounda,Tambacounda,Tambacounda,284,397,2024-02-21,33,57,240,18,44,378,51,3.4,Choléra,2,8,38.95,1.14,faible,24.3,81.0,1875.0,False,0.83,0.92,0.12,24.2,41.7
10,Centre Hospitalier Régional de Tambacounda,Tambacounda,Tambacounda,284,397,2024-02-22,94,88,197,15,87,375,19,1.52,Dengue,17,1,47.11,9.87,faible,37.7,78.3,520.3,False,0.77,0.5,0.2,63.2,29.9
10,Centre Hospitalier Régional de Tambacounda,Tambacounda,Tambacounda,284,397,2024-02-23,80,26,185,13,99,371,57,1.57,Covid-19,83,6,57.37,29.55,élevé,33.6,67.5,312.1,True,0.57,0.83,0.18,19.9,57.6
10,Centre Hospitalier Régional de Tambacounda,Tambacounda,Tambacounda,284,397,2024-02-24,19,50,51,9,233,380,32,1.84,Choléra,30,3,50.08,13.93,modéré,22.9,85.0,605.8,False,0.55,0.39,0.1,63.9,5.0
10,Centre Hospitalier Régional de Tambacounda,Tambacounda,Tambacounda,284,397,2024-02-25,20,13,206,6,78,350,30,2.69,Dengue,35,6,51.74,8.36,modéré,27.9,78.6,3502.6,False,0.62,0.46,0.14,11.8,13.4
10,Centre Hospitalier Régional de Tambacounda,Tambacounda,Tambacounda,284,397,2024-02-26,71,84,107,10,177,391,29,0.96,Paludisme,24,8,68.79,8.2,faible,37.4,76.0,789.0,False,0.99,0.5,0.16,133.7,55.8
10,Centre Hospitalier Régional de Tambacounda,Tambacounda,Tambacounda,284,397,2024-02-27,23,76,283,9,1,393,11,2.91,Dengue,26,3,71.14,18.98,faible,37.7,46.7,449.2,False,0.22,0.49,0.08,45.6,29.9
10,Centre Hospitalier Régional de Tambacounda,Tambacounda,Tambacounda,284,397,2024-02-28,42,10,185,16,99,396,20,1.87,Dengue,14,7,62.55,18.4,faible,25.1,88.9,185.1,False,0.7,0.41,0.17,171.7,31.9
10,Centre Hospitalier Régional de Tambacounda,Tambacounda,Tambacounda,284,397,2024-02-29,70,12,177,18,107,365,25,0.76,Choléra,62,10,72.54,16.09,modéré,38.2,57.3,1982.4,False,0.86,0.63,0.18,98.3,39.3
10,Centre Hospitalier Régional de Tambacounda,Tambacounda,Tambacounda,284,397,2024-03-01,23,49,45,20,239,355,53,0.46,Covid-19,7,4,30.25,6.37,faible,36.8,71.3,2607.6,False,0.77,0.55,0.01,135.8,13.8
10,Centre Hospitalier Régional de Tambacounda,Tambacounda,Tambacounda,284,397,2024-03-02,47,42,163,13,121,392,55,3.37,Choléra,78,6,78.29,19.15,modéré,37.0,41.2,4916.8,False,0.52,0.45,0.19,32.6,28.8
10,Centre Hospitalier Régional de Tambacounda,Tambacounda,Tambacounda,284,397,2024-03-03,71,71,128,6,156,380,12,1.6,Covid-19,111,0,90.77,2.05,élevé,39.0,70.7,2292.3,True,0.33,0.83,0.08,156.1,24.7
10,Centre Hospitalier Régional de Tambacounda,Tambacounda,Tambacounda,284,397,2024-03-04,70,16,84,7,200,384,35,1.17,Choléra,82,4,91.29,5.83,élevé,25.6,67.7,298.1,True,0.22,0.44,0.12,22.5,7.1
10,Centre Hospitalier Régional de Tambacounda,Tambacounda,Tambacounda,284,397,2024-03-05,82,72,80,7,204,360,32,1.93,Covid-19,99,5,62.56,18.46,élevé,27.4,44.3,2539.7,True,0.61,0.36,0.09,108.2,15.9
10,Centre Hospitalier Régional de Tambacounda,Tambacounda,Tambacounda,284,397,2024-03-06,100,31,160,24,124,353,46,3.52,Dengue,85,2,49.19,10.4,élevé,23.8,86.3,1743.9,True,0.52,0.91,0.08,14.5,29.7
10,Centre Hospitalier Régional de Tambacounda,Tambacounda,Tambacounda,284,397,2024-03-07,93,53,110,14,174,360,54,2.72,Dengue,99,3,64.97,7.25,élevé,32.9,60.0,2588.5,True,0.87,0.97,0.02,16.7,58.4
10,Centre Hospitalier Régional de Tambacounda,Tambacounda,Tambacounda,284,397,2024-03-08,69,29,273,7,11,375,57,0.7,Grippe,33,0,33.19,22.08,modéré,35.4,71.5,684.3,False,0.99,0.84,0.17,13.2,46.2
10,Centre Hospitalier Régional de Tambacounda,Tambacounda,Tambacounda,284,397,2024-03-09,41,18,202,9,82,349,17,2.45,Choléra,76,7,48.93,22.64,modéré,34.3,59.4,2455.4,False,0.6,0.6,0.14,113.7,12.5
10,Centre Hospitalier Régional de Tambacounda,Tambacounda,Tambacounda,284,397,2024-03-10,74,16,220,8,64,380,56,2.78,Choléra,28,0,35.87,26.95,faible,23.8,78.3,2397.0,False,0.73,0.88,0.1,17.1,16.2
10,Centre Hospitalier Régional de Tambacounda,Tambacounda,Tambacounda,284,397,2024-03-11,49,56,44,9,240,372,56,3.17,Grippe,64,2,46.95,27.09,modéré,35.4,89.8,735.8,False,0.59,0.35,0.04,37.7,45.7
10,Centre Hospitalier Régional de Tambacounda,Tambacounda,Tambacounda,284,397,2024-03-12,97,19,271,7,13,361,44,3.74,Choléra,65,8,82.38,15.64,modéré,30.6,76.3,4410.6,False,0.44,0.81,0.01,115.6,22.2
10,Centre Hospitalier Régional de Tambacounda,Tambacounda,Tambacounda,284,397,2024-03-13,83,80,98,2,186,387,26,0.14,Grippe,35,4,39.09,7.99,modéré,29.4,62.1,457.9,False,0.97,0.93,0.06,55.9,54.5
10,Centre Hospitalier Régional de Tambacounda,Tambacounda,Tambacounda,284,397,2024-03-14,50,26,92,0,192,390,19,0.78,Choléra,98,6,34.46,3.3,élevé,22.3,54.7,231.7,True,0.32,0.68,0.06,49.4,42.6
10,Centre Hospitalier Régional de Tambacounda,Tambacounda,Tambacounda,284,397,2024-03-15,85,86,212,0,72,365,45,2.39,Grippe,42,6,69.36,21.94,modéré,26.1,53.2,4352.4,False,0.81,0.95,0.09,16.6,39.1
10,Centre Hospitalier Régional de Tambacounda,Tambacounda,Tambacounda,284,397,2024-03-16,92,11,127,0,157,384,42,0.64,Paludisme,44,3,77.18,23.29,modéré,33.8,74.3,3311.9,False,0.91,0.37,0.17,32.5,44.3
10,Centre Hospitalier Régional de Tambacounda,Tambacounda,Tambacounda,284,397,2024-03-17,27,17,282,22,2,364,59,0.96,Choléra,25,10,34.95,17.59,faible,30.8,72.7,2262.9,False,0.9,0.69,0.05,179.7,4.9
10,Centre Hospitalier Régional de Tambacounda,Tambacounda,Tambacounda,284,397,2024-03-18,16,30,76,0,208,376,10,2.46,Choléra,64,2,65.48,23.98,modéré,35.5,74.7,1353.1,False,0.41,0.76,0.02,86.3,28.8
10,Centre Hospitalier Régional de Tambacounda,Tambacounda,Tambacounda,284,397,2024-03-19,84,23,141,14,143,393,5,2.65,Choléra,99,8,76.22,26.72,élevé,32.0,56.1,2896.9,True,0.52,0.79,0.18,123.2,22.1
10,Centre Hospitalier Régional de Tambacounda,Tambacounda,Tambacounda,284,397,2024-03-20,13,73,180,0,104,379,36,1.54,Covid-19,94,4,47.01,20.75,élevé,32.3,89.3,1167.7,True,0.57,0.51,0.02,76.6,36.2
10,Centre Hospitalier Régional de Tambacounda,Tambacounda,Tambacounda,284,397,2024-03-21,42,28,218,1,66,363,54,3.07,Choléra,77,1,68.29,5.84,modéré,27.6,55.6,169.0,False,0.32,0.63,0.11,142.8,21.1
10,Centre Hospitalier Régional de Tambacounda,Tambacounda,Tambacounda,284,397,2024-03-22,70,89,209,1,75,380,58,0.64,Dengue,58,0,58.5,29.4,modéré,32.7,48.3,1285.7,False,0.44,0.38,0.17,65.6,20.8
10,Centre Hospitalier Régional de Tambacounda,Tambacounda,Tambacounda,284,397,2024-03-23,24,44,180,15,104,394,47,2.84,Covid-19,108,9,78.95,22.41,élevé,31.5,53.3,3130.5,True,0.69,0.48,0.03,105.7,38.9
10,Centre Hospitalier Régional de Tambacounda,Tambacounda,Tambacounda,284,397,2024-03-24,78,83,233,17,51,348,59,1.53,Choléra,26,8,73.29,4.97,faible,36.1,72.6,419.2,False,0.93,0.74,0.09,33.0,16.2
10,Centre Hospitalier Régional de Tambacounda,Tambacounda,Tambacounda,284,397,2024-03-25,64,82,22,11,262,350,50,1.75,Paludisme,93,3,30.83,11.14,élevé,28.7,70.3,2137.9,True,0.52,0.9,0.14,90.0,14.7
10,Centre Hospitalier Régional de Tambacounda,Tambacounda,Tambacounda,284,397,2024-03-26,95,68,135,6,149,369,35,0.46,Covid-19,42,3,37.52,14.86,modéré,26.9,48.7,541.2,False,0.37,0.42,0.06,78.2,31.8
10,Centre Hospitalier Régional de Tambacounda,Tambacounda,Tambacounda,284,397,2024-03-27,25,11,147,9,137,355,34,0.61,Grippe,57,7,56.09,5.8,modéré,33.0,82.8,754.0,False,0.84,0.72,0.04,85.6,58.7
10,Centre Hospitalier Régional de Tambacounda,Tambacounda,Tambacounda,284,397,2024-03-28,73,55,222,2,62,354,55,1.95,Grippe,83,8,58.68,18.74,élevé,31.4,83.6,3506.0,True,0.41,0.8,0.07,80.2,58.5
10,Centre Hospitalier Régional de Tambacounda,Tambacounda,Tambacounda,284,397,2024-03-29,69,45,47,15,237,392,25,0.13,Dengue,99,9,78.53,8.45,élevé,37.1,40.8,2082.0,True,0.21,0.79,0.05,22.6,10.2
10,Centre Hospitalier Régional de Tambacounda,Tambacounda,Tambacounda,284,397,2024-03-30,50,72,69,5,215,394,33,0.81,Paludisme,12,4,45.77,27.61,faible,37.5,49.0,4025.4,False,0.59,0.36,0.0,24.2,42.2
10,Centre Hospitalier Régional de Tambacounda,Tambacounda,Tambacounda,284,397,2024-03-31,16,54,41,0,243,396,28,2.44,Dengue,11,5,55.07,9.75,faible,27.5,54.4,2391.9,False,0.93,0.36,0.02,51.5,50.9
10,Centre Hospitalier Régional de Tambacounda,Tambacounda,Tambacounda,284,397,2024-04-01,82,77,159,19,125,357,22,0.79,Choléra,88,2,58.3,12.03,élevé,24.8,45.7,422.1,True,0.82,0.31,0.06,130.8,42.3
10,Centre Hospitalier Régional de Tambacounda,Tambacounda,Tambacounda,284,397,2024-04-02,87,10,57,10,227,364,13,1.75,Grippe,93,1,73.89,4.43,élevé,33.3,76.3,3210.5,True,0.93,0.44,0.19,42.8,20.1
10,Centre Hospitalier Régional de Tambacounda,Tambacounda,Tambacounda,284,397,2024-04-03,98,25,166,9,118,380,9,2.46,Dengue,68,2,41.26,14.3,modéré,31.2,83.5,1436.4,False,0.94,0.49,0.15,172.9,3.4
10,Centre Hospitalier Régional de Tambacounda,Tambacounda,Tambacounda,284,397,2024-04-04,53,48,65,17,219,394,34,0.16,Grippe,75,2,47.08,8.64,modéré,28.0,64.6,1188.7,False,0.79,0.86,0.16,155.4,13.7
10,Centre Hospitalier Régional de Tambacounda,Tambacounda,Tambacounda,284,397,2024-04-05,91,48,37,21,247,390,17,2.09,Dengue,0,1,83.02,2.93,faible,27.2,79.7,124.4,False,0.7,0.54,0.2,27.5,16.6
10,Centre Hospitalier Régional de Tambacounda,Tambacounda,Tambacounda,284,397,2024-04-06,70,41,145,16,139,390,10,2.83,Dengue,32,7,91.97,19.12,modéré,24.3,76.1,580.1,False,0.48,0.7,0.02,151.4,53.4
10,Centre Hospitalier Régional de Tambacounda,Tambacounda,Tambacounda,284,397,2024-04-07,67,62,221,23,63,384,57,0.53,Choléra,75,8,55.26,7.26,modéré,25.0,41.6,4761.9,False,0.61,0.74,0.15,126.2,39.4
10,Centre Hospitalier Régional de Tambacounda,Tambacounda,Tambacounda,284,397,2024-04-08,39,69,251,15,33,367,59,0.3,Choléra,66,3,56.58,25.12,modéré,26.5,88.9,2238.6,False,0.82,0.44,0.12,119.2,59.0
10,Centre Hospitalier Régional de Tambacounda,Tambacounda,Tambacounda,284,397,2024-04-09,19,37,56,16,228,371,20,2.92,Covid-19,5,6,94.64,20.13,faible,33.7,70.1,961.1,False,0.82,0.94,0.18,156.0,29.7
10,Centre Hospitalier Régional de Tambacounda,Tambacounda,Tambacounda,284,397,2024-04-10,18,24,113,4,171,388,42,2.61,Choléra,92,8,89.71,7.08,élevé,31.0,62.6,3060.6,True,0.49,0.78,0.12,155.7,36.9
10,Centre Hospitalier Régional de Tambacounda,Tambacounda,Tambacounda,284,397,2024-04-11,37,71,280,14,4,385,28,2.27,Covid-19,80,0,48.57,8.69,élevé,34.1,49.9,180.7,False,0.63,0.49,0.15,50.9,14.7
10,Centre Hospitalier Régional de Tambacounda,Tambacounda,Tambacounda,284,397,2024-04-12,92,80,90,11,194,371,3,1.65,Grippe,58,8,30.92,15.1,modéré,27.3,77.3,481.9,False,0.68,0.78,0.1,127.0,55.0
10,Centre Hospitalier Régional de Tambacounda,Tambacounda,Tambacounda,284,397,2024-04-13,73,6,103,1,181,366,11,1.71,Dengue,12,1,57.33,2.94,faible,30.3,68.6,3867.5,False,0.82,0.51,0.02,107.2,16.4
10,Centre Hospitalier Régional de Tambacounda,Tambacounda,Tambacounda,284,397,2024-04-14,53,38,129,20,155,388,40,1.24,Dengue,28,2,80.13,15.63,faible,34.6,74.0,2287.3,False,0.57,1.0,0.07,109.1,6.2
10,Centre Hospitalier Régional de Tambacounda,Tambacounda,Tambacounda,284,397,2024-04-15,42,43,47,24,237,351,43,3.41,Covid-19,87,3,59.5,16.92,élevé,30.5,54.6,2498.1,True,0.99,0.51,0.17,69.7,21.5
8,Centre Hospitalier Régional de Saint-Louis,Saint-Louis,Saint-Louis,540,387,2024-02-08,29,10,49,19,491,341,8,2.63,Dengue,119,9,35.73,10.95,élevé,25.2,47.0,2756.7,True,0.53,0.98,0.11,100.2,3.9
8,Centre Hospitalier Régional de Saint-Louis,Saint-Louis,Saint-Louis,540,387,2024-02-09,17,36,63,5,477,358,33,2.92,Choléra,95,9,39.34,10.5,élevé,22.8,60.5,3009.7,True,0.21,0.71,0.08,128.2,20.6
8,Centre Hospitalier Régional de Saint-Louis,Saint-Louis,Saint-Louis,540,387,2024-02-10,78,70,428,22,112,370,50,1.38,Grippe,97,10,37.14,10.38,élevé,24.0,44.6,1333.9,True,0.73,0.55,0.15,87.4,34.4
8,Centre Hospitalier Régional de Saint-Louis,Saint-Louis,Saint-Louis,540,387,2024-02-11,33,11,434,15,106,383,27,2.94,Dengue,101,0,73.91,21.04,élevé,25.4,41.4,2787.8,True,0.53,0.83,0.17,167.2,23.2
8,Centre Hospitalier Régional de Saint-Louis,Saint-Louis,Saint-Louis,540,387,2024-02-12,67,36,343,12,197,353,14,2.35,Covid-19,27,6,32.82,24.11,faible,25.5,81.2,3781.3,False,0.46,0.96,0.18,44.8,57.2
8,Centre Hospitalier Régional de Saint-Louis,Saint-Louis,Saint-Louis,540,387,2024-02-13,31,43,277,13,263,374,48,0.62,Choléra,88,5,35.59,23.68,élevé,37.8,47.8,1046.3,True,0.67,0.93,0.14,71.8,14.2
8,Centre Hospitalier Régional de Saint-Louis,Saint-Louis,Saint-Louis,540,387,2024-02-14,26,42,98,6,442,347,24,2.85,Paludisme,28,10,44.5,21.51,faible,25.7,68.9,127.3,False,0.32,0.66,0.12,130.1,6.1
8,Centre Hospitalier Régional de Saint-Louis,Saint-Louis,Saint-Louis,540,387,2024-02-15,86,57,250,2,290,346,26,1.34,Choléra,59,1,84.17,16.73,modéré,26.6,73.5,1593.3,False,0.86,0.99,0.06,147.2,38.5
8,Centre Hospitalier Régional de Saint-Louis,Saint-Louis,Saint-Louis,540,387,2024-02-16,85,48,378,4,162,378,15,2.08,Choléra,82,5,76.9,23.34,élevé,35.1,82.1,199.6,True,0.38,0.37,0.04,170.4,42.4
8,Centre Hospitalier Régional de Saint-Louis,Saint-Louis,Saint-Louis,540,387,2024-02-17,75,50,405,21,135,355,2,0.82,Paludisme,65,4,49.39,21.67,modéré,30.4,66.1,3735.1,False,0.69,0.48,0.12,34.0,21.2
8,Centre Hospitalier Régional de Saint-Louis,Saint-Louis,Saint-Louis,540,387,2024-02-18,37,29,190,10,350,375,27,2.08,Choléra,82,4,42.91,4.38,élevé,30.7,76.1,3690.4,True,0.37,0.66,0.03,168.5,46.3
8,Centre Hospitalier Régional de Saint-Louis,Saint-Louis,Saint-Louis,540,387,2024-02-19,23,72,316,19,224,351,18,2.59,Dengue,103,10,83.86,22.49,élevé,29.3,81.8,4284.4,True,0.93,0.4,0.15,175.5,29.6
8,Centre Hospitalier Régional de Saint-Louis,Saint-Louis,Saint-Louis,540,387,2024-02-20,64,35,22,3,518,362,47,1.55,Choléra,48,4,46.77,20.28,modéré,34.3,40.8,3491.7,False,0.87,0.92,0.05,167.8,26.3
8,Centre Hospitalier Régional de Saint-Louis,Saint-Louis,Saint-Louis,540,387,2024-02-21,51,6,139,7,401,344,34,2.67,Covid-19,24,0,31.68,8.79,faible,27.9,69.9,1072.8,False,0.56,0.65,0.03,21.5,7.8
8,Centre Hospitalier Régional de Saint-Louis,Saint-Louis,Saint-Louis,540,387,2024-02-22,20,72,405,19,135,382,42,2.89,Choléra,21,2,52.96,8.74,faible,38.4,46.6,411.4,False,0.32,0.94,0.14,48.0,43.0
8,Centre Hospitalier Régional de Saint-Louis,Saint-Louis,Saint-Louis,540,387,2024-02-23,20,49,136,9,404,347,27,1.81,Grippe,7,8,54.36,10.11,faible,32.2,59.2,3618.5,False,0.75,0.42,0.08,143.9,55.2
8,Centre Hospitalier Régional de Saint-Louis,Saint-Louis,Saint-Louis,540,387,2024-02-24,97,60,147,17,393,378,4,2.64,Covid-19,53,1,56.12,20.66,modéré,32.2,75.3,132.1,False,0.45,0.67,0.07,40.0,10.6
8,Centre Hospitalier Régional de Saint-Louis,Saint-Louis,Saint-Louis,540,387,2024-02-25,71,66,249,5,291,366,15,0.15,Covid-19,15,7,83.22,22.79,faible,30.6,78.5,1410.5,False,0.95,0.35,0.12,60.2,34.9
8,Centre Hospitalier Régional de Saint-Louis,Saint-Louis,Saint-Louis,540,387,2024-02-26,71,72,527,24,13,359,38,3.2,Choléra,117,8,70.49,9.83,élevé,36.8,85.2,2271.9,True,0.7,0.49,0.15,83.3,24.3
8,Centre Hospitalier Régional de Saint-Louis,Saint-Louis,Saint-Louis,540,387,2024-02-27,100,37,315,11,225,377,36,0.76,Covid-19,31,1,39.75,19.89,modéré,32.8,76.1,3548.5,False,0.22,0.61,0.05,24.2,31.1
8,Centre Hospitalier Régional de Saint-Louis,Saint-Louis,Saint-Louis,540,387,2024-02-28,78,47,144,19,396,342,60,2.82,Dengue,38,9,85.35,17.82,modéré,25.3,49.2,3303.2,False,0.39,0.55,0.08,24.5,21.3
8,Centre Hospitalier Régional de Saint-Louis,Saint-Louis,Saint-Louis,540,387,2024-02-29,95,50,165,23,375,338,36,0.33,Dengue,80,4,67.92,10.44,élevé,32.8,74.3,4737.6,False,0.21,0.68,0.03,48.2,43.2
8,Centre Hospitalier Régional de Saint-Louis,Saint-Louis,Saint-Louis,540,387,2024-03-01,42,34,352,8,188,344,4,3.57,Choléra,5,10,81.59,20.67,faible,32.4,87.2,2815.3,False,0.65,0.99,0.19,48.2,43.9
8,Centre Hospitalier Régional de Saint-Louis,Saint-Louis,Saint-Louis,540,387,2024-03-02,59,87,62,2,478,364,45,2.19,Choléra,37,0,51.39,5.48,modéré,23.3,70.4,1222.6,False,0.92,0.74,0.18,122.1,39.5
8,Centre Hospitalier Régional de Saint-Louis,Saint-Louis,Saint-Louis,540,387,2024-03-03,39,31,504,25,36,377,37,2.4,Grippe,37,9,62.98,14.43,modéré,24.3,58.1,2967.2,False,0.37,0.84,0.19,96.9,36.2
8,Centre Hospitalier Régional de Saint-Louis,Saint-Louis,Saint-Louis,540,387,2024-03-04,29,61,310,11,230,386,39,3.45,Paludisme,95,4,57.32,12.85,élevé,25.3,43.3,2020.2,True,0.49,0.5,0.07,178.5,27.1
8,Centre Hospitalier Régional de Saint-Louis,Saint-Louis,Saint-Louis,540,387,2024-03-05,10,59,498,1,42,358,48,0.46,Paludisme,107,3,83.46,11.02,élevé,31.3,85.9,4685.1,True,0.82,0.82,0.03,153.0,16.1
8,Centre Hospitalier Régional de Saint-Louis,Saint-Louis,Saint-Louis,540,387,2024-03-06,44,85,437,13,103,349,38,1.42,Grippe,67,0,68.35,4.81,modéré,31.4,75.2,402.0,False,0.33,0.33,0.03,178.0,17.3
8,Centre Hospitalier Régional de Saint-Louis,Saint-Louis,Saint-Louis,540,387,2024-03-07,81,29,513,24,27,339,50,3.82,Choléra,65,4,50.19,20.3,modéré,35.9,85.4,2983.9,False,0.62,0.39,0.04,13.9,48.3
8,Centre Hospitalier Régional de Saint-Louis,Saint-Louis,Saint-Louis,540,387,2024-03-08,92,80,59,24,481,345,53,3.23,Dengue,100,0,55.37,17.13,élevé,24.6,54.3,3889.3,True,0.54,0.45,0.03,151.5,35.8
8,Centre Hospitalier Régional de Saint-Louis,Saint-Louis,Saint-Louis,540,387,2024-03-09,15,59,133,6,407,338,4,1.85,Dengue,70,6,74.87,26.91,modéré,37.9,73.5,2079.5,False,0.84,0.69,0.12,96.7,26.3
8,Centre Hospitalier Régional de Saint-Louis,Saint-Louis,Saint-Louis,540,387,2024-03-10,28,50,34,8,506,338,32,2.23,Paludisme,14,5,75.98,27.44,faible,24.7,79.6,955.2,False,0.36,0.88,0.1,141.5,14.6
8,Centre Hospitalier Régional de Saint-Louis,Saint-Louis,Saint-Louis,540,387,2024-03-11,67,33,443,20,97,360,8,1.3,Grippe,20,5,92.07,8.62,faible,38.2,71.0,153.2,False,0.24,0.49,0.18,27.0,54.5
8,Centre Hospitalier Régional de Saint-Louis,Saint-Louis,Saint-Louis,540,387,2024-03-12,35,5,507,23,33,381,20,2.82,Paludisme,85,7,56.51,17.4,élevé,27.2,54.4,3505.3,True,0.46,0.38,0.02,147.3,23.9
8,Centre Hospitalier Régional de Saint-Louis,Saint-Louis,Saint-Louis,540,387,2024-03-13,64,5,306,0,234,378,30,0.17,Paludisme,34,0,49.72,6.69,modéré,28.1,87.3,2629.5,False,0.3,0.83,0.02,144.9,19.3
8,Centre Hospitalier Régional de Saint-Louis,Saint-Louis,Saint-Louis,540,387,2024-03-14,53,51,419,5,121,373,16,3.85,Dengue,56,6,43.78,21.78,modéré,38.4,42.4,4345.4,False,0.33,0.99,0.0,65.9,54.2
8,Centre Hospitalier Régional de Saint-Louis,Saint-Louis,Saint-Louis,540,387,2024-03-15,29,89,247,15,293,349,31,0.63,Grippe,32,1,85.34,23.43,modéré,37.1,41.7,3267.3,False,0.86,0.74,0.16,68.0,55.7
8,Centre Hospitalier Régional de Saint-Louis,Saint-Louis,Saint-Louis,540,387,2024-03-16,63,69,465,9,75,338,38,0.6,Paludisme,94,4,43.24,1.21,élevé,23.8,65.2,675.7,True,0.66,0.76,0.1,108.1,47.7
8,Centre Hospitalier Régional de Saint-Louis,Saint-Louis,Saint-Louis,540,387,2024-03-17,48,60,236,17,304,366,0,3.94,Choléra,59,5,66.04,6.68,modéré,23.4,71.1,3887.7,False,0.9,0.42,0.0,137.6,49.1
8,Centre Hospitalier Régional de Saint-Louis,Saint-Louis,Saint-Louis,540,387,2024-03-18,62,41,310,2,230,364,14,2.69,Grippe,29,0,56.16,18.36,faible,27.2,83.5,1902.7,False,0.74,0.41,0.01,164.0,38.5
8,Centre Hospitalier Régional de Saint-Louis,Saint-Louis,Saint-Louis,540,387,2024-03-19,35,88,22,6,518,366,56,2.24,Choléra,45,10,61.09,4.44,modéré,32.7,84.8,618.9,False,0.22,0.43,0.04,117.0,49.1
8,Centre Hospitalier Régional de Saint-Louis,Saint-Louis,Saint-Louis,540,387,2024-03-20,69,49,442,25,98,360,38,0.14,Covid-19,26,7,86.86,25.86,faible,26.3,43.4,986.2,False,0.79,0.88,0.03,5.5,58.6
8,Centre Hospitalier Régional de Saint-Louis,Saint-Louis,Saint-Louis,540,387,2024-03-21,16,54,31,25,509,382,27,2.12,Covid-19,17,6,73.43,1.05,faible,37.7,63.6,506.8,False,0.23,0.62,0.06,43.9,6.2
8,Centre Hospitalier Régional de Saint-Louis,Saint-Louis,Saint-Louis,540,387,2024-03-22,30,47,121,11,419,360,45,0.5,Grippe,45,1,59.32,24.97,modéré,31.5,71.3,4723.6,False,0.56,0.57,0.15,164.4,42.3
8,Centre Hospitalier Régional de Saint-Louis,Saint-Louis,Saint-Louis,540,387,2024-03-23,20,33,184,9,356,381,26,2.64,Grippe,87,9,92.29,26.77,élevé,35.5,57.7,2488.0,True,0.3,0.81,0.11,115.5,9.2
8,Centre Hospitalier Régional de Saint-Louis,Saint-Louis,Saint-Louis,540,387,2024-03-24,73,52,48,15,492,354,20,2.23,Grippe,32,6,94.28,8.97,modéré,29.6,78.4,4373.8,False,0.49,0.83,0.2,97.2,43.1
8,Centre Hospitalier Régional de Saint-Louis,Saint-Louis,Saint-Louis,540,387,2024-03-25,17,31,77,19,463,371,49,0.65,Dengue,9,10,64.58,19.79,faible,28.1,86.6,4903.2,False,0.74,0.54,0.14,165.1,51.0
8,Centre Hospitalier Régional de Saint-Louis,Saint-Louis,Saint-Louis,540,387,2024-03-26,95,22,158,20,382,387,11,0.33,Choléra,81,6,74.17,2.86,élevé,32.9,79.7,4933.7,True,0.59,0.73,0.09,137.9,59.1
8,Centre Hospitalier Régional de Saint-Louis,Saint-Louis,Saint-Louis,540,387,2024-03-27,12,11,347,9,193,357,47,2.1,Covid-19,41,9,77.36,8.7,modéré,34.5,44.2,1437.7,False,0.69,0.51,0.06,83.2,29.4
8,Centre Hospitalier Régional de Saint-Louis,Saint-Louis,Saint-Louis,540,387,2024-03-28,92,78,351,16,189,349,50,0.39,Grippe,58,0,35.79,22.35,modéré,31.1,61.3,1355.5,False,0.78,0.71,0.17,77.4,32.0
8,Centre Hospitalier Régional de Saint-Louis,Saint-Louis,Saint-Louis,540,387,2024-05-18,98,33,193,24,347,363,31,1.35,Dengue,76,8,87.06,9.59,modéré,24.4,70.7,4746.0,False,0.89,0.95,0.04,54.1,46.6
8,Centre Hospitalier Régional de Saint-Louis,Saint-Louis,Saint-Louis,540,387,2024-05-19,95,40,392,18,148,354,47,1.84,Covid-19,36,4,31.38,27.16,modéré,26.3,45.0,3126.5,False,0.46,0.91,0.03,125.5,35.7
8,Centre Hospitalier Régional de Saint-Louis,Saint-Louis,Saint-Louis,540,387,2024-05-20,92,40,113,23,427,360,47,1.62,Dengue,103,6,86.06,1.86,élevé,29.2,57.8,2428.7,True,0.81,0.5,0.11,126.0,39.1
8,Centre Hospitalier Régional de Saint-Louis,Saint-Louis,Saint-Louis,540,387,2024-05-21,45,89,366,21,174,366,36,1.98,Choléra,22,6,49.96,9.98,faible,25.7,89.8,2708.1,False,0.28,0.79,0.09,19.5,36.4
8,Centre Hospitalier Régional de Saint-Louis,Saint-Louis,Saint-Louis,540,387,2024-05-22,74,7,129,12,411,358,17,2.77,Covid-19,12,3,49.87,9.66,faible,27.6,77.6,2757.7,False,0.39,0.6,0.0,113.2,11.7
8,Centre Hospitalier Régional de Saint-Louis,Saint-Louis,Saint-Louis,540,387,2024-05-23,72,38,358,15,182,367,58,2.82,Dengue,11,10,81.18,29.74,faible,29.1,74.5,4561.2,False,0.54,0.73,0.12,98.4,11.2
8,Centre Hospitalier Régional de Saint-Louis,Saint-Louis,Saint-Louis,540,387,2024-05-24,19,6,320,13,220,387,12,2.5,Covid-19,109,9,30.27,26.46,élevé,29.7,70.4,3340.2,True,0.56,0.34,0.05,112.8,6.6
8,Centre Hospitalier Régional de Saint-Louis,Saint-Louis,Saint-Louis,540,387,2024-05-25,27,12,314,3,226,361,42,3.47,Grippe,114,1,54.84,15.19,élevé,34.2,75.6,1753.6,True,0.4,0.49,0.11,80.2,7.1
8,Centre Hospitalier Régional de Saint-Louis,Saint-Louis,Saint-Louis,540,387,2024-05-26,38,22,44,13,496,360,41,0.51,Grippe,57,2,34.61,25.27,modéré,32.9,75.0,4803.1,False,0.67,0.96,0.19,49.1,8.4
8,Centre Hospitalier Régional de Saint-Louis,Saint-Louis,Saint-Louis,540,387,2024-05-27,97,80,413,21,127,381,43,2.39,Choléra,76,0,72.63,4.32,modéré,36.9,75.9,583.2,False,0.43,0.82,0.2,37.8,37.8
8,Centre Hospitalier Régional de Saint-Louis,Saint-Louis,Saint-Louis,540,387,2024-05-28,55,82,387,1,153,352,43,3.74,Paludisme,10,3,76.36,26.96,faible,34.7,49.3,4679.1,False,0.27,0.5,0.19,117.9,6.5
8,Centre Hospitalier Régional de Saint-Louis,Saint-Louis,Saint-Louis,540,387,2024-05-29,95,25,315,23,225,345,45,1.93,Dengue,64,9,45.42,18.8,modéré,23.8,41.9,1802.5,False,0.35,0.99,0.02,7.7,18.2
8,Centre Hospitalier Régional de Saint-Louis,Saint-Louis,Saint-Louis,540,387,2024-05-30,94,57,320,4,220,353,10,3.38,Paludisme,64,3,88.88,19.5,modéré,24.4,53.1,3853.8,False,0.93,0.34,0.14,119.0,34.8
8,Centre Hospitalier Régional de Saint-Louis,Saint-Louis,Saint-Louis,540,387,2024-05-31,13,17,388,4,152,384,0,0.81,Paludisme,48,0,32.89,15.9,modéré,24.8,40.7,2727.5,False,0.97,0.89,0.13,60.9,5.7
8,Centre Hospitalier Régional de Saint-Louis,Saint-Louis,Saint-Louis,540,387,2024-06-01,36,71,183,13,357,368,46,2.05,Grippe,75,4,77.3,3.52,modéré,24.6,42.1,1989.8,False,0.5,0.3,0.13,85.2,26.8
8,Centre Hospitalier Régional de Saint-Louis,Saint-Louis,Saint-Louis,540,387,2024-06-02,48,8,253,5,287,358,51,3.91,Covid-19,37,2,53.84,29.07,modéré,32.1,83.5,3113.5,False,0.39,0.36,0.01,82.3,10.9
8,Centre Hospitalier Régional de Saint-Louis,Saint-Louis,Saint-Louis,540,387,2024-06-03,85,75,371,23,169,341,0,3.28,Choléra,99,9,46.75,7.4,élevé,23.0,42.0,1311.7,True,0.57,0.36,0.07,111.1,44.7
8,Centre Hospitalier Régional de Saint-Louis,Saint-Louis,Saint-Louis,540,387,2024-06-04,42,60,225,21,315,379,38,1.48,Grippe,92,0,31.03,29.26,élevé,28.6,59.2,4020.5,True,0.53,0.84,0.04,51.4,38.1
8,Centre Hospitalier Régional de Saint-Louis,Saint-Louis,Saint-Louis,540,387,2024-06-05,93,21,527,5,13,379,48,3.53,Dengue,72,2,63.24,15.6,modéré,24.8,85.6,549.5,False,0.66,0.59,0.13,68.1,8.9
8,Centre Hospitalier Régional de Saint-Louis,Saint-Louis,Saint-Louis,540,387,2024-06-06,79,16,20,23,520,353,2,2.74,Covid-19,59,5,93.53,19.82,modéré,25.1,86.4,1840.4,False,0.5,0.46,0.17,26.5,14.9
8,Centre Hospitalier Régional de Saint-Louis,Saint-Louis,Saint-Louis,540,387,2024-06-07,27,26,232,13,308,386,2,0.56,Covid-19,98,5,59.59,22.96,élevé,23.5,44.9,4131.4,True,0.59,0.96,0.1,102.8,46.2
8,Centre Hospitalier Régional de Saint-Louis,Saint-Louis,Saint-Louis,540,387,2024-06-08,69,65,244,12,296,356,27,3.16,Covid-19,49,10,48.06,21.04,modéré,36.3,70.4,4222.4,False,0.39,0.78,0.14,68.0,47.3
8,Centre Hospitalier Régional de Saint-Louis,Saint-Louis,Saint-Louis,540,387,2024-06-09,37,41,104,4,436,353,52,3.23,Choléra,40,5,82.44,11.81,modéré,33.4,87.2,2958.6,False,0.89,0.75,0.06,52.9,7.5
8,Centre Hospitalier Régional de Saint-Louis,Saint-Louis,Saint-Louis,540,387,2024-06-10,18,47,157,1,383,342,32,1.16,Paludisme,115,0,72.75,22.82,élevé,31.2,60.5,4647.6,True,0.37,0.37,0.13,64.6,56.4
8,Centre Hospitalier Régional de Saint-Louis,Saint-Louis,Saint-Louis,540,387,2024-06-11,76,36,200,0,340,349,45,3.11,Choléra,59,7,45.89,3.16,modéré,38.0,57.7,1621.3,False,0.95,0.98,0.1,159.0,4.7
8,Centre Hospitalier Régional de Saint-Louis,Saint-Louis,Saint-Louis,540,387,2024-06-12,99,55,115,20,425,357,3,1.24,Paludisme,32,7,53.85,2.57,modéré,36.5,74.3,2060.3,False,0.81,0.79,0.19,159.9,39.8
8,Centre Hospitalier Régional de Saint-Louis,Saint-Louis,Saint-Louis,540,387,2024-06-13,52,89,185,1,355,381,41,3.1,Choléra,59,5,52.77,18.13,modéré,34.7,80.8,4661.5,False,0.34,0.77,0.0,12.4,24.9
8,Centre Hospitalier Régional de Saint-Louis,Saint-Louis,Saint-Louis,540,387,2024-06-14,93,74,475,19,65,387,46,3.42,Choléra,25,5,62.51,2.69,faible,36.1,65.0,859.4,False,0.58,0.44,0.02,109.6,13.6
8,Centre Hospitalier Régional de Saint-Louis,Saint-Louis,Saint-Louis,540,387,2024-06-15,91,14,360,10,180,360,7,1.67,Covid-19,2,1,59.27,13.33,faible,23.7,73.3,2071.6,False,0.93,0.98,0.1,150.5,21.2
8,Centre Hospitalier Régional de Saint-Louis,Saint-Louis,Saint-Louis,540,387,2024-06-16,70,39,380,7,160,345,39,3.41,Dengue,71,5,74.19,4.31,modéré,22.6,52.0,4391.7,False,0.66,0.37,0.01,140.3,32.8
8,Centre Hospitalier Régional de Saint-Louis,Saint-Louis,Saint-Louis,540,387,2024-06-17,61,33,144,23,396,383,5,0.8,Grippe,105,8,32.96,17.5,élevé,25.7,83.3,1983.4,True,0.32,0.62,0.11,108.5,12.5
8,Centre Hospitalier Régional de Saint-Louis,Saint-Louis,Saint-Louis,540,387,2024-06-18,45,18,227,9,313,348,42,3.68,Grippe,39,8,72.19,9.56,modéré,27.1,40.9,4513.8,False,0.7,0.39,0.02,127.7,16.1
8,Centre Hospitalier Régional de Saint-Louis,Saint-Louis,Saint-Louis,540,387,2024-06-19,18,42,270,15,270,366,33,1.82,Paludisme,68,7,52.73,16.75,modéré,32.9,90.0,2860.2,False,0.26,0.77,0.11,174.3,38.8
8,Centre Hospitalier Régional de Saint-Louis,Saint-Louis,Saint-Louis,540,387,2024-06-20,21,86,417,8,123,343,42,1.48,Paludisme,51,2,52.65,29.68,modéré,35.9,59.0,2423.6,False,0.46,0.99,0.2,20.4,56.2
8,Centre Hospitalier Régional de Saint-Louis,Saint-Louis,Saint-Louis,540,387,2024-06-21,35,45,480,16,60,387,60,0.35,Paludisme,88,0,44.59,8.18,élevé,34.9,44.1,1001.8,True,0.26,0.69,0.19,78.0,57.8
8,Centre Hospitalier Régional de Saint-Louis,Saint-Louis,Saint-Louis,540,387,2024-06-22,70,5,441,8,99,383,48,2.6,Covid-19,20,1,86.06,26.68,faible,32.8,67.1,1662.2,False,0.31,0.69,0.17,42.7,14.0
8,Centre Hospitalier Régional de Saint-Louis,Saint-Louis,Saint-Louis,540,387,2024-06-23,33,60,311,7,229,386,54,2.99,Choléra,109,8,75.26,22.04,élevé,35.6,84.0,3591.5,True,0.29,0.97,0.08,145.1,3.4
8,Centre Hospitalier Régional de Saint-Louis,Saint-Louis,Saint-Louis,540,387,2024-06-24,14,54,136,4,404,350,38,3.9,Grippe,77,8,67.16,28.81,modéré,27.9,74.9,637.3,False,0.37,0.34,0.12,125.1,7.0
8,Centre Hospitalier Régional de Saint-Louis,Saint-Louis,Saint-Louis,540,387,2024-06-25,38,78,452,20,88,368,46,2.71,Covid-19,74,6,33.1,7.18,modéré,22.0,85.9,199.6,False,0.57,0.37,0.12,107.3,42.1
8,Centre Hospitalier Régional de Saint-Louis,Saint-Louis,Saint-Louis,540,387,2024-06-26,18,87,428,5,112,377,50,1.91,Dengue,6,8,66.89,6.28,faible,37.4,46.3,620.5,False,0.54,0.39,0.0,60.5,37.1
8,Centre Hospitalier Régional de Saint-Louis,Saint-Louis,Saint-Louis,540,387,2024-06-27,27,52,21,6,519,352,49,2.46,Grippe,10,5,47.66,2.25,faible,26.8,52.3,2731.3,False,0.75,0.53,0.13,153.9,3.2
8,Centre Hospitalier Régional de Saint-Louis,Saint-Louis,Saint-Louis,540,387,2024-06-28,46,63,187,8,353,343,46,1.91,Dengue,71,8,67.61,9.25,modéré,35.2,70.1,3147.9,False,0.33,0.68,0.03,6.0,58.9
8,Centre Hospitalier Régional de Saint-Louis,Saint-Louis,Saint-Louis,540,387,2024-06-29,45,58,309,1,231,351,3,0.52,Dengue,97,4,51.32,4.97,élevé,32.0,88.3,628.4,True,0.43,0.66,0.09,34.5,31.8
8,Centre Hospitalier Régional de Saint-Louis,Saint-Louis,Saint-Louis,540,387,2024-06-30,80,88,210,22,330,337,50,3.12,Paludisme,2,0,94.01,14.59,faible,23.4,70.6,3764.4,False,0.66,0.68,0.11,118.0,59.5
8,Centre Hospitalier Régional de Saint-Louis,Saint-Louis,Saint-Louis,540,387,2024-07-01,90,42,269,5,271,358,59,3.57,Choléra,100,1,78.76,20.23,élevé,22.8,52.1,2548.1,True,0.51,0.93,0.0,109.4,25.0
8,Centre Hospitalier Régional de Saint-Louis,Saint-Louis,Saint-Louis,540,387,2024-07-02,66,81,325,20,215,365,2,1.37,Dengue,112,7,59.64,6.08,élevé,32.7,62.6,3368.8,True,0.29,0.66,0.11,168.7,37.4
8,Centre Hospitalier Régional de Saint-Louis,Saint-Louis,Saint-Louis,540,387,2024-07-03,26,71,24,10,516,360,32,1.54,Grippe,88,5,77.62,14.35,élevé,24.0,87.7,1122.5,True,0.62,0.9,0.18,23.6,43.6
8,Centre Hospitalier Régional de Saint-Louis,Saint-Louis,Saint-Louis,540,387,2024-07-04,72,60,463,2,77,382,17,3.89,Choléra,106,8,62.71,7.48,élevé,37.6,79.8,4924.5,True,0.83,0.72,0.07,47.5,43.9
8,Centre Hospitalier Régional de Saint-Louis,Saint-Louis,Saint-Louis,540,387,2024-07-05,64,9,485,10,55,363,51,2.26,Dengue,15,4,94.34,10.47,faible,29.0,48.9,3974.3,False,0.67,0.49,0.13,50.8,57.7
8,Centre Hospitalier Régional de Saint-Louis,Saint-Louis,Saint-Louis,540,387,2024-07-06,49,13,285,1,255,373,55,1.69,Paludisme,28,4,91.41,12.48,faible,26.5,55.7,284.5,False,0.85,0.89,0.08,18.0,41.4
8,Centre Hospitalier Régional de Saint-Louis,Saint-Louis,Saint-Louis,540,387,2024-08-26,96,16,534,2,6,378,36,3.19,Grippe,58,8,76.19,17.94,modéré,29.5,89.1,2145.5,False,0.37,0.54,0.03,158.4,51.2
8,Centre Hospitalier Régional de Saint-Louis,Saint-Louis,Saint-Louis,540,387,2024-08-27,45,26,60,23,480,338,2,0.72,Grippe,85,3,42.72,18.24,élevé,23.2,84.1,3801.8,True,0.59,0.52,0.13,75.4,42.6
8,Centre Hospitalier Régional de Saint-Louis,Saint-Louis,Saint-Louis,540,387,2024-08-28,49,37,189,24,351,372,4,2.61,Choléra,4,0,45.63,9.12,faible,33.2,80.0,648.7,False,0.51,0.55,0.14,150.0,25.3
8,Centre Hospitalier Régional de Saint-Louis,Saint-Louis,Saint-Louis,540,387,2024-08-29,33,66,351,24,189,365,40,1.6,Paludisme,82,8,42.86,25.36,élevé,37.7,84.7,2256.5,True,0.86,0.42,0.15,117.5,13.6
8,Centre Hospitalier Régional de Saint-Louis,Saint-Louis,Saint-Louis,540,387,2024-08-30,22,73,101,8,439,371,44,0.53,Dengue,14,4,92.95,11.48,faible,36.8,52.5,4661.6,False,0.28,0.77,0.02,171.5,54.9
8,Centre Hospitalier Régional de Saint-Louis,Saint-Louis,Saint-Louis,540,387,2024-08-31,74,23,426,19,114,378,51,2.14,Grippe,90,8,59.51,15.69,élevé,32.4,63.0,2171.6,True,0.35,0.52,0.16,28.5,34.2
8,Centre Hospitalier Régional de Saint-Louis,Saint-Louis,Saint-Louis,540,387,2024-09-01,70,31,74,1,466,347,5,3.93,Dengue,94,4,36.2,4.43,élevé,33.6,55.2,3145.2,True,0.42,0.72,0.16,134.2,5.7
8,Centre Hospitalier Régional de Saint-Louis,Saint-Louis,Saint-Louis,540,387,2024-09-02,82,20,421,15,119,387,44,2.9,Paludisme,20,9,90.95,2.41,faible,25.2,69.8,3918.6,False,0.72,0.51,0.09,148.1,13.1
8,Centre Hospitalier Régional de Saint-Louis,Saint-Louis,Saint-Louis,540,387,2024-09-03,33,48,490,16,50,341,40,1.59,Covid-19,62,3,60.64,9.45,modéré,22.4,40.4,1704.3,False,0.25,0.6,0.12,23.4,23.6
8,Centre Hospitalier Régional de Saint-Louis,Saint-Louis,Saint-Louis,540,387,2024-09-04,34,22,425,2,115,368,23,1.74,Covid-19,110,9,92.37,21.73,élevé,38.2,50.5,4063.2,True,0.73,0.71,0.19,109.9,13.8
8,Centre Hospitalier Régional de Saint-Louis,Saint-Louis,Saint-Louis,540,387,2024-09-05,11,79,371,24,169,380,34,1.26,Dengue,17,2,35.07,12.6,faible,23.3,80.8,1430.3,False,0.83,0.34,0.08,71.7,27.3
8,Centre Hospitalier Régional de Saint-Louis,Saint-Louis,Saint-Louis,540,387,2024-09-06,38,56,515,0,25,352,18,1.75,Dengue,14,10,41.06,15.1,faible,31.9,55.5,2361.9,False,0.23,0.31,0.19,169.4,31.7
8,Centre Hospitalier Régional de Saint-Louis,Saint-Louis,Saint-Louis,540,387,2024-09-07,45,56,293,4,247,383,21,0.63,Choléra,27,9,37.77,18.21,faible,25.3,45.1,4418.4,False,0.23,0.92,0.01,158.1,12.7
8,Centre Hospitalier Régional de Saint-Louis,Saint-Louis,Saint-Louis,540,387,2024-09-08,11,40,106,2,434,357,32,2.7,Dengue,30,2,56.04,28.98,modéré,24.8,83.7,1880.9,False,0.46,0.54,0.09,170.6,43.8
8,Centre Hospitalier Régional de Saint-Louis,Saint-Louis,Saint-Louis,540,387,2024-09-09,95,14,278,18,262,370,28,3.08,Grippe,105,4,32.26,20.02,élevé,29.4,44.5,4981.2,True,0.91,0.51,0.13,20.6,28.1
8,Centre Hospitalier Régional de Saint-Louis,Saint-Louis,Saint-Louis,540,387,2024-09-10,33,49,434,18,106,373,15,3.54,Covid-19,103,8,51.32,17.36,élevé,32.1,62.4,2115.5,True,0.27,0.87,0.14,80.4,57.1
8,Centre Hospitalier Régional de Saint-Louis,Saint-Louis,Saint-Louis,540,387,2024-09-11,46,39,248,24,292,384,48,3.13,Grippe,70,8,61.95,15.94,modéré,36.4,82.5,503.7,False,0.46,0.86,0.14,162.0,59.5
8,Centre Hospitalier Régional de Saint-Louis,Saint-Louis,Saint-Louis,540,387,2024-09-12,26,9,136,22,404,352,11,1.85,Choléra,7,10,63.95,10.02,faible,29.3,85.4,4337.2,False,0.71,0.98,0.05,153.0,8.7
8,Centre Hospitalier Régional de Saint-Louis,Saint-Louis,Saint-Louis,540,387,2024-09-13,53,88,131,24,409,344,60,0.21,Covid-19,4,0,32.72,3.98,faible,26.7,47.8,3508.2,False,0.86,0.58,0.08,104.9,40.1
8,Centre Hospitalier Régional de Saint-Louis,Saint-Louis,Saint-Louis,540,387,2024-09-14,14,81,277,18,263,378,3,1.34,Paludisme,5,0,77.23,18.63,faible,27.5,53.1,4629.9,False,0.77,0.81,0.15,18.5,10.8
8,Centre Hospitalier Régional de Saint-Louis,Saint-Louis,Saint-Louis,540,387,2024-09-15,54,80,443,8,97,346,42,3.15,Covid-19,24,0,39.88,9.86,faible,33.7,62.9,922.2,False,0.76,0.9,0.08,51.9,20.2
8,Centre Hospitalier Régional de Saint-Louis,Saint-Louis,Saint-Louis,540,387,2024-09-16,39,75,419,0,121,369,43,0.29,Grippe,91,10,42.35,16.67,élevé,35.8,40.6,1855.2,True,0.5,0.95,0.16,52.4,40.1
8,Centre Hospitalier Régional de Saint-Louis,Saint-Louis,Saint-Louis,540,387,2024-09-17,38,22,64,1,476,387,15,2.06,Grippe,67,8,79.65,20.68,modéré,32.0,64.4,1496.6,False,0.33,0.7,0.08,64.6,13.9
8,Centre Hospitalier Régional de Saint-Louis,Saint-Louis,Saint-Louis,540,387,2024-09-18,79,90,461,7,79,371,46,0.61,Paludisme,31,0,91.9,14.33,modéré,30.4,40.0,2479.9,False,0.69,0.41,0.1,129.4,51.8
8,Centre Hospitalier Régional de Saint-Louis,Saint-Louis,Saint-Louis,540,387,2024-09-19,81,39,528,5,12,363,2,2.87,Paludisme,46,8,46.64,22.32,modéré,36.4,55.7,4580.8,False,0.24,0.49,0.17,46.9,15.5
8,Centre Hospitalier Régional de Saint-Louis,Saint-Louis,Saint-Louis,540,387,2024-09-20,89,24,191,0,349,353,56,1.63,Choléra,89,4,56.54,19.11,élevé,24.0,55.8,2505.5,True,0.89,0.93,0.17,49.2,12.1
8,Centre Hospitalier Régional de Saint-Louis,Saint-Louis,Saint-Louis,540,387,2024-09-21,74,25,528,7,12,343,54,1.18,Choléra,110,9,54.35,13.42,élevé,35.1,54.6,1536.8,True,0.53,0.45,0.16,147.7,35.7
8,Centre Hospitalier Régional de Saint-Louis,Saint-Louis,Saint-Louis,540,387,2024-09-22,98,34,177,8,363,374,26,1.46,Dengue,7,1,88.92,28.49,faible,30.1,54.9,2283.8,False,0.66,0.87,0.12,165.4,33.1
8,Centre Hospitalier Régional de Saint-Louis,Saint-Louis,Saint-Louis,540,387,2024-09-23,56,72,123,13,417,353,37,3.46,Covid-19,0,6,85.66,7.82,faible,26.7,46.9,2354.3,False,0.27,0.95,0.02,145.7,21.0
8,Centre Hospitalier Régional de Saint-Louis,Saint-Louis,Saint-Louis,540,387,2024-09-24,76,6,274,11,266,370,2,2.94,Choléra,3,9,37.95,28.99,faible,33.1,74.9,2445.0,False,0.39,0.56,0.08,22.0,21.4
8,Centre Hospitalier Régional de Saint-Louis,Saint-Louis,Saint-Louis,540,387,2024-09-25,69,41,504,9,36,352,56,3.87,Paludisme,103,6,87.24,9.08,élevé,23.8,72.9,3121.9,True,0.79,0.72,0.03,7.6,39.7
8,Centre Hospitalier Régional de Saint-Louis,Saint-Louis,Saint-Louis,540,387,2024-09-26,49,37,471,16,69,374,46,3.2,Choléra,38,3,35.99,19.83,modéré,33.1,60.4,4533.5,False,0.23,0.43,0.08,101.7,10.2
8,Centre Hospitalier Régional de Saint-Louis,Saint-Louis,Saint-Louis,540,387,2024-09-27,14,26,208,14,332,370,18,1.86,Covid-19,43,5,70.29,3.71,modéré,38.9,52.6,4969.8,False,0.59,0.75,0.06,135.1,13.9
8,Centre Hospitalier Régional de Saint-Louis,Saint-Louis,Saint-Louis,540,387,2024-09-28,47,44,215,9,325,365,16,0.21,Grippe,108,0,83.3,27.33,élevé,26.8,60.2,2461.7,True,0.88,0.63,0.1,67.3,4.8
8,Centre Hospitalier Régional de Saint-Louis,Saint-Louis,Saint-Louis,540,387,2024-09-29,35,37,59,5,481,362,4,1.13,Paludisme,9,6,81.75,14.42,faible,26.7,85.1,2524.0,False,0.82,0.83,0.12,27.5,9.3
8,Centre Hospitalier Régional de Saint-Louis,Saint-Louis,Saint-Louis,540,387,2024-09-30,43,45,476,16,64,358,33,2.03,Grippe,47,2,83.74,15.53,modéré,22.1,71.8,220.7,False,0.35,0.85,0.14,88.6,54.0
8,Centre Hospitalier Régional de Saint-Louis,Saint-Louis,Saint-Louis,540,387,2024-10-01,61,35,265,16,275,364,20,1.93,Choléra,50,10,33.94,5.89,modéré,28.8,48.5,2948.0,False,0.23,0.97,0.13,62.5,46.4
8,Centre Hospitalier Régional de Saint-Louis,Saint-Louis,Saint-Louis,540,387,2024-10-02,25,57,239,19,301,340,8,0.63,Grippe,18,4,61.53,17.93,faible,27.8,76.6,3013.9,False,0.92,0.61,0.1,164.4,14.6
8,Centre Hospitalier Régional de Saint-Louis,Saint-Louis,Saint-Louis,540,387,2024-10-03,71,8,524,3,16,360,1,0.38,Dengue,67,9,47.15,18.49,modéré,38.3,48.0,3433.4,False,0.87,0.7,0.01,170.9,52.3
8,Centre Hospitalier Régional de Saint-Louis,Saint-Louis,Saint-Louis,540,387,2024-10-04,73,55,425,10,115,341,9,3.73,Covid-19,70,8,59.44,12.1,modéré,23.2,85.7,517.6,False,0.51,0.7,0.1,148.3,34.3
8,Centre Hospitalier Régional de Saint-Louis,Saint-Louis,Saint-Louis,540,387,2024-10-05,42,31,501,14,39,373,27,3.04,Grippe,35,0,50.53,5.72,modéré,23.5,66.5,388.3,False,0.82,0.73,0.18,39.1,41.7
8,Centre Hospitalier Régional de Saint-Louis,Saint-Louis,Saint-Louis,540,387,2024-10-06,38,78,196,10,344,363,3,2.98,Dengue,14,4,40.94,2.81,faible,32.6,59.0,4488.2,False,0.28,0.55,0.2,101.1,30.4
8,Centre Hospitalier Régional de Saint-Louis,Saint-Louis,Saint-Louis,540,387,2024-10-07,57,46,191,24,349,360,41,0.25,Covid-19,42,7,90.95,17.78,modéré,35.1,77.2,1244.8,False,0.75,0.64,0.13,107.3,58.6
8,Centre Hospitalier Régional de Saint-Louis,Saint-Louis,Saint-Louis,540,387,2024-10-08,46,35,210,2,330,339,59,0.54,Choléra,119,1,56.59,4.23,élevé,36.3,73.5,509.5,True,0.61,0.71,0.2,113.3,34.5
8,Centre Hospitalier Régional de Saint-Louis,Saint-Louis,Saint-Louis,540,387,2024-10-09,83,22,133,17,407,348,57,0.49,Covid-19,82,8,38.67,3.6,élevé,34.7,88.9,1520.6,True,0.36,0.73,0.05,154.9,55.0
8,Centre Hospitalier Régional de Saint-Louis,Saint-Louis,Saint-Louis,540,387,2024-10-10,88,70,523,24,17,357,13,1.79,Dengue,65,1,76.1,11.07,modéré,34.7,84.1,3374.9,False,0.34,0.57,0.02,94.2,3.1
8,Centre Hospitalier Régional de Saint-Louis,Saint-Louis,Saint-Louis,540,387,2024-10-11,35,32,260,12,280,374,12,1.69,Dengue,86,0,58.7,19.88,élevé,25.1,49.5,2146.9,True,0.91,0.92,0.11,52.2,7.3
8,Centre Hospitalier Régional de Saint-Louis,Saint-Louis,Saint-Louis,540,387,2024-10-12,44,68,215,17,325,364,42,0.57,Covid-19,31,4,41.69,14.37,modéré,23.7,47.6,4400.0,False,0.77,0.35,0.13,126.8,44.0
8,Centre Hospitalier Régional de Saint-Louis,Saint-Louis,Saint-Louis,540,387,2024-10-13,94,45,467,21,73,365,14,3.59,Covid-19,73,7,45.43,5.72,modéré,25.9,56.3,3445.6,False,0.93,0.53,0.12,17.0,55.8
8,Centre Hospitalier Régional de Saint-Louis,Saint-Louis,Saint-Louis,540,387,2024-10-14,84,56,105,25,435,349,21,1.41,Choléra,11,2,30.88,26.25,faible,22.1,42.5,4500.3,False,0.24,0.35,0.2,106.8,51.4
7,Centre Hospitalier Régional de Louga,Louga,Louga,522,369,2024-12-20,26,9,294,22,228,365,14,2.93,Dengue,19,5,46.62,9.65,faible,32.9,51.1,818.0,False,0.33,0.89,0.02,87.4,52.5
7,Centre Hospitalier Régional de Louga,Louga,Louga,522,369,2024-12-21,35,10,456,13,66,340,54,3.13,Grippe,6,9,77.31,29.75,faible,37.0,51.6,4110.4,False,0.62,0.75,0.08,90.6,20.3
7,Centre Hospitalier Régional de Louga,Louga,Louga,522,369,2024-12-22,74,84,359,22,163,338,22,2.91,Paludisme,40,0,46.09,16.69,modéré,24.2,59.8,1066.7,False,0.72,0.89,0.13,37.2,22.1
7,Centre Hospitalier Régional de Louga,Louga,Louga,522,369,2024-12-23,78,31,436,0,86,326,37,3.99,Paludisme,66,10,35.55,1.14,modéré,30.2,66.6,4747.1,False,0.37,0.78,0.11,114.7,58.5
7,Centre Hospitalier Régional de Louga,Louga,Louga,522,369,2024-12-24,54,50,108,19,414,353,59,1.19,Paludisme,94,0,93.79,10.24,élevé,29.3,72.6,2370.0,True,0.36,0.77,0.09,126.7,22.4
7,Centre Hospitalier Régional de Louga,Louga,Louga,522,369,2024-12-25,76,33,484,12,38,322,4,0.74,Dengue,24,1,76.33,5.85,faible,24.9,46.1,2138.3,False,0.36,0.81,0.11,91.2,5.8
7,Centre Hospitalier Régional de Louga,Louga,Louga,522,369,2024-12-26,19,20,183,13,339,344,60,3.78,Dengue,79,10,31.56,25.99,modéré,36.3,89.2,3004.7,False,0.71,0.55,0.06,109.9,4.8
7,Centre Hospitalier Régional de Louga,Louga,Louga,522,369,2024-12-27,26,36,299,16,223,359,44,2.02,Paludisme,41,10,30.46,13.3,modéré,25.6,42.2,4914.0,False,0.61,0.31,0.03,161.2,22.4
7,Centre Hospitalier Régional de Louga,Louga,Louga,522,369,2024-12-28,26,42,222,7,300,361,29,2.36,Choléra,44,6,76.4,25.83,modéré,30.5,58.4,4067.5,False,0.27,0.9,0.06,68.2,37.0
7,Centre Hospitalier Régional de Louga,Louga,Louga,522,369,2024-12-29,46,69,415,1,107,322,2,0.3,Choléra,68,5,71.65,10.79,modéré,24.1,44.7,2537.1,False,0.26,0.57,0.16,157.8,48.9
7,Centre Hospitalier Régional de Louga,Louga,Louga,522,369,2024-12-30,89,56,246,16,276,331,54,1.59,Paludisme,73,5,61.59,2.68,modéré,27.2,46.7,2153.9,False,0.24,0.86,0.18,41.7,47.6
7,Centre Hospitalier Régional de Louga,Louga,Louga,522,369,2024-12-31,31,44,438,15,84,348,35,1.76,Paludisme,15,0,39.63,10.93,faible,24.1,83.6,4813.3,False,0.41,0.55,0.09,88.2,50.9
8,Centre Hospitalier Régional de Saint-Louis,Saint-Louis,Saint-Louis,540,387,2024-01-01,45,62,148,23,392,380,24,2.44,Covid-19,44,1,82.58,17.27,modéré,35.6,49.5,1237.0,False,0.67,0.97,0.01,81.0,55.3
8,Centre Hospitalier Régional de Saint-Louis,Saint-Louis,Saint-Louis,540,387,2024-01-02,90,70,75,24,465,351,36,1.37,Dengue,19,2,42.26,4.98,faible,26.7,56.7,312.4,False,0.86,0.7,0.03,133.6,12.8
8,Centre Hospitalier Régional de Saint-Louis,Saint-Louis,Saint-Louis,540,387,2024-01-03,82,16,320,14,220,383,24,2.25,Grippe,37,7,72.82,26.74,modéré,29.2,65.6,703.6,False,0.75,0.54,0.11,17.6,56.3
8,Centre Hospitalier Régional de Saint-Louis,Saint-Louis,Saint-Louis,540,387,2024-01-04,22,41,309,19,231,366,27,2.49,Choléra,15,7,62.4,7.5,faible,33.9,40.8,1781.8,False,0.52,0.58,0.17,105.7,55.4
8,Centre Hospitalier Régional de Saint-Louis,Saint-Louis,Saint-Louis,540,387,2024-01-05,96,5,481,18,59,371,16,0.56,Dengue,46,0,65.23,16.6,modéré,33.7,75.6,4712.1,False,0.77,0.32,0.11,141.3,38.8
8,Centre Hospitalier Régional de Saint-Louis,Saint-Louis,Saint-Louis,540,387,2024-01-06,75,18,122,14,418,355,52,3.29,Covid-19,96,2,65.62,2.71,élevé,30.9,64.1,829.1,True,0.54,0.35,0.05,118.5,37.3
8,Centre Hospitalier Régional de Saint-Louis,Saint-Louis,Saint-Louis,540,387,2024-01-07,48,41,216,21,324,382,3,3.22,Choléra,104,6,70.26,4.26,élevé,28.9,77.5,2396.5,True,0.48,0.81,0.1,166.0,39.6
8,Centre Hospitalier Régional de Saint-Louis,Saint-Louis,Saint-Louis,540,387,2024-01-08,25,84,467,22,73,385,16,3.64,Dengue,24,8,72.32,14.86,faible,23.4,51.0,1097.3,False,0.51,0.84,0.12,105.8,12.4
8,Centre Hospitalier Régional de Saint-Louis,Saint-Louis,Saint-Louis,540,387,2024-01-09,66,76,530,20,10,355,34,0.28,Covid-19,96,5,31.43,2.01,élevé,26.5,87.2,4662.7,True,0.73,0.8,0.1,111.1,17.7
8,Centre Hospitalier Régional de Saint-Louis,Saint-Louis,Saint-Louis,540,387,2024-01-10,31,12,144,4,396,350,9,2.24,Covid-19,81,6,33.1,1.9,élevé,36.4,51.4,4327.8,True,0.79,0.46,0.13,45.8,11.9
8,Centre Hospitalier Régional de Saint-Louis,Saint-Louis,Saint-Louis,540,387,2024-01-11,35,30,54,13,486,340,17,0.32,Grippe,84,0,68.11,2.11,élevé,32.2,77.5,3998.4,True,0.54,0.51,0.08,164.4,29.5
8,Centre Hospitalier Régional de Saint-Louis,Saint-Louis,Saint-Louis,540,387,2024-01-12,31,32,185,8,355,344,7,1.91,Grippe,50,3,86.43,6.18,modéré,33.7,83.5,262.9,False,0.36,0.44,0.02,130.5,44.7
8,Centre Hospitalier Régional de Saint-Louis,Saint-Louis,Saint-Louis,540,387,2024-01-13,35,24,157,16,383,367,26,0.87,Covid-19,88,4,90.01,8.68,élevé,35.5,64.0,614.2,True,0.62,0.98,0.04,62.2,10.2
8,Centre Hospitalier Régional de Saint-Louis,Saint-Louis,Saint-Louis,540,387,2024-01-14,51,85,247,8,293,375,31,1.78,Covid-19,29,6,36.55,27.13,faible,33.5,66.3,4093.9,False,0.8,0.87,0.04,44.3,48.2
8,Centre Hospitalier Régional de Saint-Louis,Saint-Louis,Saint-Louis,540,387,2024-01-15,80,22,350,24,190,355,19,1.53,Paludisme,76,10,91.11,9.44,modéré,25.3,43.5,3658.0,False,0.85,0.79,0.01,71.7,17.2
8,Centre Hospitalier Régional de Saint-Louis,Saint-Louis,Saint-Louis,540,387,2024-01-16,89,69,86,15,454,373,50,0.93,Choléra,101,3,69.25,27.84,élevé,36.6,45.3,968.6,True,0.51,0.49,0.02,16.7,3.0
8,Centre Hospitalier Régional de Saint-Louis,Saint-Louis,Saint-Louis,540,387,2024-01-17,89,17,423,0,117,382,9,0.96,Covid-19,105,9,83.08,11.93,élevé,22.9,59.7,2892.1,True,0.74,0.58,0.13,72.2,3.7
8,Centre Hospitalier Régional de Saint-Louis,Saint-Louis,Saint-Louis,540,387,2024-01-18,32,49,446,15,94,373,9,2.58,Grippe,115,4,55.87,10.56,élevé,23.2,71.1,3633.1,True,0.55,0.33,0.04,148.5,43.5
8,Centre Hospitalier Régional de Saint-Louis,Saint-Louis,Saint-Louis,540,387,2024-01-19,96,84,96,18,444,387,45,1.81,Paludisme,37,9,76.19,12.45,modéré,26.1,63.5,208.7,False,0.28,0.86,0.16,95.7,24.1
8,Centre Hospitalier Régional de Saint-Louis,Saint-Louis,Saint-Louis,540,387,2024-01-20,16,22,296,7,244,343,10,2.17,Paludisme,51,10,54.84,14.25,modéré,29.1,41.8,4425.5,False,0.82,0.73,0.08,23.5,8.7
8,Centre Hospitalier Régional de Saint-Louis,Saint-Louis,Saint-Louis,540,387,2024-01-21,78,9,255,6,285,357,8,3.87,Dengue,3,8,58.24,3.51,faible,34.7,77.9,1675.8,False,0.96,0.33,0.08,65.0,17.3
8,Centre Hospitalier Régional de Saint-Louis,Saint-Louis,Saint-Louis,540,387,2024-01-22,61,22,36,1,504,380,35,0.2,Paludisme,88,2,30.43,26.23,élevé,28.3,88.6,1440.2,True,0.32,0.5,0.02,96.9,28.7
8,Centre Hospitalier Régional de Saint-Louis,Saint-Louis,Saint-Louis,540,387,2024-01-23,97,75,42,17,498,363,57,0.45,Grippe,1,7,42.4,20.02,faible,36.7,79.9,2359.9,False,0.4,0.33,0.04,60.4,51.9
8,Centre Hospitalier Régional de Saint-Louis,Saint-Louis,Saint-Louis,540,387,2024-01-24,50,51,63,14,477,361,19,2.46,Covid-19,66,4,87.92,20.89,modéré,36.3,65.6,1052.0,False,0.42,0.68,0.06,67.8,23.6
8,Centre Hospitalier Régional de Saint-Louis,Saint-Louis,Saint-Louis,540,387,2024-01-25,58,49,45,11,495,376,23,1.15,Dengue,39,3,48.44,13.56,modéré,38.4,79.0,902.0,False,0.54,0.33,0.19,40.6,20.6
8,Centre Hospitalier Régional de Saint-Louis,Saint-Louis,Saint-Louis,540,387,2024-01-26,73,6,107,0,433,359,29,1.62,Paludisme,15,0,82.81,17.49,faible,29.2,84.7,3998.4,False,0.61,0.61,0.19,65.6,30.4
8,Centre Hospitalier Régional de Saint-Louis,Saint-Louis,Saint-Louis,540,387,2024-01-27,35,61,437,19,103,386,19,0.7,Paludisme,120,10,44.32,19.73,élevé,31.9,41.1,4706.4,True,0.47,0.72,0.01,141.0,17.3
8,Centre Hospitalier Régional de Saint-Louis,Saint-Louis,Saint-Louis,540,387,2024-01-28,54,65,391,19,149,357,14,3.01,Choléra,53,5,71.47,7.25,modéré,31.2,47.9,2972.0,False,0.59,0.66,0.02,113.6,38.9
8,Centre Hospitalier Régional de Saint-Louis,Saint-Louis,Saint-Louis,540,387,2024-01-29,35,49,349,19,191,385,1,1.88,Covid-19,74,1,93.46,22.11,modéré,38.1,69.8,4834.7,False,0.35,0.36,0.01,126.6,56.6
8,Centre Hospitalier Régional de Saint-Louis,Saint-Louis,Saint-Louis,540,387,2024-01-30,74,62,161,14,379,371,32,1.87,Paludisme,34,0,38.74,9.19,modéré,23.6,75.9,2823.3,False,0.53,0.86,0.11,35.5,13.2
8,Centre Hospitalier Régional de Saint-Louis,Saint-Louis,Saint-Louis,540,387,2024-01-31,41,72,59,10,481,363,34,1.97,Grippe,98,10,88.87,9.26,élevé,34.7,86.9,288.0,True,0.25,0.74,0.19,71.4,59.3
8,Centre Hospitalier Régional de Saint-Louis,Saint-Louis,Saint-Louis,540,387,2024-02-01,13,59,424,12,116,349,29,3.69,Choléra,87,1,54.95,15.49,élevé,32.9,87.8,4713.4,True,0.82,0.98,0.09,24.0,51.9
8,Centre Hospitalier Régional de Saint-Louis,Saint-Louis,Saint-Louis,540,387,2024-02-02,50,51,86,1,454,384,40,1.41,Grippe,100,5,65.74,17.42,élevé,35.4,87.7,2986.7,True,0.74,0.83,0.02,100.0,12.4
8,Centre Hospitalier Régional de Saint-Louis,Saint-Louis,Saint-Louis,540,387,2024-02-03,33,88,36,7,504,386,1,3.91,Paludisme,54,8,66.76,7.9,modéré,31.4,46.8,4286.1,False,0.37,0.46,0.19,46.3,29.5
8,Centre Hospitalier Régional de Saint-Louis,Saint-Louis,Saint-Louis,540,387,2024-02-04,88,11,108,4,432,384,50,1.82,Covid-19,115,3,67.86,15.46,élevé,34.5,58.6,1487.4,True,0.25,0.49,0.02,10.6,10.8
8,Centre Hospitalier Régional de Saint-Louis,Saint-Louis,Saint-Louis,540,387,2024-02-05,34,69,246,14,294,347,19,2.54,Paludisme,20,5,69.65,1.75,faible,33.3,80.7,4081.6,False,0.77,0.91,0.08,101.2,7.0
8,Centre Hospitalier Régional de Saint-Louis,Saint-Louis,Saint-Louis,540,387,2024-02-06,40,39,534,5,6,346,42,1.29,Dengue,13,2,50.71,29.25,faible,28.4,74.9,2372.0,False,0.34,0.53,0.1,143.8,23.1
8,Centre Hospitalier Régional de Saint-Louis,Saint-Louis,Saint-Louis,540,387,2024-02-07,99,75,456,17,84,387,43,0.3,Grippe,40,0,55.31,25.56,modéré,26.8,87.1,2282.1,False,0.44,0.87,0.02,150.6,19.3
8,Centre Hospitalier Régional de Saint-Louis,Saint-Louis,Saint-Louis,540,387,2024-12-04,94,59,53,21,487,366,16,0.82,Choléra,95,6,61.1,10.73,élevé,30.5,52.6,3676.5,True,0.65,0.7,0.1,162.1,31.0
8,Centre Hospitalier Régional de Saint-Louis,Saint-Louis,Saint-Louis,540,387,2024-12-05,95,47,479,21,61,349,19,1.78,Grippe,116,6,30.02,27.83,élevé,23.8,88.1,2671.8,True,0.7,0.88,0.08,135.4,29.5
8,Centre Hospitalier Régional de Saint-Louis,Saint-Louis,Saint-Louis,540,387,2024-12-06,30,34,407,22,133,359,33,1.72,Grippe,99,8,54.38,23.29,élevé,38.9,89.5,1621.6,True,0.91,0.64,0.12,92.4,53.5
8,Centre Hospitalier Régional de Saint-Louis,Saint-Louis,Saint-Louis,540,387,2024-12-07,25,80,132,7,408,375,3,0.63,Covid-19,103,3,35.8,23.96,élevé,26.0,44.5,4384.5,True,0.48,0.3,0.04,90.6,7.1
8,Centre Hospitalier Régional de Saint-Louis,Saint-Louis,Saint-Louis,540,387,2024-12-08,79,52,540,2,0,355,1,3.92,Paludisme,60,2,53.36,4.25,modéré,29.4,86.5,1197.8,False,0.55,0.36,0.08,51.4,51.2
8,Centre Hospitalier Régional de Saint-Louis,Saint-Louis,Saint-Louis,540,387,2024-12-09,51,61,201,22,339,371,60,1.44,Grippe,20,7,75.68,10.66,faible,28.8,71.8,3297.6,False,0.87,0.93,0.18,22.6,40.9
8,Centre Hospitalier Régional de Saint-Louis,Saint-Louis,Saint-Louis,540,387,2024-12-10,55,20,163,8,377,359,34,1.01,Grippe,76,7,40.72,4.24,modéré,27.8,69.1,4588.1,False,0.9,0.49,0.15,148.2,34.9
8,Centre Hospitalier Régional de Saint-Louis,Saint-Louis,Saint-Louis,540,387,2024-12-11,15,88,132,8,408,340,26,0.25,Choléra,46,6,30.24,22.46,modéré,38.0,73.8,4092.1,False,0.33,0.83,0.17,112.8,55.1
8,Centre Hospitalier Régional de Saint-Louis,Saint-Louis,Saint-Louis,540,387,2024-12-12,55,17,498,25,42,353,11,1.96,Choléra,117,7,83.54,21.61,élevé,36.8,83.3,4119.1,True,0.81,0.44,0.07,84.8,11.6
8,Centre Hospitalier Régional de Saint-Louis,Saint-Louis,Saint-Louis,540,387,2024-12-13,18,22,274,11,266,342,16,0.42,Dengue,64,0,31.16,21.66,modéré,32.9,76.5,4417.5,False,0.77,0.76,0.13,66.2,38.6
8,Centre Hospitalier Régional de Saint-Louis,Saint-Louis,Saint-Louis,540,387,2024-12-14,51,34,147,24,393,363,22,2.82,Choléra,24,8,92.88,14.04,faible,33.8,49.0,4261.3,False,0.9,0.83,0.09,35.8,7.2
8,Centre Hospitalier Régional de Saint-Louis,Saint-Louis,Saint-Louis,540,387,2024-12-15,40,84,148,8,392,362,10,2.38,Grippe,77,10,34.63,14.04,modéré,27.0,51.3,1418.1,False,0.85,0.36,0.18,96.4,46.6
8,Centre Hospitalier Régional de Saint-Louis,Saint-Louis,Saint-Louis,540,387,2024-12-16,92,19,61,9,479,350,9,2.85,Covid-19,111,2,85.03,12.94,élevé,28.9,56.2,1982.8,True,0.89,0.81,0.17,123.5,44.7
8,Centre Hospitalier Régional de Saint-Louis,Saint-Louis,Saint-Louis,540,387,2024-12-17,25,36,412,5,128,354,51,0.81,Covid-19,91,1,58.77,9.79,élevé,32.2,41.8,1098.3,True,0.3,0.38,0.18,59.5,18.2
8,Centre Hospitalier Régional de Saint-Louis,Saint-Louis,Saint-Louis,540,387,2024-12-18,31,61,535,14,5,345,56,2.36,Grippe,56,2,34.15,17.88,modéré,31.2,81.1,3917.7,False,0.2,0.89,0.04,146.6,14.4
8,Centre Hospitalier Régional de Saint-Louis,Saint-Louis,Saint-Louis,540,387,2024-12-19,79,50,196,0,344,343,18,0.3,Grippe,35,10,63.41,8.39,modéré,38.4,87.4,3831.3,False,0.72,0.41,0.17,69.8,36.6
8,Centre Hospitalier Régional de Saint-Louis,Saint-Louis,Saint-Louis,540,387,2024-12-20,82,80,84,18,456,382,39,2.98,Covid-19,84,10,88.6,3.26,élevé,38.5,71.9,3516.2,True,0.9,0.52,0.09,18.8,56.6
8,Centre Hospitalier Régional de Saint-Louis,Saint-Louis,Saint-Louis,540,387,2024-12-21,70,37,36,0,504,376,23,3.53,Choléra,52,8,79.38,10.2,modéré,33.4,86.9,3220.0,False,0.28,0.83,0.02,83.4,40.1
8,Centre Hospitalier Régional de Saint-Louis,Saint-Louis,Saint-Louis,540,387,2024-12-22,42,26,273,21,267,371,57,0.49,Dengue,107,0,90.13,6.16,élevé,29.4,68.3,3726.7,True,0.38,0.37,0.01,156.5,54.4
8,Centre Hospitalier Régional de Saint-Louis,Saint-Louis,Saint-Louis,540,387,2024-12-23,66,5,196,8,344,370,46,3.45,Covid-19,73,2,42.47,15.68,modéré,29.9,44.7,1766.3,False,0.76,0.46,0.04,83.8,56.3
8,Centre Hospitalier Régional de Saint-Louis,Saint-Louis,Saint-Louis,540,387,2024-12-24,53,57,62,18,478,364,56,0.12,Dengue,71,10,59.88,9.66,modéré,30.5,47.6,4656.9,False,0.93,0.63,0.15,151.8,27.8
8,Centre Hospitalier Régional de Saint-Louis,Saint-Louis,Saint-Louis,540,387,2024-12-25,39,11,480,22,60,350,32,0.32,Covid-19,3,6,38.94,22.4,faible,31.9,63.8,110.5,False,0.27,0.31,0.11,153.8,23.9
8,Centre Hospitalier Régional de Saint-Louis,Saint-Louis,Saint-Louis,540,387,2024-12-26,43,86,89,14,451,340,47,1.25,Dengue,110,10,60.46,15.28,élevé,28.6,45.7,3864.7,True,0.52,0.75,0.05,39.5,12.6
8,Centre Hospitalier Régional de Saint-Louis,Saint-Louis,Saint-Louis,540,387,2024-12-27,82,19,271,19,269,366,25,1.78,Dengue,103,9,81.81,27.5,élevé,37.9,65.6,2568.7,True,0.32,0.76,0.16,157.6,26.2
8,Centre Hospitalier Régional de Saint-Louis,Saint-Louis,Saint-Louis,540,387,2024-12-28,30,29,492,24,48,342,6,1.1,Choléra,103,6,87.52,13.72,élevé,27.1,62.8,1584.2,True,0.93,0.91,0.0,60.6,30.1
8,Centre Hospitalier Régional de Saint-Louis,Saint-Louis,Saint-Louis,540,387,2024-12-29,57,58,267,21,273,341,24,0.91,Paludisme,40,3,87.38,15.76,modéré,34.2,59.3,2675.5,False,0.78,0.39,0.1,39.4,36.5
8,Centre Hospitalier Régional de Saint-Louis,Saint-Louis,Saint-Louis,540,387,2024-12-30,31,44,260,17,280,364,32,1.12,Choléra,58,6,71.11,14.91,modéré,37.8,46.8,1889.7,False,0.95,0.31,0.07,12.1,43.8
8,Centre Hospitalier Régional de Saint-Louis,Saint-Louis,Saint-Louis,540,387,2024-12-31,92,22,292,21,248,377,12,1.61,Dengue,112,4,90.62,4.58,élevé,29.8,50.9,2805.0,True,0.63,0.59,0.09,7.3,18.7
9,Centre Hospitalier Régional de Matam,Matam,Matam,359,116,2024-01-01,27,78,215,14,144,92,46,2.99,Grippe,114,3,71.16,26.62,élevé,38.5,86.5,1572.0,True,0.4,0.53,0.18,155.3,3.5
9,Centre Hospitalier Régional de Matam,Matam,Matam,359,116,2024-01-02,45,72,353,25,6,112,27,0.22,Covid-19,65,10,54.34,18.46,modéré,26.2,50.7,1466.6,False,0.42,0.48,0.16,30.6,43.6
9,Centre Hospitalier Régional de Matam,Matam,Matam,359,116,2024-01-03,89,5,180,25,179,76,37,0.92,Dengue,21,9,45.55,13.44,faible,36.6,53.9,3980.7,False,0.7,0.96,0.12,108.2,57.5
9,Centre Hospitalier Régional de Matam,Matam,Matam,359,116,2024-01-04,91,65,53,21,306,71,20,0.79,Paludisme,62,1,38.18,3.9,modéré,37.8,76.6,466.4,False,0.52,0.78,0.02,85.4,36.1
9,Centre Hospitalier Régional de Matam,Matam,Matam,359,116,2024-01-05,35,39,137,10,222,70,25,3.33,Choléra,45,9,38.17,1.68,modéré,33.4,81.4,2237.5,False,0.41,0.36,0.18,105.6,18.3
9,Centre Hospitalier Régional de Matam,Matam,Matam,359,116,2024-01-06,56,15,232,16,127,97,11,0.54,Covid-19,105,8,63.86,1.85,élevé,29.4,73.0,4467.0,True,0.85,0.67,0.1,170.6,54.3
9,Centre Hospitalier Régional de Matam,Matam,Matam,359,116,2024-01-07,85,59,161,16,198,66,20,3.02,Dengue,112,10,50.31,7.55,élevé,34.0,43.6,594.9,True,0.33,0.9,0.17,106.5,46.5
9,Centre Hospitalier Régional de Matam,Matam,Matam,359,116,2024-01-08,76,34,271,24,88,73,14,1.48,Dengue,25,6,73.59,10.56,faible,28.6,66.2,3260.1,False,0.92,0.47,0.07,176.7,31.6
9,Centre Hospitalier Régional de Matam,Matam,Matam,359,116,2024-01-09,28,81,89,23,270,86,24,1.47,Dengue,39,4,57.05,1.04,modéré,31.9,45.7,1518.0,False,0.55,0.75,0.18,94.6,59.8
9,Centre Hospitalier Régional de Matam,Matam,Matam,359,116,2024-01-10,97,21,64,1,295,73,20,2.92,Dengue,82,4,60.08,8.25,élevé,23.0,43.7,1932.3,True,0.76,0.79,0.2,90.4,5.2
9,Centre Hospitalier Régional de Matam,Matam,Matam,359,116,2024-01-11,82,46,288,20,71,98,27,2.34,Paludisme,41,1,53.0,6.6,modéré,23.1,83.9,275.8,False,0.23,0.59,0.09,16.1,50.7
9,Centre Hospitalier Régional de Matam,Matam,Matam,359,116,2024-01-12,79,12,333,19,26,75,25,0.45,Choléra,106,3,60.69,25.9,élevé,36.5,86.7,1390.7,True,0.78,0.83,0.14,160.6,16.4
9,Centre Hospitalier Régional de Matam,Matam,Matam,359,116,2024-01-13,39,6,149,15,210,92,33,0.66,Dengue,11,8,60.5,5.88,faible,24.0,63.2,808.7,False,0.27,0.44,0.07,28.7,49.4
9,Centre Hospitalier Régional de Matam,Matam,Matam,359,116,2024-01-14,20,61,219,14,140,103,17,1.82,Dengue,4,5,76.12,7.82,faible,22.3,45.5,470.3,False,0.37,0.38,0.06,110.7,56.9
9,Centre Hospitalier Régional de Matam,Matam,Matam,359,116,2024-01-15,70,89,251,7,108,106,32,0.94,Grippe,52,10,90.93,2.7,modéré,34.5,52.0,2038.6,False,0.89,0.42,0.07,102.2,43.4
9,Centre Hospitalier Régional de Matam,Matam,Matam,359,116,2024-01-16,17,84,142,23,217,78,45,0.23,Grippe,4,4,83.37,3.79,faible,22.4,62.8,1158.5,False,0.24,0.81,0.12,51.5,29.2
9,Centre Hospitalier Régional de Matam,Matam,Matam,359,116,2024-01-17,70,16,20,4,339,109,47,1.2,Grippe,2,8,90.15,14.68,faible,36.6,69.1,535.1,False,0.4,0.91,0.03,112.9,3.4
9,Centre Hospitalier Régional de Matam,Matam,Matam,359,116,2024-01-18,21,9,188,15,171,94,14,3.05,Grippe,20,2,78.84,13.23,faible,35.7,56.5,2836.0,False,0.77,0.48,0.05,166.9,29.7
9,Centre Hospitalier Régional de Matam,Matam,Matam,359,116,2024-01-19,38,64,73,6,286,80,13,2.07,Paludisme,71,7,34.49,14.7,modéré,37.5,47.7,2568.0,False,0.82,0.84,0.07,14.1,56.2
9,Centre Hospitalier Régional de Matam,Matam,Matam,359,116,2024-01-20,32,25,271,1,88,91,41,2.49,Choléra,106,0,78.68,25.16,élevé,37.9,40.6,4808.9,True,0.98,0.38,0.03,116.0,43.8
9,Centre Hospitalier Régional de Matam,Matam,Matam,359,116,2024-01-21,80,62,63,9,296,85,6,1.49,Covid-19,69,5,90.21,5.32,modéré,27.2,75.9,3633.0,False,0.53,0.59,0.18,179.8,55.5
9,Centre Hospitalier Régional de Matam,Matam,Matam,359,116,2024-01-22,38,36,40,23,319,76,2,3.75,Choléra,16,5,48.35,4.87,faible,28.7,79.7,2103.2,False,0.35,0.99,0.11,22.1,28.7
9,Centre Hospitalier Régional de Matam,Matam,Matam,359,116,2024-11-18,62,65,23,22,336,69,58,3.84,Dengue,1,1,72.75,6.73,faible,23.2,72.8,260.6,False,0.85,0.82,0.19,7.3,15.4
9,Centre Hospitalier Régional de Matam,Matam,Matam,359,116,2024-11-19,18,68,283,4,76,80,49,1.13,Covid-19,68,5,66.94,21.88,modéré,24.2,57.6,410.2,False,0.69,1.0,0.11,66.7,3.0
9,Centre Hospitalier Régional de Matam,Matam,Matam,359,116,2024-11-20,85,24,295,23,64,104,35,0.99,Choléra,41,2,46.63,13.18,modéré,25.7,81.8,4426.2,False,0.79,0.86,0.17,178.5,21.5
9,Centre Hospitalier Régional de Matam,Matam,Matam,359,116,2024-11-21,23,30,148,2,211,115,22,3.11,Grippe,20,4,93.66,23.18,faible,34.7,88.6,2502.9,False,0.58,0.93,0.05,12.3,10.5
9,Centre Hospitalier Régional de Matam,Matam,Matam,359,116,2024-11-22,77,54,45,19,314,83,19,3.93,Paludisme,53,2,69.25,14.89,modéré,36.3,64.4,3243.3,False,0.86,0.66,0.2,153.3,38.6
9,Centre Hospitalier Régional de Matam,Matam,Matam,359,116,2024-11-23,21,25,336,12,23,69,7,1.65,Dengue,89,3,69.84,18.68,élevé,25.7,72.0,4698.4,True,0.56,0.57,0.04,56.9,25.4
9,Centre Hospitalier Régional de Matam,Matam,Matam,359,116,2024-11-24,18,48,240,3,119,83,10,2.15,Grippe,54,9,49.09,26.95,modéré,33.3,49.4,4340.7,False,0.36,0.43,0.03,12.8,42.1
9,Centre Hospitalier Régional de Matam,Matam,Matam,359,116,2024-11-25,18,50,177,24,182,111,50,0.83,Paludisme,54,0,77.89,13.88,modéré,23.5,64.7,773.8,False,0.62,0.82,0.11,75.8,20.8
9,Centre Hospitalier Régional de Matam,Matam,Matam,359,116,2024-11-26,66,60,271,18,88,90,52,2.66,Covid-19,107,8,46.37,29.72,élevé,31.7,87.8,4579.4,True,0.55,0.39,0.06,172.8,39.4
9,Centre Hospitalier Régional de Matam,Matam,Matam,359,116,2024-11-27,20,67,159,1,200,78,37,2.65,Paludisme,19,3,57.87,24.45,faible,36.8,75.5,4441.7,False,0.58,0.46,0.19,168.4,53.6
9,Centre Hospitalier Régional de Matam,Matam,Matam,359,116,2024-11-28,91,40,158,0,201,73,53,3.54,Covid-19,104,1,54.21,12.27,élevé,28.2,89.0,1032.8,True,0.76,0.36,0.16,156.5,13.8
9,Centre Hospitalier Régional de Matam,Matam,Matam,359,116,2024-11-29,54,81,338,1,21,85,47,2.19,Grippe,8,0,54.47,1.67,faible,25.8,78.4,105.2,False,0.83,0.78,0.14,14.5,33.1
9,Centre Hospitalier Régional de Matam,Matam,Matam,359,116,2024-11-30,27,12,192,24,167,88,59,2.54,Paludisme,21,0,44.02,23.79,faible,29.8,43.5,3342.1,False,0.93,0.4,0.03,28.4,58.0
9,Centre Hospitalier Régional de Matam,Matam,Matam,359,116,2024-12-01,30,39,237,5,122,105,6,2.49,Covid-19,77,5,84.98,25.58,modéré,22.9,77.6,3190.4,False,0.53,0.66,0.1,98.0,43.8
9,Centre Hospitalier Régional de Matam,Matam,Matam,359,116,2024-12-02,92,9,44,24,315,101,4,3.58,Dengue,109,2,38.04,21.62,élevé,30.5,89.6,2785.6,True,0.22,0.56,0.15,86.4,54.5
9,Centre Hospitalier Régional de Matam,Matam,Matam,359,116,2024-12-03,29,72,351,11,8,103,42,2.08,Paludisme,45,1,67.89,9.35,modéré,28.6,81.0,4470.6,False,0.95,0.94,0.1,5.2,44.6
9,Centre Hospitalier Régional de Matam,Matam,Matam,359,116,2024-12-04,23,65,292,20,67,112,26,0.21,Grippe,36,8,75.57,26.91,modéré,24.9,45.9,3607.6,False,0.79,0.76,0.0,138.5,34.5
9,Centre Hospitalier Régional de Matam,Matam,Matam,359,116,2024-12-05,92,16,25,13,334,97,18,1.11,Choléra,102,10,48.74,2.84,élevé,31.4,56.2,3664.4,True,0.42,0.61,0.1,37.2,20.8
9,Centre Hospitalier Régional de Matam,Matam,Matam,359,116,2024-12-06,38,10,148,14,211,100,10,3.08,Choléra,116,3,94.88,23.93,élevé,31.7,84.4,3204.1,True,0.36,0.6,0.09,158.5,20.2
9,Centre Hospitalier Régional de Matam,Matam,Matam,359,116,2024-12-07,83,16,167,0,192,84,10,2.58,Choléra,66,3,36.91,22.54,modéré,25.7,59.5,3835.3,False,0.37,0.37,0.16,24.2,39.7
9,Centre Hospitalier Régional de Matam,Matam,Matam,359,116,2024-12-08,31,24,47,25,312,93,31,1.32,Covid-19,31,6,37.58,8.08,modéré,25.3,82.8,3341.8,False,0.25,0.38,0.07,86.1,48.9
9,Centre Hospitalier Régional de Matam,Matam,Matam,359,116,2024-12-09,82,36,331,25,28,115,46,0.19,Grippe,7,4,92.0,3.15,faible,32.3,60.3,3715.5,False,0.29,0.51,0.1,139.4,55.2
9,Centre Hospitalier Régional de Matam,Matam,Matam,359,116,2024-12-10,47,37,350,16,9,112,59,0.16,Dengue,20,3,84.13,19.9,faible,33.8,69.6,2199.5,False,0.36,0.42,0.12,65.6,30.0
9,Centre Hospitalier Régional de Matam,Matam,Matam,359,116,2024-12-11,76,24,333,5,26,94,57,0.35,Choléra,41,10,60.13,5.61,modéré,33.8,58.0,525.1,False,0.7,0.74,0.19,150.4,36.2
9,Centre Hospitalier Régional de Matam,Matam,Matam,359,116,2024-12-12,60,88,115,18,244,91,26,0.37,Choléra,46,1,93.63,2.7,modéré,31.3,63.6,549.6,False,0.62,0.49,0.08,152.4,55.5
9,Centre Hospitalier Régional de Matam,Matam,Matam,359,116,2024-12-13,66,45,97,4,262,109,34,2.08,Grippe,83,4,36.85,18.35,élevé,32.0,69.9,1004.2,True,0.76,0.69,0.06,89.3,32.2
9,Centre Hospitalier Régional de Matam,Matam,Matam,359,116,2024-12-14,57,41,227,8,132,95,45,0.4,Paludisme,71,5,77.05,27.69,modéré,28.5,86.1,2117.4,False,0.31,0.89,0.17,103.4,20.5
9,Centre Hospitalier Régional de Matam,Matam,Matam,359,116,2024-12-15,37,60,169,24,190,72,32,1.1,Grippe,36,6,55.16,6.19,modéré,36.3,76.4,1017.0,False,0.88,0.48,0.18,32.5,38.2
9,Centre Hospitalier Régional de Matam,Matam,Matam,359,116,2024-12-16,47,21,114,8,245,66,18,1.1,Grippe,45,5,35.51,3.21,modéré,26.0,73.6,329.6,False,0.4,0.75,0.11,131.9,10.8
9,Centre Hospitalier Régional de Matam,Matam,Matam,359,116,2024-12-17,75,17,243,6,116,100,23,0.12,Grippe,36,10,61.6,12.9,modéré,34.7,42.4,1484.5,False,0.97,0.83,0.12,140.5,47.5
9,Centre Hospitalier Régional de Matam,Matam,Matam,359,116,2024-12-18,47,29,282,19,77,104,45,1.98,Covid-19,49,2,55.88,2.41,modéré,37.1,67.4,940.4,False,0.31,0.86,0.15,114.2,6.0
9,Centre Hospitalier Régional de Matam,Matam,Matam,359,116,2024-12-19,64,35,218,1,141,66,40,1.69,Dengue,82,3,56.44,13.62,élevé,25.7,51.6,2775.4,True,0.95,0.62,0.13,134.0,17.0
9,Centre Hospitalier Régional de Matam,Matam,Matam,359,116,2024-12-20,56,57,358,0,1,87,35,3.56,Choléra,53,3,52.52,28.81,modéré,36.2,50.0,291.2,False,0.24,0.71,0.02,98.3,11.7
9,Centre Hospitalier Régional de Matam,Matam,Matam,359,116,2024-12-21,66,41,353,17,6,89,27,3.85,Dengue,71,1,69.01,3.28,modéré,38.2,86.5,605.1,False,0.69,0.41,0.15,30.1,56.2
9,Centre Hospitalier Régional de Matam,Matam,Matam,359,116,2024-12-22,44,9,338,14,21,101,46,0.83,Grippe,22,4,92.21,21.19,faible,30.4,71.6,4170.9,False,0.83,0.98,0.09,65.1,52.5
9,Centre Hospitalier Régional de Matam,Matam,Matam,359,116,2024-12-23,16,35,229,2,130,95,58,0.61,Grippe,105,9,76.04,13.35,élevé,33.2,40.6,369.4,True,0.77,0.72,0.01,130.9,51.6
9,Centre Hospitalier Régional de Matam,Matam,Matam,359,116,2024-12-24,51,77,65,11,294,108,23,3.61,Grippe,62,1,71.73,25.93,modéré,24.4,68.8,2561.0,False,0.95,0.66,0.1,142.5,22.0
9,Centre Hospitalier Régional de Matam,Matam,Matam,359,116,2024-12-25,90,81,349,8,10,81,0,0.74,Grippe,33,2,45.02,12.83,modéré,34.7,63.1,433.2,False,0.65,0.94,0.12,120.0,7.2
9,Centre Hospitalier Régional de Matam,Matam,Matam,359,116,2024-12-26,75,43,105,6,254,116,16,2.25,Covid-19,106,3,45.35,12.48,élevé,27.5,48.3,1999.0,True,0.75,0.62,0.04,60.3,16.8
9,Centre Hospitalier Régional de Matam,Matam,Matam,359,116,2024-12-27,76,63,303,11,56,113,44,2.15,Dengue,21,3,47.02,15.05,faible,35.2,41.7,2944.1,False,0.28,0.84,0.2,169.6,14.7
9,Centre Hospitalier Régional de Matam,Matam,Matam,359,116,2024-12-28,13,76,258,7,101,83,43,2.58,Paludisme,36,4,53.94,23.9,modéré,28.1,77.2,3307.6,False,0.6,0.93,0.0,144.2,58.3
9,Centre Hospitalier Régional de Matam,Matam,Matam,359,116,2024-12-29,37,5,335,14,24,108,26,0.42,Choléra,108,3,49.8,24.59,élevé,23.2,48.8,1492.2,True,0.62,0.61,0.09,137.4,47.9
9,Centre Hospitalier Régional de Matam,Matam,Matam,359,116,2024-12-30,23,47,332,2,27,75,37,1.06,Choléra,38,5,35.25,24.87,modéré,36.4,47.8,351.3,False,0.58,0.65,0.03,117.5,30.1
9,Centre Hospitalier Régional de Matam,Matam,Matam,359,116,2024-12-31,95,54,147,16,212,102,16,1.63,Dengue,59,2,30.84,21.4,modéré,35.9,58.0,3656.3,False,0.72,0.98,0.08,179.5,13.5
10,Centre Hospitalier Régional de Tambacounda,Tambacounda,Tambacounda,284,397,2024-01-01,35,57,145,0,139,351,17,2.6,Paludisme,107,2,44.54,12.03,élevé,36.0,59.0,3905.2,True,0.61,0.34,0.02,127.9,39.4
10,Centre Hospitalier Régional de Tambacounda,Tambacounda,Tambacounda,284,397,2024-01-02,64,59,99,15,185,372,48,1.14,Dengue,90,7,94.77,15.95,élevé,28.6,54.9,3428.2,True,0.87,0.33,0.08,53.5,8.0
10,Centre Hospitalier Régional de Tambacounda,Tambacounda,Tambacounda,284,397,2024-01-03,55,25,59,9,225,363,29,2.21,Choléra,63,4,36.62,11.65,modéré,29.4,67.8,2636.9,False,0.72,0.91,0.07,78.3,13.5
10,Centre Hospitalier Régional de Tambacounda,Tambacounda,Tambacounda,284,397,2024-01-04,47,71,53,14,231,361,24,3.36,Paludisme,30,3,34.15,17.09,modéré,37.4,54.9,1294.4,False,0.99,0.38,0.13,55.1,10.7
10,Centre Hospitalier Régional de Tambacounda,Tambacounda,Tambacounda,284,397,2024-01-05,27,76,58,21,226,367,30,2.49,Covid-19,37,4,64.65,10.95,modéré,27.6,48.7,4045.5,False,0.42,0.74,0.17,5.7,32.5
10,Centre Hospitalier Régional de Tambacounda,Tambacounda,Tambacounda,284,397,2024-01-06,76,24,93,9,191,374,3,0.96,Covid-19,34,4,81.9,13.93,modéré,24.0,83.2,3744.1,False,0.58,0.89,0.14,158.9,23.9
7,Centre Hospitalier Régional de Louga,Louga,Louga,522,369,2024-10-31,15,68,235,19,287,346,40,2.97,Grippe,61,5,46.15,14.34,modéré,35.3,52.9,565.8,False,0.8,0.32,0.07,126.0,49.4
7,Centre Hospitalier Régional de Louga,Louga,Louga,522,369,2024-11-01,58,58,105,4,417,323,55,2.25,Choléra,110,4,77.17,9.21,élevé,23.4,52.0,806.8,True,0.85,0.86,0.04,88.4,60.0
7,Centre Hospitalier Régional de Louga,Louga,Louga,522,369,2024-11-02,83,42,67,16,455,334,29,0.97,Grippe,83,10,44.98,11.33,élevé,27.1,64.5,2489.7,True,0.39,0.35,0.17,32.9,55.4
7,Centre Hospitalier Régional de Louga,Louga,Louga,522,369,2024-11-03,82,48,503,5,19,339,7,1.51,Choléra,94,4,87.17,14.05,élevé,33.2,45.9,404.4,True,0.84,0.95,0.11,65.7,43.1
7,Centre Hospitalier Régional de Louga,Louga,Louga,522,369,2024-11-04,70,51,289,11,233,366,35,3.47,Choléra,93,5,31.71,3.91,élevé,27.7,85.6,4500.1,True,0.94,0.71,0.12,30.8,55.3
7,Centre Hospitalier Régional de Louga,Louga,Louga,522,369,2024-11-05,91,17,202,21,320,343,23,3.07,Choléra,108,1,44.46,3.29,élevé,31.4,84.7,1620.4,True,0.98,0.67,0.09,20.7,38.5
7,Centre Hospitalier Régional de Louga,Louga,Louga,522,369,2024-11-06,83,73,45,5,477,362,8,2.03,Paludisme,52,10,89.98,29.46,modéré,27.5,76.8,4318.1,False,0.4,0.41,0.13,62.4,32.0
7,Centre Hospitalier Régional de Louga,Louga,Louga,522,369,2024-11-07,25,32,445,6,77,366,5,2.22,Grippe,110,0,72.94,22.9,élevé,32.8,57.6,128.2,True,0.87,0.86,0.13,92.3,29.1
7,Centre Hospitalier Régional de Louga,Louga,Louga,522,369,2024-11-08,14,21,310,11,212,360,8,2.53,Covid-19,23,6,80.69,10.54,faible,35.4,64.3,2134.5,False,0.6,0.54,0.17,84.2,10.5
7,Centre Hospitalier Régional de Louga,Louga,Louga,522,369,2024-11-09,75,39,49,13,473,351,28,1.21,Choléra,67,1,50.05,21.07,modéré,28.3,88.7,1304.4,False,0.76,0.93,0.18,9.1,46.6
7,Centre Hospitalier Régional de Louga,Louga,Louga,522,369,2024-11-10,12,42,270,8,252,331,26,1.43,Dengue,78,0,74.62,21.99,modéré,38.9,77.4,4164.4,False,0.49,0.8,0.09,30.9,41.9
7,Centre Hospitalier Régional de Louga,Louga,Louga,522,369,2024-11-11,99,31,360,2,162,361,17,2.96,Choléra,87,1,61.87,10.37,élevé,29.7,88.0,1630.5,True,0.53,0.91,0.03,117.3,19.1
7,Centre Hospitalier Régional de Louga,Louga,Louga,522,369,2024-11-12,70,14,340,25,182,344,18,3.1,Choléra,66,10,90.57,13.44,modéré,26.1,62.2,3959.7,False,0.22,0.92,0.02,173.9,32.7
7,Centre Hospitalier Régional de Louga,Louga,Louga,522,369,2024-11-13,30,61,25,6,497,352,43,0.88,Paludisme,120,8,76.93,24.9,élevé,23.3,56.7,2884.8,True,0.88,0.79,0.02,110.0,45.9
7,Centre Hospitalier Régional de Louga,Louga,Louga,522,369,2024-11-14,23,56,348,21,174,330,1,0.68,Paludisme,45,6,88.36,12.78,modéré,25.5,76.2,1494.6,False,0.78,0.55,0.07,8.6,6.9
7,Centre Hospitalier Régional de Louga,Louga,Louga,522,369,2024-11-15,87,10,28,0,494,347,41,0.64,Covid-19,94,2,65.08,12.66,élevé,33.9,81.9,383.2,True,0.95,0.56,0.15,148.9,29.1
7,Centre Hospitalier Régional de Louga,Louga,Louga,522,369,2024-11-16,29,77,285,4,237,324,54,1.55,Choléra,62,8,76.69,24.91,modéré,33.4,43.3,2534.9,False,0.27,0.98,0.16,155.4,41.9
7,Centre Hospitalier Régional de Louga,Louga,Louga,522,369,2024-11-17,78,71,485,1,37,368,11,2.88,Grippe,91,0,78.1,26.14,élevé,26.1,79.7,4948.1,True,0.72,0.37,0.03,17.2,30.3
7,Centre Hospitalier Régional de Louga,Louga,Louga,522,369,2024-11-18,52,82,201,18,321,343,40,0.95,Choléra,32,5,93.67,6.24,modéré,37.5,46.7,4034.9,False,0.99,0.39,0.09,85.5,16.4
7,Centre Hospitalier Régional de Louga,Louga,Louga,522,369,2024-11-19,57,46,292,22,230,353,18,3.56,Choléra,116,1,51.69,28.22,élevé,32.8,78.6,4584.2,True,0.5,0.63,0.09,84.0,10.7
7,Centre Hospitalier Régional de Louga,Louga,Louga,522,369,2024-11-20,15,11,476,15,46,326,44,2.72,Covid-19,31,9,66.94,21.16,modéré,32.8,80.4,225.0,False,0.46,0.4,0.07,61.9,20.2
7,Centre Hospitalier Régional de Louga,Louga,Louga,522,369,2024-11-21,86,67,30,6,492,365,29,2.53,Choléra,50,10,33.61,23.11,modéré,33.0,71.8,1705.8,False,0.59,0.91,0.03,33.5,7.1
7,Centre Hospitalier Régional de Louga,Louga,Louga,522,369,2024-11-22,83,52,327,17,195,335,37,1.89,Grippe,105,9,60.89,13.4,élevé,31.8,54.8,3247.4,True,0.73,0.62,0.12,69.9,52.2
7,Centre Hospitalier Régional de Louga,Louga,Louga,522,369,2024-11-23,59,6,450,19,72,338,20,3.3,Covid-19,90,6,54.01,1.55,élevé,26.2,71.2,4429.8,True,0.52,0.99,0.16,136.6,45.4
7,Centre Hospitalier Régional de Louga,Louga,Louga,522,369,2024-11-24,80,57,134,16,388,355,7,3.44,Grippe,83,8,39.64,16.89,élevé,36.2,44.4,900.2,True,0.85,0.6,0.03,76.3,44.2
7,Centre Hospitalier Régional de Louga,Louga,Louga,522,369,2024-11-25,94,90,204,17,318,330,19,1.68,Choléra,71,6,45.03,29.15,modéré,28.5,74.6,4356.3,False,0.71,0.92,0.03,74.7,12.4
7,Centre Hospitalier Régional de Louga,Louga,Louga,522,369,2024-11-26,41,29,35,14,487,344,7,0.12,Grippe,16,9,57.31,15.46,faible,38.5,59.7,4515.8,False,0.45,0.4,0.18,137.3,19.9
7,Centre Hospitalier Régional de Louga,Louga,Louga,522,369,2024-11-27,65,10,492,19,30,360,13,3.62,Covid-19,15,4,88.99,9.38,faible,32.3,85.5,4454.4,False,0.8,0.9,0.04,98.9,54.4
7,Centre Hospitalier Régional de Louga,Louga,Louga,522,369,2024-11-28,41,48,406,25,116,369,16,2.1,Paludisme,71,0,41.5,7.08,modéré,27.7,65.2,698.0,False,0.68,0.98,0.14,146.2,38.4
7,Centre Hospitalier Régional de Louga,Louga,Louga,522,369,2024-11-29,58,41,137,15,385,332,20,3.62,Grippe,44,9,56.51,15.8,modéré,24.6,84.0,3420.8,False,0.73,0.55,0.07,177.1,19.9
7,Centre Hospitalier Régional de Louga,Louga,Louga,522,369,2024-11-30,29,16,54,13,468,339,11,0.96,Paludisme,77,0,38.29,5.09,modéré,22.2,81.9,475.7,False,0.73,0.32,0.08,117.6,31.2
7,Centre Hospitalier Régional de Louga,Louga,Louga,522,369,2024-12-01,25,43,128,4,394,329,7,2.39,Dengue,56,6,48.81,16.89,modéré,26.2,45.3,4966.3,False,0.99,0.58,0.11,108.5,37.8
7,Centre Hospitalier Régional de Louga,Louga,Louga,522,369,2024-12-02,61,29,363,14,159,336,48,2.22,Covid-19,119,4,62.57,21.46,élevé,36.1,85.6,759.6,True,0.98,0.49,0.01,65.4,33.6
7,Centre Hospitalier Régional de Louga,Louga,Louga,522,369,2024-12-03,90,80,382,7,140,323,1,3.27,Choléra,93,9,75.7,1.19,élevé,24.4,59.6,3946.5,True,0.84,0.75,0.08,172.2,54.0
7,Centre Hospitalier Régional de Louga,Louga,Louga,522,369,2024-12-04,26,69,472,16,50,325,49,2.53,Choléra,69,2,34.18,23.12,modéré,34.0,63.5,3765.3,False,0.86,0.44,0.05,37.0,9.1
7,Centre Hospitalier Régional de Louga,Louga,Louga,522,369,2024-12-05,80,46,440,6,82,322,9,3.05,Covid-19,22,7,88.09,23.74,faible,34.5,43.6,3952.4,False,0.85,0.99,0.19,153.6,29.3
7,Centre Hospitalier Régional de Louga,Louga,Louga,522,369,2024-12-06,55,67,279,24,243,322,41,0.57,Paludisme,105,7,49.78,28.34,élevé,31.4,60.3,2782.4,True,0.56,0.89,0.04,115.7,56.7
7,Centre Hospitalier Régional de Louga,Louga,Louga,522,369,2024-12-07,35,70,349,19,173,336,14,2.11,Dengue,3,9,67.06,25.37,faible,33.6,87.2,370.4,False,0.67,0.65,0.04,29.1,52.8
7,Centre Hospitalier Régional de Louga,Louga,Louga,522,369,2024-12-08,92,82,219,4,303,344,35,2.95,Grippe,78,6,42.41,20.03,modéré,25.4,41.9,1532.4,False,0.94,0.62,0.06,118.3,6.4
7,Centre Hospitalier Régional de Louga,Louga,Louga,522,369,2024-12-09,77,14,60,11,462,355,55,3.24,Choléra,79,3,32.59,1.18,modéré,31.5,48.3,3766.4,False,0.9,0.47,0.18,24.5,58.5
7,Centre Hospitalier Régional de Louga,Louga,Louga,522,369,2024-12-10,16,24,74,20,448,320,54,0.44,Covid-19,108,9,62.04,29.14,élevé,26.3,49.5,4670.8,True,0.35,0.95,0.18,48.9,7.6
7,Centre Hospitalier Régional de Louga,Louga,Louga,522,369,2024-12-11,85,33,157,10,365,363,17,2.52,Covid-19,42,10,72.77,3.41,modéré,35.5,65.3,2826.2,False,0.61,0.97,0.04,126.2,8.2
7,Centre Hospitalier Régional de Louga,Louga,Louga,522,369,2024-12-12,64,57,28,13,494,364,41,3.19,Paludisme,0,1,46.19,4.93,faible,26.4,89.0,3818.2,False,0.57,0.4,0.0,96.5,49.5
7,Centre Hospitalier Régional de Louga,Louga,Louga,522,369,2024-12-13,56,58,20,16,502,328,8,0.13,Grippe,10,9,94.53,14.44,faible,38.5,69.1,1925.0,False,0.46,0.98,0.03,114.7,53.8
7,Centre Hospitalier Régional de Louga,Louga,Louga,522,369,2024-12-14,82,60,464,14,58,331,57,1.2,Choléra,23,9,43.23,9.35,faible,33.4,72.2,3341.6,False,0.35,0.97,0.13,162.3,17.0
7,Centre Hospitalier Régional de Louga,Louga,Louga,522,369,2024-12-15,81,68,197,22,325,367,4,3.95,Paludisme,0,4,89.2,19.72,faible,34.6,80.9,4795.5,False,0.28,0.74,0.04,103.7,39.7
7,Centre Hospitalier Régional de Louga,Louga,Louga,522,369,2024-12-16,88,83,295,18,227,354,17,1.5,Grippe,117,4,80.66,20.55,élevé,36.3,50.7,3595.6,True,0.23,0.78,0.12,7.5,41.8
7,Centre Hospitalier Régional de Louga,Louga,Louga,522,369,2024-12-17,12,38,314,5,208,333,44,1.28,Grippe,34,2,45.81,18.68,modéré,31.4,55.1,3874.3,False,0.85,0.55,0.06,81.4,3.8
7,Centre Hospitalier Régional de Louga,Louga,Louga,522,369,2024-12-18,31,16,497,25,25,362,38,0.28,Grippe,51,2,67.22,8.85,modéré,30.4,85.5,1596.8,False,0.72,0.95,0.08,35.8,41.3
7,Centre Hospitalier Régional de Louga,Louga,Louga,522,369,2024-12-19,33,38,145,6,377,324,38,2.54,Grippe,47,0,35.05,7.54,modéré,32.3,84.2,4077.4,False,0.97,0.91,0.03,156.2,54.3
7,Centre Hospitalier Régional de Louga,Louga,Louga,522,369,2024-09-11,95,26,383,19,139,352,3,3.37,Paludisme,33,7,42.12,10.57,modéré,35.1,60.6,3674.1,False,0.29,0.98,0.11,82.9,30.6
7,Centre Hospitalier Régional de Louga,Louga,Louga,522,369,2024-09-12,97,77,303,4,219,352,11,1.15,Covid-19,50,4,78.28,1.83,modéré,29.8,72.5,3769.6,False,0.77,0.64,0.1,35.1,19.8
7,Centre Hospitalier Régional de Louga,Louga,Louga,522,369,2024-09-13,64,11,67,6,455,319,34,2.11,Choléra,33,10,54.26,29.69,modéré,29.6,53.6,1674.8,False,0.72,0.65,0.09,69.1,10.9
7,Centre Hospitalier Régional de Louga,Louga,Louga,522,369,2024-09-14,27,77,479,1,43,325,49,3.29,Paludisme,38,4,68.72,11.29,modéré,32.9,70.3,2840.0,False,0.22,0.86,0.12,43.7,28.7
7,Centre Hospitalier Régional de Louga,Louga,Louga,522,369,2024-09-15,17,28,391,1,131,365,10,1.05,Paludisme,64,3,75.84,6.02,modéré,36.0,59.8,4936.8,False,0.7,0.85,0.2,142.8,21.6
7,Centre Hospitalier Régional de Louga,Louga,Louga,522,369,2024-09-16,55,31,86,21,436,355,37,1.68,Choléra,77,1,36.61,3.09,modéré,32.7,44.0,1037.7,False,0.81,0.79,0.06,158.8,29.4
7,Centre Hospitalier Régional de Louga,Louga,Louga,522,369,2024-09-17,58,88,370,19,152,358,31,1.82,Paludisme,98,2,50.48,18.5,élevé,32.5,78.0,4904.7,True,0.58,0.73,0.11,136.9,53.0
7,Centre Hospitalier Régional de Louga,Louga,Louga,522,369,2024-09-18,63,28,426,0,96,353,54,1.03,Choléra,111,10,57.77,1.14,élevé,29.1,61.2,1042.6,True,0.87,0.92,0.12,101.3,29.4
7,Centre Hospitalier Régional de Louga,Louga,Louga,522,369,2024-09-19,91,86,151,2,371,360,3,3.6,Dengue,64,0,65.21,5.92,modéré,34.0,61.3,2325.4,False,0.46,0.38,0.15,107.8,8.3
7,Centre Hospitalier Régional de Louga,Louga,Louga,522,369,2024-09-20,18,17,475,18,47,337,46,0.28,Covid-19,118,5,72.43,24.56,élevé,36.6,73.8,1163.6,True,0.43,0.37,0.07,94.4,55.0
7,Centre Hospitalier Régional de Louga,Louga,Louga,522,369,2024-09-21,45,42,136,11,386,350,40,1.34,Choléra,48,0,91.04,18.93,modéré,32.4,43.9,560.8,False,0.56,0.88,0.2,125.1,44.5
7,Centre Hospitalier Régional de Louga,Louga,Louga,522,369,2024-09-22,35,59,468,23,54,347,4,3.0,Paludisme,13,1,86.02,3.02,faible,26.6,42.1,656.2,False,0.96,0.54,0.07,178.7,39.3
7,Centre Hospitalier Régional de Louga,Louga,Louga,522,369,2024-09-23,65,80,95,7,427,329,28,0.97,Dengue,119,6,89.35,9.93,élevé,22.6,74.4,3426.8,True,0.93,0.58,0.04,135.9,48.2
7,Centre Hospitalier Régional de Louga,Louga,Louga,522,369,2024-09-24,86,5,458,17,64,338,14,1.48,Dengue,43,9,92.93,6.88,modéré,35.7,72.3,1697.0,False,0.71,0.92,0.09,12.7,16.8
7,Centre Hospitalier Régional de Louga,Louga,Louga,522,369,2024-09-25,59,44,118,8,404,340,37,0.63,Choléra,59,7,80.52,16.49,modéré,26.7,78.4,3524.7,False,0.55,0.35,0.02,118.4,32.7
7,Centre Hospitalier Régional de Louga,Louga,Louga,522,369,2024-09-26,88,7,311,0,211,354,46,2.28,Choléra,75,0,90.75,26.75,modéré,22.3,67.4,2698.3,False,0.28,0.49,0.1,121.2,51.3
7,Centre Hospitalier Régional de Louga,Louga,Louga,522,369,2024-09-27,95,52,36,25,486,352,52,0.77,Grippe,56,2,91.56,26.93,modéré,37.3,42.6,4261.5,False,0.24,0.71,0.08,144.3,19.9
7,Centre Hospitalier Régional de Louga,Louga,Louga,522,369,2024-09-28,81,72,511,13,11,323,42,1.37,Dengue,51,3,94.06,13.93,modéré,23.3,79.9,2584.4,False,0.3,0.36,0.04,80.8,39.3
7,Centre Hospitalier Régional de Louga,Louga,Louga,522,369,2024-09-29,45,48,514,9,8,351,6,1.83,Choléra,74,6,91.98,16.6,modéré,29.3,81.8,4353.5,False,0.7,0.65,0.01,68.4,43.1
7,Centre Hospitalier Régional de Louga,Louga,Louga,522,369,2024-09-30,20,37,228,13,294,323,58,3.27,Grippe,27,6,52.14,17.86,faible,36.0,61.6,1295.9,False,0.45,0.32,0.14,61.7,8.0
7,Centre Hospitalier Régional de Louga,Louga,Louga,522,369,2024-10-01,42,71,181,22,341,356,25,1.68,Choléra,88,1,94.72,11.5,élevé,24.9,78.9,3412.1,True,0.81,0.49,0.12,142.3,33.0
7,Centre Hospitalier Régional de Louga,Louga,Louga,522,369,2024-10-02,95,52,233,3,289,336,4,2.38,Grippe,110,6,52.9,6.71,élevé,25.2,45.6,1183.8,True,0.22,0.85,0.09,28.6,46.6
7,Centre Hospitalier Régional de Louga,Louga,Louga,522,369,2024-10-03,34,72,141,22,381,328,46,2.52,Paludisme,27,3,56.6,23.48,faible,38.5,87.5,1113.1,False,0.75,0.92,0.07,165.1,53.9
7,Centre Hospitalier Régional de Louga,Louga,Louga,522,369,2024-10-04,16,79,261,24,261,319,59,2.94,Grippe,50,5,61.91,26.9,modéré,36.2,52.7,1647.3,False,0.62,0.49,0.06,141.2,55.5
7,Centre Hospitalier Régional de Louga,Louga,Louga,522,369,2024-10-05,98,71,282,19,240,338,54,2.85,Dengue,65,1,55.62,21.85,modéré,24.6,65.8,3099.6,False,0.91,0.97,0.01,169.4,44.4
7,Centre Hospitalier Régional de Louga,Louga,Louga,522,369,2024-10-06,41,19,275,9,247,342,53,0.8,Covid-19,107,0,81.16,26.41,élevé,33.2,59.5,965.5,True,0.91,0.38,0.2,163.8,20.3
7,Centre Hospitalier Régional de Louga,Louga,Louga,522,369,2024-10-07,84,63,466,12,56,358,10,0.33,Covid-19,2,10,63.36,28.16,faible,25.2,69.9,254.6,False,0.52,0.35,0.1,83.7,55.9
7,Centre Hospitalier Régional de Louga,Louga,Louga,522,369,2024-10-08,77,42,107,19,415,335,30,2.18,Grippe,105,0,94.01,22.04,élevé,29.1,74.4,955.6,True,0.23,0.61,0.03,118.5,24.1
7,Centre Hospitalier Régional de Louga,Louga,Louga,522,369,2024-10-09,65,35,103,21,419,325,1,1.33,Covid-19,63,0,72.31,20.71,modéré,28.7,47.0,2798.4,False,0.81,0.82,0.18,82.5,12.6
7,Centre Hospitalier Régional de Louga,Louga,Louga,522,369,2024-10-10,75,10,389,5,133,349,47,3.13,Choléra,116,7,88.98,17.46,élevé,32.0,44.1,2365.4,True,0.34,0.66,0.08,114.6,9.8
7,Centre Hospitalier Régional de Louga,Louga,Louga,522,369,2024-10-11,47,80,20,6,502,325,4,1.09,Grippe,17,1,71.49,11.24,faible,27.9,40.9,1530.0,False,0.85,0.46,0.01,104.9,35.3
7,Centre Hospitalier Régional de Louga,Louga,Louga,522,369,2024-10-12,48,76,140,14,382,355,17,3.93,Paludisme,82,0,55.19,11.41,élevé,34.2,71.0,1494.6,True,0.9,0.98,0.16,40.5,39.1
7,Centre Hospitalier Régional de Louga,Louga,Louga,522,369,2024-10-13,64,90,184,12,338,345,13,2.31,Paludisme,77,4,70.03,4.93,modéré,32.0,76.5,402.2,False,0.86,0.46,0.15,43.4,48.4
7,Centre Hospitalier Régional de Louga,Louga,Louga,522,369,2024-10-14,18,6,421,12,101,346,48,1.38,Choléra,17,8,46.65,18.83,faible,23.9,56.6,427.9,False,0.68,0.99,0.2,70.6,46.7
7,Centre Hospitalier Régional de Louga,Louga,Louga,522,369,2024-10-15,15,17,452,20,70,331,28,2.23,Choléra,99,6,68.66,25.55,élevé,25.1,71.9,919.3,True,0.76,0.71,0.17,64.7,27.2
7,Centre Hospitalier Régional de Louga,Louga,Louga,522,369,2024-10-16,26,49,455,25,67,362,10,2.59,Grippe,22,4,46.67,11.93,faible,22.8,64.5,1968.4,False,0.41,0.91,0.03,80.0,6.5
7,Centre Hospitalier Régional de Louga,Louga,Louga,522,369,2024-10-17,72,56,487,24,35,324,26,2.4,Grippe,59,5,54.21,10.2,modéré,29.7,50.7,1496.3,False,0.36,0.45,0.18,132.9,6.0
7,Centre Hospitalier Régional de Louga,Louga,Louga,522,369,2024-10-18,58,53,39,14,483,328,12,1.08,Grippe,45,9,40.77,1.41,modéré,30.0,71.7,947.1,False,0.66,0.61,0.2,137.2,40.0
7,Centre Hospitalier Régional de Louga,Louga,Louga,522,369,2024-10-19,96,6,71,15,451,344,28,3.87,Covid-19,87,0,78.0,7.72,élevé,28.4,47.5,1836.1,True,0.59,0.82,0.06,17.6,31.5
7,Centre Hospitalier Régional de Louga,Louga,Louga,522,369,2024-10-20,15,65,124,21,398,329,21,2.73,Paludisme,43,8,70.59,7.7,modéré,23.4,81.2,4760.9,False,0.31,0.31,0.03,164.9,40.9
7,Centre Hospitalier Régional de Louga,Louga,Louga,522,369,2024-10-21,43,22,189,9,333,326,16,0.56,Covid-19,73,2,32.11,14.11,modéré,22.2,53.2,2825.8,False,0.66,0.62,0.14,63.2,3.5
7,Centre Hospitalier Régional de Louga,Louga,Louga,522,369,2024-10-22,14,75,353,23,169,351,47,1.27,Dengue,60,7,78.26,9.14,modéré,32.0,54.6,4044.5,False,0.26,0.96,0.16,126.7,17.3
7,Centre Hospitalier Régional de Louga,Louga,Louga,522,369,2024-10-23,56,56,50,0,472,340,53,1.74,Choléra,107,8,65.92,1.33,élevé,38.8,88.0,493.9,True,0.98,0.34,0.14,52.7,58.8
7,Centre Hospitalier Régional de Louga,Louga,Louga,522,369,2024-10-24,68,16,124,24,398,345,6,1.34,Covid-19,11,6,79.97,27.24,faible,29.8,73.8,818.7,False,0.7,0.69,0.16,42.5,53.2
7,Centre Hospitalier Régional de Louga,Louga,Louga,522,369,2024-10-25,73,56,74,2,448,359,23,1.05,Choléra,38,3,66.43,3.13,modéré,22.9,64.3,3602.4,False,0.43,0.76,0.01,87.0,24.6
7,Centre Hospitalier Régional de Louga,Louga,Louga,522,369,2024-10-26,86,40,178,4,344,369,37,2.18,Dengue,12,6,38.47,3.5,faible,32.1,68.2,3039.7,False,0.74,0.55,0.13,157.1,14.6
7,Centre Hospitalier Régional de Louga,Louga,Louga,522,369,2024-10-27,51,31,520,16,2,341,16,1.37,Dengue,33,6,76.73,6.32,modéré,28.8,41.8,2062.7,False,0.85,1.0,0.07,103.2,58.6
7,Centre Hospitalier Régional de Louga,Louga,Louga,522,369,2024-10-28,54,61,161,14,361,356,36,1.53,Covid-19,117,2,71.93,17.96,élevé,33.5,87.7,2857.2,True,0.87,0.84,0.16,123.8,20.4
7,Centre Hospitalier Régional de Louga,Louga,Louga,522,369,2024-10-29,52,71,276,3,246,350,23,0.15,Grippe,103,4,94.09,9.02,élevé,35.4,85.1,2316.1,True,0.2,0.66,0.06,83.5,33.2
7,Centre Hospitalier Régional de Louga,Louga,Louga,522,369,2024-10-30,27,5,433,11,89,345,9,0.79,Grippe,24,2,35.58,20.36,faible,28.7,53.2,4912.5,False,0.8,0.39,0.04,37.2,46.5
9,Centre Hospitalier Régional de Matam,Matam,Matam,359,116,2024-03-13,47,16,184,10,175,81,37,3.65,Covid-19,4,3,71.53,4.47,faible,38.1,59.8,3872.2,False,0.77,0.34,0.02,148.1,29.0
9,Centre Hospitalier Régional de Matam,Matam,Matam,359,116,2024-03-14,65,31,227,14,132,74,38,2.59,Choléra,103,5,94.93,29.7,élevé,29.9,87.7,2615.6,True,0.8,0.44,0.05,129.4,22.2
9,Centre Hospitalier Régional de Matam,Matam,Matam,359,116,2024-03-15,48,46,49,10,310,105,2,2.27,Covid-19,38,10,89.27,15.28,modéré,34.9,85.3,2137.7,False,0.87,0.99,0.05,41.5,6.7
9,Centre Hospitalier Régional de Matam,Matam,Matam,359,116,2024-03-16,64,43,296,23,63,81,7,0.24,Grippe,71,0,31.1,8.33,modéré,32.4,49.8,1511.0,False,0.74,0.98,0.18,96.4,32.2
9,Centre Hospitalier Régional de Matam,Matam,Matam,359,116,2024-03-17,33,90,47,5,312,81,27,2.16,Paludisme,105,5,72.92,16.77,élevé,28.0,65.3,1025.4,True,0.96,0.88,0.14,90.7,16.6
9,Centre Hospitalier Régional de Matam,Matam,Matam,359,116,2024-03-18,38,81,132,21,227,77,16,1.09,Choléra,16,2,46.23,19.64,faible,31.7,54.4,3631.1,False,0.91,0.33,0.02,99.3,38.8
9,Centre Hospitalier Régional de Matam,Matam,Matam,359,116,2024-03-19,65,55,159,13,200,78,3,2.36,Covid-19,103,2,88.41,24.43,élevé,35.1,83.4,781.4,True,0.62,0.95,0.09,67.6,12.4
9,Centre Hospitalier Régional de Matam,Matam,Matam,359,116,2024-03-20,57,6,357,22,2,102,56,1.75,Covid-19,87,2,72.34,3.98,élevé,36.5,79.0,3980.4,True,0.63,0.86,0.15,161.5,11.4
9,Centre Hospitalier Régional de Matam,Matam,Matam,359,116,2024-03-21,77,11,321,24,38,81,17,1.18,Paludisme,70,0,35.75,2.27,modéré,27.1,55.3,2332.2,False,0.31,0.51,0.1,51.1,51.4
9,Centre Hospitalier Régional de Matam,Matam,Matam,359,116,2024-03-22,34,69,78,17,281,99,35,3.58,Covid-19,112,1,76.35,11.78,élevé,30.8,88.0,2038.7,True,0.84,0.69,0.17,53.9,12.4
9,Centre Hospitalier Régional de Matam,Matam,Matam,359,116,2024-03-23,50,55,286,23,73,110,27,1.55,Paludisme,106,2,31.72,7.08,élevé,33.5,89.7,1190.0,True,0.45,0.81,0.15,142.2,50.1
9,Centre Hospitalier Régional de Matam,Matam,Matam,359,116,2024-03-24,38,48,177,3,182,79,40,3.02,Covid-19,69,6,61.55,25.57,modéré,36.7,53.6,4368.8,False,0.42,0.78,0.03,64.6,5.9
9,Centre Hospitalier Régional de Matam,Matam,Matam,359,116,2024-03-25,32,15,33,3,326,109,30,3.99,Dengue,25,0,85.41,10.61,faible,32.4,77.4,3314.0,False,0.33,0.37,0.16,145.7,4.8
9,Centre Hospitalier Régional de Matam,Matam,Matam,359,116,2024-03-26,66,5,86,23,273,90,45,2.47,Paludisme,38,2,68.69,19.5,modéré,35.4,84.1,4571.5,False,0.28,0.54,0.05,57.6,55.3
9,Centre Hospitalier Régional de Matam,Matam,Matam,359,116,2024-03-27,46,37,190,6,169,109,26,2.76,Covid-19,85,8,62.29,2.05,élevé,27.9,40.6,481.3,True,0.64,0.45,0.01,87.6,20.5
9,Centre Hospitalier Régional de Matam,Matam,Matam,359,116,2024-03-28,61,50,60,21,299,90,30,1.27,Covid-19,1,4,74.97,25.53,faible,22.7,63.1,730.8,False,0.32,0.54,0.08,95.1,47.7
9,Centre Hospitalier Régional de Matam,Matam,Matam,359,116,2024-03-29,90,24,347,15,12,84,16,0.56,Covid-19,78,4,61.33,16.2,modéré,23.5,81.6,1509.5,False,0.37,0.84,0.12,18.2,23.9
9,Centre Hospitalier Régional de Matam,Matam,Matam,359,116,2024-03-30,90,23,311,2,48,80,43,3.15,Dengue,79,7,54.05,26.83,modéré,30.3,51.9,4868.3,False,0.88,0.88,0.07,146.2,47.8
9,Centre Hospitalier Régional de Matam,Matam,Matam,359,116,2024-03-31,89,77,120,16,239,89,29,2.72,Paludisme,32,0,90.24,3.52,modéré,34.2,61.2,1660.7,False,0.47,0.7,0.13,8.0,30.7
9,Centre Hospitalier Régional de Matam,Matam,Matam,359,116,2024-04-01,20,30,319,9,40,73,23,0.46,Grippe,117,5,55.14,9.28,élevé,38.5,56.1,3499.0,True,0.2,0.48,0.14,16.9,30.8
9,Centre Hospitalier Régional de Matam,Matam,Matam,359,116,2024-04-02,64,74,356,0,3,104,25,3.0,Choléra,106,2,50.97,26.18,élevé,33.1,40.6,2836.8,True,0.81,0.57,0.13,49.2,6.8
9,Centre Hospitalier Régional de Matam,Matam,Matam,359,116,2024-04-03,85,11,353,23,6,96,40,1.56,Grippe,62,1,70.85,14.9,modéré,36.0,46.6,2362.9,False,0.53,0.87,0.08,127.8,19.3
9,Centre Hospitalier Régional de Matam,Matam,Matam,359,116,2024-04-04,98,45,68,22,291,72,47,1.39,Paludisme,11,2,35.73,22.33,faible,38.5,58.0,1469.6,False,0.86,0.54,0.03,45.7,39.0
9,Centre Hospitalier Régional de Matam,Matam,Matam,359,116,2024-04-05,76,48,52,11,307,107,9,3.26,Covid-19,41,5,58.43,2.42,modéré,24.9,47.6,966.2,False,0.83,0.85,0.11,10.4,7.3
9,Centre Hospitalier Régional de Matam,Matam,Matam,359,116,2024-04-06,59,39,88,16,271,115,19,1.56,Dengue,13,9,35.66,25.45,faible,24.8,49.6,3595.3,False,0.71,0.6,0.03,100.4,30.9
9,Centre Hospitalier Régional de Matam,Matam,Matam,359,116,2024-04-07,69,53,352,25,7,109,27,1.12,Grippe,42,1,46.33,28.52,modéré,27.5,50.4,3521.0,False,0.96,0.64,0.11,27.7,53.7
9,Centre Hospitalier Régional de Matam,Matam,Matam,359,116,2024-04-08,11,73,43,8,316,109,25,2.66,Dengue,78,1,51.1,13.38,modéré,33.8,48.9,1243.8,False,0.43,0.45,0.02,147.4,22.6
9,Centre Hospitalier Régional de Matam,Matam,Matam,359,116,2024-04-09,78,30,332,3,27,70,43,0.83,Choléra,119,3,66.08,27.26,élevé,37.5,75.4,3752.7,True,1.0,0.62,0.12,103.7,6.3
9,Centre Hospitalier Régional de Matam,Matam,Matam,359,116,2024-04-10,97,62,316,20,43,87,23,0.42,Paludisme,31,8,58.8,2.67,modéré,28.4,67.2,1489.6,False,0.85,0.72,0.09,71.4,7.2
9,Centre Hospitalier Régional de Matam,Matam,Matam,359,116,2024-04-11,14,44,303,22,56,76,40,0.96,Choléra,101,8,32.49,29.49,élevé,36.6,52.8,806.2,True,0.23,0.58,0.01,53.0,50.9
9,Centre Hospitalier Régional de Matam,Matam,Matam,359,116,2024-04-12,14,10,309,24,50,115,39,1.89,Paludisme,31,8,53.81,15.43,modéré,23.9,42.3,3563.4,False,0.97,0.59,0.11,143.3,47.4
9,Centre Hospitalier Régional de Matam,Matam,Matam,359,116,2024-04-13,30,54,263,21,96,93,21,2.97,Grippe,75,8,54.67,10.53,modéré,23.6,56.3,2509.8,False,0.68,0.92,0.04,100.0,19.0
9,Centre Hospitalier Régional de Matam,Matam,Matam,359,116,2024-04-14,56,78,211,14,148,96,46,1.35,Covid-19,80,5,76.36,29.26,élevé,38.1,45.1,2665.2,False,0.31,0.72,0.0,29.5,42.1
9,Centre Hospitalier Régional de Matam,Matam,Matam,359,116,2024-04-15,79,46,253,24,106,73,21,1.07,Dengue,110,6,91.24,15.74,élevé,26.6,88.5,735.2,True,0.46,0.66,0.09,79.7,8.6
9,Centre Hospitalier Régional de Matam,Matam,Matam,359,116,2024-04-16,28,68,129,21,230,98,53,1.74,Dengue,106,1,68.41,18.69,élevé,27.7,82.3,3213.5,True,0.99,0.49,0.04,42.2,17.7
9,Centre Hospitalier Régional de Matam,Matam,Matam,359,116,2024-04-17,26,50,109,20,250,92,60,3.76,Choléra,98,5,67.3,7.46,élevé,33.8,46.4,4922.6,True,0.91,0.41,0.19,41.5,13.4
9,Centre Hospitalier Régional de Matam,Matam,Matam,359,116,2024-04-18,78,12,321,14,38,70,33,2.15,Grippe,80,7,48.92,29.67,élevé,38.3,81.9,3206.9,False,0.63,0.77,0.11,43.2,49.4
9,Centre Hospitalier Régional de Matam,Matam,Matam,359,116,2024-04-19,71,79,264,8,95,108,1,3.24,Covid-19,103,5,33.18,14.29,élevé,35.2,43.0,3341.5,True,0.2,0.61,0.01,166.7,7.2
9,Centre Hospitalier Régional de Matam,Matam,Matam,359,116,2024-04-20,13,17,346,24,13,94,45,1.76,Paludisme,24,10,40.37,20.82,faible,33.3,44.6,105.4,False,0.51,0.69,0.14,144.3,58.9
9,Centre Hospitalier Régional de Matam,Matam,Matam,359,116,2024-04-21,66,60,342,4,17,97,29,1.93,Covid-19,118,7,64.62,16.76,élevé,26.2,74.6,3381.0,True,0.54,0.34,0.19,67.1,18.5
9,Centre Hospitalier Régional de Matam,Matam,Matam,359,116,2024-04-22,95,34,161,18,198,104,33,3.52,Paludisme,14,5,69.15,22.82,faible,23.5,53.2,311.8,False,0.58,0.52,0.2,143.9,42.5
9,Centre Hospitalier Régional de Matam,Matam,Matam,359,116,2024-04-23,19,86,315,19,44,78,32,1.12,Choléra,100,10,68.03,1.47,élevé,22.1,49.7,4166.1,True,0.33,0.58,0.01,39.4,12.7
9,Centre Hospitalier Régional de Matam,Matam,Matam,359,116,2024-04-24,29,30,223,17,136,101,14,2.89,Dengue,86,3,91.04,14.83,élevé,25.0,63.4,4154.2,True,0.89,0.48,0.13,85.6,49.3
9,Centre Hospitalier Régional de Matam,Matam,Matam,359,116,2024-04-25,27,21,338,0,21,96,11,1.01,Grippe,103,1,39.46,10.96,élevé,22.2,66.9,960.7,True,0.26,0.54,0.14,63.4,44.9
9,Centre Hospitalier Régional de Matam,Matam,Matam,359,116,2024-04-26,84,68,143,13,216,74,4,0.51,Choléra,103,3,64.26,17.08,élevé,36.0,83.8,1506.0,True,0.24,0.59,0.18,76.0,36.6
9,Centre Hospitalier Régional de Matam,Matam,Matam,359,116,2024-04-27,66,14,208,15,151,81,3,2.15,Dengue,16,1,69.45,25.85,faible,27.2,73.6,2918.2,False,0.83,0.41,0.12,39.8,36.5
9,Centre Hospitalier Régional de Matam,Matam,Matam,359,116,2024-04-28,26,63,122,0,237,105,50,0.35,Covid-19,119,0,58.56,8.81,élevé,26.7,54.6,1051.5,True,0.62,0.72,0.2,114.7,48.6
9,Centre Hospitalier Régional de Matam,Matam,Matam,359,116,2024-04-29,13,86,350,4,9,106,20,2.36,Dengue,96,4,89.76,29.84,élevé,26.6,55.0,2032.5,True,0.62,0.64,0.18,50.2,9.9
9,Centre Hospitalier Régional de Matam,Matam,Matam,359,116,2024-04-30,22,71,103,24,256,101,24,3.87,Grippe,115,2,92.09,12.2,élevé,28.1,72.7,2081.7,True,0.32,0.83,0.07,79.9,27.1
9,Centre Hospitalier Régional de Matam,Matam,Matam,359,116,2024-05-01,69,85,253,1,106,87,17,1.25,Covid-19,111,9,87.49,10.58,élevé,27.4,86.6,4128.1,True,0.51,0.87,0.15,100.5,25.0
9,Centre Hospitalier Régional de Matam,Matam,Matam,359,116,2024-09-29,24,10,211,10,148,107,5,2.72,Grippe,33,4,82.28,28.44,modéré,24.3,43.4,2338.7,False,0.99,0.78,0.01,161.9,41.0
9,Centre Hospitalier Régional de Matam,Matam,Matam,359,116,2024-09-30,91,18,46,22,313,85,51,0.3,Covid-19,62,4,66.12,19.11,modéré,23.8,43.0,2642.4,False,0.3,0.42,0.02,13.9,27.1
9,Centre Hospitalier Régional de Matam,Matam,Matam,359,116,2024-10-01,13,11,125,2,234,102,11,1.73,Choléra,37,6,86.35,28.34,modéré,30.3,53.5,4950.2,False,0.53,0.41,0.17,11.2,18.2
9,Centre Hospitalier Régional de Matam,Matam,Matam,359,116,2024-10-02,66,79,273,0,86,111,4,1.42,Covid-19,76,5,37.52,2.8,modéré,29.0,49.0,1873.1,False,0.45,0.88,0.15,28.8,37.2
9,Centre Hospitalier Régional de Matam,Matam,Matam,359,116,2024-10-03,44,15,145,21,214,107,28,2.39,Grippe,38,8,39.89,27.16,modéré,26.9,77.2,169.7,False,0.75,0.9,0.18,64.2,10.8
9,Centre Hospitalier Régional de Matam,Matam,Matam,359,116,2024-10-04,69,86,310,9,49,112,35,2.89,Grippe,39,6,43.16,13.87,modéré,26.4,85.8,2334.9,False,0.94,0.86,0.06,99.6,10.8
9,Centre Hospitalier Régional de Matam,Matam,Matam,359,116,2024-10-05,39,83,126,1,233,94,24,0.41,Choléra,37,10,54.7,26.17,modéré,37.5,44.2,1154.9,False,0.91,0.58,0.17,43.0,47.2
9,Centre Hospitalier Régional de Matam,Matam,Matam,359,116,2024-10-06,94,84,333,0,26,85,28,2.23,Grippe,11,1,30.76,19.57,faible,22.2,76.1,1822.2,False,1.0,0.32,0.18,87.1,55.1
9,Centre Hospitalier Régional de Matam,Matam,Matam,359,116,2024-10-07,91,37,316,0,43,72,31,0.13,Paludisme,29,8,52.91,29.13,faible,30.7,81.7,4503.9,False,0.59,0.4,0.01,66.6,11.1
9,Centre Hospitalier Régional de Matam,Matam,Matam,359,116,2024-10-08,57,16,150,24,209,115,16,2.53,Covid-19,8,2,71.92,18.18,faible,34.1,45.8,4835.6,False,0.62,0.49,0.19,42.8,51.9
9,Centre Hospitalier Régional de Matam,Matam,Matam,359,116,2024-10-09,38,35,235,19,124,76,53,2.69,Covid-19,5,0,54.25,8.79,faible,38.8,71.3,1440.1,False,0.38,0.95,0.01,148.3,10.2
9,Centre Hospitalier Régional de Matam,Matam,Matam,359,116,2024-10-10,14,16,72,11,287,75,25,3.28,Grippe,48,7,44.15,13.96,modéré,34.4,88.4,3008.6,False,0.2,0.88,0.08,39.6,50.2
9,Centre Hospitalier Régional de Matam,Matam,Matam,359,116,2024-10-11,93,38,352,5,7,71,33,2.99,Covid-19,31,8,90.41,26.4,modéré,22.2,57.7,3886.2,False,0.3,0.47,0.02,117.9,21.8
9,Centre Hospitalier Régional de Matam,Matam,Matam,359,116,2024-10-12,49,75,115,9,244,93,7,3.57,Grippe,73,6,88.2,6.58,modéré,32.1,86.6,1845.7,False,0.37,0.36,0.14,15.6,5.9
9,Centre Hospitalier Régional de Matam,Matam,Matam,359,116,2024-10-13,76,35,252,20,107,91,23,2.52,Covid-19,76,8,57.15,20.79,modéré,25.6,83.7,4896.5,False,0.32,0.89,0.14,10.3,16.8
9,Centre Hospitalier Régional de Matam,Matam,Matam,359,116,2024-10-14,73,68,349,16,10,99,59,2.31,Grippe,94,4,65.17,2.19,élevé,37.7,40.4,4769.2,True,0.7,0.5,0.17,27.5,38.0
9,Centre Hospitalier Régional de Matam,Matam,Matam,359,116,2024-10-15,14,30,279,9,80,94,31,2.62,Choléra,98,7,36.93,11.42,élevé,25.6,46.9,1850.5,True,0.61,0.53,0.11,128.9,49.4
9,Centre Hospitalier Régional de Matam,Matam,Matam,359,116,2024-10-16,51,28,175,22,184,103,8,0.34,Covid-19,32,8,35.85,24.93,modéré,35.4,54.6,1797.0,False,0.91,0.98,0.14,48.5,7.4
9,Centre Hospitalier Régional de Matam,Matam,Matam,359,116,2024-10-17,79,38,133,11,226,73,33,2.14,Dengue,19,1,65.04,4.56,faible,31.1,64.9,603.8,False,0.67,0.48,0.05,31.9,24.7
9,Centre Hospitalier Régional de Matam,Matam,Matam,359,116,2024-10-18,24,23,66,11,293,115,28,1.02,Covid-19,4,2,56.36,26.79,faible,22.9,54.8,2722.4,False,0.28,0.52,0.19,134.8,57.7
9,Centre Hospitalier Régional de Matam,Matam,Matam,359,116,2024-10-19,69,12,158,13,201,113,49,0.26,Dengue,115,3,41.35,22.23,élevé,30.6,47.5,3383.6,True,0.73,0.55,0.11,153.0,55.8
9,Centre Hospitalier Régional de Matam,Matam,Matam,359,116,2024-10-20,58,6,26,18,333,111,24,1.68,Choléra,28,4,31.48,13.53,faible,28.0,44.3,2840.5,False,0.85,0.57,0.05,125.2,39.4
9,Centre Hospitalier Régional de Matam,Matam,Matam,359,116,2024-10-21,48,34,305,8,54,70,44,1.59,Covid-19,97,8,45.84,6.18,élevé,27.6,89.5,4154.3,True,0.3,0.41,0.03,82.4,57.1
9,Centre Hospitalier Régional de Matam,Matam,Matam,359,116,2024-10-22,16,60,73,5,286,102,29,0.2,Grippe,71,7,33.51,18.25,modéré,33.2,43.3,2962.8,False,0.67,0.91,0.02,79.4,13.9
9,Centre Hospitalier Régional de Matam,Matam,Matam,359,116,2024-10-23,87,73,357,4,2,75,22,1.04,Paludisme,20,4,89.66,17.14,faible,38.8,47.6,3719.0,False,0.65,0.39,0.17,166.0,22.6
9,Centre Hospitalier Régional de Matam,Matam,Matam,359,116,2024-10-24,19,39,48,8,311,106,47,3.56,Choléra,110,9,72.95,29.32,élevé,27.6,87.1,1876.9,True,0.87,0.41,0.16,9.7,15.4
9,Centre Hospitalier Régional de Matam,Matam,Matam,359,116,2024-10-25,76,24,93,2,266,82,31,0.11,Grippe,75,5,48.39,1.41,modéré,36.4,55.1,2551.0,False,0.95,0.43,0.15,95.1,11.4
9,Centre Hospitalier Régional de Matam,Matam,Matam,359,116,2024-10-26,50,33,276,21,83,83,1,2.65,Grippe,67,0,30.96,15.02,modéré,34.6,68.7,4627.1,False,0.87,0.81,0.03,58.3,29.5
9,Centre Hospitalier Régional de Matam,Matam,Matam,359,116,2024-10-27,77,8,348,7,11,114,1,2.98,Choléra,9,8,72.86,25.9,faible,23.9,79.9,2929.5,False,0.21,0.86,0.12,76.0,17.6
9,Centre Hospitalier Régional de Matam,Matam,Matam,359,116,2024-10-28,71,13,296,2,63,115,35,3.33,Paludisme,114,3,66.48,27.69,élevé,34.7,83.7,1280.2,True,0.82,0.4,0.16,134.3,36.6
9,Centre Hospitalier Régional de Matam,Matam,Matam,359,116,2024-10-29,80,45,197,24,162,94,13,1.83,Dengue,87,5,62.36,2.2,élevé,36.4,69.6,4988.6,True,0.35,0.41,0.07,126.6,27.6
9,Centre Hospitalier Régional de Matam,Matam,Matam,359,116,2024-10-30,77,31,260,0,99,91,36,0.4,Grippe,43,7,58.77,5.18,modéré,34.2,40.1,4339.2,False,0.99,0.49,0.18,75.3,59.4
9,Centre Hospitalier Régional de Matam,Matam,Matam,359,116,2024-10-31,94,9,154,21,205,98,23,0.1,Dengue,66,7,59.48,26.25,modéré,37.9,82.6,1867.9,False,0.53,0.63,0.19,39.2,43.7
9,Centre Hospitalier Régional de Matam,Matam,Matam,359,116,2024-11-01,50,59,262,7,97,70,2,0.52,Covid-19,97,5,47.72,24.53,élevé,25.6,45.5,1873.0,True,0.65,0.48,0.13,140.8,53.4
9,Centre Hospitalier Régional de Matam,Matam,Matam,359,116,2024-11-02,13,72,166,16,193,76,25,2.51,Grippe,38,8,66.74,4.68,modéré,22.8,52.5,1454.1,False,0.34,0.7,0.13,120.3,11.7
9,Centre Hospitalier Régional de Matam,Matam,Matam,359,116,2024-11-03,79,13,200,23,159,113,59,0.44,Paludisme,105,1,47.79,4.11,élevé,22.6,60.2,3829.9,True,0.53,0.95,0.05,21.0,48.2
9,Centre Hospitalier Régional de Matam,Matam,Matam,359,116,2024-11-04,20,32,322,14,37,76,21,3.59,Grippe,38,4,91.43,26.95,modéré,36.7,57.6,1158.1,False,0.24,0.94,0.08,57.8,3.0
9,Centre Hospitalier Régional de Matam,Matam,Matam,359,116,2024-11-05,79,90,231,7,128,70,58,0.86,Choléra,9,5,30.63,14.4,faible,28.4,81.6,2935.2,False,0.78,0.81,0.15,54.2,12.6
9,Centre Hospitalier Régional de Matam,Matam,Matam,359,116,2024-11-06,27,80,65,25,294,67,21,1.38,Dengue,49,3,54.34,10.81,modéré,31.3,41.4,3446.3,False,0.47,0.53,0.13,124.2,29.2
9,Centre Hospitalier Régional de Matam,Matam,Matam,359,116,2024-11-07,73,50,227,21,132,76,22,1.31,Grippe,44,10,75.13,9.81,modéré,23.4,67.9,3818.7,False,0.38,0.54,0.19,156.0,43.6
9,Centre Hospitalier Régional de Matam,Matam,Matam,359,116,2024-11-08,75,36,193,8,166,101,17,3.37,Choléra,101,8,93.17,14.89,élevé,38.9,74.0,4127.1,True,0.99,0.39,0.1,86.5,30.3
9,Centre Hospitalier Régional de Matam,Matam,Matam,359,116,2024-11-09,50,90,46,23,313,71,39,3.49,Covid-19,111,1,80.33,9.48,élevé,24.9,72.9,4657.5,True,0.83,0.78,0.06,68.3,10.3
9,Centre Hospitalier Régional de Matam,Matam,Matam,359,116,2024-11-10,45,86,74,10,285,82,25,2.64,Dengue,107,1,37.6,20.03,élevé,22.3,52.2,1590.6,True,0.78,0.64,0.07,163.5,36.6
9,Centre Hospitalier Régional de Matam,Matam,Matam,359,116,2024-11-11,30,74,84,24,275,113,1,2.42,Covid-19,96,3,70.93,13.19,élevé,34.3,57.7,1555.2,True,0.83,0.44,0.11,64.9,44.9
9,Centre Hospitalier Régional de Matam,Matam,Matam,359,116,2024-11-12,80,35,265,5,94,78,20,1.77,Dengue,24,8,93.6,18.04,faible,27.0,81.2,839.6,False,0.64,0.53,0.15,159.2,36.6
9,Centre Hospitalier Régional de Matam,Matam,Matam,359,116,2024-11-13,64,43,232,5,127,86,40,3.22,Dengue,70,6,46.66,10.47,modéré,30.5,89.6,4207.9,False,0.92,0.81,0.14,104.7,38.0
9,Centre Hospitalier Régional de Matam,Matam,Matam,359,116,2024-11-14,100,77,308,2,51,113,1,1.31,Choléra,32,8,93.63,5.24,modéré,32.0,86.6,2344.8,False,0.33,0.63,0.1,157.4,30.3
9,Centre Hospitalier Régional de Matam,Matam,Matam,359,116,2024-11-15,72,39,290,13,69,110,22,0.79,Dengue,47,5,50.5,4.74,modéré,25.4,63.5,903.7,False,0.77,0.92,0.04,175.2,5.2
9,Centre Hospitalier Régional de Matam,Matam,Matam,359,116,2024-11-16,68,32,258,25,101,101,28,3.27,Paludisme,30,3,57.93,17.3,modéré,22.5,44.6,3645.5,False,0.31,0.49,0.17,115.2,44.7
9,Centre Hospitalier Régional de Matam,Matam,Matam,359,116,2024-11-17,45,9,237,14,122,112,27,0.1,Covid-19,65,7,42.51,13.57,modéré,25.1,64.1,1026.7,False,0.89,0.36,0.15,162.0,8.7
9,Centre Hospitalier Régional de Matam,Matam,Matam,359,116,2024-05-02,13,37,200,19,159,103,60,0.62,Grippe,38,0,61.12,8.68,modéré,24.5,63.2,1106.0,False,0.42,0.77,0.18,64.3,23.0
9,Centre Hospitalier Régional de Matam,Matam,Matam,359,116,2024-05-03,67,51,170,24,189,96,59,3.73,Grippe,6,4,55.08,26.0,faible,33.2,71.5,4083.9,False,0.39,0.42,0.1,140.2,46.2
9,Centre Hospitalier Régional de Matam,Matam,Matam,359,116,2024-05-04,47,55,288,16,71,103,31,2.74,Paludisme,48,1,48.85,9.8,modéré,32.8,76.0,2779.5,False,0.61,0.93,0.2,168.8,48.2
9,Centre Hospitalier Régional de Matam,Matam,Matam,359,116,2024-05-05,70,63,313,24,46,70,11,0.55,Grippe,87,7,77.34,20.53,élevé,32.7,45.9,1679.8,True,0.59,0.36,0.04,133.7,22.6
9,Centre Hospitalier Régional de Matam,Matam,Matam,359,116,2024-05-06,12,35,96,14,263,71,41,1.67,Choléra,58,8,79.62,22.5,modéré,32.1,74.8,3194.9,False,0.8,0.94,0.02,105.6,16.8
9,Centre Hospitalier Régional de Matam,Matam,Matam,359,116,2024-05-07,74,25,138,20,221,113,55,0.13,Choléra,81,5,59.46,28.17,élevé,28.4,84.8,1760.2,True,0.77,0.59,0.18,51.7,19.9
9,Centre Hospitalier Régional de Matam,Matam,Matam,359,116,2024-05-08,64,45,80,4,279,66,57,0.83,Covid-19,86,6,61.84,25.51,élevé,33.8,84.4,1596.3,True,0.27,0.7,0.04,35.5,42.4
9,Centre Hospitalier Régional de Matam,Matam,Matam,359,116,2024-05-09,28,44,323,5,36,81,44,1.52,Choléra,5,7,71.78,15.3,faible,27.7,69.6,1481.4,False,0.31,0.54,0.03,84.1,53.3
9,Centre Hospitalier Régional de Matam,Matam,Matam,359,116,2024-05-10,67,24,96,17,263,115,58,0.53,Dengue,116,5,54.15,6.05,élevé,35.0,52.7,2542.1,True,0.24,0.75,0.04,8.0,22.1
9,Centre Hospitalier Régional de Matam,Matam,Matam,359,116,2024-05-11,17,58,160,8,199,102,7,2.83,Dengue,5,3,71.69,28.98,faible,33.1,54.2,577.9,False,0.58,0.43,0.18,179.4,46.0
9,Centre Hospitalier Régional de Matam,Matam,Matam,359,116,2024-05-12,42,70,165,14,194,77,29,0.1,Choléra,116,4,86.32,3.38,élevé,31.6,68.8,2225.3,True,0.29,0.79,0.09,32.5,20.7
9,Centre Hospitalier Régional de Matam,Matam,Matam,359,116,2024-05-13,25,59,294,1,65,94,18,3.32,Paludisme,98,4,69.71,29.32,élevé,35.6,67.6,3964.5,True,0.82,0.63,0.01,120.3,17.8
9,Centre Hospitalier Régional de Matam,Matam,Matam,359,116,2024-05-14,24,10,117,7,242,85,53,2.35,Choléra,41,8,88.14,27.23,modéré,24.6,69.8,1824.3,False,0.43,0.78,0.15,68.6,4.5
9,Centre Hospitalier Régional de Matam,Matam,Matam,359,116,2024-05-15,83,13,333,11,26,103,25,2.28,Choléra,37,5,73.17,20.9,modéré,31.2,49.9,4575.2,False,0.74,0.63,0.13,11.6,25.6
9,Centre Hospitalier Régional de Matam,Matam,Matam,359,116,2024-05-16,58,72,294,17,65,110,34,2.79,Choléra,34,3,43.16,11.11,modéré,25.7,69.3,2698.8,False,0.95,0.52,0.17,26.7,10.6
9,Centre Hospitalier Régional de Matam,Matam,Matam,359,116,2024-05-17,72,79,64,22,295,69,45,3.76,Grippe,15,0,34.97,19.02,faible,37.1,74.8,2643.7,False,0.3,0.58,0.2,156.6,12.1
9,Centre Hospitalier Régional de Matam,Matam,Matam,359,116,2024-05-18,63,66,154,23,205,90,16,3.93,Grippe,24,5,59.34,12.93,faible,34.4,85.2,4299.9,False,0.32,0.86,0.08,48.8,48.6
9,Centre Hospitalier Régional de Matam,Matam,Matam,359,116,2024-05-19,25,50,234,21,125,98,19,2.08,Choléra,94,1,37.84,14.26,élevé,37.0,49.8,942.7,True,0.88,1.0,0.18,45.7,57.1
9,Centre Hospitalier Régional de Matam,Matam,Matam,359,116,2024-05-20,38,41,280,5,79,71,12,3.34,Paludisme,46,1,78.62,17.94,modéré,30.7,78.4,4177.6,False,0.45,0.55,0.03,21.4,28.5
9,Centre Hospitalier Régional de Matam,Matam,Matam,359,116,2024-05-21,44,59,197,4,162,76,27,2.19,Covid-19,88,2,51.98,19.56,élevé,33.3,73.0,840.7,True,0.69,0.5,0.15,65.9,54.5
9,Centre Hospitalier Régional de Matam,Matam,Matam,359,116,2024-05-22,71,54,234,9,125,112,44,1.78,Dengue,84,5,51.99,2.22,élevé,23.3,85.3,768.4,True,0.56,0.92,0.05,43.7,55.2
9,Centre Hospitalier Régional de Matam,Matam,Matam,359,116,2024-05-23,17,40,127,20,232,109,41,2.96,Covid-19,104,7,39.58,15.05,élevé,32.7,56.1,1449.4,True,0.54,0.44,0.14,169.3,21.7
9,Centre Hospitalier Régional de Matam,Matam,Matam,359,116,2024-05-24,51,77,215,23,144,73,31,2.98,Covid-19,73,3,77.36,4.02,modéré,28.0,73.2,3207.8,False,0.39,0.65,0.01,71.8,42.1
9,Centre Hospitalier Régional de Matam,Matam,Matam,359,116,2024-05-25,79,78,293,22,66,74,43,0.95,Grippe,5,9,73.86,21.78,faible,34.2,68.3,3018.8,False,0.38,0.34,0.11,168.5,40.7
9,Centre Hospitalier Régional de Matam,Matam,Matam,359,116,2024-05-26,70,88,231,21,128,76,3,3.75,Grippe,88,9,74.92,5.4,élevé,28.5,61.7,4731.5,True,0.66,0.62,0.09,143.0,13.7
9,Centre Hospitalier Régional de Matam,Matam,Matam,359,116,2024-05-27,92,42,51,3,308,107,14,2.52,Choléra,74,0,49.3,5.52,modéré,28.3,88.1,4115.3,False,0.94,0.7,0.1,35.6,37.4
9,Centre Hospitalier Régional de Matam,Matam,Matam,359,116,2024-05-28,46,46,285,15,74,67,7,2.36,Choléra,60,4,72.57,2.92,modéré,23.8,81.8,1645.2,False,0.37,0.59,0.19,94.7,45.9
9,Centre Hospitalier Régional de Matam,Matam,Matam,359,116,2024-05-29,82,28,150,21,209,70,46,3.0,Paludisme,39,7,62.63,11.95,modéré,30.1,42.7,4951.8,False,0.78,0.6,0.08,89.5,51.3
9,Centre Hospitalier Régional de Matam,Matam,Matam,359,116,2024-05-30,94,18,210,7,149,75,59,3.12,Dengue,18,1,79.89,20.02,faible,25.3,52.0,1547.0,False,0.83,0.81,0.02,114.1,51.2
9,Centre Hospitalier Régional de Matam,Matam,Matam,359,116,2024-05-31,23,22,74,25,285,106,57,3.21,Dengue,43,0,53.34,11.69,modéré,28.2,57.5,736.3,False,0.24,0.8,0.07,148.5,10.4
9,Centre Hospitalier Régional de Matam,Matam,Matam,359,116,2024-06-01,55,79,178,16,181,80,41,0.99,Choléra,119,8,59.06,29.66,élevé,27.9,86.7,3152.7,True,0.57,0.96,0.1,130.8,29.2
9,Centre Hospitalier Régional de Matam,Matam,Matam,359,116,2024-06-02,31,23,140,12,219,76,11,1.92,Dengue,72,10,35.68,12.34,modéré,34.1,59.9,1631.7,False,0.82,0.51,0.05,142.4,5.8
9,Centre Hospitalier Régional de Matam,Matam,Matam,359,116,2024-06-03,61,76,333,3,26,90,44,2.48,Dengue,107,8,57.71,3.76,élevé,23.8,44.2,2015.2,True,0.84,0.57,0.03,161.3,48.7
9,Centre Hospitalier Régional de Matam,Matam,Matam,359,116,2024-06-04,38,41,197,15,162,87,33,0.63,Choléra,0,5,86.72,7.06,faible,24.0,85.8,1160.0,False,0.88,0.66,0.2,165.1,46.1
9,Centre Hospitalier Régional de Matam,Matam,Matam,359,116,2024-06-05,60,25,215,12,144,69,8,1.74,Paludisme,78,6,30.95,23.83,modéré,36.1,68.8,147.4,False,0.82,0.41,0.16,27.1,27.7
9,Centre Hospitalier Régional de Matam,Matam,Matam,359,116,2024-06-06,27,38,26,13,333,83,17,2.13,Choléra,49,9,89.0,9.03,modéré,34.0,89.1,4307.7,False,0.45,0.87,0.15,13.1,4.3
9,Centre Hospitalier Régional de Matam,Matam,Matam,359,116,2024-06-07,45,17,68,5,291,82,40,2.67,Dengue,102,6,39.99,3.41,élevé,37.6,83.7,2677.7,True,0.28,0.55,0.13,101.4,13.8
9,Centre Hospitalier Régional de Matam,Matam,Matam,359,116,2024-06-08,43,29,309,18,50,74,9,0.1,Choléra,60,0,52.89,2.42,modéré,28.4,71.5,1536.9,False,0.6,0.4,0.02,33.5,42.0
9,Centre Hospitalier Régional de Matam,Matam,Matam,359,116,2024-06-09,46,80,120,9,239,110,32,0.64,Dengue,99,2,35.58,24.54,élevé,26.0,61.3,4719.2,True,0.47,0.71,0.11,31.3,6.6
9,Centre Hospitalier Régional de Matam,Matam,Matam,359,116,2024-06-10,92,82,202,4,157,86,21,1.01,Dengue,48,0,50.91,25.1,modéré,29.5,81.3,3784.9,False,0.56,0.73,0.01,130.7,15.5
9,Centre Hospitalier Régional de Matam,Matam,Matam,359,116,2024-06-11,10,44,341,20,18,109,48,2.18,Covid-19,59,3,77.4,6.52,modéré,38.9,72.2,1148.0,False,0.54,0.56,0.16,87.5,41.5
9,Centre Hospitalier Régional de Matam,Matam,Matam,359,116,2024-06-12,70,48,40,2,319,74,25,2.55,Covid-19,42,4,68.8,15.42,modéré,38.0,87.8,1477.3,False,0.89,0.31,0.2,67.1,37.9
9,Centre Hospitalier Régional de Matam,Matam,Matam,359,116,2024-06-13,37,37,140,24,219,83,37,2.82,Paludisme,110,5,68.02,2.51,élevé,28.2,84.4,1977.3,True,0.82,0.72,0.15,19.0,58.0
9,Centre Hospitalier Régional de Matam,Matam,Matam,359,116,2024-06-14,65,18,99,4,260,70,29,3.57,Grippe,91,1,79.0,24.73,élevé,32.5,77.7,4101.6,True,0.73,0.93,0.05,64.8,42.6
9,Centre Hospitalier Régional de Matam,Matam,Matam,359,116,2024-06-15,17,11,143,20,216,90,31,0.7,Grippe,55,9,64.91,4.14,modéré,38.7,88.5,2662.7,False,0.52,0.43,0.11,118.0,18.5
9,Centre Hospitalier Régional de Matam,Matam,Matam,359,116,2024-06-16,89,43,55,11,304,84,37,3.58,Covid-19,86,10,87.88,11.12,élevé,28.7,48.2,4895.6,True,0.47,0.32,0.01,48.5,42.1
9,Centre Hospitalier Régional de Matam,Matam,Matam,359,116,2024-06-17,50,13,100,1,259,104,8,0.79,Covid-19,83,9,57.92,29.9,élevé,26.4,65.5,2224.3,True,0.44,0.81,0.1,133.0,50.2
9,Centre Hospitalier Régional de Matam,Matam,Matam,359,116,2024-06-18,66,41,266,15,93,103,49,2.9,Dengue,67,8,79.29,23.84,modéré,31.9,53.0,1892.1,False,0.68,0.85,0.06,20.1,5.2
9,Centre Hospitalier Régional de Matam,Matam,Matam,359,116,2024-06-19,93,62,40,11,319,73,46,0.9,Paludisme,30,7,54.78,26.88,modéré,33.5,55.8,4561.3,False,0.98,0.67,0.2,13.6,35.0
9,Centre Hospitalier Régional de Matam,Matam,Matam,359,116,2024-06-20,25,20,119,4,240,101,42,2.88,Paludisme,120,9,34.36,12.09,élevé,24.0,46.2,2064.0,True,0.68,0.72,0.06,6.6,18.5
9,Centre Hospitalier Régional de Matam,Matam,Matam,359,116,2024-08-10,79,30,206,25,153,67,32,3.44,Grippe,50,1,68.53,4.99,modéré,23.9,64.4,4986.9,False,0.35,0.45,0.08,17.4,57.7
9,Centre Hospitalier Régional de Matam,Matam,Matam,359,116,2024-08-11,21,50,101,7,258,101,41,3.88,Grippe,108,0,38.81,20.76,élevé,29.3,84.7,2178.3,True,0.52,0.34,0.08,118.5,57.0
9,Centre Hospitalier Régional de Matam,Matam,Matam,359,116,2024-08-12,72,19,105,12,254,106,9,0.16,Covid-19,15,2,32.74,20.56,faible,29.7,84.2,133.4,False,0.97,0.41,0.05,21.3,48.9
9,Centre Hospitalier Régional de Matam,Matam,Matam,359,116,2024-08-13,76,30,193,0,166,81,18,3.57,Covid-19,99,8,38.68,24.04,élevé,25.0,60.3,3238.7,True,0.58,0.99,0.1,110.3,3.0
9,Centre Hospitalier Régional de Matam,Matam,Matam,359,116,2024-08-14,61,15,59,15,300,106,41,2.64,Paludisme,24,10,73.25,26.65,faible,31.3,84.7,3801.3,False,0.6,0.77,0.13,96.8,13.8
9,Centre Hospitalier Régional de Matam,Matam,Matam,359,116,2024-08-15,66,81,302,23,57,106,36,2.03,Choléra,78,0,93.06,8.83,modéré,37.6,81.0,1477.0,False,0.41,0.84,0.03,132.3,47.0
9,Centre Hospitalier Régional de Matam,Matam,Matam,359,116,2024-08-16,80,88,328,4,31,104,32,3.58,Choléra,8,2,68.94,8.96,faible,27.8,72.2,4258.6,False,0.21,0.67,0.08,9.9,37.0
9,Centre Hospitalier Régional de Matam,Matam,Matam,359,116,2024-08-17,63,57,101,13,258,80,46,0.57,Choléra,61,6,85.75,25.23,modéré,34.7,68.1,1018.9,False,0.66,0.58,0.18,7.6,54.7
9,Centre Hospitalier Régional de Matam,Matam,Matam,359,116,2024-08-18,43,36,187,24,172,102,32,2.59,Covid-19,114,10,62.09,26.5,élevé,26.9,77.0,2309.9,True,0.41,0.65,0.07,63.2,22.5
9,Centre Hospitalier Régional de Matam,Matam,Matam,359,116,2024-08-19,72,31,72,13,287,91,11,2.48,Dengue,25,5,67.58,29.61,faible,30.1,49.7,2137.4,False,0.95,0.92,0.05,16.3,28.5
9,Centre Hospitalier Régional de Matam,Matam,Matam,359,116,2024-08-20,28,80,180,10,179,71,0,0.86,Dengue,85,9,82.13,23.1,élevé,26.9,68.0,3026.3,True,0.28,0.49,0.19,165.3,60.0
9,Centre Hospitalier Régional de Matam,Matam,Matam,359,116,2024-08-21,16,18,278,19,81,92,27,0.96,Dengue,51,5,30.9,24.41,modéré,32.6,82.5,284.4,False,0.35,0.56,0.06,122.2,20.5
9,Centre Hospitalier Régional de Matam,Matam,Matam,359,116,2024-08-22,23,41,355,21,4,97,48,1.53,Choléra,113,8,47.83,1.2,élevé,27.6,42.5,2020.2,True,0.45,0.44,0.19,42.5,34.4
9,Centre Hospitalier Régional de Matam,Matam,Matam,359,116,2024-08-23,85,49,240,13,119,93,0,1.24,Paludisme,8,9,64.89,19.22,faible,36.3,79.2,3620.1,False,1.0,0.38,0.13,28.1,13.7
9,Centre Hospitalier Régional de Matam,Matam,Matam,359,116,2024-08-24,15,11,294,16,65,87,49,0.86,Grippe,4,4,60.22,14.07,faible,32.7,44.8,1684.9,False,0.51,0.66,0.03,28.3,31.2
9,Centre Hospitalier Régional de Matam,Matam,Matam,359,116,2024-08-25,44,64,116,9,243,81,32,3.59,Grippe,57,6,40.26,15.12,modéré,25.3,67.9,1926.2,False,0.96,0.96,0.12,70.8,27.1
9,Centre Hospitalier Régional de Matam,Matam,Matam,359,116,2024-08-26,88,27,238,2,121,76,42,1.89,Covid-19,71,9,68.92,15.96,modéré,27.5,64.9,412.5,False,0.9,0.73,0.09,153.9,6.5
9,Centre Hospitalier Régional de Matam,Matam,Matam,359,116,2024-08-27,41,64,279,10,80,74,20,2.24,Grippe,40,5,36.71,12.8,modéré,36.9,71.7,1443.4,False,0.9,0.94,0.12,166.4,47.7
9,Centre Hospitalier Régional de Matam,Matam,Matam,359,116,2024-08-28,19,90,337,4,22,78,12,1.61,Choléra,108,1,31.94,27.12,élevé,36.1,83.1,1067.8,True,0.65,0.77,0.13,15.4,44.8
9,Centre Hospitalier Régional de Matam,Matam,Matam,359,116,2024-08-29,70,38,26,14,333,69,40,2.67,Dengue,79,10,71.78,16.3,modéré,31.6,42.5,3005.7,False,0.98,0.68,0.14,81.0,22.0
9,Centre Hospitalier Régional de Matam,Matam,Matam,359,116,2024-08-30,26,42,41,19,318,74,12,2.69,Covid-19,66,6,41.66,29.35,modéré,27.6,66.3,221.0,False,0.26,0.56,0.01,169.0,20.0
9,Centre Hospitalier Régional de Matam,Matam,Matam,359,116,2024-08-31,20,78,356,14,3,114,46,2.76,Covid-19,81,6,52.28,28.72,élevé,32.4,82.6,2506.7,True,0.27,0.47,0.11,39.9,27.4
9,Centre Hospitalier Régional de Matam,Matam,Matam,359,116,2024-09-01,68,42,119,20,240,89,53,0.27,Covid-19,34,5,88.44,17.35,modéré,37.0,62.9,4278.1,False,0.76,0.43,0.08,32.9,39.5
9,Centre Hospitalier Régional de Matam,Matam,Matam,359,116,2024-09-02,79,48,56,8,303,114,37,0.27,Paludisme,83,4,37.94,13.75,élevé,27.1,80.8,913.1,True,0.69,0.5,0.01,81.9,37.7
9,Centre Hospitalier Régional de Matam,Matam,Matam,359,116,2024-09-03,30,42,220,9,139,75,49,0.83,Paludisme,1,9,86.63,4.14,faible,35.3,74.0,767.2,False,0.51,0.64,0.19,147.5,4.8
9,Centre Hospitalier Régional de Matam,Matam,Matam,359,116,2024-09-04,54,89,46,24,313,86,9,3.67,Covid-19,70,4,31.61,24.15,modéré,26.6,79.3,4675.2,False,0.2,0.58,0.13,98.9,27.5
9,Centre Hospitalier Régional de Matam,Matam,Matam,359,116,2024-09-05,41,46,148,0,211,89,28,3.31,Covid-19,40,5,33.51,19.25,modéré,36.1,79.4,4319.3,False,0.57,0.59,0.08,149.3,28.7
9,Centre Hospitalier Régional de Matam,Matam,Matam,359,116,2024-09-06,11,17,312,10,47,114,33,0.32,Grippe,45,2,65.53,17.12,modéré,38.5,87.5,377.5,False,0.65,0.64,0.12,64.0,47.8
9,Centre Hospitalier Régional de Matam,Matam,Matam,359,116,2024-09-07,96,40,140,1,219,86,7,3.45,Grippe,23,1,67.04,26.52,faible,30.2,41.4,4820.7,False,0.99,0.6,0.16,173.2,59.9
9,Centre Hospitalier Régional de Matam,Matam,Matam,359,116,2024-09-08,96,82,86,16,273,105,13,1.94,Dengue,112,4,39.5,2.99,élevé,26.7,51.1,2790.1,True,0.99,0.35,0.07,65.8,53.5
9,Centre Hospitalier Régional de Matam,Matam,Matam,359,116,2024-09-09,67,19,158,21,201,99,37,2.31,Grippe,103,10,88.87,17.55,élevé,27.1,74.0,4063.1,True,0.75,0.48,0.15,62.5,31.2
9,Centre Hospitalier Régional de Matam,Matam,Matam,359,116,2024-09-10,33,56,219,10,140,112,53,1.38,Paludisme,37,1,76.28,4.64,modéré,29.8,85.8,2232.3,False,0.26,0.88,0.09,127.6,13.2
9,Centre Hospitalier Régional de Matam,Matam,Matam,359,116,2024-09-11,26,58,216,18,143,98,26,3.98,Paludisme,14,10,73.42,5.83,faible,30.4,45.4,1078.8,False,0.58,0.42,0.11,172.2,4.6
9,Centre Hospitalier Régional de Matam,Matam,Matam,359,116,2024-09-12,77,34,215,19,144,84,44,0.82,Paludisme,120,1,75.39,20.09,élevé,27.5,72.3,3484.5,True,0.81,0.81,0.08,92.2,36.4
9,Centre Hospitalier Régional de Matam,Matam,Matam,359,116,2024-09-13,99,58,32,3,327,105,25,1.57,Covid-19,65,2,68.75,20.32,modéré,33.8,50.6,2726.9,False,0.78,0.82,0.11,79.5,50.4
9,Centre Hospitalier Régional de Matam,Matam,Matam,359,116,2024-09-14,90,53,322,14,37,77,10,3.31,Covid-19,86,7,31.36,27.9,élevé,25.6,55.9,3379.1,True,0.74,0.3,0.15,88.0,45.7
9,Centre Hospitalier Régional de Matam,Matam,Matam,359,116,2024-09-15,91,36,100,19,259,107,25,1.11,Paludisme,67,6,61.3,3.15,modéré,32.1,72.4,2943.8,False,0.97,0.99,0.08,76.7,42.0
9,Centre Hospitalier Régional de Matam,Matam,Matam,359,116,2024-09-16,37,38,298,10,61,70,3,2.28,Dengue,113,2,92.47,4.33,élevé,37.8,71.6,823.5,True,0.2,0.67,0.1,47.5,14.4
9,Centre Hospitalier Régional de Matam,Matam,Matam,359,116,2024-09-17,55,76,328,1,31,115,30,0.5,Paludisme,115,10,76.11,27.49,élevé,27.9,40.6,3009.4,True,1.0,0.42,0.1,158.1,24.4
9,Centre Hospitalier Régional de Matam,Matam,Matam,359,116,2024-09-18,42,38,355,20,4,90,43,0.35,Choléra,3,10,87.73,1.16,faible,25.2,56.2,649.1,False,0.79,0.65,0.07,52.2,29.5
9,Centre Hospitalier Régional de Matam,Matam,Matam,359,116,2024-09-19,12,48,35,1,324,107,47,2.15,Grippe,82,5,87.2,5.86,élevé,35.7,75.6,195.7,True,0.76,1.0,0.16,60.3,34.2
9,Centre Hospitalier Régional de Matam,Matam,Matam,359,116,2024-09-20,28,44,36,23,323,88,25,3.87,Grippe,103,4,75.64,6.93,élevé,23.8,47.7,4766.9,True,0.46,0.64,0.2,83.1,55.4
9,Centre Hospitalier Régional de Matam,Matam,Matam,359,116,2024-09-21,67,18,159,9,200,83,8,2.58,Covid-19,115,0,56.9,26.27,élevé,31.9,67.0,1922.1,True,0.25,0.93,0.18,20.7,24.9
9,Centre Hospitalier Régional de Matam,Matam,Matam,359,116,2024-09-22,74,50,78,9,281,96,7,0.89,Grippe,74,3,56.75,21.16,modéré,26.4,63.9,412.4,False,0.5,0.78,0.08,162.1,35.7
9,Centre Hospitalier Régional de Matam,Matam,Matam,359,116,2024-09-23,49,14,336,12,23,99,38,1.7,Choléra,2,3,49.66,11.84,faible,27.7,81.3,150.5,False,0.5,0.53,0.07,135.5,56.0
9,Centre Hospitalier Régional de Matam,Matam,Matam,359,116,2024-09-24,83,19,23,0,336,75,36,0.52,Grippe,67,9,58.91,1.95,modéré,22.2,45.5,4764.7,False,0.61,0.99,0.14,33.9,59.5
9,Centre Hospitalier Régional de Matam,Matam,Matam,359,116,2024-09-25,56,17,116,0,243,94,21,1.72,Dengue,90,1,71.57,26.76,élevé,32.1,84.0,4003.2,True,0.79,0.85,0.01,32.4,41.5
9,Centre Hospitalier Régional de Matam,Matam,Matam,359,116,2024-09-26,34,53,231,10,128,92,22,2.41,Grippe,110,5,90.62,20.94,élevé,37.2,59.3,2564.4,True,0.24,0.67,0.09,25.3,19.0
9,Centre Hospitalier Régional de Matam,Matam,Matam,359,116,2024-09-27,86,7,130,4,229,82,39,0.16,Dengue,41,7,61.31,5.23,modéré,24.4,82.6,3404.4,False,0.33,0.63,0.11,13.9,18.7
9,Centre Hospitalier Régional de Matam,Matam,Matam,359,116,2024-09-28,42,90,131,0,228,81,37,2.32,Covid-19,67,3,78.35,28.54,modéré,35.4,57.8,4504.2,False,0.9,0.71,0.07,84.7,14.7
9,Centre Hospitalier Régional de Matam,Matam,Matam,359,116,2024-06-21,47,64,174,17,185,105,3,3.29,Dengue,109,9,80.69,21.64,élevé,35.5,44.3,4694.8,True,0.7,0.46,0.03,23.5,14.3
9,Centre Hospitalier Régional de Matam,Matam,Matam,359,116,2024-06-22,99,69,213,5,146,84,9,1.81,Dengue,85,6,92.05,29.16,élevé,35.0,67.5,1559.6,True,0.58,0.31,0.19,92.9,46.7
9,Centre Hospitalier Régional de Matam,Matam,Matam,359,116,2024-06-23,45,26,295,21,64,98,45,3.58,Paludisme,64,2,66.45,2.47,modéré,29.0,59.6,3099.6,False,0.95,0.85,0.15,31.1,12.9
9,Centre Hospitalier Régional de Matam,Matam,Matam,359,116,2024-06-24,21,26,137,1,222,70,46,3.2,Covid-19,41,3,63.75,7.4,modéré,23.8,62.7,337.1,False,0.55,0.67,0.05,14.7,30.9
9,Centre Hospitalier Régional de Matam,Matam,Matam,359,116,2024-06-25,64,72,140,13,219,102,8,2.46,Paludisme,100,2,61.36,26.93,élevé,34.1,54.2,749.7,True,0.63,0.73,0.08,154.3,28.1
9,Centre Hospitalier Régional de Matam,Matam,Matam,359,116,2024-06-26,50,72,87,17,272,115,1,3.9,Dengue,5,9,40.67,19.94,faible,23.0,68.1,4420.0,False,0.98,0.73,0.09,12.1,26.0
9,Centre Hospitalier Régional de Matam,Matam,Matam,359,116,2024-06-27,30,77,201,12,158,100,0,0.86,Paludisme,103,5,48.36,8.81,élevé,24.3,46.5,4613.1,True,0.33,0.68,0.14,13.6,34.0
9,Centre Hospitalier Régional de Matam,Matam,Matam,359,116,2024-06-28,22,76,124,4,235,83,49,1.46,Dengue,98,6,67.89,6.48,élevé,25.7,60.0,2784.1,True,0.75,0.63,0.17,25.0,10.1
9,Centre Hospitalier Régional de Matam,Matam,Matam,359,116,2024-06-29,17,56,73,12,286,104,60,3.33,Choléra,33,0,60.42,27.8,modéré,35.0,73.2,1299.8,False,0.49,0.92,0.01,8.8,24.7
9,Centre Hospitalier Régional de Matam,Matam,Matam,359,116,2024-06-30,49,87,114,12,245,105,58,3.74,Dengue,109,6,82.49,19.68,élevé,29.5,43.0,1179.5,True,0.72,0.41,0.02,125.5,17.3
9,Centre Hospitalier Régional de Matam,Matam,Matam,359,116,2024-07-01,10,82,276,8,83,91,7,0.94,Covid-19,47,1,50.45,20.11,modéré,30.6,41.1,1195.7,False,0.94,0.38,0.06,14.0,41.0
9,Centre Hospitalier Régional de Matam,Matam,Matam,359,116,2024-07-02,34,16,336,18,23,74,13,0.36,Choléra,62,3,78.8,7.24,modéré,32.3,53.8,2315.5,False,0.68,0.95,0.03,72.0,16.1
9,Centre Hospitalier Régional de Matam,Matam,Matam,359,116,2024-07-03,10,61,287,25,72,109,45,3.56,Dengue,62,3,48.15,3.57,modéré,28.1,48.4,3445.7,False,0.74,0.78,0.16,111.6,24.8
9,Centre Hospitalier Régional de Matam,Matam,Matam,359,116,2024-07-04,77,45,238,18,121,111,43,1.22,Grippe,108,6,47.87,6.61,élevé,25.9,41.7,1972.4,True,0.52,0.9,0.16,53.6,21.3
9,Centre Hospitalier Régional de Matam,Matam,Matam,359,116,2024-07-05,60,31,144,5,215,83,46,1.17,Dengue,89,2,48.73,17.37,élevé,37.0,56.6,3408.7,True,0.61,0.67,0.08,35.1,47.2
9,Centre Hospitalier Régional de Matam,Matam,Matam,359,116,2024-07-06,31,90,157,15,202,98,10,3.44,Grippe,21,4,93.09,14.02,faible,26.2,78.9,3634.0,False,0.25,0.33,0.05,10.7,47.7
9,Centre Hospitalier Régional de Matam,Matam,Matam,359,116,2024-07-07,80,50,125,0,234,78,40,0.74,Dengue,21,6,52.14,13.2,faible,27.8,75.7,4288.6,False,0.76,0.83,0.16,77.6,58.0
9,Centre Hospitalier Régional de Matam,Matam,Matam,359,116,2024-07-08,41,40,214,10,145,80,34,1.77,Dengue,24,7,57.91,16.46,faible,36.8,69.6,3912.0,False,0.95,0.65,0.04,164.5,52.0
9,Centre Hospitalier Régional de Matam,Matam,Matam,359,116,2024-07-09,37,83,203,14,156,91,0,3.45,Covid-19,48,7,43.59,18.2,modéré,25.2,47.5,4917.2,False,0.62,0.57,0.08,34.1,46.1
9,Centre Hospitalier Régional de Matam,Matam,Matam,359,116,2024-07-10,16,42,92,18,267,113,53,2.59,Paludisme,31,3,56.07,4.97,modéré,35.3,72.5,403.0,False,0.86,0.4,0.11,174.8,58.0
9,Centre Hospitalier Régional de Matam,Matam,Matam,359,116,2024-07-11,90,38,46,15,313,97,14,1.92,Dengue,93,3,69.21,14.15,élevé,34.8,63.0,142.5,True,0.32,0.82,0.14,7.7,23.4
9,Centre Hospitalier Régional de Matam,Matam,Matam,359,116,2024-07-12,47,50,52,25,307,97,34,2.05,Covid-19,36,4,50.01,15.93,modéré,24.0,87.2,1517.1,False,0.21,0.48,0.03,32.3,30.6
9,Centre Hospitalier Régional de Matam,Matam,Matam,359,116,2024-07-13,64,33,256,24,103,82,31,0.41,Choléra,78,4,61.98,5.02,modéré,37.6,69.5,2334.6,False,0.99,0.48,0.03,151.6,44.6
9,Centre Hospitalier Régional de Matam,Matam,Matam,359,116,2024-07-14,91,58,317,20,42,110,55,0.92,Dengue,91,5,53.96,29.82,élevé,31.1,71.1,2521.1,True,0.77,0.35,0.07,133.9,10.7
9,Centre Hospitalier Régional de Matam,Matam,Matam,359,116,2024-07-15,86,72,227,16,132,80,38,1.34,Grippe,57,7,50.03,2.6,modéré,29.1,61.0,4293.7,False,0.92,0.61,0.11,132.6,12.8
9,Centre Hospitalier Régional de Matam,Matam,Matam,359,116,2024-07-16,92,17,139,13,220,97,9,1.25,Dengue,12,4,49.69,9.79,faible,24.7,87.8,2196.6,False,0.33,0.31,0.1,99.0,59.9
9,Centre Hospitalier Régional de Matam,Matam,Matam,359,116,2024-07-17,76,67,131,4,228,102,18,2.35,Covid-19,10,1,33.04,8.32,faible,26.7,46.4,4630.8,False,0.65,0.47,0.13,28.2,47.9
9,Centre Hospitalier Régional de Matam,Matam,Matam,359,116,2024-07-18,76,50,167,9,192,114,38,1.58,Dengue,104,3,35.56,4.39,élevé,28.0,50.4,1901.1,True,0.76,0.61,0.04,132.4,15.2
9,Centre Hospitalier Régional de Matam,Matam,Matam,359,116,2024-07-19,13,24,170,24,189,110,24,1.48,Paludisme,43,5,94.59,18.82,modéré,28.5,42.6,3587.7,False,0.39,0.7,0.04,30.7,33.8
9,Centre Hospitalier Régional de Matam,Matam,Matam,359,116,2024-07-20,72,69,20,2,339,80,0,3.62,Choléra,9,4,44.23,13.92,faible,28.5,54.9,4712.5,False,0.31,0.58,0.1,19.5,4.1
9,Centre Hospitalier Régional de Matam,Matam,Matam,359,116,2024-07-21,17,43,247,3,112,116,30,1.85,Paludisme,95,4,63.45,26.06,élevé,31.9,52.5,2475.9,True,0.61,0.53,0.1,177.2,46.1
9,Centre Hospitalier Régional de Matam,Matam,Matam,359,116,2024-07-22,32,13,59,11,300,95,3,3.96,Grippe,39,8,61.08,3.72,modéré,38.7,72.0,3325.3,False,0.29,0.71,0.05,32.3,21.6
9,Centre Hospitalier Régional de Matam,Matam,Matam,359,116,2024-07-23,97,44,198,19,161,67,41,0.17,Dengue,60,9,81.32,2.63,modéré,26.8,71.6,2337.9,False,0.67,0.68,0.07,162.9,49.7
9,Centre Hospitalier Régional de Matam,Matam,Matam,359,116,2024-07-24,40,36,329,8,30,79,58,3.38,Paludisme,99,0,70.37,15.83,élevé,32.0,60.4,3001.1,True,0.43,0.39,0.08,153.3,5.1
9,Centre Hospitalier Régional de Matam,Matam,Matam,359,116,2024-07-25,11,69,179,24,180,99,22,3.39,Choléra,24,9,46.05,14.48,faible,38.4,81.1,4473.1,False,0.54,0.92,0.07,82.4,57.6
9,Centre Hospitalier Régional de Matam,Matam,Matam,359,116,2024-07-26,45,43,209,15,150,81,7,1.44,Dengue,103,3,40.93,11.1,élevé,23.2,54.7,1235.5,True,0.81,0.4,0.18,77.9,25.5
9,Centre Hospitalier Régional de Matam,Matam,Matam,359,116,2024-07-27,42,7,182,22,177,75,22,2.72,Choléra,78,3,42.5,2.84,modéré,36.1,42.1,330.5,False,0.26,0.54,0.05,43.3,23.1
9,Centre Hospitalier Régional de Matam,Matam,Matam,359,116,2024-07-28,11,21,124,0,235,110,52,0.83,Grippe,35,5,92.04,25.52,modéré,26.1,89.0,4242.8,False,0.62,0.59,0.19,176.9,38.2
9,Centre Hospitalier Régional de Matam,Matam,Matam,359,116,2024-07-29,30,89,80,11,279,116,10,1.88,Grippe,18,0,78.13,18.14,faible,24.0,41.1,4016.5,False,0.84,0.99,0.02,14.7,33.7
9,Centre Hospitalier Régional de Matam,Matam,Matam,359,116,2024-07-30,83,30,254,3,105,74,46,2.92,Choléra,83,6,68.49,8.38,élevé,28.7,74.5,1642.5,True,0.96,0.73,0.01,47.3,15.9
9,Centre Hospitalier Régional de Matam,Matam,Matam,359,116,2024-07-31,19,5,229,2,130,69,0,1.37,Dengue,99,1,88.82,23.93,élevé,25.1,66.4,4248.8,True,0.46,0.8,0.01,109.8,19.3
9,Centre Hospitalier Régional de Matam,Matam,Matam,359,116,2024-08-01,13,32,167,22,192,81,26,0.43,Choléra,38,6,79.8,11.89,modéré,27.9,49.8,4971.7,False,0.73,0.57,0.18,10.7,21.8
9,Centre Hospitalier Régional de Matam,Matam,Matam,359,116,2024-08-02,67,88,181,17,178,91,2,3.14,Choléra,13,8,55.62,6.68,faible,37.0,86.2,1352.2,False,0.92,0.96,0.06,130.0,4.9
9,Centre Hospitalier Régional de Matam,Matam,Matam,359,116,2024-08-03,32,10,321,4,38,89,2,2.03,Dengue,60,2,90.04,2.94,modéré,35.2,64.9,3409.1,False,0.84,0.5,0.09,149.3,32.8
9,Centre Hospitalier Régional de Matam,Matam,Matam,359,116,2024-08-04,99,85,83,25,276,98,19,2.95,Choléra,17,5,92.31,7.4,faible,30.3,84.0,1109.7,False,0.8,0.45,0.09,111.7,13.3
9,Centre Hospitalier Régional de Matam,Matam,Matam,359,116,2024-08-05,32,79,102,6,257,85,8,3.93,Choléra,108,0,83.37,26.24,élevé,34.8,70.0,3734.0,True,0.61,0.57,0.07,142.7,56.7
9,Centre Hospitalier Régional de Matam,Matam,Matam,359,116,2024-08-06,55,68,166,19,193,92,19,0.27,Covid-19,93,1,83.05,3.77,élevé,33.4,66.7,416.8,True,0.52,0.71,0.15,164.6,16.4
9,Centre Hospitalier Régional de Matam,Matam,Matam,359,116,2024-08-07,16,85,310,12,49,83,31,1.13,Covid-19,80,3,50.74,22.94,élevé,28.0,63.7,2702.2,False,0.7,0.81,0.17,89.0,55.1
9,Centre Hospitalier Régional de Matam,Matam,Matam,359,116,2024-08-08,64,10,145,21,214,95,47,3.28,Dengue,17,9,30.9,9.68,faible,33.4,81.0,1448.9,False,0.85,0.88,0.17,21.6,24.1
9,Centre Hospitalier Régional de Matam,Matam,Matam,359,116,2024-08-09,72,63,325,17,34,105,47,3.87,Dengue,9,4,90.48,28.56,faible,25.8,86.2,4588.4,False,0.22,0.96,0.12,18.9,11.8
9,Centre Hospitalier Régional de Matam,Matam,Matam,359,116,2024-01-23,96,28,238,23,121,72,57,2.66,Dengue,37,7,57.83,9.35,modéré,29.2,68.5,4427.9,False,0.51,0.82,0.09,78.8,26.0
9,Centre Hospitalier Régional de Matam,Matam,Matam,359,116,2024-01-24,75,87,320,11,39,66,48,2.08,Dengue,77,7,89.63,11.14,modéré,31.6,66.4,2659.9,False,0.81,0.72,0.01,78.1,21.2
9,Centre Hospitalier Régional de Matam,Matam,Matam,359,116,2024-01-25,14,22,357,19,2,103,41,1.24,Paludisme,91,5,40.26,23.72,élevé,22.6,46.4,1448.7,True,0.67,0.85,0.04,148.6,9.3
9,Centre Hospitalier Régional de Matam,Matam,Matam,359,116,2024-01-26,33,90,293,11,66,102,27,3.98,Covid-19,78,7,86.97,2.94,modéré,22.6,47.3,2459.3,False,0.92,0.38,0.0,177.6,50.1
9,Centre Hospitalier Régional de Matam,Matam,Matam,359,116,2024-01-27,29,81,20,21,339,83,29,0.93,Choléra,100,9,48.01,20.4,élevé,35.3,85.4,4929.7,True,0.76,0.53,0.08,58.9,39.4
9,Centre Hospitalier Régional de Matam,Matam,Matam,359,116,2024-01-28,83,31,278,7,81,103,32,0.77,Dengue,110,9,68.68,29.25,élevé,35.3,63.0,4670.4,True,0.61,0.37,0.01,95.8,49.7
9,Centre Hospitalier Régional de Matam,Matam,Matam,359,116,2024-01-29,69,84,79,25,280,99,23,2.4,Choléra,3,7,60.1,6.6,faible,29.7,81.8,4213.9,False,0.73,0.34,0.19,62.6,52.6
9,Centre Hospitalier Régional de Matam,Matam,Matam,359,116,2024-01-30,33,16,83,12,276,92,25,3.36,Grippe,46,2,80.88,12.44,modéré,22.2,75.6,2419.8,False,0.86,0.51,0.01,178.4,18.2
9,Centre Hospitalier Régional de Matam,Matam,Matam,359,116,2024-01-31,95,20,227,23,132,94,12,3.01,Covid-19,103,0,86.71,18.38,élevé,27.0,51.3,316.7,True,0.25,0.58,0.12,158.7,6.6
9,Centre Hospitalier Régional de Matam,Matam,Matam,359,116,2024-02-01,50,5,234,10,125,86,38,0.18,Grippe,20,8,78.86,21.63,faible,35.4,54.8,1718.1,False,0.46,0.66,0.16,107.4,44.6
9,Centre Hospitalier Régional de Matam,Matam,Matam,359,116,2024-02-02,83,64,24,20,335,107,53,2.35,Paludisme,38,8,76.66,7.3,modéré,34.3,67.1,2743.8,False,0.65,0.35,0.07,51.1,18.0
9,Centre Hospitalier Régional de Matam,Matam,Matam,359,116,2024-02-03,24,17,297,17,62,77,6,3.53,Grippe,108,0,32.07,4.99,élevé,26.7,55.9,4339.4,True,0.21,0.59,0.14,55.0,21.5
9,Centre Hospitalier Régional de Matam,Matam,Matam,359,116,2024-02-04,31,40,38,10,321,68,32,3.1,Paludisme,3,4,61.53,8.3,faible,29.9,59.2,2356.2,False,0.37,0.95,0.16,157.7,53.9
9,Centre Hospitalier Régional de Matam,Matam,Matam,359,116,2024-02-05,36,5,204,4,155,94,14,3.09,Grippe,1,3,64.87,6.11,faible,33.2,52.6,1822.5,False,0.24,0.53,0.09,14.7,48.8
9,Centre Hospitalier Régional de Matam,Matam,Matam,359,116,2024-02-06,17,64,256,19,103,96,30,3.46,Choléra,80,7,66.44,9.48,élevé,22.9,66.0,292.7,False,0.73,0.82,0.01,125.9,7.2
9,Centre Hospitalier Régional de Matam,Matam,Matam,359,116,2024-02-07,56,58,68,23,291,107,11,2.96,Choléra,14,4,43.66,21.4,faible,24.9,83.5,174.8,False,0.48,0.65,0.05,128.7,27.2
9,Centre Hospitalier Régional de Matam,Matam,Matam,359,116,2024-02-08,84,87,89,21,270,69,3,1.61,Paludisme,29,6,88.67,1.06,faible,30.0,45.4,1323.5,False,0.83,0.52,0.17,128.1,11.8
9,Centre Hospitalier Régional de Matam,Matam,Matam,359,116,2024-02-09,19,15,269,13,90,73,22,2.62,Choléra,116,2,67.45,29.35,élevé,35.8,64.5,3617.0,True,0.52,0.96,0.19,170.0,25.8
9,Centre Hospitalier Régional de Matam,Matam,Matam,359,116,2024-02-10,46,30,84,10,275,98,18,0.49,Grippe,49,10,55.65,25.33,modéré,25.5,62.1,4748.7,False,0.36,0.8,0.18,137.0,46.2
9,Centre Hospitalier Régional de Matam,Matam,Matam,359,116,2024-02-11,32,20,140,6,219,72,13,0.18,Dengue,114,10,57.42,6.9,élevé,34.7,57.2,2203.7,True,0.96,0.63,0.18,53.8,45.3
9,Centre Hospitalier Régional de Matam,Matam,Matam,359,116,2024-02-12,26,30,272,23,87,114,7,3.92,Choléra,101,8,84.12,9.29,élevé,30.1,49.0,1350.6,True,0.77,0.57,0.14,137.7,51.8
9,Centre Hospitalier Régional de Matam,Matam,Matam,359,116,2024-02-13,30,43,302,19,57,74,39,3.3,Grippe,17,6,45.75,29.93,faible,34.4,61.0,4200.3,False,0.52,0.64,0.14,102.5,17.3
9,Centre Hospitalier Régional de Matam,Matam,Matam,359,116,2024-02-14,57,33,256,21,103,102,32,2.33,Paludisme,112,10,48.47,5.08,élevé,27.9,77.8,833.0,True,0.37,0.53,0.18,160.5,39.3
9,Centre Hospitalier Régional de Matam,Matam,Matam,359,116,2024-02-15,93,81,216,24,143,82,8,2.11,Covid-19,104,2,58.06,18.66,élevé,22.8,48.7,3309.3,True,1.0,0.63,0.13,109.5,22.6
9,Centre Hospitalier Régional de Matam,Matam,Matam,359,116,2024-02-16,91,50,305,7,54,112,21,0.57,Dengue,97,4,57.07,17.3,élevé,27.1,51.0,4403.9,True,0.29,0.77,0.15,7.8,31.7
9,Centre Hospitalier Régional de Matam,Matam,Matam,359,116,2024-02-17,83,56,215,7,144,108,4,0.34,Paludisme,65,5,85.6,25.03,modéré,30.9,44.3,1195.3,False,0.32,0.87,0.03,34.6,58.1
9,Centre Hospitalier Régional de Matam,Matam,Matam,359,116,2024-02-18,73,41,44,11,315,81,15,3.9,Grippe,6,0,85.37,8.19,faible,29.4,40.6,3892.9,False,0.89,0.36,0.2,56.3,10.4
9,Centre Hospitalier Régional de Matam,Matam,Matam,359,116,2024-02-19,53,86,240,0,119,104,5,3.86,Covid-19,57,0,60.56,25.53,modéré,22.6,61.3,4266.4,False,0.6,0.5,0.05,65.7,45.6
9,Centre Hospitalier Régional de Matam,Matam,Matam,359,116,2024-02-20,72,36,188,13,171,70,57,1.45,Grippe,60,9,34.05,12.55,modéré,27.7,51.7,1257.6,False,0.6,0.53,0.11,123.8,41.3
9,Centre Hospitalier Régional de Matam,Matam,Matam,359,116,2024-02-21,55,85,137,3,222,75,43,3.7,Grippe,2,10,69.47,4.44,faible,25.0,83.8,1191.7,False,0.89,0.75,0.1,14.0,29.4
9,Centre Hospitalier Régional de Matam,Matam,Matam,359,116,2024-02-22,88,56,166,19,193,67,56,2.59,Covid-19,104,6,59.18,5.28,élevé,37.4,81.4,296.7,True,0.75,0.88,0.18,70.2,27.9
9,Centre Hospitalier Régional de Matam,Matam,Matam,359,116,2024-02-23,43,68,27,24,332,85,13,3.81,Grippe,110,4,87.82,2.43,élevé,25.2,73.2,3525.1,True,0.99,0.42,0.06,42.6,10.7
9,Centre Hospitalier Régional de Matam,Matam,Matam,359,116,2024-02-24,81,77,76,10,283,95,58,3.24,Dengue,30,10,66.61,9.85,modéré,28.3,40.9,3724.3,False,0.67,0.99,0.2,151.9,5.0
9,Centre Hospitalier Régional de Matam,Matam,Matam,359,116,2024-02-25,81,29,178,1,181,75,19,0.35,Paludisme,57,1,65.94,9.25,modéré,30.0,84.4,563.2,False,0.85,0.65,0.02,43.7,7.8
9,Centre Hospitalier Régional de Matam,Matam,Matam,359,116,2024-02-26,55,12,220,4,139,88,22,2.41,Grippe,12,8,46.54,5.69,faible,26.2,78.4,3042.1,False,0.75,0.79,0.02,72.3,28.1
9,Centre Hospitalier Régional de Matam,Matam,Matam,359,116,2024-02-27,76,74,335,17,24,105,39,1.91,Paludisme,113,4,39.51,9.69,élevé,35.9,50.6,749.6,True,0.24,0.37,0.18,9.2,55.6
9,Centre Hospitalier Régional de Matam,Matam,Matam,359,116,2024-02-28,36,70,45,0,314,100,58,1.73,Covid-19,9,0,57.53,27.94,faible,26.0,85.8,3967.4,False,0.81,0.59,0.12,167.3,23.9
9,Centre Hospitalier Régional de Matam,Matam,Matam,359,116,2024-02-29,42,70,251,22,108,69,55,3.56,Choléra,57,2,38.88,29.93,modéré,23.4,74.8,3200.9,False,0.79,0.53,0.1,43.7,57.4
9,Centre Hospitalier Régional de Matam,Matam,Matam,359,116,2024-03-01,34,52,199,16,160,109,15,2.12,Grippe,89,7,55.78,27.68,élevé,31.3,40.9,2762.7,True,0.47,0.64,0.07,154.9,20.3
9,Centre Hospitalier Régional de Matam,Matam,Matam,359,116,2024-03-02,49,24,110,24,249,69,11,1.31,Covid-19,61,5,91.81,6.81,modéré,25.7,58.0,377.1,False,0.74,0.56,0.15,144.6,25.6
9,Centre Hospitalier Régional de Matam,Matam,Matam,359,116,2024-03-03,77,49,113,6,246,67,36,3.09,Grippe,104,10,86.09,21.64,élevé,30.7,56.8,4344.0,True,0.77,0.91,0.06,133.6,39.6
9,Centre Hospitalier Régional de Matam,Matam,Matam,359,116,2024-03-04,96,72,249,19,110,76,59,3.77,Covid-19,73,8,42.42,29.68,modéré,31.7,66.6,228.2,False,0.6,0.74,0.12,143.2,28.1
9,Centre Hospitalier Régional de Matam,Matam,Matam,359,116,2024-03-05,96,31,327,15,32,73,57,1.72,Grippe,57,7,91.49,13.89,modéré,30.9,69.4,3640.9,False,0.55,0.4,0.07,27.5,21.0
9,Centre Hospitalier Régional de Matam,Matam,Matam,359,116,2024-03-06,57,38,50,17,309,109,3,2.87,Paludisme,99,6,39.63,2.14,élevé,37.8,84.3,2884.8,True,0.44,0.93,0.05,30.9,29.1
9,Centre Hospitalier Régional de Matam,Matam,Matam,359,116,2024-03-07,51,80,159,14,200,107,1,1.8,Dengue,76,9,70.52,5.59,modéré,28.0,56.7,510.8,False,0.33,0.7,0.18,8.5,20.6
9,Centre Hospitalier Régional de Matam,Matam,Matam,359,116,2024-03-08,99,81,358,23,1,79,21,1.77,Covid-19,98,5,34.91,3.25,élevé,34.3,77.7,3602.5,True,0.57,0.96,0.07,36.7,50.9
9,Centre Hospitalier Régional de Matam,Matam,Matam,359,116,2024-03-09,35,67,257,3,102,75,25,2.68,Grippe,29,7,47.27,22.44,faible,29.3,41.1,2549.0,False,0.75,0.6,0.03,131.4,24.7
9,Centre Hospitalier Régional de Matam,Matam,Matam,359,116,2024-03-10,48,86,217,10,142,98,38,2.67,Dengue,14,1,81.51,24.21,faible,22.6,74.2,1333.2,False,0.74,0.94,0.07,62.5,15.1
9,Centre Hospitalier Régional de Matam,Matam,Matam,359,116,2024-03-11,95,65,199,13,160,95,29,0.87,Dengue,76,1,35.47,25.67,modéré,22.2,50.4,3016.0,False,0.9,0.41,0.0,136.0,6.0
9,Centre Hospitalier Régional de Matam,Matam,Matam,359,116,2024-03-12,15,65,125,10,234,109,18,2.9,Grippe,65,10,80.23,18.18,modéré,29.0,85.8,770.3,False,0.7,0.4,0.07,25.5,26.0
