hospital_id,hospital_name,region,city,capacity_beds,capacity_staff,date,patients_admitted,patients_released,patients_in_care,icu_patients,available_beds,available_staff,emergency_cases,mortality_rate,disease_name,new_cases,new_deaths,vaccination_rate,test_positivity_rate,risk_level,temperature_c,humidity_percent,population_density,public_alert,region_mobility_index,medical_supplies_index,staff_absence_rate,avg_wait_time_minutes,response_time_minutes
7,Centre Hospitalier Régional de Louga,Louga,Louga,522,369,2024-07-23,89,76,323,23,199,364,26,3.6,Choléra,45,7,75.52,8.22,modéré,31.0,54.1,1243.7,False,0.85,0.99,0.03,90.5,30.7
7,Centre Hospitalier Régional de Louga,Louga,Louga,522,369,2024-07-24,82,33,172,11,350,353,57,2.55,Choléra,69,2,47.47,14.1,modéré,38.0,53.0,2351.2,False,0.69,0.79,0.15,30.1,22.1
7,Centre Hospitalier Régional de Louga,Louga,Louga,522,369,2024-07-25,22,27,124,8,398,357,5,0.89,Covid-19,34,0,42.33,26.69,modéré,32.7,85.9,652.6,False,0.94,0.49,0.07,93.4,19.8
7,Centre Hospitalier Régional de Louga,Louga,Louga,522,369,2024-07-26,70,55,60,23,462,360,41,2.92,Paludisme,103,10,44.43,15.88,élevé,23.5,69.4,1059.5,True,0.72,0.7,0.15,169.0,4.2
7,Centre Hospitalier Régional de Louga,Louga,Louga,522,369,2024-07-27,16,20,477,21,45,351,51,2.26,Dengue,5,10,65.22,23.33,faible,36.6,86.0,3757.3,False,0.44,0.63,0.03,63.5,45.2
7,Centre Hospitalier Régional de Louga,Louga,Louga,522,369,2024-07-28,50,6,470,6,52,330,20,0.89,Dengue,118,5,37.32,15.5,élevé,33.2,58.6,257.7,True,0.83,0.98,0.15,135.8,18.4
7,Centre Hospitalier Régional de Louga,Louga,Louga,522,369,2024-07-29,47,12,507,3,15,365,49,2.4,Dengue,14,1,59.62,27.35,faible,24.0,71.3,2063.6,False,0.88,0.78,0.07,47.5,23.6
7,Centre Hospitalier Régional de Louga,Louga,Louga,522,369,2024-07-30,44,83,43,1,479,328,3,3.11,Covid-19,36,7,89.52,16.37,modéré,28.9,43.5,2787.5,False,0.73,0.41,0.09,157.2,38.3
7,Centre Hospitalier Régional de Louga,Louga,Louga,522,369,2024-07-31,99,6,439,4,83,366,32,3.23,Paludisme,39,6,86.13,7.11,modéré,32.6,81.7,4159.0,False,0.94,0.87,0.03,67.4,39.8
7,Centre Hospitalier Régional de Louga,Louga,Louga,522,369,2024-08-01,70,36,295,4,227,333,16,1.79,Grippe,93,8,93.41,16.55,élevé,30.8,42.0,1475.8,True,0.89,0.87,0.06,19.4,14.4
7,Centre Hospitalier Régional de Louga,Louga,Louga,522,369,2024-08-02,62,42,51,22,471,346,36,0.45,Paludisme,22,8,81.76,3.08,faible,24.7,49.4,2903.5,False,0.46,0.37,0.14,26.0,18.2
7,Centre Hospitalier Régional de Louga,Louga,Louga,522,369,2024-08-03,73,22,478,12,44,335,5,3.17,Covid-19,50,7,38.69,2.11,modéré,22.1,49.7,4182.7,False,0.44,0.5,0.06,162.6,41.8
7,Centre Hospitalier Régional de Louga,Louga,Louga,522,369,2024-08-04,92,33,238,19,284,363,45,2.05,Covid-19,36,9,94.37,1.5,modéré,26.3,44.6,4409.1,False,0.51,0.9,0.18,148.5,59.4
7,Centre Hospitalier Régional de Louga,Louga,Louga,522,369,2024-08-05,73,66,420,6,102,343,24,1.53,Paludisme,117,0,72.94,6.72,élevé,29.1,72.6,2114.3,True,0.98,0.67,0.11,57.2,27.8
7,Centre Hospitalier Régional de Louga,Louga,Louga,522,369,2024-08-06,81,15,329,13,193,336,35,0.14,Dengue,19,8,82.19,26.73,faible,36.1,43.1,719.2,False,0.21,0.87,0.04,116.8,38.4
7,Centre Hospitalier Régional de Louga,Louga,Louga,522,369,2024-08-07,34,68,354,4,168,363,58,0.41,Dengue,117,9,59.73,17.17,élevé,24.3,53.9,2978.0,True,0.69,0.51,0.11,127.0,53.6
7,Centre Hospitalier Régional de Louga,Louga,Louga,522,369,2024-08-08,20,71,167,4,355,356,44,3.68,Covid-19,60,2,63.99,11.52,modéré,32.6,44.8,3008.7,False,0.55,0.74,0.07,38.6,48.4
7,Centre Hospitalier Régional de Louga,Louga,Louga,522,369,2024-08-09,16,84,295,10,227,351,59,3.71,Grippe,29,0,61.81,10.4,faible,35.2,44.7,1170.8,False,0.49,0.89,0.03,72.0,6.9
7,Centre Hospitalier Régional de Louga,Louga,Louga,522,369,2024-08-10,90,53,335,8,187,322,29,2.56,Dengue,16,2,55.08,6.78,faible,29.0,66.0,3168.6,False,0.38,0.82,0.06,138.5,14.5
7,Centre Hospitalier Régional de Louga,Louga,Louga,522,369,2024-08-11,58,39,358,20,164,364,47,0.1,Choléra,109,8,68.69,16.48,élevé,33.0,42.2,2559.5,True,0.55,0.92,0.19,142.6,3.4
7,Centre Hospitalier Régional de Louga,Louga,Louga,522,369,2024-08-12,64,51,39,9,483,360,0,2.06,Grippe,47,4,40.71,19.52,modéré,22.3,66.6,4602.3,False,0.59,0.76,0.09,5.3,48.2
7,Centre Hospitalier Régional de Louga,Louga,Louga,522,369,2024-08-13,38,31,472,2,50,358,52,1.7,Grippe,12,2,38.22,11.79,faible,37.3,88.7,1847.6,False,0.55,0.36,0.11,6.5,15.4
7,Centre Hospitalier Régional de Louga,Louga,Louga,522,369,2024-08-14,46,60,249,14,273,362,37,2.39,Paludisme,61,5,81.91,15.75,modéré,36.5,44.9,3702.4,False,0.76,0.37,0.19,21.8,45.2
7,Centre Hospitalier Régional de Louga,Louga,Louga,522,369,2024-08-15,91,79,519,4,3,355,11,1.03,Choléra,111,1,85.52,17.45,élevé,25.9,74.3,2359.2,True,0.47,0.37,0.14,87.5,32.2
7,Centre Hospitalier Régional de Louga,Louga,Louga,522,369,2024-08-16,91,28,382,18,140,337,40,2.74,Dengue,56,7,57.08,15.05,modéré,32.8,78.0,3433.4,False,0.92,0.73,0.14,12.1,43.6
7,Centre Hospitalier Régional de Louga,Louga,Louga,522,369,2024-08-17,82,50,92,16,430,344,4,2.11,Grippe,60,2,34.56,18.13,modéré,33.0,69.4,3472.0,False,0.78,0.57,0.06,131.3,24.4
7,Centre Hospitalier Régional de Louga,Louga,Louga,522,369,2024-08-18,42,57,426,2,96,363,10,2.58,Dengue,61,8,46.36,23.44,modéré,32.5,64.3,2063.1,False,0.3,0.72,0.06,23.8,41.0
7,Centre Hospitalier Régional de Louga,Louga,Louga,522,369,2024-08-19,76,6,483,13,39,361,20,0.6,Grippe,71,7,62.87,4.7,modéré,29.5,76.2,3000.3,False,0.36,0.49,0.16,53.1,12.3
7,Centre Hospitalier Régional de Louga,Louga,Louga,522,369,2024-08-20,51,23,518,6,4,363,27,3.88,Grippe,116,7,93.39,9.93,élevé,23.3,65.6,4830.5,True,0.93,0.51,0.13,147.4,29.4
7,Centre Hospitalier Régional de Louga,Louga,Louga,522,369,2024-08-21,69,35,27,25,495,347,20,1.37,Paludisme,2,5,89.25,11.4,faible,36.2,41.7,1265.1,False,0.61,0.66,0.08,123.1,41.6
7,Centre Hospitalier Régional de Louga,Louga,Louga,522,369,2024-08-22,30,61,106,6,416,339,20,0.21,Grippe,82,3,44.3,28.9,élevé,23.9,63.2,3361.8,True,0.5,0.59,0.01,90.4,30.8
7,Centre Hospitalier Régional de Louga,Louga,Louga,522,369,2024-08-23,84,66,468,14,54,338,33,3.74,Choléra,74,6,84.47,6.35,modéré,30.2,85.9,4846.0,False,0.4,0.74,0.05,18.0,40.0
7,Centre Hospitalier Régional de Louga,Louga,Louga,522,369,2024-08-24,50,20,104,0,418,362,19,1.89,Choléra,72,9,46.88,5.45,modéré,28.7,79.1,3321.3,False,0.77,0.72,0.08,87.7,4.2
7,Centre Hospitalier Régional de Louga,Louga,Louga,522,369,2024-08-25,69,88,424,25,98,368,10,3.91,Grippe,49,8,30.68,13.59,modéré,37.3,75.7,1894.0,False,0.97,0.41,0.2,105.7,6.7
7,Centre Hospitalier Régional de Louga,Louga,Louga,522,369,2024-08-26,66,59,376,10,146,340,39,0.69,Paludisme,103,5,88.14,16.1,élevé,36.9,89.1,4286.8,True,0.82,0.75,0.02,108.6,13.5
7,Centre Hospitalier Régional de Louga,Louga,Louga,522,369,2024-08-27,83,49,160,3,362,355,41,2.73,Dengue,25,5,36.35,15.48,faible,24.0,40.5,621.0,False,0.93,0.43,0.18,146.8,24.6
7,Centre Hospitalier Régional de Louga,Louga,Louga,522,369,2024-08-28,12,88,65,1,457,337,45,2.58,Grippe,92,10,69.9,29.26,élevé,23.5,78.9,4457.4,True,0.97,0.71,0.08,52.6,59.6
7,Centre Hospitalier Régional de Louga,Louga,Louga,522,369,2024-08-29,81,90,521,6,1,321,7,1.8,Covid-19,22,4,39.72,14.77,faible,29.0,44.4,4818.7,False,0.25,0.63,0.04,106.0,51.3
7,Centre Hospitalier Régional de Louga,Louga,Louga,522,369,2024-08-30,97,41,234,16,288,322,21,3.19,Covid-19,17,8,82.88,7.88,faible,35.0,89.2,2976.0,False,0.8,0.42,0.16,142.5,48.7
7,Centre Hospitalier Régional de Louga,Louga,Louga,522,369,2024-08-31,39,29,138,15,384,344,20,2.6,Grippe,95,9,35.22,22.76,élevé,24.8,60.9,3156.2,True,0.82,0.46,0.05,163.2,3.1
7,Centre Hospitalier Régional de Louga,Louga,Louga,522,369,2024-09-01,97,20,194,13,328,346,43,1.89,Choléra,110,8,80.0,12.43,élevé,30.8,80.7,3612.3,True,0.72,0.87,0.1,22.4,50.4
7,Centre Hospitalier Régional de Louga,Louga,Louga,522,369,2024-09-02,58,15,248,12,274,327,41,0.21,Dengue,86,8,43.97,15.82,élevé,26.2,54.2,1025.2,True,0.21,0.39,0.06,46.4,8.9
7,Centre Hospitalier Régional de Louga,Louga,Louga,522,369,2024-09-03,84,57,198,14,324,341,39,2.63,Paludisme,19,4,41.96,24.78,faible,30.9,89.4,887.8,False,0.38,0.65,0.06,20.5,8.8
7,Centre Hospitalier Régional de Louga,Louga,Louga,522,369,2024-09-04,79,10,223,14,299,343,50,2.8,Grippe,42,4,69.65,3.31,modéré,27.2,88.9,764.8,False,0.28,0.91,0.12,72.6,25.5
7,Centre Hospitalier Régional de Louga,Louga,Louga,522,369,2024-09-05,52,48,339,8,183,341,53,0.7,Choléra,38,7,42.76,24.71,modéré,26.0,73.8,2375.2,False,0.57,0.58,0.18,159.5,13.3
7,Centre Hospitalier Régional de Louga,Louga,Louga,522,369,2024-09-06,61,13,60,12,462,330,37,3.8,Choléra,20,2,58.11,21.21,faible,31.0,73.8,169.2,False,0.65,0.71,0.04,123.9,50.0
7,Centre Hospitalier Régional de Louga,Louga,Louga,522,369,2024-09-07,53,21,32,1,490,352,39,0.47,Choléra,17,1,49.28,15.2,faible,28.9,83.2,3625.2,False,0.25,0.68,0.17,122.7,40.7
7,Centre Hospitalier Régional de Louga,Louga,Louga,522,369,2024-09-08,75,18,484,3,38,343,16,2.76,Paludisme,65,2,58.49,9.7,modéré,24.2,65.9,937.7,False,0.49,0.93,0.02,117.5,16.4
7,Centre Hospitalier Régional de Louga,Louga,Louga,522,369,2024-09-09,17,74,251,4,271,338,9,2.74,Grippe,21,8,90.24,16.55,faible,31.5,61.7,1385.1,False,0.73,0.93,0.17,167.6,50.8
7,Centre Hospitalier Régional de Louga,Louga,Louga,522,369,2024-09-10,63,81,139,4,383,352,39,0.75,Paludisme,44,5,34.41,4.41,modéré,32.3,89.0,4150.7,False,0.43,0.75,0.15,159.3,48.1
7,Centre Hospitalier Régional de Louga,Louga,Louga,522,369,2024-09-11,95,26,383,19,139,352,3,3.37,Paludisme,33,7,42.12,10.57,modéré,35.1,60.6,3674.1,False,0.29,0.98,0.11,82.9,30.6
7,Centre Hospitalier Régional de Louga,Louga,Louga,522,369,2024-09-12,97,77,303,4,219,352,11,1.15,Covid-19,50,4,78.28,1.83,modéré,29.8,72.5,3769.6,False,0.77,0.64,0.1,35.1,19.8
7,Centre Hospitalier Régional de Louga,Louga,Louga,522,369,2024-09-13,64,11,67,6,455,319,34,2.11,Choléra,33,10,54.26,29.69,modéré,29.6,53.6,1674.8,False,0.72,0.65,0.09,69.1,10.9
7,Centre Hospitalier Régional de Louga,Louga,Louga,522,369,2024-09-14,27,77,479,1,43,325,49,3.29,Paludisme,38,4,68.72,11.29,modéré,32.9,70.3,2840.0,False,0.22,0.86,0.12,43.7,28.7
7,Centre Hospitalier Régional de Louga,Louga,Louga,522,369,2024-09-15,17,28,391,1,131,365,10,1.05,Paludisme,64,3,75.84,6.02,modéré,36.0,59.8,4936.8,False,0.7,0.85,0.2,142.8,21.6
7,Centre Hospitalier Régional de Louga,Louga,Louga,522,369,2024-09-16,55,31,86,21,436,355,37,1.68,Choléra,77,1,36.61,3.09,modéré,32.7,44.0,1037.7,False,0.81,0.79,0.06,158.8,29.4
7,Centre Hospitalier Régional de Louga,Louga,Louga,522,369,2024-09-17,58,88,370,19,152,358,31,1.82,Paludisme,98,2,50.48,18.5,élevé,32.5,78.0,4904.7,True,0.58,0.73,0.11,136.9,53.0
7,Centre Hospitalier Régional de Louga,Louga,Louga,522,369,2024-09-18,63,28,426,0,96,353,54,1.03,Choléra,111,10,57.77,1.14,élevé,29.1,61.2,1042.6,True,0.87,0.92,0.12,101.3,29.4
7,Centre Hospitalier Régional de Louga,Louga,Louga,522,369,2024-09-19,91,86,151,2,371,360,3,3.6,Dengue,64,0,65.21,5.92,modéré,34.0,61.3,2325.4,False,0.46,0.38,0.15,107.8,8.3
7,Centre Hospitalier Régional de Louga,Louga,Louga,522,369,2024-09-20,18,17,475,18,47,337,46,0.28,Covid-19,118,5,72.43,24.56,élevé,36.6,73.8,1163.6,True,0.43,0.37,0.07,94.4,55.0
7,Centre Hospitalier Régional de Louga,Louga,Louga,522,369,2024-09-21,45,42,136,11,386,350,40,1.34,Choléra,48,0,91.04,18.93,modéré,32.4,43.9,560.8,False,0.56,0.88,0.2,125.1,44.5
7,Centre Hospitalier Régional de Louga,Louga,Louga,522,369,2024-09-22,35,59,468,23,54,347,4,3.0,Paludisme,13,1,86.02,3.02,faible,26.6,42.1,656.2,False,0.96,0.54,0.07,178.7,39.3
7,Centre Hospitalier Régional de Louga,Louga,Louga,522,369,2024-09-23,65,80,95,7,427,329,28,0.97,Dengue,119,6,89.35,9.93,élevé,22.6,74.4,3426.8,True,0.93,0.58,0.04,135.9,48.2
7,Centre Hospitalier Régional de Louga,Louga,Louga,522,369,2024-09-24,86,5,458,17,64,338,14,1.48,Dengue,43,9,92.93,6.88,modéré,35.7,72.3,1697.0,False,0.71,0.92,0.09,12.7,16.8
7,Centre Hospitalier Régional de Louga,Louga,Louga,522,369,2024-09-25,59,44,118,8,404,340,37,0.63,Choléra,59,7,80.52,16.49,modéré,26.7,78.4,3524.7,False,0.55,0.35,0.02,118.4,32.7
7,Centre Hospitalier Régional de Louga,Louga,Louga,522,369,2024-09-26,88,7,311,0,211,354,46,2.28,Choléra,75,0,90.75,26.75,modéré,22.3,67.4,2698.3,False,0.28,0.49,0.1,121.2,51.3
7,Centre Hospitalier Régional de Louga,Louga,Louga,522,369,2024-09-27,95,52,36,25,486,352,52,0.77,Grippe,56,2,91.56,26.93,modéré,37.3,42.6,4261.5,False,0.24,0.71,0.08,144.3,19.9
7,Centre Hospitalier Régional de Louga,Louga,Louga,522,369,2024-09-28,81,72,511,13,11,323,42,1.37,Dengue,51,3,94.06,13.93,modéré,23.3,79.9,2584.4,False,0.3,0.36,0.04,80.8,39.3
7,Centre Hospitalier Régional de Louga,Louga,Louga,522,369,2024-09-29,45,48,514,9,8,351,6,1.83,Choléra,74,6,91.98,16.6,modéré,29.3,81.8,4353.5,False,0.7,0.65,0.01,68.4,43.1
7,Centre Hospitalier Régional de Louga,Louga,Louga,522,369,2024-09-30,20,37,228,13,294,323,58,3.27,Grippe,27,6,52.14,17.86,faible,36.0,61.6,1295.9,False,0.45,0.32,0.14,61.7,8.0
7,Centre Hospitalier Régional de Louga,Louga,Louga,522,369,2024-10-01,42,71,181,22,341,356,25,1.68,Choléra,88,1,94.72,11.5,élevé,24.9,78.9,3412.1,True,0.81,0.49,0.12,142.3,33.0
7,Centre Hospitalier Régional de Louga,Louga,Louga,522,369,2024-10-02,95,52,233,3,289,336,4,2.38,Grippe,110,6,52.9,6.71,élevé,25.2,45.6,1183.8,True,0.22,0.85,0.09,28.6,46.6
7,Centre Hospitalier Régional de Louga,Louga,Louga,522,369,2024-10-03,34,72,141,22,381,328,46,2.52,Paludisme,27,3,56.6,23.48,faible,38.5,87.5,1113.1,False,0.75,0.92,0.07,165.1,53.9
7,Centre Hospitalier Régional de Louga,Louga,Louga,522,369,2024-10-04,16,79,261,24,261,319,59,2.94,Grippe,50,5,61.91,26.9,modéré,36.2,52.7,1647.3,False,0.62,0.49,0.06,141.2,55.5
7,Centre Hospitalier Régional de Louga,Louga,Louga,522,369,2024-10-05,98,71,282,19,240,338,54,2.85,Dengue,65,1,55.62,21.85,modéré,24.6,65.8,3099.6,False,0.91,0.97,0.01,169.4,44.4
7,Centre Hospitalier Régional de Louga,Louga,Louga,522,369,2024-10-06,41,19,275,9,247,342,53,0.8,Covid-19,107,0,81.16,26.41,élevé,33.2,59.5,965.5,True,0.91,0.38,0.2,163.8,20.3
7,Centre Hospitalier Régional de Louga,Louga,Louga,522,369,2024-10-07,84,63,466,12,56,358,10,0.33,Covid-19,2,10,63.36,28.16,faible,25.2,69.9,254.6,False,0.52,0.35,0.1,83.7,55.9
7,Centre Hospitalier Régional de Louga,Louga,Louga,522,369,2024-10-08,77,42,107,19,415,335,30,2.18,Grippe,105,0,94.01,22.04,élevé,29.1,74.4,955.6,True,0.23,0.61,0.03,118.5,24.1
7,Centre Hospitalier Régional de Louga,Louga,Louga,522,369,2024-10-09,65,35,103,21,419,325,1,1.33,Covid-19,63,0,72.31,20.71,modéré,28.7,47.0,2798.4,False,0.81,0.82,0.18,82.5,12.6
7,Centre Hospitalier Régional de Louga,Louga,Louga,522,369,2024-10-10,75,10,389,5,133,349,47,3.13,Choléra,116,7,88.98,17.46,élevé,32.0,44.1,2365.4,True,0.34,0.66,0.08,114.6,9.8
7,Centre Hospitalier Régional de Louga,Louga,Louga,522,369,2024-10-11,47,80,20,6,502,325,4,1.09,Grippe,17,1,71.49,11.24,faible,27.9,40.9,1530.0,False,0.85,0.46,0.01,104.9,35.3
7,Centre Hospitalier Régional de Louga,Louga,Louga,522,369,2024-10-12,48,76,140,14,382,355,17,3.93,Paludisme,82,0,55.19,11.41,élevé,34.2,71.0,1494.6,True,0.9,0.98,0.16,40.5,39.1
7,Centre Hospitalier Régional de Louga,Louga,Louga,522,369,2024-10-13,64,90,184,12,338,345,13,2.31,Paludisme,77,4,70.03,4.93,modéré,32.0,76.5,402.2,False,0.86,0.46,0.15,43.4,48.4
7,Centre Hospitalier Régional de Louga,Louga,Louga,522,369,2024-10-14,18,6,421,12,101,346,48,1.38,Choléra,17,8,46.65,18.83,faible,23.9,56.6,427.9,False,0.68,0.99,0.2,70.6,46.7
7,Centre Hospitalier Régional de Louga,Louga,Louga,522,369,2024-10-15,15,17,452,20,70,331,28,2.23,Choléra,99,6,68.66,25.55,élevé,25.1,71.9,919.3,True,0.76,0.71,0.17,64.7,27.2
7,Centre Hospitalier Régional de Louga,Louga,Louga,522,369,2024-10-16,26,49,455,25,67,362,10,2.59,Grippe,22,4,46.67,11.93,faible,22.8,64.5,1968.4,False,0.41,0.91,0.03,80.0,6.5
7,Centre Hospitalier Régional de Louga,Louga,Louga,522,369,2024-10-17,72,56,487,24,35,324,26,2.4,Grippe,59,5,54.21,10.2,modéré,29.7,50.7,1496.3,False,0.36,0.45,0.18,132.9,6.0
7,Centre Hospitalier Régional de Louga,Louga,Louga,522,369,2024-10-18,58,53,39,14,483,328,12,1.08,Grippe,45,9,40.77,1.41,modéré,30.0,71.7,947.1,False,0.66,0.61,0.2,137.2,40.0
7,Centre Hospitalier Régional de Louga,Louga,Louga,522,369,2024-10-19,96,6,71,15,451,344,28,3.87,Covid-19,87,0,78.0,7.72,élevé,28.4,47.5,1836.1,True,0.59,0.82,0.06,17.6,31.5
7,Centre Hospitalier Régional de Louga,Louga,Louga,522,369,2024-10-20,15,65,124,21,398,329,21,2.73,Paludisme,43,8,70.59,7.7,modéré,23.4,81.2,4760.9,False,0.31,0.31,0.03,164.9,40.9
7,Centre Hospitalier Régional de Louga,Louga,Louga,522,369,2024-10-21,43,22,189,9,333,326,16,0.56,Covid-19,73,2,32.11,14.11,modéré,22.2,53.2,2825.8,False,0.66,0.62,0.14,63.2,3.5
7,Centre Hospitalier Régional de Louga,Louga,Louga,522,369,2024-10-22,14,75,353,23,169,351,47,1.27,Dengue,60,7,78.26,9.14,modéré,32.0,54.6,4044.5,False,0.26,0.96,0.16,126.7,17.3
7,Centre Hospitalier Régional de Louga,Louga,Louga,522,369,2024-10-23,56,56,50,0,472,340,53,1.74,Choléra,107,8,65.92,1.33,élevé,38.8,88.0,493.9,True,0.98,0.34,0.14,52.7,58.8
7,Centre Hospitalier Régional de Louga,Louga,Louga,522,369,2024-10-24,68,16,124,24,398,345,6,1.34,Covid-19,11,6,79.97,27.24,faible,29.8,73.8,818.7,False,0.7,0.69,0.16,42.5,53.2
7,Centre Hospitalier Régional de Louga,Louga,Louga,522,369,2024-10-25,73,56,74,2,448,359,23,1.05,Choléra,38,3,66.43,3.13,modéré,22.9,64.3,3602.4,False,0.43,0.76,0.01,87.0,24.6
7,Centre Hospitalier Régional de Louga,Louga,Louga,522,369,2024-10-26,86,40,178,4,344,369,37,2.18,Dengue,12,6,38.47,3.5,faible,32.1,68.2,3039.7,False,0.74,0.55,0.13,157.1,14.6
7,Centre Hospitalier Régional de Louga,Louga,Louga,522,369,2024-10-27,51,31,520,16,2,341,16,1.37,Dengue,33,6,76.73,6.32,modéré,28.8,41.8,2062.7,False,0.85,1.0,0.07,103.2,58.6
7,Centre Hospitalier Régional de Louga,Louga,Louga,522,369,2024-10-28,54,61,161,14,361,356,36,1.53,Covid-19,117,2,71.93,17.96,élevé,33.5,87.7,2857.2,True,0.87,0.84,0.16,123.8,20.4
7,Centre Hospitalier Régional de Louga,Louga,Louga,522,369,2024-10-29,52,71,276,3,246,350,23,0.15,Grippe,103,4,94.09,9.02,élevé,35.4,85.1,2316.1,True,0.2,0.66,0.06,83.5,33.2
7,Centre Hospitalier Régional de Louga,Louga,Louga,522,369,2024-10-30,27,5,433,11,89,345,9,0.79,Grippe,24,2,35.58,20.36,faible,28.7,53.2,4912.5,False,0.8,0.39,0.04,37.2,46.5
7,Centre Hospitalier Régional de Louga,Louga,Louga,522,369,2024-10-31,15,68,235,19,287,346,40,2.97,Grippe,61,5,46.15,14.34,modéré,35.3,52.9,565.8,False,0.8,0.32,0.07,126.0,49.4
7,Centre Hospitalier Régional de Louga,Louga,Louga,522,369,2024-11-01,58,58,105,4,417,323,55,2.25,Choléra,110,4,77.17,9.21,élevé,23.4,52.0,806.8,True,0.85,0.86,0.04,88.4,60.0
7,Centre Hospitalier Régional de Louga,Louga,Louga,522,369,2024-11-02,83,42,67,16,455,334,29,0.97,Grippe,83,10,44.98,11.33,élevé,27.1,64.5,2489.7,True,0.39,0.35,0.17,32.9,55.4
7,Centre Hospitalier Régional de Louga,Louga,Louga,522,369,2024-11-03,82,48,503,5,19,339,7,1.51,Choléra,94,4,87.17,14.05,élevé,33.2,45.9,404.4,True,0.84,0.95,0.11,65.7,43.1
7,Centre Hospitalier Régional de Louga,Louga,Louga,522,369,2024-11-04,70,51,289,11,233,366,35,3.47,Choléra,93,5,31.71,3.91,élevé,27.7,85.6,4500.1,True,0.94,0.71,0.12,30.8,55.3
7,Centre Hospitalier Régional de Louga,Louga,Louga,522,369,2024-11-05,91,17,202,21,320,343,23,3.07,Choléra,108,1,44.46,3.29,élevé,31.4,84.7,1620.4,True,0.98,0.67,0.09,20.7,38.5
7,Centre Hospitalier Régional de Louga,Louga,Louga,522,369,2024-11-06,83,73,45,5,477,362,8,2.03,Paludisme,52,10,89.98,29.46,modéré,27.5,76.8,4318.1,False,0.4,0.41,0.13,62.4,32.0
7,Centre Hospitalier Régional de Louga,Louga,Louga,522,369,2024-11-07,25,32,445,6,77,366,5,2.22,Grippe,110,0,72.94,22.9,élevé,32.8,57.6,128.2,True,0.87,0.86,0.13,92.3,29.1
7,Centre Hospitalier Régional de Louga,Louga,Louga,522,369,2024-11-08,14,21,310,11,212,360,8,2.53,Covid-19,23,6,80.69,10.54,faible,35.4,64.3,2134.5,False,0.6,0.54,0.17,84.2,10.5
7,Centre Hospitalier Régional de Louga,Louga,Louga,522,369,2024-11-09,75,39,49,13,473,351,28,1.21,Choléra,67,1,50.05,21.07,modéré,28.3,88.7,1304.4,False,0.76,0.93,0.18,9.1,46.6
7,Centre Hospitalier Régional de Louga,Louga,Louga,522,369,2024-11-10,12,42,270,8,252,331,26,1.43,Dengue,78,0,74.62,21.99,modéré,38.9,77.4,4164.4,False,0.49,0.8,0.09,30.9,41.9
7,Centre Hospitalier Régional de Louga,Louga,Louga,522,369,2024-11-11,99,31,360,2,162,361,17,2.96,Choléra,87,1,61.87,10.37,élevé,29.7,88.0,1630.5,True,0.53,0.91,0.03,117.3,19.1
7,Centre Hospitalier Régional de Louga,Louga,Louga,522,369,2024-11-12,70,14,340,25,182,344,18,3.1,Choléra,66,10,90.57,13.44,modéré,26.1,62.2,3959.7,False,0.22,0.92,0.02,173.9,32.7
7,Centre Hospitalier Régional de Louga,Louga,Louga,522,369,2024-11-13,30,61,25,6,497,352,43,0.88,Paludisme,120,8,76.93,24.9,élevé,23.3,56.7,2884.8,True,0.88,0.79,0.02,110.0,45.9
7,Centre Hospitalier Régional de Louga,Louga,Louga,522,369,2024-11-14,23,56,348,21,174,330,1,0.68,Paludisme,45,6,88.36,12.78,modéré,25.5,76.2,1494.6,False,0.78,0.55,0.07,8.6,6.9
7,Centre Hospitalier Régional de Louga,Louga,Louga,522,369,2024-11-15,87,10,28,0,494,347,41,0.64,Covid-19,94,2,65.08,12.66,élevé,33.9,81.9,383.2,True,0.95,0.56,0.15,148.9,29.1
7,Centre Hospitalier Régional de Louga,Louga,Louga,522,369,2024-11-16,29,77,285,4,237,324,54,1.55,Choléra,62,8,76.69,24.91,modéré,33.4,43.3,2534.9,False,0.27,0.98,0.16,155.4,41.9
7,Centre Hospitalier Régional de Louga,Louga,Louga,522,369,2024-11-17,78,71,485,1,37,368,11,2.88,Grippe,91,0,78.1,26.14,élevé,26.1,79.7,4948.1,True,0.72,0.37,0.03,17.2,30.3
7,Centre Hospitalier Régional de Louga,Louga,Louga,522,369,2024-11-18,52,82,201,18,321,343,40,0.95,Choléra,32,5,93.67,6.24,modéré,37.5,46.7,4034.9,False,0.99,0.39,0.09,85.5,16.4
7,Centre Hospitalier Régional de Louga,Louga,Louga,522,369,2024-11-19,57,46,292,22,230,353,18,3.56,Choléra,116,1,51.69,28.22,élevé,32.8,78.6,4584.2,True,0.5,0.63,0.09,84.0,10.7
7,Centre Hospitalier Régional de Louga,Louga,Louga,522,369,2024-11-20,15,11,476,15,46,326,44,2.72,Covid-19,31,9,66.94,21.16,modéré,32.8,80.4,225.0,False,0.46,0.4,0.07,61.9,20.2
7,Centre Hospitalier Régional de Louga,Louga,Louga,522,369,2024-11-21,86,67,30,6,492,365,29,2.53,Choléra,50,10,33.61,23.11,modéré,33.0,71.8,1705.8,False,0.59,0.91,0.03,33.5,7.1
7,Centre Hospitalier Régional de Louga,Louga,Louga,522,369,2024-11-22,83,52,327,17,195,335,37,1.89,Grippe,105,9,60.89,13.4,élevé,31.8,54.8,3247.4,True,0.73,0.62,0.12,69.9,52.2
7,Centre Hospitalier Régional de Louga,Louga,Louga,522,369,2024-11-23,59,6,450,19,72,338,20,3.3,Covid-19,90,6,54.01,1.55,élevé,26.2,71.2,4429.8,True,0.52,0.99,0.16,136.6,45.4
7,Centre Hospitalier Régional de Louga,Louga,Louga,522,369,2024-11-24,80,57,134,16,388,355,7,3.44,Grippe,83,8,39.64,16.89,élevé,36.2,44.4,900.2,True,0.85,0.6,0.03,76.3,44.2
7,Centre Hospitalier Régional de Louga,Louga,Louga,522,369,2024-11-25,94,90,204,17,318,330,19,1.68,Choléra,71,6,45.03,29.15,modéré,28.5,74.6,4356.3,False,0.71,0.92,0.03,74.7,12.4
7,Centre Hospitalier Régional de Louga,Louga,Louga,522,369,2024-11-26,41,29,35,14,487,344,7,0.12,Grippe,16,9,57.31,15.46,faible,38.5,59.7,4515.8,False,0.45,0.4,0.18,137.3,19.9
7,Centre Hospitalier Régional de Louga,Louga,Louga,522,369,2024-11-27,65,10,492,19,30,360,13,3.62,Covid-19,15,4,88.99,9.38,faible,32.3,85.5,4454.4,False,0.8,0.9,0.04,98.9,54.4
7,Centre Hospitalier Régional de Louga,Louga,Louga,522,369,2024-11-28,41,48,406,25,116,369,16,2.1,Paludisme,71,0,41.5,7.08,modéré,27.7,65.2,698.0,False,0.68,0.98,0.14,146.2,38.4
7,Centre Hospitalier Régional de Louga,Louga,Louga,522,369,2024-11-29,58,41,137,15,385,332,20,3.62,Grippe,44,9,56.51,15.8,modéré,24.6,84.0,3420.8,False,0.73,0.55,0.07,177.1,19.9
7,Centre Hospitalier Régional de Louga,Louga,Louga,522,369,2024-11-30,29,16,54,13,468,339,11,0.96,Paludisme,77,0,38.29,5.09,modéré,22.2,81.9,475.7,False,0.73,0.32,0.08,117.6,31.2
7,Centre Hospitalier Régional de Louga,Louga,Louga,522,369,2024-12-01,25,43,128,4,394,329,7,2.39,Dengue,56,6,48.81,16.89,modéré,26.2,45.3,4966.3,False,0.99,0.58,0.11,108.5,37.8
7,Centre Hospitalier Régional de Louga,Louga,Louga,522,369,2024-12-02,61,29,363,14,159,336,48,2.22,Covid-19,119,4,62.57,21.46,élevé,36.1,85.6,759.6,True,0.98,0.49,0.01,65.4,33.6
7,Centre Hospitalier Régional de Louga,Louga,Louga,522,369,2024-12-03,90,80,382,7,140,323,1,3.27,Choléra,93,9,75.7,1.19,élevé,24.4,59.6,3946.5,True,0.84,0.75,0.08,172.2,54.0
7,Centre Hospitalier Régional de Louga,Louga,Louga,522,369,2024-12-04,26,69,472,16,50,325,49,2.53,Choléra,69,2,34.18,23.12,modéré,34.0,63.5,3765.3,False,0.86,0.44,0.05,37.0,9.1
7,Centre Hospitalier Régional de Louga,Louga,Louga,522,369,2024-12-05,80,46,440,6,82,322,9,3.05,Covid-19,22,7,88.09,23.74,faible,34.5,43.6,3952.4,False,0.85,0.99,0.19,153.6,29.3
7,Centre Hospitalier Régional de Louga,Louga,Louga,522,369,2024-12-06,55,67,279,24,243,322,41,0.57,Paludisme,105,7,49.78,28.34,élevé,31.4,60.3,2782.4,True,0.56,0.89,0.04,115.7,56.7
7,Centre Hospitalier Régional de Louga,Louga,Louga,522,369,2024-12-07,35,70,349,19,173,336,14,2.11,Dengue,3,9,67.06,25.37,faible,33.6,87.2,370.4,False,0.67,0.65,0.04,29.1,52.8
7,Centre Hospitalier Régional de Louga,Louga,Louga,522,369,2024-12-08,92,82,219,4,303,344,35,2.95,Grippe,78,6,42.41,20.03,modéré,25.4,41.9,1532.4,False,0.94,0.62,0.06,118.3,6.4
7,Centre Hospitalier Régional de Louga,Louga,Louga,522,369,2024-12-09,77,14,60,11,462,355,55,3.24,Choléra,79,3,32.59,1.18,modéré,31.5,48.3,3766.4,False,0.9,0.47,0.18,24.5,58.5
7,Centre Hospitalier Régional de Louga,Louga,Louga,522,369,2024-12-10,16,24,74,20,448,320,54,0.44,Covid-19,108,9,62.04,29.14,élevé,26.3,49.5,4670.8,True,0.35,0.95,0.18,48.9,7.6
7,Centre Hospitalier Régional de Louga,Louga,Louga,522,369,2024-12-11,85,33,157,10,365,363,17,2.52,Covid-19,42,10,72.77,3.41,modéré,35.5,65.3,2826.2,False,0.61,0.97,0.04,126.2,8.2
7,Centre Hospitalier Régional de Louga,Louga,Louga,522,369,2024-12-12,64,57,28,13,494,364,41,3.19,Paludisme,0,1,46.19,4.93,faible,26.4,89.0,3818.2,False,0.57,0.4,0.0,96.5,49.5
7,Centre Hospitalier Régional de Louga,Louga,Louga,522,369,2024-12-13,56,58,20,16,502,328,8,0.13,Grippe,10,9,94.53,14.44,faible,38.5,69.1,1925.0,False,0.46,0.98,0.03,114.7,53.8
7,Centre Hospitalier Régional de Louga,Louga,Louga,522,369,2024-12-14,82,60,464,14,58,331,57,1.2,Choléra,23,9,43.23,9.35,faible,33.4,72.2,3341.6,False,0.35,0.97,0.13,162.3,17.0
7,Centre Hospitalier Régional de Louga,Louga,Louga,522,369,2024-12-15,81,68,197,22,325,367,4,3.95,Paludisme,0,4,89.2,19.72,faible,34.6,80.9,4795.5,False,0.28,0.74,0.04,103.7,39.7
7,Centre Hospitalier Régional de Louga,Louga,Louga,522,369,2024-12-16,88,83,295,18,227,354,17,1.5,Grippe,117,4,80.66,20.55,élevé,36.3,50.7,3595.6,True,0.23,0.78,0.12,7.5,41.8
7,Centre Hospitalier Régional de Louga,Louga,Louga,522,369,2024-12-17,12,38,314,5,208,333,44,1.28,Grippe,34,2,45.81,18.68,modéré,31.4,55.1,3874.3,False,0.85,0.55,0.06,81.4,3.8
7,Centre Hospitalier Régional de Louga,Louga,Louga,522,369,2024-12-18,31,16,497,25,25,362,38,0.28,Grippe,51,2,67.22,8.85,modéré,30.4,85.5,1596.8,False,0.72,0.95,0.08,35.8,41.3
7,Centre Hospitalier Régional de Louga,Louga,Louga,522,369,2024-12-19,33,38,145,6,377,324,38,2.54,Grippe,47,0,35.05,7.54,modéré,32.3,84.2,4077.4,False,0.97,0.91,0.03,156.2,54.3
7,Centre Hospitalier Régional de Louga,Louga,Louga,522,369,2024-12-20,26,9,294,22,228,365,14,2.93,Dengue,19,5,46.62,9.65,faible,32.9,51.1,818.0,False,0.33,0.89,0.02,87.4,52.5
7,Centre Hospitalier Régional de Louga,Louga,Louga,522,369,2024-12-21,35,10,456,13,66,340,54,3.13,Grippe,6,9,77.31,29.75,faible,37.0,51.6,4110.4,False,0.62,0.75,0.08,90.6,20.3
7,Centre Hospitalier Régional de Louga,Louga,Louga,522,369,2024-12-22,74,84,359,22,163,338,22,2.91,Paludisme,40,0,46.09,16.69,modéré,24.2,59.8,1066.7,False,0.72,0.89,0.13,37.2,22.1
7,Centre Hospitalier Régional de Louga,Louga,Louga,522,369,2024-12-23,78,31,436,0,86,326,37,3.99,Paludisme,66,10,35.55,1.14,modéré,30.2,66.6,4747.1,False,0.37,0.78,0.11,114.7,58.5
7,Centre Hospitalier Régional de Louga,Louga,Louga,522,369,2024-12-24,54,50,108,19,414,353,59,1.19,Paludisme,94,0,93.79,10.24,élevé,29.3,72.6,2370.0,True,0.36,0.77,0.09,126.7,22.4
7,Centre Hospitalier Régional de Louga,Louga,Louga,522,369,2024-12-25,76,33,484,12,38,322,4,0.74,Dengue,24,1,76.33,5.85,faible,24.9,46.1,2138.3,False,0.36,0.81,0.11,91.2,5.8
7,Centre Hospitalier Régional de Louga,Louga,Louga,522,369,2024-12-26,19,20,183,13,339,344,60,3.78,Dengue,79,10,31.56,25.99,modéré,36.3,89.2,3004.7,False,0.71,0.55,0.06,109.9,4.8
7,Centre Hospitalier Régional de Louga,Louga,Louga,522,369,2024-12-27,26,36,299,16,223,359,44,2.02,Paludisme,41,10,30.46,13.3,modéré,25.6,42.2,4914.0,False,0.61,0.31,0.03,161.2,22.4
7,Centre Hospitalier Régional de Louga,Louga,Louga,522,369,2024-12-28,26,42,222,7,300,361,29,2.36,Choléra,44,6,76.4,25.83,modéré,30.5,58.4,4067.5,False,0.27,0.9,0.06,68.2,37.0
7,Centre Hospitalier Régional de Louga,Louga,Louga,522,369,2024-12-29,46,69,415,1,107,322,2,0.3,Choléra,68,5,71.65,10.79,modéré,24.1,44.7,2537.1,False,0.26,0.57,0.16,157.8,48.9
7,Centre Hospitalier Régional de Louga,Louga,Louga,522,369,2024-12-30,89,56,246,16,276,331,54,1.59,Paludisme,73,5,61.59,2.68,modéré,27.2,46.7,2153.9,False,0.24,0.86,0.18,41.7,47.6
7,Centre Hospitalier Régional de Louga,Louga,Louga,522,369,2024-12-31,31,44,438,15,84,348,35,1.76,Paludisme,15,0,39.63,10.93,faible,24.1,83.6,4813.3,False,0.41,0.55,0.09,88.2,50.9
8,Centre Hospitalier Régional de Saint-Louis,Saint-Louis,Saint-Louis,540,387,2024-01-01,45,62,148,23,392,380,24,2.44,Covid-19,44,1,82.58,17.27,modéré,35.6,49.5,1237.0,False,0.67,0.97,0.01,81.0,55.3
8,Centre Hospitalier Régional de Saint-Louis,Saint-Louis,Saint-Louis,540,387,2024-01-02,90,70,75,24,465,351,36,1.37,Dengue,19,2,42.26,4.98,faible,26.7,56.7,312.4,False,0.86,0.7,0.03,133.6,12.8
8,Centre Hospitalier Régional de Saint-Louis,Saint-Louis,Saint-Louis,540,387,2024-01-03,82,16,320,14,220,383,24,2.25,Grippe,37,7,72.82,26.74,modéré,29.2,65.6,703.6,False,0.75,0.54,0.11,17.6,56.3
8,Centre Hospitalier Régional de Saint-Louis,Saint-Louis,Saint-Louis,540,387,2024-01-04,22,41,309,19,231,366,27,2.49,Choléra,15,7,62.4,7.5,faible,33.9,40.8,1781.8,False,0.52,0.58,0.17,105.7,55.4
8,Centre Hospitalier Régional de Saint-Louis,Saint-Louis,Saint-Louis,540,387,2024-01-05,96,5,481,18,59,371,16,0.56,Dengue,46,0,65.23,16.6,modéré,33.7,75.6,4712.1,False,0.77,0.32,0.11,141.3,38.8
8,Centre Hospitalier Régional de Saint-Louis,Saint-Louis,Saint-Louis,540,387,2024-01-06,75,18,122,14,418,355,52,3.29,Covid-19,96,2,65.62,2.71,élevé,30.9,64.1,829.1,True,0.54,0.35,0.05,118.5,37.3
8,Centre Hospitalier Régional de Saint-Louis,Saint-Louis,Saint-Louis,540,387,2024-01-07,48,41,216,21,324,382,3,3.22,Choléra,104,6,70.26,4.26,élevé,28.9,77.5,2396.5,True,0.48,0.81,0.1,166.0,39.6
8,Centre Hospitalier Régional de Saint-Louis,Saint-Louis,Saint-Louis,540,387,2024-01-08,25,84,467,22,73,385,16,3.64,Dengue,24,8,72.32,14.86,faible,23.4,51.0,1097.3,False,0.51,0.84,0.12,105.8,12.4
8,Centre Hospitalier Régional de Saint-Louis,Saint-Louis,Saint-Louis,540,387,2024-01-09,66,76,530,20,10,355,34,0.28,Covid-19,96,5,31.43,2.01,élevé,26.5,87.2,4662.7,True,0.73,0.8,0.1,111.1,17.7
8,Centre Hospitalier Régional de Saint-Louis,Saint-Louis,Saint-Louis,540,387,2024-01-10,31,12,144,4,396,350,9,2.24,Covid-19,81,6,33.1,1.9,élevé,36.4,51.4,4327.8,True,0.79,0.46,0.13,45.8,11.9
8,Centre Hospitalier Régional de Saint-Louis,Saint-Louis,Saint-Louis,540,387,2024-01-11,35,30,54,13,486,340,17,0.32,Grippe,84,0,68.11,2.11,élevé,32.2,77.5,3998.4,True,0.54,0.51,0.08,164.4,29.5
8,Centre Hospitalier Régional de Saint-Louis,Saint-Louis,Saint-Louis,540,387,2024-01-12,31,32,185,8,355,344,7,1.91,Grippe,50,3,86.43,6.18,modéré,33.7,83.5,262.9,False,0.36,0.44,0.02,130.5,44.7
8,Centre Hospitalier Régional de Saint-Louis,Saint-Louis,Saint-Louis,540,387,2024-01-13,35,24,157,16,383,367,26,0.87,Covid-19,88,4,90.01,8.68,élevé,35.5,64.0,614.2,True,0.62,0.98,0.04,62.2,10.2
8,Centre Hospitalier Régional de Saint-Louis,Saint-Louis,Saint-Louis,540,387,2024-01-14,51,85,247,8,293,375,31,1.78,Covid-19,29,6,36.55,27.13,faible,33.5,66.3,4093.9,False,0.8,0.87,0.04,44.3,48.2
8,Centre Hospitalier Régional de Saint-Louis,Saint-Louis,Saint-Louis,540,387,2024-01-15,80,22,350,24,190,355,19,1.53,Paludisme,76,10,91.11,9.44,modéré,25.3,43.5,3658.0,False,0.85,0.79,0.01,71.7,17.2
8,Centre Hospitalier Régional de Saint-Louis,Saint-Louis,Saint-Louis,540,387,2024-01-16,89,69,86,15,454,373,50,0.93,Choléra,101,3,69.25,27.84,élevé,36.6,45.3,968.6,True,0.51,0.49,0.02,16.7,3.0
8,Centre Hospitalier Régional de Saint-Louis,Saint-Louis,Saint-Louis,540,387,2024-01-17,89,17,423,0,117,382,9,0.96,Covid-19,105,9,83.08,11.93,élevé,22.9,59.7,2892.1,True,0.74,0.58,0.13,72.2,3.7
8,Centre Hospitalier Régional de Saint-Louis,Saint-Louis,Saint-Louis,540,387,2024-01-18,32,49,446,15,94,373,9,2.58,Grippe,115,4,55.87,10.56,élevé,23.2,71.1,3633.1,True,0.55,0.33,0.04,148.5,43.5
8,Centre Hospitalier Régional de Saint-Louis,Saint-Louis,Saint-Louis,540,387,2024-01-19,96,84,96,18,444,387,45,1.81,Paludisme,37,9,76.19,12.45,modéré,26.1,63.5,208.7,False,0.28,0.86,0.16,95.7,24.1
8,Centre Hospitalier Régional de Saint-Louis,Saint-Louis,Saint-Louis,540,387,2024-01-20,16,22,296,7,244,343,10,2.17,Paludisme,51,10,54.84,14.25,modéré,29.1,41.8,4425.5,False,0.82,0.73,0.08,23.5,8.7
8,Centre Hospitalier Régional de Saint-Louis,Saint-Louis,Saint-Louis,540,387,2024-01-21,78,9,255,6,285,357,8,3.87,Dengue,3,8,58.24,3.51,faible,34.7,77.9,1675.8,False,0.96,0.33,0.08,65.0,17.3
8,Centre Hospitalier Régional de Saint-Louis,Saint-Louis,Saint-Louis,540,387,2024-01-22,61,22,36,1,504,380,35,0.2,Paludisme,88,2,30.43,26.23,élevé,28.3,88.6,1440.2,True,0.32,0.5,0.02,96.9,28.7
8,Centre Hospitalier Régional de Saint-Louis,Saint-Louis,Saint-Louis,540,387,2024-01-23,97,75,42,17,498,363,57,0.45,Grippe,1,7,42.4,20.02,faible,36.7,79.9,2359.9,False,0.4,0.33,0.04,60.4,51.9
8,Centre Hospitalier Régional de Saint-Louis,Saint-Louis,Saint-Louis,540,387,2024-01-24,50,51,63,14,477,361,19,2.46,Covid-19,66,4,87.92,20.89,modéré,36.3,65.6,1052.0,False,0.42,0.68,0.06,67.8,23.6
8,Centre Hospitalier Régional de Saint-Louis,Saint-Louis,Saint-Louis,540,387,2024-01-25,58,49,45,11,495,376,23,1.15,Dengue,39,3,48.44,13.56,modéré,38.4,79.0,902.0,False,0.54,0.33,0.19,40.6,20.6
8,Centre Hospitalier Régional de Saint-Louis,Saint-Louis,Saint-Louis,540,387,2024-01-26,73,6,107,0,433,359,29,1.62,Paludisme,15,0,82.81,17.49,faible,29.2,84.7,3998.4,False,0.61,0.61,0.19,65.6,30.4
8,Centre Hospitalier Régional de Saint-Louis,Saint-Louis,Saint-Louis,540,387,2024-01-27,35,61,437,19,103,386,19,0.7,Paludisme,120,10,44.32,19.73,élevé,31.9,41.1,4706.4,True,0.47,0.72,0.01,141.0,17.3
8,Centre Hospitalier Régional de Saint-Louis,Saint-Louis,Saint-Louis,540,387,2024-01-28,54,65,391,19,149,357,14,3.01,Choléra,53,5,71.47,7.25,modéré,31.2,47.9,2972.0,False,0.59,0.66,0.02,113.6,38.9
8,Centre Hospitalier Régional de Saint-Louis,Saint-Louis,Saint-Louis,540,387,2024-01-29,35,49,349,19,191,385,1,1.88,Covid-19,74,1,93.46,22.11,modéré,38.1,69.8,4834.7,False,0.35,0.36,0.01,126.6,56.6
8,Centre Hospitalier Régional de Saint-Louis,Saint-Louis,Saint-Louis,540,387,2024-01-30,74,62,161,14,379,371,32,1.87,Paludisme,34,0,38.74,9.19,modéré,23.6,75.9,2823.3,False,0.53,0.86,0.11,35.5,13.2
8,Centre Hospitalier Régional de Saint-Louis,Saint-Louis,Saint-Louis,540,387,2024-01-31,41,72,59,10,481,363,34,1.97,Grippe,98,10,88.87,9.26,élevé,34.7,86.9,288.0,True,0.25,0.74,0.19,71.4,59.3
8,Centre Hospitalier Régional de Saint-Louis,Saint-Louis,Saint-Louis,540,387,2024-02-01,13,59,424,12,116,349,29,3.69,Choléra,87,1,54.95,15.49,élevé,32.9,87.8,4713.4,True,0.82,0.98,0.09,24.0,51.9
8,Centre Hospitalier Régional de Saint-Louis,Saint-Louis,Saint-Louis,540,387,2024-02-02,50,51,86,1,454,384,40,1.41,Grippe,100,5,65.74,17.42,élevé,35.4,87.7,2986.7,True,0.74,0.83,0.02,100.0,12.4
8,Centre Hospitalier Régional de Saint-Louis,Saint-Louis,Saint-Louis,540,387,2024-02-03,33,88,36,7,504,386,1,3.91,Paludisme,54,8,66.76,7.9,modéré,31.4,46.8,4286.1,False,0.37,0.46,0.19,46.3,29.5
8,Centre Hospitalier Régional de Saint-Louis,Saint-Louis,Saint-Louis,540,387,2024-02-04,88,11,108,4,432,384,50,1.82,Covid-19,115,3,67.86,15.46,élevé,34.5,58.6,1487.4,True,0.25,0.49,0.02,10.6,10.8
8,Centre Hospitalier Régional de Saint-Louis,Saint-Louis,Saint-Louis,540,387,2024-02-05,34,69,246,14,294,347,19,2.54,Paludisme,20,5,69.65,1.75,faible,33.3,80.7,4081.6,False,0.77,0.91,0.08,101.2,7.0
8,Centre Hospitalier Régional de Saint-Louis,Saint-Louis,Saint-Louis,540,387,2024-02-06,40,39,534,5,6,346,42,1.29,Dengue,13,2,50.71,29.25,faible,28.4,74.9,2372.0,False,0.34,0.53,0.1,143.8,23.1
8,Centre Hospitalier Régional de Saint-Louis,Saint-Louis,Saint-Louis,540,387,2024-02-07,99,75,456,17,84,387,43,0.3,Grippe,40,0,55.31,25.56,modéré,26.8,87.1,2282.1,False,0.44,0.87,0.02,150.6,19.3
8,Centre Hospitalier Régional de Saint-Louis,Saint-Louis,Saint-Louis,540,387,2024-02-08,29,10,49,19,491,341,8,2.63,Dengue,119,9,35.73,10.95,élevé,25.2,47.0,2756.7,True,0.53,0.98,0.11,100.2,3.9
8,Centre Hospitalier Régional de Saint-Louis,Saint-Louis,Saint-Louis,540,387,2024-02-09,17,36,63,5,477,358,33,2.92,Choléra,95,9,39.34,10.5,élevé,22.8,60.5,3009.7,True,0.21,0.71,0.08,128.2,20.6
8,Centre Hospitalier Régional de Saint-Louis,Saint-Louis,Saint-Louis,540,387,2024-02-10,78,70,428,22,112,370,50,1.38,Grippe,97,10,37.14,10.38,élevé,24.0,44.6,1333.9,True,0.73,0.55,0.15,87.4,34.4
8,Centre Hospitalier Régional de Saint-Louis,Saint-Louis,Saint-Louis,540,387,2024-02-11,33,11,434,15,106,383,27,2.94,Dengue,101,0,73.91,21.04,élevé,25.4,41.4,2787.8,True,0.53,0.83,0.17,167.2,23.2
8,Centre Hospitalier Régional de Saint-Louis,Saint-Louis,Saint-Louis,540,387,2024-02-12,67,36,343,12,197,353,14,2.35,Covid-19,27,6,32.82,24.11,faible,25.5,81.2,3781.3,False,0.46,0.96,0.18,44.8,57.2
8,Centre Hospitalier Régional de Saint-Louis,Saint-Louis,Saint-Louis,540,387,2024-02-13,31,43,277,13,263,374,48,0.62,Choléra,88,5,35.59,23.68,élevé,37.8,47.8,1046.3,True,0.67,0.93,0.14,71.8,14.2
8,Centre Hospitalier Régional de Saint-Louis,Saint-Louis,Saint-Louis,540,387,2024-02-14,26,42,98,6,442,347,24,2.85,Paludisme,28,10,44.5,21.51,faible,25.7,68.9,127.3,False,0.32,0.66,0.12,130.1,6.1
8,Centre Hospitalier Régional de Saint-Louis,Saint-Louis,Saint-Louis,540,387,2024-02-15,86,57,250,2,290,346,26,1.34,Choléra,59,1,84.17,16.73,modéré,26.6,73.5,1593.3,False,0.86,0.99,0.06,147.2,38.5
8,Centre Hospitalier Régional de Saint-Louis,Saint-Louis,Saint-Louis,540,387,2024-02-16,85,48,378,4,162,378,15,2.08,Choléra,82,5,76.9,23.34,élevé,35.1,82.1,199.6,True,0.38,0.37,0.04,170.4,42.4
8,Centre Hospitalier Régional de Saint-Louis,Saint-Louis,Saint-Louis,540,387,2024-02-17,75,50,405,21,135,355,2,0.82,Paludisme,65,4,49.39,21.67,modéré,30.4,66.1,3735.1,False,0.69,0.48,0.12,34.0,21.2
8,Centre Hospitalier Régional de Saint-Louis,Saint-Louis,Saint-Louis,540,387,2024-02-18,37,29,190,10,350,375,27,2.08,Choléra,82,4,42.91,4.38,élevé,30.7,76.1,3690.4,True,0.37,0.66,0.03,168.5,46.3
8,Centre Hospitalier Régional de Saint-Louis,Saint-Louis,Saint-Louis,540,387,2024-02-19,23,72,316,19,224,351,18,2.59,Dengue,103,10,83.86,22.49,élevé,29.3,81.8,4284.4,True,0.93,0.4,0.15,175.5,29.6
8,Centre Hospitalier Régional de Saint-Louis,Saint-Louis,Saint-Louis,540,387,2024-02-20,64,35,22,3,518,362,47,1.55,Choléra,48,4,46.77,20.28,modéré,34.3,40.8,3491.7,False,0.87,0.92,0.05,167.8,26.3
8,Centre Hospitalier Régional de Saint-Louis,Saint-Louis,Saint-Louis,540,387,2024-02-21,51,6,139,7,401,344,34,2.67,Covid-19,24,0,31.68,8.79,faible,27.9,69.9,1072.8,False,0.56,0.65,0.03,21.5,7.8
8,Centre Hospitalier Régional de Saint-Louis,Saint-Louis,Saint-Louis,540,387,2024-02-22,20,72,405,19,135,382,42,2.89,Choléra,21,2,52.96,8.74,faible,38.4,46.6,411.4,False,0.32,0.94,0.14,48.0,43.0
8,Centre Hospitalier Régional de Saint-Louis,Saint-Louis,Saint-Louis,540,387,2024-02-23,20,49,136,9,404,347,27,1.81,Grippe,7,8,54.36,10.11,faible,32.2,59.2,3618.5,False,0.75,0.42,0.08,143.9,55.2
8,Centre Hospitalier Régional de Saint-Louis,Saint-Louis,Saint-Louis,540,387,2024-02-24,97,60,147,17,393,378,4,2.64,Covid-19,53,1,56.12,20.66,modéré,32.2,75.3,132.1,False,0.45,0.67,0.07,40.0,10.6
8,Centre Hospitalier Régional de Saint-Louis,Saint-Louis,Saint-Louis,540,387,2024-02-25,71,66,249,5,291,366,15,0.15,Covid-19,15,7,83.22,22.79,faible,30.6,78.5,1410.5,False,0.95,0.35,0.12,60.2,34.9
8,Centre Hospitalier Régional de Saint-Louis,Saint-Louis,Saint-Louis,540,387,2024-02-26,71,72,527,24,13,359,38,3.2,Choléra,117,8,70.49,9.83,élevé,36.8,85.2,2271.9,True,0.7,0.49,0.15,83.3,24.3
8,Centre Hospitalier Régional de Saint-Louis,Saint-Louis,Saint-Louis,540,387,2024-02-27,100,37,315,11,225,377,36,0.76,Covid-19,31,1,39.75,19.89,modéré,32.8,76.1,3548.5,False,0.22,0.61,0.05,24.2,31.1
8,Centre Hospitalier Régional de Saint-Louis,Saint-Louis,Saint-Louis,540,387,2024-02-28,78,47,144,19,396,342,60,2.82,Dengue,38,9,85.35,17.82,modéré,25.3,49.2,3303.2,False,0.39,0.55,0.08,24.5,21.3
8,Centre Hospitalier Régional de Saint-Louis,Saint-Louis,Saint-Louis,540,387,2024-02-29,95,50,165,23,375,338,36,0.33,Dengue,80,4,67.92,10.44,élevé,32.8,74.3,4737.6,False,0.21,0.68,0.03,48.2,43.2
8,Centre Hospitalier Régional de Saint-Louis,Saint-Louis,Saint-Louis,540,387,2024-03-01,42,34,352,8,188,344,4,3.57,Choléra,5,10,81.59,20.67,faible,32.4,87.2,2815.3,False,0.65,0.99,0.19,48.2,43.9
8,Centre Hospitalier Régional de Saint-Louis,Saint-Louis,Saint-Louis,540,387,2024-03-02,59,87,62,2,478,364,45,2.19,Choléra,37,0,51.39,5.48,modéré,23.3,70.4,1222.6,False,0.92,0.74,0.18,122.1,39.5
8,Centre Hospitalier Régional de Saint-Louis,Saint-Louis,Saint-Louis,540,387,2024-03-03,39,31,504,25,36,377,37,2.4,Grippe,37,9,62.98,14.43,modéré,24.3,58.1,2967.2,False,0.37,0.84,0.19,96.9,36.2
8,Centre Hospitalier Régional de Saint-Louis,Saint-Louis,Saint-Louis,540,387,2024-03-04,29,61,310,11,230,386,39,3.45,Paludisme,95,4,57.32,12.85,élevé,25.3,43.3,2020.2,True,0.49,0.5,0.07,178.5,27.1
8,Centre Hospitalier Régional de Saint-Louis,Saint-Louis,Saint-Louis,540,387,2024-03-05,10,59,498,1,42,358,48,0.46,Paludisme,107,3,83.46,11.02,élevé,31.3,85.9,4685.1,True,0.82,0.82,0.03,153.0,16.1
8,Centre Hospitalier Régional de Saint-Louis,Saint-Louis,Saint-Louis,540,387,2024-03-06,44,85,437,13,103,349,38,1.42,Grippe,67,0,68.35,4.81,modéré,31.4,75.2,402.0,False,0.33,0.33,0.03,178.0,17.3
8,Centre Hospitalier Régional de Saint-Louis,Saint-Louis,Saint-Louis,540,387,2024-03-07,81,29,513,24,27,339,50,3.82,Choléra,65,4,50.19,20.3,modéré,35.9,85.4,2983.9,False,0.62,0.39,0.04,13.9,48.3
8,Centre Hospitalier Régional de Saint-Louis,Saint-Louis,Saint-Louis,540,387,2024-03-08,92,80,59,24,481,345,53,3.23,Dengue,100,0,55.37,17.13,élevé,24.6,54.3,3889.3,True,0.54,0.45,0.03,151.5,35.8
8,Centre Hospitalier Régional de Saint-Louis,Saint-Louis,Saint-Louis,540,387,2024-03-09,15,59,133,6,407,338,4,1.85,Dengue,70,6,74.87,26.91,modéré,37.9,73.5,2079.5,False,0.84,0.69,0.12,96.7,26.3
8,Centre Hospitalier Régional de Saint-Louis,Saint-Louis,Saint-Louis,540,387,2024-03-10,28,50,34,8,506,338,32,2.23,Paludisme,14,5,75.98,27.44,faible,24.7,79.6,955.2,False,0.36,0.88,0.1,141.5,14.6
8,Centre Hospitalier Régional de Saint-Louis,Saint-Louis,Saint-Louis,540,387,2024-03-11,67,33,443,20,97,360,8,1.3,Grippe,20,5,92.07,8.62,faible,38.2,71.0,153.2,False,0.24,0.49,0.18,27.0,54.5
8,Centre Hospitalier Régional de Saint-Louis,Saint-Louis,Saint-Louis,540,387,2024-03-12,35,5,507,23,33,381,20,2.82,Paludisme,85,7,56.51,17.4,élevé,27.2,54.4,3505.3,True,0.46,0.38,0.02,147.3,23.9
8,Centre Hospitalier Régional de Saint-Louis,Saint-Louis,Saint-Louis,540,387,2024-03-13,64,5,306,0,234,378,30,0.17,Paludisme,34,0,49.72,6.69,modéré,28.1,87.3,2629.5,False,0.3,0.83,0.02,144.9,19.3
8,Centre Hospitalier Régional de Saint-Louis,Saint-Louis,Saint-Louis,540,387,2024-03-14,53,51,419,5,121,373,16,3.85,Dengue,56,6,43.78,21.78,modéré,38.4,42.4,4345.4,False,0.33,0.99,0.0,65.9,54.2
8,Centre Hospitalier Régional de Saint-Louis,Saint-Louis,Saint-Louis,540,387,2024-03-15,29,89,247,15,293,349,31,0.63,Grippe,32,1,85.34,23.43,modéré,37.1,41.7,3267.3,False,0.86,0.74,0.16,68.0,55.7
8,Centre Hospitalier Régional de Saint-Louis,Saint-Louis,Saint-Louis,540,387,2024-03-16,63,69,465,9,75,338,38,0.6,Paludisme,94,4,43.24,1.21,élevé,23.8,65.2,675.7,True,0.66,0.76,0.1,108.1,47.7
8,Centre Hospitalier Régional de Saint-Louis,Saint-Louis,Saint-Louis,540,387,2024-03-17,48,60,236,17,304,366,0,3.94,Choléra,59,5,66.04,6.68,modéré,23.4,71.1,3887.7,False,0.9,0.42,0.0,137.6,49.1
8,Centre Hospitalier Régional de Saint-Louis,Saint-Louis,Saint-Louis,540,387,2024-03-18,62,41,310,2,230,364,14,2.69,Grippe,29,0,56.16,18.36,faible,27.2,83.5,1902.7,False,0.74,0.41,0.01,164.0,38.5
8,Centre Hospitalier Régional de Saint-Louis,Saint-Louis,Saint-Louis,540,387,2024-03-19,35,88,22,6,518,366,56,2.24,Choléra,45,10,61.09,4.44,modéré,32.7,84.8,618.9,False,0.22,0.43,0.04,117.0,49.1
8,Centre Hospitalier Régional de Saint-Louis,Saint-Louis,Saint-Louis,540,387,2024-03-20,69,49,442,25,98,360,38,0.14,Covid-19,26,7,86.86,25.86,faible,26.3,43.4,986.2,False,0.79,0.88,0.03,5.5,58.6
8,Centre Hospitalier Régional de Saint-Louis,Saint-Louis,Saint-Louis,540,387,2024-03-21,16,54,31,25,509,382,27,2.12,Covid-19,17,6,73.43,1.05,faible,37.7,63.6,506.8,False,0.23,0.62,0.06,43.9,6.2
8,Centre Hospitalier Régional de Saint-Louis,Saint-Louis,Saint-Louis,540,387,2024-03-22,30,47,121,11,419,360,45,0.5,Grippe,45,1,59.32,24.97,modéré,31.5,71.3,4723.6,False,0.56,0.57,0.15,164.4,42.3
8,Centre Hospitalier Régional de Saint-Louis,Saint-Louis,Saint-Louis,540,387,2024-03-23,20,33,184,9,356,381,26,2.64,Grippe,87,9,92.29,26.77,élevé,35.5,57.7,2488.0,True,0.3,0.81,0.11,115.5,9.2
8,Centre Hospitalier Régional de Saint-Louis,Saint-Louis,Saint-Louis,540,387,2024-03-24,73,52,48,15,492,354,20,2.23,Grippe,32,6,94.28,8.97,modéré,29.6,78.4,4373.8,False,0.49,0.83,0.2,97.2,43.1
8,Centre Hospitalier Régional de Saint-Louis,Saint-Louis,Saint-Louis,540,387,2024-03-25,17,31,77,19,463,371,49,0.65,Dengue,9,10,64.58,19.79,faible,28.1,86.6,4903.2,False,0.74,0.54,0.14,165.1,51.0
8,Centre Hospitalier Régional de Saint-Louis,Saint-Louis,Saint-Louis,540,387,2024-03-26,95,22,158,20,382,387,11,0.33,Choléra,81,6,74.17,2.86,élevé,32.9,79.7,4933.7,True,0.59,0.73,0.09,137.9,59.1
8,Centre Hospitalier Régional de Saint-Louis,Saint-Louis,Saint-Louis,540,387,2024-03-27,12,11,347,9,193,357,47,2.1,Covid-19,41,9,77.36,8.7,modéré,34.5,44.2,1437.7,False,0.69,0.51,0.06,83.2,29.4
8,Centre Hospitalier Régional de Saint-Louis,Saint-Louis,Saint-Louis,540,387,2024-03-28,92,78,351,16,189,349,50,0.39,Grippe,58,0,35.79,22.35,modéré,31.1,61.3,1355.5,False,0.78,0.71,0.17,77.4,32.0
8,Centre Hospitalier Régional de Saint-Louis,Saint-Louis,Saint-Louis,540,387,2024-03-29,65,60,494,11,46,376,56,3.68,Paludisme,62,5,53.25,4.32,modéré,33.6,77.5,709.0,False,0.84,0.63,0.09,171.3,12.6
8,Centre Hospitalier Régional de Saint-Louis,Saint-Louis,Saint-Louis,540,387,2024-03-30,11,38,81,6,459,348,3,0.74,Dengue,90,0,41.98,7.72,élevé,29.8,40.5,4821.9,True,0.75,0.87,0.1,117.0,59.5
8,Centre Hospitalier Régional de Saint-Louis,Saint-Louis,Saint-Louis,540,387,2024-03-31,56,58,214,22,326,341,22,1.0,Covid-19,0,6,51.78,14.93,faible,30.9,67.6,3858.9,False,0.39,0.78,0.04,108.0,22.5
8,Centre Hospitalier Régional de Saint-Louis,Saint-Louis,Saint-Louis,540,387,2024-04-01,15,34,504,19,36,359,48,2.53,Paludisme,28,9,58.17,21.34,faible,35.6,83.3,374.8,False,0.5,0.97,0.07,92.3,27.9
8,Centre Hospitalier Régional de Saint-Louis,Saint-Louis,Saint-Louis,540,387,2024-04-02,72,41,302,19,238,366,43,2.05,Paludisme,47,5,55.18,14.96,modéré,24.0,53.4,3419.9,False,0.97,0.82,0.12,131.0,32.6
8,Centre Hospitalier Régional de Saint-Louis,Saint-Louis,Saint-Louis,540,387,2024-04-03,12,20,486,19,54,376,46,3.02,Paludisme,20,0,71.42,20.3,faible,34.9,77.4,3831.4,False,0.6,0.44,0.1,175.1,34.6
8,Centre Hospitalier Régional de Saint-Louis,Saint-Louis,Saint-Louis,540,387,2024-04-04,95,11,477,11,63,363,13,2.85,Covid-19,107,9,47.74,8.58,élevé,24.1,79.3,2173.9,True,0.26,0.65,0.15,36.4,4.8
8,Centre Hospitalier Régional de Saint-Louis,Saint-Louis,Saint-Louis,540,387,2024-04-05,41,29,107,14,433,345,20,3.04,Covid-19,103,5,42.31,19.5,élevé,29.3,49.9,4111.9,True,0.92,0.74,0.16,32.7,33.7
8,Centre Hospitalier Régional de Saint-Louis,Saint-Louis,Saint-Louis,540,387,2024-04-06,100,82,382,23,158,382,21,3.65,Dengue,69,5,85.65,3.59,modéré,35.3,46.2,2413.5,False,0.6,0.34,0.0,31.8,35.7
8,Centre Hospitalier Régional de Saint-Louis,Saint-Louis,Saint-Louis,540,387,2024-04-07,85,43,489,10,51,356,1,2.01,Dengue,70,9,80.64,9.08,modéré,22.7,89.7,2401.1,False,0.45,0.73,0.07,35.0,8.5
8,Centre Hospitalier Régional de Saint-Louis,Saint-Louis,Saint-Louis,540,387,2024-04-08,28,72,82,3,458,353,41,3.09,Paludisme,30,2,80.66,7.61,modéré,33.6,86.9,4401.1,False,0.71,0.61,0.19,114.0,7.0
8,Centre Hospitalier Régional de Saint-Louis,Saint-Louis,Saint-Louis,540,387,2024-04-09,36,9,458,4,82,362,39,3.42,Paludisme,21,0,48.42,28.92,faible,25.4,74.6,4344.8,False,0.61,0.66,0.06,119.4,35.7
8,Centre Hospitalier Régional de Saint-Louis,Saint-Louis,Saint-Louis,540,387,2024-04-10,67,10,236,3,304,354,59,3.08,Paludisme,109,3,76.61,9.64,élevé,33.7,41.6,1455.8,True,0.4,0.98,0.01,99.7,58.5
8,Centre Hospitalier Régional de Saint-Louis,Saint-Louis,Saint-Louis,540,387,2024-04-11,86,78,167,20,373,341,17,3.18,Grippe,94,0,51.39,18.96,élevé,38.6,40.5,640.8,True,0.38,0.92,0.15,174.3,47.3
8,Centre Hospitalier Régional de Saint-Louis,Saint-Louis,Saint-Louis,540,387,2024-04-12,31,9,117,24,423,375,37,2.8,Grippe,63,0,30.22,5.24,modéré,29.5,51.7,1199.4,False,0.91,0.52,0.05,95.8,5.7
8,Centre Hospitalier Régional de Saint-Louis,Saint-Louis,Saint-Louis,540,387,2024-04-13,54,34,329,7,211,348,39,1.51,Grippe,64,5,37.97,12.89,modéré,32.2,74.7,1232.1,False,0.69,0.7,0.03,5.7,20.0
8,Centre Hospitalier Régional de Saint-Louis,Saint-Louis,Saint-Louis,540,387,2024-04-14,97,22,397,22,143,356,33,1.89,Covid-19,19,8,63.84,26.04,faible,32.9,62.1,2625.5,False,0.32,0.37,0.1,59.3,38.0
8,Centre Hospitalier Régional de Saint-Louis,Saint-Louis,Saint-Louis,540,387,2024-04-15,94,72,245,0,295,382,28,1.39,Dengue,69,2,49.01,6.96,modéré,37.3,52.8,3748.2,False,0.66,0.55,0.09,13.6,34.7
8,Centre Hospitalier Régional de Saint-Louis,Saint-Louis,Saint-Louis,540,387,2024-04-16,37,9,220,19,320,373,55,2.76,Choléra,43,4,77.84,18.71,modéré,36.7,55.9,2581.4,False,0.63,0.53,0.15,24.1,46.7
8,Centre Hospitalier Régional de Saint-Louis,Saint-Louis,Saint-Louis,540,387,2024-04-17,54,41,342,1,198,381,52,1.65,Grippe,115,8,82.27,15.16,élevé,25.6,71.5,2250.4,True,0.58,0.95,0.02,94.7,47.4
8,Centre Hospitalier Régional de Saint-Louis,Saint-Louis,Saint-Louis,540,387,2024-04-18,25,63,91,6,449,377,28,3.86,Covid-19,32,6,84.38,4.22,modéré,35.5,82.8,2417.2,False,0.37,0.48,0.08,58.6,23.6
8,Centre Hospitalier Régional de Saint-Louis,Saint-Louis,Saint-Louis,540,387,2024-04-19,90,31,141,17,399,351,5,0.26,Covid-19,8,3,91.24,9.43,faible,36.9,47.2,2551.7,False,0.31,0.99,0.01,119.6,55.6
8,Centre Hospitalier Régional de Saint-Louis,Saint-Louis,Saint-Louis,540,387,2024-04-20,31,44,421,21,119,340,44,2.95,Choléra,35,2,82.68,26.8,modéré,26.6,58.6,2320.5,False,0.55,0.74,0.15,110.5,33.6
8,Centre Hospitalier Régional de Saint-Louis,Saint-Louis,Saint-Louis,540,387,2024-04-21,95,72,205,11,335,379,10,3.91,Dengue,52,6,85.04,29.85,modéré,37.1,43.8,3841.2,False,0.99,0.74,0.06,119.1,38.7
8,Centre Hospitalier Régional de Saint-Louis,Saint-Louis,Saint-Louis,540,387,2024-04-22,51,82,331,8,209,382,19,1.79,Grippe,88,4,62.32,25.83,élevé,28.2,61.1,1038.6,True,0.37,0.4,0.03,164.3,19.1
8,Centre Hospitalier Régional de Saint-Louis,Saint-Louis,Saint-Louis,540,387,2024-04-23,34,66,215,8,325,382,4,3.13,Covid-19,67,3,65.99,12.03,modéré,28.3,45.1,4079.5,False,0.55,0.72,0.11,34.7,10.2
8,Centre Hospitalier Régional de Saint-Louis,Saint-Louis,Saint-Louis,540,387,2024-04-24,48,65,254,22,286,387,26,2.99,Choléra,40,3,71.06,22.86,modéré,31.3,66.2,2964.4,False,0.7,0.39,0.0,160.5,29.3
8,Centre Hospitalier Régional de Saint-Louis,Saint-Louis,Saint-Louis,540,387,2024-04-25,90,55,329,25,211,338,18,2.4,Paludisme,55,1,91.24,27.48,modéré,26.8,76.8,2055.5,False,0.36,0.89,0.13,129.1,57.1
8,Centre Hospitalier Régional de Saint-Louis,Saint-Louis,Saint-Louis,540,387,2024-04-26,47,78,171,12,369,350,37,0.35,Dengue,54,2,85.38,13.71,modéré,33.3,51.6,4957.7,False,0.9,0.98,0.01,26.7,15.5
8,Centre Hospitalier Régional de Saint-Louis,Saint-Louis,Saint-Louis,540,387,2024-04-27,67,87,303,2,237,387,46,1.44,Choléra,26,6,47.11,25.14,faible,31.4,49.3,1055.6,False,0.39,0.36,0.08,42.8,31.4
8,Centre Hospitalier Régional de Saint-Louis,Saint-Louis,Saint-Louis,540,387,2024-04-28,59,62,362,3,178,358,25,3.77,Choléra,4,9,64.84,3.21,faible,23.7,41.2,3813.4,False,0.53,0.85,0.09,78.9,51.2
8,Centre Hospitalier Régional de Saint-Louis,Saint-Louis,Saint-Louis,540,387,2024-04-29,70,55,207,14,333,353,54,0.58,Paludisme,89,7,86.82,29.77,élevé,37.9,80.1,374.8,True,0.58,0.9,0.03,163.7,39.9
8,Centre Hospitalier Régional de Saint-Louis,Saint-Louis,Saint-Louis,540,387,2024-04-30,55,71,500,7,40,381,43,2.56,Paludisme,66,3,68.81,27.02,modéré,29.6,80.4,823.5,False,0.82,0.57,0.08,106.6,24.6
8,Centre Hospitalier Régional de Saint-Louis,Saint-Louis,Saint-Louis,540,387,2024-05-01,68,34,370,12,170,360,60,2.53,Paludisme,14,8,39.41,21.02,faible,23.7,45.6,652.2,False,0.73,0.35,0.05,94.1,4.9
8,Centre Hospitalier Régional de Saint-Louis,Saint-Louis,Saint-Louis,540,387,2024-05-02,10,64,323,2,217,342,31,0.9,Paludisme,61,6,50.25,22.69,modéré,34.0,74.6,1340.5,False,0.46,0.93,0.08,105.8,14.6
8,Centre Hospitalier Régional de Saint-Louis,Saint-Louis,Saint-Louis,540,387,2024-05-03,95,46,357,22,183,381,58,3.24,Covid-19,88,10,72.47,28.72,élevé,26.4,49.9,1569.5,True,0.73,0.63,0.07,118.5,43.3
8,Centre Hospitalier Régional de Saint-Louis,Saint-Louis,Saint-Louis,540,387,2024-05-04,44,65,435,19,105,371,10,2.44,Choléra,33,4,75.33,14.6,modéré,28.6,67.9,4675.9,False,0.55,0.55,0.15,60.7,32.2
8,Centre Hospitalier Régional de Saint-Louis,Saint-Louis,Saint-Louis,540,387,2024-05-05,41,8,379,2,161,340,18,1.53,Grippe,99,8,92.44,8.54,élevé,29.1,88.1,3389.8,True,0.52,0.3,0.14,70.2,56.8
8,Centre Hospitalier Régional de Saint-Louis,Saint-Louis,Saint-Louis,540,387,2024-05-06,34,53,100,15,440,346,4,0.25,Dengue,95,8,64.08,18.43,élevé,33.6,54.8,1911.8,True,0.82,0.96,0.09,165.7,50.8
8,Centre Hospitalier Régional de Saint-Louis,Saint-Louis,Saint-Louis,540,387,2024-05-07,74,50,67,16,473,380,29,0.35,Choléra,24,0,48.86,14.97,faible,34.0,81.6,4460.5,False,0.89,0.65,0.19,131.1,23.1
8,Centre Hospitalier Régional de Saint-Louis,Saint-Louis,Saint-Louis,540,387,2024-05-08,78,53,466,22,74,341,45,2.56,Covid-19,78,5,89.0,12.43,modéré,26.5,63.5,1297.2,False,0.68,0.73,0.14,128.2,9.6
8,Centre Hospitalier Régional de Saint-Louis,Saint-Louis,Saint-Louis,540,387,2024-05-09,74,32,44,24,496,358,20,1.55,Grippe,96,2,72.1,11.49,élevé,22.3,56.5,4078.7,True,0.6,0.98,0.14,141.1,29.2
8,Centre Hospitalier Régional de Saint-Louis,Saint-Louis,Saint-Louis,540,387,2024-05-10,56,32,333,4,207,376,34,0.51,Paludisme,15,6,47.84,20.94,faible,24.9,43.6,2135.8,False,0.9,0.46,0.19,134.9,22.3
8,Centre Hospitalier Régional de Saint-Louis,Saint-Louis,Saint-Louis,540,387,2024-05-11,54,57,113,14,427,386,33,2.83,Grippe,15,10,36.14,16.7,faible,25.5,68.1,2636.0,False,0.6,0.96,0.06,68.1,30.0
8,Centre Hospitalier Régional de Saint-Louis,Saint-Louis,Saint-Louis,540,387,2024-05-12,17,60,27,4,513,346,24,1.68,Choléra,54,10,63.58,19.6,modéré,22.9,69.0,169.0,False,0.61,0.33,0.08,120.2,10.9
8,Centre Hospitalier Régional de Saint-Louis,Saint-Louis,Saint-Louis,540,387,2024-05-13,16,17,236,24,304,346,11,2.06,Dengue,66,5,38.34,26.55,modéré,31.1,71.9,2625.7,False,0.28,0.99,0.07,58.2,14.9
8,Centre Hospitalier Régional de Saint-Louis,Saint-Louis,Saint-Louis,540,387,2024-05-14,24,16,305,0,235,373,27,0.12,Covid-19,117,10,82.78,9.55,élevé,27.0,42.5,2249.9,True,0.88,0.74,0.09,99.6,53.5
8,Centre Hospitalier Régional de Saint-Louis,Saint-Louis,Saint-Louis,540,387,2024-05-15,80,57,168,0,372,362,39,1.7,Dengue,15,10,39.25,14.54,faible,31.2,50.4,2548.3,False,0.29,0.39,0.12,61.6,4.2
8,Centre Hospitalier Régional de Saint-Louis,Saint-Louis,Saint-Louis,540,387,2024-05-16,87,18,454,10,86,370,8,2.79,Covid-19,85,10,90.71,23.74,élevé,25.4,67.9,4790.0,True,0.48,0.77,0.07,109.9,15.7
8,Centre Hospitalier Régional de Saint-Louis,Saint-Louis,Saint-Louis,540,387,2024-05-17,92,46,190,9,350,341,25,1.72,Grippe,94,5,32.76,13.49,élevé,33.4,81.4,2149.8,True,0.56,0.71,0.2,78.6,51.0
8,Centre Hospitalier Régional de Saint-Louis,Saint-Louis,Saint-Louis,540,387,2024-05-18,98,33,193,24,347,363,31,1.35,Dengue,76,8,87.06,9.59,modéré,24.4,70.7,4746.0,False,0.89,0.95,0.04,54.1,46.6
8,Centre Hospitalier Régional de Saint-Louis,Saint-Louis,Saint-Louis,540,387,2024-05-19,95,40,392,18,148,354,47,1.84,Covid-19,36,4,31.38,27.16,modéré,26.3,45.0,3126.5,False,0.46,0.91,0.03,125.5,35.7
8,Centre Hospitalier Régional de Saint-Louis,Saint-Louis,Saint-Louis,540,387,2024-05-20,92,40,113,23,427,360,47,1.62,Dengue,103,6,86.06,1.86,élevé,29.2,57.8,2428.7,True,0.81,0.5,0.11,126.0,39.1
8,Centre Hospitalier Régional de Saint-Louis,Saint-Louis,Saint-Louis,540,387,2024-05-21,45,89,366,21,174,366,36,1.98,Choléra,22,6,49.96,9.98,faible,25.7,89.8,2708.1,False,0.28,0.79,0.09,19.5,36.4
8,Centre Hospitalier Régional de Saint-Louis,Saint-Louis,Saint-Louis,540,387,2024-05-22,74,7,129,12,411,358,17,2.77,Covid-19,12,3,49.87,9.66,faible,27.6,77.6,2757.7,False,0.39,0.6,0.0,113.2,11.7
8,Centre Hospitalier Régional de Saint-Louis,Saint-Louis,Saint-Louis,540,387,2024-05-23,72,38,358,15,182,367,58,2.82,Dengue,11,10,81.18,29.74,faible,29.1,74.5,4561.2,False,0.54,0.73,0.12,98.4,11.2
8,Centre Hospitalier Régional de Saint-Louis,Saint-Louis,Saint-Louis,540,387,2024-05-24,19,6,320,13,220,387,12,2.5,Covid-19,109,9,30.27,26.46,élevé,29.7,70.4,3340.2,True,0.56,0.34,0.05,112.8,6.6
8,Centre Hospitalier Régional de Saint-Louis,Saint-Louis,Saint-Louis,540,387,2024-05-25,27,12,314,3,226,361,42,3.47,Grippe,114,1,54.84,15.19,élevé,34.2,75.6,1753.6,True,0.4,0.49,0.11,80.2,7.1
8,Centre Hospitalier Régional de Saint-Louis,Saint-Louis,Saint-Louis,540,387,2024-05-26,38,22,44,13,496,360,41,0.51,Grippe,57,2,34.61,25.27,modéré,32.9,75.0,4803.1,False,0.67,0.96,0.19,49.1,8.4
8,Centre Hospitalier Régional de Saint-Louis,Saint-Louis,Saint-Louis,540,387,2024-05-27,97,80,413,21,127,381,43,2.39,Choléra,76,0,72.63,4.32,modéré,36.9,75.9,583.2,False,0.43,0.82,0.2,37.8,37.8
8,Centre Hospitalier Régional de Saint-Louis,Saint-Louis,Saint-Louis,540,387,2024-05-28,55,82,387,1,153,352,43,3.74,Paludisme,10,3,76.36,26.96,faible,34.7,49.3,4679.1,False,0.27,0.5,0.19,117.9,6.5
8,Centre Hospitalier Régional de Saint-Louis,Saint-Louis,Saint-Louis,540,387,2024-05-29,95,25,315,23,225,345,45,1.93,Dengue,64,9,45.42,18.8,modéré,23.8,41.9,1802.5,False,0.35,0.99,0.02,7.7,18.2
8,Centre Hospitalier Régional de Saint-Louis,Saint-Louis,Saint-Louis,540,387,2024-05-30,94,57,320,4,220,353,10,3.38,Paludisme,64,3,88.88,19.5,modéré,24.4,53.1,3853.8,False,0.93,0.34,0.14,119.0,34.8
8,Centre Hospitalier Régional de Saint-Louis,Saint-Louis,Saint-Louis,540,387,2024-05-31,13,17,388,4,152,384,0,0.81,Paludisme,48,0,32.89,15.9,modéré,24.8,40.7,2727.5,False,0.97,0.89,0.13,60.9,5.7
8,Centre Hospitalier Régional de Saint-Louis,Saint-Louis,Saint-Louis,540,387,2024-06-01,36,71,183,13,357,368,46,2.05,Grippe,75,4,77.3,3.52,modéré,24.6,42.1,1989.8,False,0.5,0.3,0.13,85.2,26.8
8,Centre Hospitalier Régional de Saint-Louis,Saint-Louis,Saint-Louis,540,387,2024-06-02,48,8,253,5,287,358,51,3.91,Covid-19,37,2,53.84,29.07,modéré,32.1,83.5,3113.5,False,0.39,0.36,0.01,82.3,10.9
8,Centre Hospitalier Régional de Saint-Louis,Saint-Louis,Saint-Louis,540,387,2024-06-03,85,75,371,23,169,341,0,3.28,Choléra,99,9,46.75,7.4,élevé,23.0,42.0,1311.7,True,0.57,0.36,0.07,111.1,44.7
8,Centre Hospitalier Régional de Saint-Louis,Saint-Louis,Saint-Louis,540,387,2024-06-04,42,60,225,21,315,379,38,1.48,Grippe,92,0,31.03,29.26,élevé,28.6,59.2,4020.5,True,0.53,0.84,0.04,51.4,38.1
8,Centre Hospitalier Régional de Saint-Louis,Saint-Louis,Saint-Louis,540,387,2024-06-05,93,21,527,5,13,379,48,3.53,Dengue,72,2,63.24,15.6,modéré,24.8,85.6,549.5,False,0.66,0.59,0.13,68.1,8.9
8,Centre Hospitalier Régional de Saint-Louis,Saint-Louis,Saint-Louis,540,387,2024-06-06,79,16,20,23,520,353,2,2.74,Covid-19,59,5,93.53,19.82,modéré,25.1,86.4,1840.4,False,0.5,0.46,0.17,26.5,14.9
8,Centre Hospitalier Régional de Saint-Louis,Saint-Louis,Saint-Louis,540,387,2024-06-07,27,26,232,13,308,386,2,0.56,Covid-19,98,5,59.59,22.96,élevé,23.5,44.9,4131.4,True,0.59,0.96,0.1,102.8,46.2
8,Centre Hospitalier Régional de Saint-Louis,Saint-Louis,Saint-Louis,540,387,2024-06-08,69,65,244,12,296,356,27,3.16,Covid-19,49,10,48.06,21.04,modéré,36.3,70.4,4222.4,False,0.39,0.78,0.14,68.0,47.3
8,Centre Hospitalier Régional de Saint-Louis,Saint-Louis,Saint-Louis,540,387,2024-06-09,37,41,104,4,436,353,52,3.23,Choléra,40,5,82.44,11.81,modéré,33.4,87.2,2958.6,False,0.89,0.75,0.06,52.9,7.5
8,Centre Hospitalier Régional de Saint-Louis,Saint-Louis,Saint-Louis,540,387,2024-06-10,18,47,157,1,383,342,32,1.16,Paludisme,115,0,72.75,22.82,élevé,31.2,60.5,4647.6,True,0.37,0.37,0.13,64.6,56.4
8,Centre Hospitalier Régional de Saint-Louis,Saint-Louis,Saint-Louis,540,387,2024-06-11,76,36,200,0,340,349,45,3.11,Choléra,59,7,45.89,3.16,modéré,38.0,57.7,1621.3,False,0.95,0.98,0.1,159.0,4.7
8,Centre Hospitalier Régional de Saint-Louis,Saint-Louis,Saint-Louis,540,387,2024-06-12,99,55,115,20,425,357,3,1.24,Paludisme,32,7,53.85,2.57,modéré,36.5,74.3,2060.3,False,0.81,0.79,0.19,159.9,39.8
8,Centre Hospitalier Régional de Saint-Louis,Saint-Louis,Saint-Louis,540,387,2024-06-13,52,89,185,1,355,381,41,3.1,Choléra,59,5,52.77,18.13,modéré,34.7,80.8,4661.5,False,0.34,0.77,0.0,12.4,24.9
8,Centre Hospitalier Régional de Saint-Louis,Saint-Louis,Saint-Louis,540,387,2024-06-14,93,74,475,19,65,387,46,3.42,Choléra,25,5,62.51,2.69,faible,36.1,65.0,859.4,False,0.58,0.44,0.02,109.6,13.6
8,Centre Hospitalier Régional de Saint-Louis,Saint-Louis,Saint-Louis,540,387,2024-06-15,91,14,360,10,180,360,7,1.67,Covid-19,2,1,59.27,13.33,faible,23.7,73.3,2071.6,False,0.93,0.98,0.1,150.5,21.2
8,Centre Hospitalier Régional de Saint-Louis,Saint-Louis,Saint-Louis,540,387,2024-06-16,70,39,380,7,160,345,39,3.41,Dengue,71,5,74.19,4.31,modéré,22.6,52.0,4391.7,False,0.66,0.37,0.01,140.3,32.8
8,Centre Hospitalier Régional de Saint-Louis,Saint-Louis,Saint-Louis,540,387,2024-06-17,61,33,144,23,396,383,5,0.8,Grippe,105,8,32.96,17.5,élevé,25.7,83.3,1983.4,True,0.32,0.62,0.11,108.5,12.5
8,Centre Hospitalier Régional de Saint-Louis,Saint-Louis,Saint-Louis,540,387,2024-06-18,45,18,227,9,313,348,42,3.68,Grippe,39,8,72.19,9.56,modéré,27.1,40.9,4513.8,False,0.7,0.39,0.02,127.7,16.1
8,Centre Hospitalier Régional de Saint-Louis,Saint-Louis,Saint-Louis,540,387,2024-06-19,18,42,270,15,270,366,33,1.82,Paludisme,68,7,52.73,16.75,modéré,32.9,90.0,2860.2,False,0.26,0.77,0.11,174.3,38.8
8,Centre Hospitalier Régional de Saint-Louis,Saint-Louis,Saint-Louis,540,387,2024-06-20,21,86,417,8,123,343,42,1.48,Paludisme,51,2,52.65,29.68,modéré,35.9,59.0,2423.6,False,0.46,0.99,0.2,20.4,56.2
8,Centre Hospitalier Régional de Saint-Louis,Saint-Louis,Saint-Louis,540,387,2024-06-21,35,45,480,16,60,387,60,0.35,Paludisme,88,0,44.59,8.18,élevé,34.9,44.1,1001.8,True,0.26,0.69,0.19,78.0,57.8
8,Centre Hospitalier Régional de Saint-Louis,Saint-Louis,Saint-Louis,540,387,2024-06-22,70,5,441,8,99,383,48,2.6,Covid-19,20,1,86.06,26.68,faible,32.8,67.1,1662.2,False,0.31,0.69,0.17,42.7,14.0
8,Centre Hospitalier Régional de Saint-Louis,Saint-Louis,Saint-Louis,540,387,2024-06-23,33,60,311,7,229,386,54,2.99,Choléra,109,8,75.26,22.04,élevé,35.6,84.0,3591.5,True,0.29,0.97,0.08,145.1,3.4
8,Centre Hospitalier Régional de Saint-Louis,Saint-Louis,Saint-Louis,540,387,2024-06-24,14,54,136,4,404,350,38,3.9,Grippe,77,8,67.16,28.81,modéré,27.9,74.9,637.3,False,0.37,0.34,0.12,125.1,7.0
8,Centre Hospitalier Régional de Saint-Louis,Saint-Louis,Saint-Louis,540,387,2024-06-25,38,78,452,20,88,368,46,2.71,Covid-19,74,6,33.1,7.18,modéré,22.0,85.9,199.6,False,0.57,0.37,0.12,107.3,42.1
8,Centre Hospitalier Régional de Saint-Louis,Saint-Louis,Saint-Louis,540,387,2024-06-26,18,87,428,5,112,377,50,1.91,Dengue,6,8,66.89,6.28,faible,37.4,46.3,620.5,False,0.54,0.39,0.0,60.5,37.1
8,Centre Hospitalier Régional de Saint-Louis,Saint-Louis,Saint-Louis,540,387,2024-06-27,27,52,21,6,519,352,49,2.46,Grippe,10,5,47.66,2.25,faible,26.8,52.3,2731.3,False,0.75,0.53,0.13,153.9,3.2
8,Centre Hospitalier Régional de Saint-Louis,Saint-Louis,Saint-Louis,540,387,2024-06-28,46,63,187,8,353,343,46,1.91,Dengue,71,8,67.61,9.25,modéré,35.2,70.1,3147.9,False,0.33,0.68,0.03,6.0,58.9
8,Centre Hospitalier Régional de Saint-Louis,Saint-Louis,Saint-Louis,540,387,2024-06-29,45,58,309,1,231,351,3,0.52,Dengue,97,4,51.32,4.97,élevé,32.0,88.3,628.4,True,0.43,0.66,0.09,34.5,31.8
8,Centre Hospitalier Régional de Saint-Louis,Saint-Louis,Saint-Louis,540,387,2024-06-30,80,88,210,22,330,337,50,3.12,Paludisme,2,0,94.01,14.59,faible,23.4,70.6,3764.4,False,0.66,0.68,0.11,118.0,59.5
8,Centre Hospitalier Régional de Saint-Louis,Saint-Louis,Saint-Louis,540,387,2024-07-01,90,42,269,5,271,358,59,3.57,Choléra,100,1,78.76,20.23,élevé,22.8,52.1,2548.1,True,0.51,0.93,0.0,109.4,25.0
8,Centre Hospitalier Régional de Saint-Louis,Saint-Louis,Saint-Louis,540,387,2024-07-02,66,81,325,20,215,365,2,1.37,Dengue,112,7,59.64,6.08,élevé,32.7,62.6,3368.8,True,0.29,0.66,0.11,168.7,37.4
8,Centre Hospitalier Régional de Saint-Louis,Saint-Louis,Saint-Louis,540,387,2024-07-03,26,71,24,10,516,360,32,1.54,Grippe,88,5,77.62,14.35,élevé,24.0,87.7,1122.5,True,0.62,0.9,0.18,23.6,43.6
8,Centre Hospitalier Régional de Saint-Louis,Saint-Louis,Saint-Louis,540,387,2024-07-04,72,60,463,2,77,382,17,3.89,Choléra,106,8,62.71,7.48,élevé,37.6,79.8,4924.5,True,0.83,0.72,0.07,47.5,43.9
8,Centre Hospitalier Régional de Saint-Louis,Saint-Louis,Saint-Louis,540,387,2024-07-05,64,9,485,10,55,363,51,2.26,Dengue,15,4,94.34,10.47,faible,29.0,48.9,3974.3,False,0.67,0.49,0.13,50.8,57.7
8,Centre Hospitalier Régional de Saint-Louis,Saint-Louis,Saint-Louis,540,387,2024-07-06,49,13,285,1,255,373,55,1.69,Paludisme,28,4,91.41,12.48,faible,26.5,55.7,284.5,False,0.85,0.89,0.08,18.0,41.4
8,Centre Hospitalier Régional de Saint-Louis,Saint-Louis,Saint-Louis,540,387,2024-07-07,12,27,170,9,370,357,44,0.53,Dengue,21,9,52.01,23.14,faible,27.6,48.8,1928.2,False,0.69,0.61,0.2,154.4,40.9
8,Centre Hospitalier Régional de Saint-Louis,Saint-Louis,Saint-Louis,540,387,2024-07-08,61,31,116,10,424,337,34,3.45,Choléra,12,7,49.13,5.8,faible,35.1,89.3,2857.8,False,0.82,0.71,0.03,28.4,22.2
8,Centre Hospitalier Régional de Saint-Louis,Saint-Louis,Saint-Louis,540,387,2024-07-09,24,22,435,14,105,354,40,1.32,Paludisme,35,9,34.43,9.24,modéré,37.6,51.4,2154.8,False,0.39,0.6,0.01,123.2,8.2
8,Centre Hospitalier Régional de Saint-Louis,Saint-Louis,Saint-Louis,540,387,2024-07-10,74,54,406,3,134,340,6,3.71,Covid-19,38,6,38.47,15.78,modéré,32.7,82.5,3158.7,False,0.83,0.84,0.16,109.8,45.3
8,Centre Hospitalier Régional de Saint-Louis,Saint-Louis,Saint-Louis,540,387,2024-07-11,90,55,382,22,158,374,59,0.28,Grippe,72,7,53.1,18.73,modéré,32.8,51.1,939.6,False,0.85,0.94,0.1,87.2,48.9
8,Centre Hospitalier Régional de Saint-Louis,Saint-Louis,Saint-Louis,540,387,2024-07-12,31,68,280,3,260,344,33,1.44,Paludisme,26,4,38.19,14.58,faible,38.4,86.1,540.8,False,0.96,0.9,0.13,83.1,39.0
8,Centre Hospitalier Régional de Saint-Louis,Saint-Louis,Saint-Louis,540,387,2024-07-13,56,7,489,1,51,381,26,2.17,Dengue,35,3,67.19,14.05,modéré,36.8,52.1,3974.3,False,0.35,0.77,0.15,107.4,34.5
8,Centre Hospitalier Régional de Saint-Louis,Saint-Louis,Saint-Louis,540,387,2024-07-14,34,59,497,5,43,339,59,1.73,Grippe,63,5,46.71,11.81,modéré,28.9,55.1,2129.7,False,0.75,0.42,0.12,113.1,25.4
8,Centre Hospitalier Régional de Saint-Louis,Saint-Louis,Saint-Louis,540,387,2024-07-15,52,29,467,23,73,387,6,1.47,Choléra,113,9,48.88,23.86,élevé,35.1,71.8,3225.6,True,0.39,0.62,0.15,146.5,35.7
8,Centre Hospitalier Régional de Saint-Louis,Saint-Louis,Saint-Louis,540,387,2024-07-16,99,61,180,21,360,351,11,3.63,Paludisme,43,10,89.8,19.88,modéré,27.4,62.0,823.4,False,0.55,0.62,0.14,149.4,12.3
8,Centre Hospitalier Régional de Saint-Louis,Saint-Louis,Saint-Louis,540,387,2024-07-17,51,71,78,10,462,380,19,0.34,Covid-19,51,1,36.24,3.19,modéré,25.2,60.6,2741.8,False,0.63,0.97,0.04,157.4,7.0
8,Centre Hospitalier Régional de Saint-Louis,Saint-Louis,Saint-Louis,540,387,2024-07-18,48,63,378,13,162,367,25,2.31,Paludisme,63,3,33.06,12.34,modéré,37.9,59.6,1998.3,False,0.21,0.92,0.09,63.1,14.6
8,Centre Hospitalier Régional de Saint-Louis,Saint-Louis,Saint-Louis,540,387,2024-07-19,72,36,209,18,331,337,35,1.68,Paludisme,61,5,61.62,20.94,modéré,24.7,88.7,3825.5,False,0.62,0.56,0.11,157.1,42.6
8,Centre Hospitalier Régional de Saint-Louis,Saint-Louis,Saint-Louis,540,387,2024-07-20,86,85,137,0,403,382,12,0.87,Grippe,105,7,72.1,18.34,élevé,25.0,81.9,2699.5,True,0.89,0.55,0.18,38.3,31.5
8,Centre Hospitalier Régional de Saint-Louis,Saint-Louis,Saint-Louis,540,387,2024-07-21,45,83,189,1,351,349,0,2.7,Covid-19,4,9,76.98,9.43,faible,37.6,49.6,2080.4,False,0.7,0.55,0.07,34.3,34.7
8,Centre Hospitalier Régional de Saint-Louis,Saint-Louis,Saint-Louis,540,387,2024-07-22,92,21,71,17,469,387,36,2.47,Covid-19,35,5,73.01,12.15,modéré,23.3,46.7,3369.1,False,0.42,0.87,0.15,87.5,18.0
8,Centre Hospitalier Régional de Saint-Louis,Saint-Louis,Saint-Louis,540,387,2024-07-23,75,88,45,14,495,386,38,3.15,Dengue,81,7,89.4,21.22,élevé,35.5,65.0,3480.1,True,0.25,0.84,0.11,9.2,13.8
8,Centre Hospitalier Régional de Saint-Louis,Saint-Louis,Saint-Louis,540,387,2024-07-24,72,56,490,7,50,373,39,0.54,Covid-19,43,5,39.79,10.04,modéré,31.7,73.5,723.6,False,0.39,0.35,0.09,152.3,54.6
8,Centre Hospitalier Régional de Saint-Louis,Saint-Louis,Saint-Louis,540,387,2024-07-25,71,6,188,19,352,362,45,1.59,Choléra,46,7,76.02,29.26,modéré,33.6,82.0,1115.8,False,0.59,0.43,0.12,119.9,56.7
8,Centre Hospitalier Régional de Saint-Louis,Saint-Louis,Saint-Louis,540,387,2024-07-26,99,84,346,9,194,357,44,3.61,Choléra,81,1,32.64,2.43,élevé,33.0,65.1,4391.6,True,0.78,0.78,0.09,117.6,14.3
8,Centre Hospitalier Régional de Saint-Louis,Saint-Louis,Saint-Louis,540,387,2024-07-27,88,25,433,18,107,356,28,3.98,Covid-19,50,2,45.49,15.01,modéré,36.5,43.0,4831.0,False,0.39,0.74,0.07,87.4,24.6
8,Centre Hospitalier Régional de Saint-Louis,Saint-Louis,Saint-Louis,540,387,2024-07-28,47,8,471,8,69,347,7,2.46,Covid-19,116,1,36.01,3.32,élevé,30.8,76.4,2632.5,True,0.69,0.93,0.12,80.3,55.6
8,Centre Hospitalier Régional de Saint-Louis,Saint-Louis,Saint-Louis,540,387,2024-07-29,37,61,471,19,69,366,50,1.21,Grippe,100,9,85.51,24.51,élevé,35.3,56.1,1461.8,True,0.29,0.99,0.08,56.2,45.8
8,Centre Hospitalier Régional de Saint-Louis,Saint-Louis,Saint-Louis,540,387,2024-07-30,19,41,519,19,21,380,20,1.05,Paludisme,19,3,93.85,8.16,faible,22.9,60.7,3642.9,False,0.63,0.72,0.07,132.5,7.6
8,Centre Hospitalier Régional de Saint-Louis,Saint-Louis,Saint-Louis,540,387,2024-07-31,27,42,77,10,463,348,3,2.05,Grippe,8,2,56.16,10.82,faible,26.3,84.0,1828.5,False,0.99,0.8,0.07,63.6,40.2
8,Centre Hospitalier Régional de Saint-Louis,Saint-Louis,Saint-Louis,540,387,2024-08-01,92,48,530,5,10,354,39,3.81,Grippe,41,9,86.44,28.71,modéré,28.8,72.6,3266.9,False,0.41,0.47,0.05,162.2,28.6
8,Centre Hospitalier Régional de Saint-Louis,Saint-Louis,Saint-Louis,540,387,2024-08-02,26,42,255,0,285,362,19,0.17,Paludisme,86,0,42.75,23.73,élevé,35.8,48.7,3715.0,True,0.71,0.8,0.02,28.4,36.5
8,Centre Hospitalier Régional de Saint-Louis,Saint-Louis,Saint-Louis,540,387,2024-08-03,43,81,266,6,274,359,14,0.11,Choléra,48,2,50.39,6.22,modéré,37.7,63.9,530.3,False,0.53,0.81,0.18,178.3,39.3
8,Centre Hospitalier Régional de Saint-Louis,Saint-Louis,Saint-Louis,540,387,2024-08-04,89,48,223,14,317,353,41,2.98,Choléra,51,10,46.0,19.84,modéré,22.7,76.4,2336.9,False,0.37,0.6,0.12,124.3,24.7
8,Centre Hospitalier Régional de Saint-Louis,Saint-Louis,Saint-Louis,540,387,2024-08-05,39,52,118,14,422,364,51,2.61,Choléra,120,2,51.34,12.66,élevé,37.3,78.7,1837.6,True,0.5,0.44,0.12,100.4,30.1
8,Centre Hospitalier Régional de Saint-Louis,Saint-Louis,Saint-Louis,540,387,2024-08-06,66,22,158,11,382,343,13,2.02,Choléra,57,4,90.75,18.09,modéré,22.8,74.6,3446.2,False,0.41,0.39,0.03,111.0,50.1
8,Centre Hospitalier Régional de Saint-Louis,Saint-Louis,Saint-Louis,540,387,2024-08-07,88,18,458,15,82,386,49,0.49,Covid-19,101,2,58.99,23.2,élevé,26.6,59.0,122.3,True,0.73,0.35,0.1,114.2,57.4
8,Centre Hospitalier Régional de Saint-Louis,Saint-Louis,Saint-Louis,540,387,2024-08-08,19,61,251,20,289,378,17,1.16,Choléra,59,7,33.61,21.55,modéré,35.0,81.2,1884.0,False,0.98,0.31,0.19,100.9,38.5
8,Centre Hospitalier Régional de Saint-Louis,Saint-Louis,Saint-Louis,540,387,2024-08-09,64,17,354,6,186,387,33,1.38,Paludisme,96,2,90.28,20.58,élevé,25.8,84.8,4528.0,True,0.38,0.88,0.14,10.9,29.1
8,Centre Hospitalier Régional de Saint-Louis,Saint-Louis,Saint-Louis,540,387,2024-08-10,78,78,100,24,440,363,10,3.97,Grippe,55,8,79.85,25.3,modéré,32.4,75.2,961.6,False,0.24,0.64,0.2,128.0,11.4
8,Centre Hospitalier Régional de Saint-Louis,Saint-Louis,Saint-Louis,540,387,2024-08-11,57,64,208,24,332,371,21,0.91,Dengue,115,4,77.21,23.55,élevé,35.0,79.0,2143.8,True,0.71,0.6,0.08,113.5,59.1
8,Centre Hospitalier Régional de Saint-Louis,Saint-Louis,Saint-Louis,540,387,2024-08-12,98,43,130,4,410,341,59,1.41,Covid-19,71,4,87.29,21.94,modéré,28.7,49.1,4546.9,False,0.36,0.3,0.16,139.9,34.9
8,Centre Hospitalier Régional de Saint-Louis,Saint-Louis,Saint-Louis,540,387,2024-08-13,91,60,402,25,138,366,33,3.17,Choléra,0,2,79.72,24.71,faible,24.5,64.2,887.9,False,0.66,0.71,0.01,142.1,19.9
8,Centre Hospitalier Régional de Saint-Louis,Saint-Louis,Saint-Louis,540,387,2024-08-14,66,81,264,5,276,387,29,3.72,Covid-19,93,8,59.22,1.33,élevé,29.9,81.2,3764.3,True,0.39,0.43,0.15,48.6,29.0
8,Centre Hospitalier Régional de Saint-Louis,Saint-Louis,Saint-Louis,540,387,2024-08-15,58,90,295,22,245,377,6,0.24,Covid-19,46,1,84.19,5.89,modéré,35.1,75.5,1888.5,False,0.65,0.49,0.09,119.6,31.2
8,Centre Hospitalier Régional de Saint-Louis,Saint-Louis,Saint-Louis,540,387,2024-08-16,11,45,177,22,363,378,14,1.17,Choléra,91,2,91.98,4.49,élevé,23.1,69.5,2023.7,True,0.23,0.53,0.19,49.5,22.7
8,Centre Hospitalier Régional de Saint-Louis,Saint-Louis,Saint-Louis,540,387,2024-08-17,92,71,409,19,131,366,41,0.45,Paludisme,4,6,49.17,6.84,faible,37.6,72.0,4234.7,False,0.48,0.38,0.17,135.0,37.3
8,Centre Hospitalier Régional de Saint-Louis,Saint-Louis,Saint-Louis,540,387,2024-08-18,94,73,508,13,32,350,56,3.61,Covid-19,49,10,74.82,7.29,modéré,34.2,60.7,1009.5,False,0.75,0.88,0.17,18.9,19.6
8,Centre Hospitalier Régional de Saint-Louis,Saint-Louis,Saint-Louis,540,387,2024-08-19,20,5,162,4,378,374,28,0.99,Covid-19,115,7,73.7,20.86,élevé,31.8,88.6,2171.3,True,0.21,0.42,0.04,112.0,13.4
8,Centre Hospitalier Régional de Saint-Louis,Saint-Louis,Saint-Louis,540,387,2024-08-20,98,34,59,9,481,374,38,2.07,Choléra,20,10,30.04,14.74,faible,33.6,47.3,4732.5,False,0.67,0.48,0.07,64.8,21.1
8,Centre Hospitalier Régional de Saint-Louis,Saint-Louis,Saint-Louis,540,387,2024-08-21,33,43,52,2,488,364,47,3.8,Paludisme,75,1,68.64,29.34,modéré,36.5,60.5,1063.6,False,0.26,0.79,0.04,130.7,51.0
8,Centre Hospitalier Régional de Saint-Louis,Saint-Louis,Saint-Louis,540,387,2024-08-22,27,32,99,19,441,372,20,1.93,Dengue,21,4,81.33,19.31,faible,37.7,61.6,1444.3,False,0.64,0.66,0.09,178.4,36.2
8,Centre Hospitalier Régional de Saint-Louis,Saint-Louis,Saint-Louis,540,387,2024-08-23,26,73,405,17,135,342,53,3.35,Grippe,96,3,93.01,6.14,élevé,26.4,69.0,556.5,True,0.94,0.97,0.17,48.0,34.5
8,Centre Hospitalier Régional de Saint-Louis,Saint-Louis,Saint-Louis,540,387,2024-08-24,72,8,214,1,326,340,47,3.4,Choléra,45,3,64.44,26.06,modéré,27.9,54.1,414.1,False,0.68,0.65,0.11,138.0,45.5
8,Centre Hospitalier Régional de Saint-Louis,Saint-Louis,Saint-Louis,540,387,2024-08-25,46,47,93,3,447,352,26,2.5,Choléra,15,10,34.44,28.55,faible,27.0,65.4,3688.4,False,0.79,0.47,0.16,144.0,24.0
8,Centre Hospitalier Régional de Saint-Louis,Saint-Louis,Saint-Louis,540,387,2024-08-26,96,16,534,2,6,378,36,3.19,Grippe,58,8,76.19,17.94,modéré,29.5,89.1,2145.5,False,0.37,0.54,0.03,158.4,51.2
8,Centre Hospitalier Régional de Saint-Louis,Saint-Louis,Saint-Louis,540,387,2024-08-27,45,26,60,23,480,338,2,0.72,Grippe,85,3,42.72,18.24,élevé,23.2,84.1,3801.8,True,0.59,0.52,0.13,75.4,42.6
8,Centre Hospitalier Régional de Saint-Louis,Saint-Louis,Saint-Louis,540,387,2024-08-28,49,37,189,24,351,372,4,2.61,Choléra,4,0,45.63,9.12,faible,33.2,80.0,648.7,False,0.51,0.55,0.14,150.0,25.3
8,Centre Hospitalier Régional de Saint-Louis,Saint-Louis,Saint-Louis,540,387,2024-08-29,33,66,351,24,189,365,40,1.6,Paludisme,82,8,42.86,25.36,élevé,37.7,84.7,2256.5,True,0.86,0.42,0.15,117.5,13.6
8,Centre Hospitalier Régional de Saint-Louis,Saint-Louis,Saint-Louis,540,387,2024-08-30,22,73,101,8,439,371,44,0.53,Dengue,14,4,92.95,11.48,faible,36.8,52.5,4661.6,False,0.28,0.77,0.02,171.5,54.9
8,Centre Hospitalier Régional de Saint-Louis,Saint-Louis,Saint-Louis,540,387,2024-08-31,74,23,426,19,114,378,51,2.14,Grippe,90,8,59.51,15.69,élevé,32.4,63.0,2171.6,True,0.35,0.52,0.16,28.5,34.2
8,Centre Hospitalier Régional de Saint-Louis,Saint-Louis,Saint-Louis,540,387,2024-09-01,70,31,74,1,466,347,5,3.93,Dengue,94,4,36.2,4.43,élevé,33.6,55.2,3145.2,True,0.42,0.72,0.16,134.2,5.7
8,Centre Hospitalier Régional de Saint-Louis,Saint-Louis,Saint-Louis,540,387,2024-09-02,82,20,421,15,119,387,44,2.9,Paludisme,20,9,90.95,2.41,faible,25.2,69.8,3918.6,False,0.72,0.51,0.09,148.1,13.1
8,Centre Hospitalier Régional de Saint-Louis,Saint-Louis,Saint-Louis,540,387,2024-09-03,33,48,490,16,50,341,40,1.59,Covid-19,62,3,60.64,9.45,modéré,22.4,40.4,1704.3,False,0.25,0.6,0.12,23.4,23.6
8,Centre Hospitalier Régional de Saint-Louis,Saint-Louis,Saint-Louis,540,387,2024-09-04,34,22,425,2,115,368,23,1.74,Covid-19,110,9,92.37,21.73,élevé,38.2,50.5,4063.2,True,0.73,0.71,0.19,109.9,13.8
8,Centre Hospitalier Régional de Saint-Louis,Saint-Louis,Saint-Louis,540,387,2024-09-05,11,79,371,24,169,380,34,1.26,Dengue,17,2,35.07,12.6,faible,23.3,80.8,1430.3,False,0.83,0.34,0.08,71.7,27.3
8,Centre Hospitalier Régional de Saint-Louis,Saint-Louis,Saint-Louis,540,387,2024-09-06,38,56,515,0,25,352,18,1.75,Dengue,14,10,41.06,15.1,faible,31.9,55.5,2361.9,False,0.23,0.31,0.19,169.4,31.7
8,Centre Hospitalier Régional de Saint-Louis,Saint-Louis,Saint-Louis,540,387,2024-09-07,45,56,293,4,247,383,21,0.63,Choléra,27,9,37.77,18.21,faible,25.3,45.1,4418.4,False,0.23,0.92,0.01,158.1,12.7
8,Centre Hospitalier Régional de Saint-Louis,Saint-Louis,Saint-Louis,540,387,2024-09-08,11,40,106,2,434,357,32,2.7,Dengue,30,2,56.04,28.98,modéré,24.8,83.7,1880.9,False,0.46,0.54,0.09,170.6,43.8
8,Centre Hospitalier Régional de Saint-Louis,Saint-Louis,Saint-Louis,540,387,2024-09-09,95,14,278,18,262,370,28,3.08,Grippe,105,4,32.26,20.02,élevé,29.4,44.5,4981.2,True,0.91,0.51,0.13,20.6,28.1
8,Centre Hospitalier Régional de Saint-Louis,Saint-Louis,Saint-Louis,540,387,2024-09-10,33,49,434,18,106,373,15,3.54,Covid-19,103,8,51.32,17.36,élevé,32.1,62.4,2115.5,True,0.27,0.87,0.14,80.4,57.1
8,Centre Hospitalier Régional de Saint-Louis,Saint-Louis,Saint-Louis,540,387,2024-09-11,46,39,248,24,292,384,48,3.13,Grippe,70,8,61.95,15.94,modéré,36.4,82.5,503.7,False,0.46,0.86,0.14,162.0,59.5
8,Centre Hospitalier Régional de Saint-Louis,Saint-Louis,Saint-Louis,540,387,2024-09-12,26,9,136,22,404,352,11,1.85,Choléra,7,10,63.95,10.02,faible,29.3,85.4,4337.2,False,0.71,0.98,0.05,153.0,8.7
8,Centre Hospitalier Régional de Saint-Louis,Saint-Louis,Saint-Louis,540,387,2024-09-13,53,88,131,24,409,344,60,0.21,Covid-19,4,0,32.72,3.98,faible,26.7,47.8,3508.2,False,0.86,0.58,0.08,104.9,40.1
8,Centre Hospitalier Régional de Saint-Louis,Saint-Louis,Saint-Louis,540,387,2024-09-14,14,81,277,18,263,378,3,1.34,Paludisme,5,0,77.23,18.63,faible,27.5,53.1,4629.9,False,0.77,0.81,0.15,18.5,10.8
8,Centre Hospitalier Régional de Saint-Louis,Saint-Louis,Saint-Louis,540,387,2024-09-15,54,80,443,8,97,346,42,3.15,Covid-19,24,0,39.88,9.86,faible,33.7,62.9,922.2,False,0.76,0.9,0.08,51.9,20.2
8,Centre Hospitalier Régional de Saint-Louis,Saint-Louis,Saint-Louis,540,387,2024-09-16,39,75,419,0,121,369,43,0.29,Grippe,91,10,42.35,16.67,élevé,35.8,40.6,1855.2,True,0.5,0.95,0.16,52.4,40.1
8,Centre Hospitalier Régional de Saint-Louis,Saint-Louis,Saint-Louis,540,387,2024-09-17,38,22,64,1,476,387,15,2.06,Grippe,67,8,79.65,20.68,modéré,32.0,64.4,1496.6,False,0.33,0.7,0.08,64.6,13.9
8,Centre Hospitalier Régional de Saint-Louis,Saint-Louis,Saint-Louis,540,387,2024-09-18,79,90,461,7,79,371,46,0.61,Paludisme,31,0,91.9,14.33,modéré,30.4,40.0,2479.9,False,0.69,0.41,0.1,129.4,51.8
8,Centre Hospitalier Régional de Saint-Louis,Saint-Louis,Saint-Louis,540,387,2024-09-19,81,39,528,5,12,363,2,2.87,Paludisme,46,8,46.64,22.32,modéré,36.4,55.7,4580.8,False,0.24,0.49,0.17,46.9,15.5
8,Centre Hospitalier Régional de Saint-Louis,Saint-Louis,Saint-Louis,540,387,2024-09-20,89,24,191,0,349,353,56,1.63,Choléra,89,4,56.54,19.11,élevé,24.0,55.8,2505.5,True,0.89,0.93,0.17,49.2,12.1
8,Centre Hospitalier Régional de Saint-Louis,Saint-Louis,Saint-Louis,540,387,2024-09-21,74,25,528,7,12,343,54,1.18,Choléra,110,9,54.35,13.42,élevé,35.1,54.6,1536.8,True,0.53,0.45,0.16,147.7,35.7
8,Centre Hospitalier Régional de Saint-Louis,Saint-Louis,Saint-Louis,540,387,2024-09-22,98,34,177,8,363,374,26,1.46,Dengue,7,1,88.92,28.49,faible,30.1,54.9,2283.8,False,0.66,0.87,0.12,165.4,33.1
8,Centre Hospitalier Régional de Saint-Louis,Saint-Louis,Saint-Louis,540,387,2024-09-23,56,72,123,13,417,353,37,3.46,Covid-19,0,6,85.66,7.82,faible,26.7,46.9,2354.3,False,0.27,0.95,0.02,145.7,21.0
8,Centre Hospitalier Régional de Saint-Louis,Saint-Louis,Saint-Louis,540,387,2024-09-24,76,6,274,11,266,370,2,2.94,Choléra,3,9,37.95,28.99,faible,33.1,74.9,2445.0,False,0.39,0.56,0.08,22.0,21.4
8,Centre Hospitalier Régional de Saint-Louis,Saint-Louis,Saint-Louis,540,387,2024-09-25,69,41,504,9,36,352,56,3.87,Paludisme,103,6,87.24,9.08,élevé,23.8,72.9,3121.9,True,0.79,0.72,0.03,7.6,39.7
8,Centre Hospitalier Régional de Saint-Louis,Saint-Louis,Saint-Louis,540,387,2024-09-26,49,37,471,16,69,374,46,3.2,Choléra,38,3,35.99,19.83,modéré,33.1,60.4,4533.5,False,0.23,0.43,0.08,101.7,10.2
8,Centre Hospitalier Régional de Saint-Louis,Saint-Louis,Saint-Louis,540,387,2024-09-27,14,26,208,14,332,370,18,1.86,Covid-19,43,5,70.29,3.71,modéré,38.9,52.6,4969.8,False,0.59,0.75,0.06,135.1,13.9
8,Centre Hospitalier Régional de Saint-Louis,Saint-Louis,Saint-Louis,540,387,2024-09-28,47,44,215,9,325,365,16,0.21,Grippe,108,0,83.3,27.33,élevé,26.8,60.2,2461.7,True,0.88,0.63,0.1,67.3,4.8
8,Centre Hospitalier Régional de Saint-Louis,Saint-Louis,Saint-Louis,540,387,2024-09-29,35,37,59,5,481,362,4,1.13,Paludisme,9,6,81.75,14.42,faible,26.7,85.1,2524.0,False,0.82,0.83,0.12,27.5,9.3
8,Centre Hospitalier Régional de Saint-Louis,Saint-Louis,Saint-Louis,540,387,2024-09-30,43,45,476,16,64,358,33,2.03,Grippe,47,2,83.74,15.53,modéré,22.1,71.8,220.7,False,0.35,0.85,0.14,88.6,54.0
8,Centre Hospitalier Régional de Saint-Louis,Saint-Louis,Saint-Louis,540,387,2024-10-01,61,35,265,16,275,364,20,1.93,Choléra,50,10,33.94,5.89,modéré,28.8,48.5,2948.0,False,0.23,0.97,0.13,62.5,46.4
8,Centre Hospitalier Régional de Saint-Louis,Saint-Louis,Saint-Louis,540,387,2024-10-02,25,57,239,19,301,340,8,0.63,Grippe,18,4,61.53,17.93,faible,27.8,76.6,3013.9,False,0.92,0.61,0.1,164.4,14.6
8,Centre Hospitalier Régional de Saint-Louis,Saint-Louis,Saint-Louis,540,387,2024-10-03,71,8,524,3,16,360,1,0.38,Dengue,67,9,47.15,18.49,modéré,38.3,48.0,3433.4,False,0.87,0.7,0.01,170.9,52.3
8,Centre Hospitalier Régional de Saint-Louis,Saint-Louis,Saint-Louis,540,387,2024-10-04,73,55,425,10,115,341,9,3.73,Covid-19,70,8,59.44,12.1,modéré,23.2,85.7,517.6,False,0.51,0.7,0.1,148.3,34.3
8,Centre Hospitalier Régional de Saint-Louis,Saint-Louis,Saint-Louis,540,387,2024-10-05,42,31,501,14,39,373,27,3.04,Grippe,35,0,50.53,5.72,modéré,23.5,66.5,388.3,False,0.82,0.73,0.18,39.1,41.7
8,Centre Hospitalier Régional de Saint-Louis,Saint-Louis,Saint-Louis,540,387,2024-10-06,38,78,196,10,344,363,3,2.98,Dengue,14,4,40.94,2.81,faible,32.6,59.0,4488.2,False,0.28,0.55,0.2,101.1,30.4
8,Centre Hospitalier Régional de Saint-Louis,Saint-Louis,Saint-Louis,540,387,2024-10-07,57,46,191,24,349,360,41,0.25,Covid-19,42,7,90.95,17.78,modéré,35.1,77.2,1244.8,False,0.75,0.64,0.13,107.3,58.6
8,Centre Hospitalier Régional de Saint-Louis,Saint-Louis,Saint-Louis,540,387,2024-10-08,46,35,210,2,330,339,59,0.54,Choléra,119,1,56.59,4.23,élevé,36.3,73.5,509.5,True,0.61,0.71,0.2,113.3,34.5
8,Centre Hospitalier Régional de Saint-Louis,Saint-Louis,Saint-Louis,540,387,2024-10-09,83,22,133,17,407,348,57,0.49,Covid-19,82,8,38.67,3.6,élevé,34.7,88.9,1520.6,True,0.36,0.73,0.05,154.9,55.0
8,Centre Hospitalier Régional de Saint-Louis,Saint-Louis,Saint-Louis,540,387,2024-10-10,88,70,523,24,17,357,13,1.79,Dengue,65,1,76.1,11.07,modéré,34.7,84.1,3374.9,False,0.34,0.57,0.02,94.2,3.1
8,Centre Hospitalier Régional de Saint-Louis,Saint-Louis,Saint-Louis,540,387,2024-10-11,35,32,260,12,280,374,12,1.69,Dengue,86,0,58.7,19.88,élevé,25.1,49.5,2146.9,True,0.91,0.92,0.11,52.2,7.3
8,Centre Hospitalier Régional de Saint-Louis,Saint-Louis,Saint-Louis,540,387,2024-10-12,44,68,215,17,325,364,42,0.57,Covid-19,31,4,41.69,14.37,modéré,23.7,47.6,4400.0,False,0.77,0.35,0.13,126.8,44.0
8,Centre Hospitalier Régional de Saint-Louis,Saint-Louis,Saint-Louis,540,387,2024-10-13,94,45,467,21,73,365,14,3.59,Covid-19,73,7,45.43,5.72,modéré,25.9,56.3,3445.6,False,0.93,0.53,0.12,17.0,55.8
8,Centre Hospitalier Régional de Saint-Louis,Saint-Louis,Saint-Louis,540,387,2024-10-14,84,56,105,25,435,349,21,1.41,Choléra,11,2,30.88,26.25,faible,22.1,42.5,4500.3,False,0.24,0.35,0.2,106.8,51.4
8,Centre Hospitalier Régional de Saint-Louis,Saint-Louis,Saint-Louis,540,387,2024-10-15,18,55,267,14,273,348,18,0.84,Paludisme,120,10,62.79,4.62,élevé,22.7,54.0,343.4,True,0.55,0.36,0.14,65.7,49.2
8,Centre Hospitalier Régional de Saint-Louis,Saint-Louis,Saint-Louis,540,387,2024-10-16,98,71,430,18,110,375,43,1.32,Grippe,26,1,52.42,7.54,faible,30.1,50.4,546.7,False,0.34,0.8,0.03,38.1,54.5
8,Centre Hospitalier Régional de Saint-Louis,Saint-Louis,Saint-Louis,540,387,2024-10-17,79,19,296,0,244,359,31,1.85,Grippe,41,2,68.17,12.88,modéré,29.3,53.8,4226.1,False,0.8,0.55,0.11,163.6,50.5
8,Centre Hospitalier Régional de Saint-Louis,Saint-Louis,Saint-Louis,540,387,2024-10-18,36,75,196,6,344,366,32,0.14,Choléra,107,6,88.09,20.1,élevé,35.4,84.4,1379.1,True,0.6,0.72,0.06,147.9,3.0
8,Centre Hospitalier Régional de Saint-Louis,Saint-Louis,Saint-Louis,540,387,2024-10-19,20,40,226,24,314,353,60,3.89,Covid-19,109,3,67.53,26.74,élevé,24.2,53.2,1630.0,True,0.46,0.87,0.02,132.9,36.3
8,Centre Hospitalier Régional de Saint-Louis,Saint-Louis,Saint-Louis,540,387,2024-10-20,90,25,67,1,473,364,10,3.19,Dengue,6,9,60.88,20.46,faible,22.8,86.7,1241.5,False,0.86,0.45,0.13,136.3,12.4
8,Centre Hospitalier Régional de Saint-Louis,Saint-Louis,Saint-Louis,540,387,2024-10-21,27,25,133,19,407,366,9,4.0,Choléra,119,1,58.39,15.1,élevé,31.7,43.7,379.2,True,0.92,0.66,0.04,121.4,48.9
8,Centre Hospitalier Régional de Saint-Louis,Saint-Louis,Saint-Louis,540,387,2024-10-22,86,74,234,16,306,346,10,1.53,Paludisme,90,1,46.43,19.56,élevé,37.4,62.4,4294.4,True,0.63,0.99,0.06,121.5,19.8
8,Centre Hospitalier Régional de Saint-Louis,Saint-Louis,Saint-Louis,540,387,2024-10-23,100,35,499,9,41,374,42,1.29,Paludisme,112,0,56.69,29.09,élevé,36.1,47.8,4883.2,True,0.96,0.73,0.04,159.7,24.7
8,Centre Hospitalier Régional de Saint-Louis,Saint-Louis,Saint-Louis,540,387,2024-10-24,29,37,32,10,508,382,9,3.58,Paludisme,14,9,89.51,12.96,faible,24.2,40.2,2623.7,False,0.8,0.66,0.06,78.5,24.8
8,Centre Hospitalier Régional de Saint-Louis,Saint-Louis,Saint-Louis,540,387,2024-10-25,93,90,393,1,147,350,14,1.75,Choléra,18,0,50.83,18.85,faible,30.3,77.5,1156.1,False,0.84,0.64,0.03,82.3,54.5
8,Centre Hospitalier Régional de Saint-Louis,Saint-Louis,Saint-Louis,540,387,2024-10-26,99,21,388,5,152,364,40,0.32,Grippe,24,4,35.06,7.44,faible,35.0,45.0,4564.4,False,0.33,0.63,0.07,35.0,28.6
8,Centre Hospitalier Régional de Saint-Louis,Saint-Louis,Saint-Louis,540,387,2024-10-27,51,13,188,8,352,362,36,1.81,Paludisme,26,1,79.42,3.62,faible,25.4,57.4,1300.9,False,0.68,0.98,0.01,137.9,49.6
8,Centre Hospitalier Régional de Saint-Louis,Saint-Louis,Saint-Louis,540,387,2024-10-28,25,88,157,25,383,374,30,1.87,Choléra,75,10,65.77,26.09,modéré,23.3,59.7,2811.7,False,0.34,0.92,0.2,47.6,12.9
8,Centre Hospitalier Régional de Saint-Louis,Saint-Louis,Saint-Louis,540,387,2024-10-29,76,27,463,13,77,363,35,0.6,Covid-19,99,10,93.3,26.08,élevé,26.1,62.1,554.1,True,0.73,0.34,0.17,122.4,7.6
8,Centre Hospitalier Régional de Saint-Louis,Saint-Louis,Saint-Louis,540,387,2024-10-30,65,8,111,19,429,365,36,1.1,Paludisme,70,5,61.93,13.0,modéré,38.4,53.9,871.3,False,0.59,0.4,0.01,56.8,26.7
8,Centre Hospitalier Régional de Saint-Louis,Saint-Louis,Saint-Louis,540,387,2024-10-31,19,36,135,10,405,378,6,1.61,Choléra,33,6,54.46,22.22,modéré,32.1,63.2,4651.6,False,0.42,0.61,0.16,100.3,25.0
8,Centre Hospitalier Régional de Saint-Louis,Saint-Louis,Saint-Louis,540,387,2024-11-01,70,44,219,9,321,338,0,2.21,Paludisme,67,3,54.12,25.17,modéré,25.8,58.0,2321.2,False,0.25,0.51,0.13,175.4,7.3
8,Centre Hospitalier Régional de Saint-Louis,Saint-Louis,Saint-Louis,540,387,2024-11-02,41,54,340,20,200,383,38,2.89,Covid-19,107,0,77.95,18.51,élevé,36.1,80.5,2406.0,True,0.9,0.66,0.1,85.6,11.4
8,Centre Hospitalier Régional de Saint-Louis,Saint-Louis,Saint-Louis,540,387,2024-11-03,94,46,328,4,212,355,60,1.7,Paludisme,18,8,73.66,2.82,faible,36.6,46.9,2391.8,False,0.99,0.7,0.19,11.6,44.9
8,Centre Hospitalier Régional de Saint-Louis,Saint-Louis,Saint-Louis,540,387,2024-11-04,56,55,489,13,51,355,38,1.46,Covid-19,100,1,70.68,27.12,élevé,37.2,75.3,2602.0,True,0.57,0.78,0.03,9.4,49.7
8,Centre Hospitalier Régional de Saint-Louis,Saint-Louis,Saint-Louis,540,387,2024-11-05,69,45,178,22,362,352,8,3.08,Choléra,100,8,55.3,24.4,élevé,23.9,66.2,1248.4,True,0.65,0.43,0.19,169.3,17.2
8,Centre Hospitalier Régional de Saint-Louis,Saint-Louis,Saint-Louis,540,387,2024-11-06,97,61,455,0,85,352,43,1.49,Choléra,98,8,67.36,18.44,élevé,27.7,45.6,3622.5,True,0.63,0.72,0.08,76.5,5.9
8,Centre Hospitalier Régional de Saint-Louis,Saint-Louis,Saint-Louis,540,387,2024-11-07,35,82,523,24,17,382,2,1.58,Paludisme,117,9,30.01,19.96,élevé,28.8,73.7,4157.0,True,0.2,0.82,0.12,36.1,41.8
8,Centre Hospitalier Régional de Saint-Louis,Saint-Louis,Saint-Louis,540,387,2024-11-08,28,54,53,2,487,346,21,0.47,Dengue,118,6,74.93,15.59,élevé,34.6,85.3,1298.5,True,0.86,0.31,0.12,172.8,23.7
8,Centre Hospitalier Régional de Saint-Louis,Saint-Louis,Saint-Louis,540,387,2024-11-09,91,58,371,0,169,369,50,2.43,Choléra,98,5,33.58,3.18,élevé,29.0,43.6,3250.1,True,0.99,0.92,0.16,97.4,17.8
8,Centre Hospitalier Régional de Saint-Louis,Saint-Louis,Saint-Louis,540,387,2024-11-10,97,40,537,11,3,383,11,1.78,Covid-19,10,7,88.75,4.08,faible,32.7,65.7,4350.9,False,0.46,0.4,0.16,74.2,8.8
8,Centre Hospitalier Régional de Saint-Louis,Saint-Louis,Saint-Louis,540,387,2024-11-11,35,11,209,11,331,387,2,3.95,Choléra,73,2,57.71,10.53,modéré,35.6,58.8,102.5,False,0.87,0.98,0.08,161.9,18.7
8,Centre Hospitalier Régional de Saint-Louis,Saint-Louis,Saint-Louis,540,387,2024-11-12,31,41,247,5,293,366,23,1.27,Choléra,11,4,77.31,5.66,faible,35.5,58.4,3117.8,False,0.57,0.47,0.04,49.2,30.6
8,Centre Hospitalier Régional de Saint-Louis,Saint-Louis,Saint-Louis,540,387,2024-11-13,25,7,354,0,186,386,47,0.7,Choléra,96,1,46.72,12.38,élevé,36.0,82.7,1363.9,True,0.85,0.36,0.04,51.6,7.1
8,Centre Hospitalier Régional de Saint-Louis,Saint-Louis,Saint-Louis,540,387,2024-11-14,45,33,278,8,262,377,8,3.8,Choléra,120,8,74.5,10.15,élevé,34.8,86.6,3362.2,True,0.51,0.53,0.12,24.7,34.6
8,Centre Hospitalier Régional de Saint-Louis,Saint-Louis,Saint-Louis,540,387,2024-11-15,76,57,388,17,152,354,12,1.98,Paludisme,43,9,76.09,29.24,modéré,25.8,44.9,3760.5,False,0.91,1.0,0.05,20.8,5.0
8,Centre Hospitalier Régional de Saint-Louis,Saint-Louis,Saint-Louis,540,387,2024-11-16,63,86,299,20,241,351,2,3.41,Choléra,57,7,91.77,6.92,modéré,25.0,47.5,3980.6,False,0.43,0.64,0.1,63.4,46.7
8,Centre Hospitalier Régional de Saint-Louis,Saint-Louis,Saint-Louis,540,387,2024-11-17,93,78,275,16,265,369,5,3.99,Dengue,32,0,94.75,20.29,modéré,28.2,67.3,1159.5,False,0.41,0.87,0.18,163.3,9.7
8,Centre Hospitalier Régional de Saint-Louis,Saint-Louis,Saint-Louis,540,387,2024-11-18,17,44,146,15,394,360,57,0.45,Dengue,118,5,64.24,25.05,élevé,35.7,52.1,2543.8,True,0.78,0.61,0.13,71.5,5.6
8,Centre Hospitalier Régional de Saint-Louis,Saint-Louis,Saint-Louis,540,387,2024-11-19,33,14,262,4,278,357,55,2.66,Choléra,116,5,55.29,6.9,élevé,27.3,40.4,4680.5,True,0.51,0.57,0.19,143.6,34.4
8,Centre Hospitalier Régional de Saint-Louis,Saint-Louis,Saint-Louis,540,387,2024-11-20,68,10,38,5,502,374,42,3.09,Paludisme,119,0,61.92,13.17,élevé,32.6,86.7,2053.5,True,0.23,0.69,0.1,159.4,52.9
8,Centre Hospitalier Régional de Saint-Louis,Saint-Louis,Saint-Louis,540,387,2024-11-21,83,29,123,8,417,372,14,0.6,Choléra,41,5,47.61,22.78,modéré,38.3,84.6,1840.6,False,0.37,0.72,0.06,148.0,13.6
8,Centre Hospitalier Régional de Saint-Louis,Saint-Louis,Saint-Louis,540,387,2024-11-22,19,25,355,13,185,357,25,0.97,Grippe,29,8,62.19,21.25,faible,29.9,65.1,4704.8,False,0.72,0.77,0.08,69.8,22.3
8,Centre Hospitalier Régional de Saint-Louis,Saint-Louis,Saint-Louis,540,387,2024-11-23,24,11,285,1,255,382,5,1.28,Choléra,105,4,74.44,10.82,élevé,27.7,56.7,295.5,True,0.76,0.5,0.05,146.0,36.7
8,Centre Hospitalier Régional de Saint-Louis,Saint-Louis,Saint-Louis,540,387,2024-11-24,74,64,180,10,360,343,44,1.91,Grippe,85,8,71.58,19.32,élevé,31.2,78.9,4481.2,True,0.28,0.99,0.06,8.1,53.0
8,Centre Hospitalier Régional de Saint-Louis,Saint-Louis,Saint-Louis,540,387,2024-11-25,12,55,153,8,387,353,50,1.12,Grippe,75,4,53.81,25.26,modéré,33.4,51.7,4818.3,False,0.57,0.72,0.04,56.3,9.5
8,Centre Hospitalier Régional de Saint-Louis,Saint-Louis,Saint-Louis,540,387,2024-11-26,63,30,474,23,66,381,50,0.52,Choléra,33,9,30.74,25.06,modéré,24.4,71.7,455.7,False,0.31,0.39,0.16,26.1,56.8
8,Centre Hospitalier Régional de Saint-Louis,Saint-Louis,Saint-Louis,540,387,2024-11-27,82,65,322,17,218,365,22,0.45,Choléra,43,7,93.63,29.89,modéré,38.8,56.7,1456.2,False,0.9,0.86,0.06,8.8,13.2
8,Centre Hospitalier Régional de Saint-Louis,Saint-Louis,Saint-Louis,540,387,2024-11-28,63,89,262,22,278,373,41,3.41,Covid-19,92,3,79.63,17.53,élevé,34.2,84.0,2038.4,True,0.23,0.34,0.17,176.0,56.8
8,Centre Hospitalier Régional de Saint-Louis,Saint-Louis,Saint-Louis,540,387,2024-11-29,69,24,54,3,486,361,4,0.74,Covid-19,41,4,90.61,24.31,modéré,24.8,46.6,4798.2,False,0.3,0.55,0.07,12.9,48.2
8,Centre Hospitalier Régional de Saint-Louis,Saint-Louis,Saint-Louis,540,387,2024-11-30,47,42,26,12,514,354,34,2.58,Covid-19,59,4,35.55,1.18,modéré,22.3,73.0,535.7,False,0.59,0.93,0.05,53.3,31.1
8,Centre Hospitalier Régional de Saint-Louis,Saint-Louis,Saint-Louis,540,387,2024-12-01,93,85,205,15,335,384,34,2.56,Grippe,64,10,81.23,22.4,modéré,30.4,68.0,2043.8,False,0.99,0.7,0.11,138.3,20.0
8,Centre Hospitalier Régional de Saint-Louis,Saint-Louis,Saint-Louis,540,387,2024-12-02,81,39,121,16,419,348,59,3.36,Choléra,79,4,37.38,29.25,modéré,27.1,45.6,4890.6,False,0.75,0.5,0.01,114.1,20.4
8,Centre Hospitalier Régional de Saint-Louis,Saint-Louis,Saint-Louis,540,387,2024-12-03,79,69,94,20,446,350,55,3.08,Paludisme,88,9,85.76,16.34,élevé,24.3,67.9,1033.8,True,0.24,0.49,0.17,64.7,49.3
8,Centre Hospitalier Régional de Saint-Louis,Saint-Louis,Saint-Louis,540,387,2024-12-04,94,59,53,21,487,366,16,0.82,Choléra,95,6,61.1,10.73,élevé,30.5,52.6,3676.5,True,0.65,0.7,0.1,162.1,31.0
8,Centre Hospitalier Régional de Saint-Louis,Saint-Louis,Saint-Louis,540,387,2024-12-05,95,47,479,21,61,349,19,1.78,Grippe,116,6,30.02,27.83,élevé,23.8,88.1,2671.8,True,0.7,0.88,0.08,135.4,29.5
8,Centre Hospitalier Régional de Saint-Louis,Saint-Louis,Saint-Louis,540,387,2024-12-06,30,34,407,22,133,359,33,1.72,Grippe,99,8,54.38,23.29,élevé,38.9,89.5,1621.6,True,0.91,0.64,0.12,92.4,53.5
8,Centre Hospitalier Régional de Saint-Louis,Saint-Louis,Saint-Louis,540,387,2024-12-07,25,80,132,7,408,375,3,0.63,Covid-19,103,3,35.8,23.96,élevé,26.0,44.5,4384.5,True,0.48,0.3,0.04,90.6,7.1
8,Centre Hospitalier Régional de Saint-Louis,Saint-Louis,Saint-Louis,540,387,2024-12-08,79,52,540,2,0,355,1,3.92,Paludisme,60,2,53.36,4.25,modéré,29.4,86.5,1197.8,False,0.55,0.36,0.08,51.4,51.2
8,Centre Hospitalier Régional de Saint-Louis,Saint-Louis,Saint-Louis,540,387,2024-12-09,51,61,201,22,339,371,60,1.44,Grippe,20,7,75.68,10.66,faible,28.8,71.8,3297.6,False,0.87,0.93,0.18,22.6,40.9
8,Centre Hospitalier Régional de Saint-Louis,Saint-Louis,Saint-Louis,540,387,2024-12-10,55,20,163,8,377,359,34,1.01,Grippe,76,7,40.72,4.24,modéré,27.8,69.1,4588.1,False,0.9,0.49,0.15,148.2,34.9
8,Centre Hospitalier Régional de Saint-Louis,Saint-Louis,Saint-Louis,540,387,2024-12-11,15,88,132,8,408,340,26,0.25,Choléra,46,6,30.24,22.46,modéré,38.0,73.8,4092.1,False,0.33,0.83,0.17,112.8,55.1
8,Centre Hospitalier Régional de Saint-Louis,Saint-Louis,Saint-Louis,540,387,2024-12-12,55,17,498,25,42,353,11,1.96,Choléra,117,7,83.54,21.61,élevé,36.8,83.3,4119.1,True,0.81,0.44,0.07,84.8,11.6
8,Centre Hospitalier Régional de Saint-Louis,Saint-Louis,Saint-Louis,540,387,2024-12-13,18,22,274,11,266,342,16,0.42,Dengue,64,0,31.16,21.66,modéré,32.9,76.5,4417.5,False,0.77,0.76,0.13,66.2,38.6
8,Centre Hospitalier Régional de Saint-Louis,Saint-Louis,Saint-Louis,540,387,2024-12-14,51,34,147,24,393,363,22,2.82,Choléra,24,8,92.88,14.04,faible,33.8,49.0,4261.3,False,0.9,0.83,0.09,35.8,7.2
8,Centre Hospitalier Régional de Saint-Louis,Saint-Louis,Saint-Louis,540,387,2024-12-15,40,84,148,8,392,362,10,2.38,Grippe,77,10,34.63,14.04,modéré,27.0,51.3,1418.1,False,0.85,0.36,0.18,96.4,46.6
8,Centre Hospitalier Régional de Saint-Louis,Saint-Louis,Saint-Louis,540,387,2024-12-16,92,19,61,9,479,350,9,2.85,Covid-19,111,2,85.03,12.94,élevé,28.9,56.2,1982.8,True,0.89,0.81,0.17,123.5,44.7
8,Centre Hospitalier Régional de Saint-Louis,Saint-Louis,Saint-Louis,540,387,2024-12-17,25,36,412,5,128,354,51,0.81,Covid-19,91,1,58.77,9.79,élevé,32.2,41.8,1098.3,True,0.3,0.38,0.18,59.5,18.2
8,Centre Hospitalier Régional de Saint-Louis,Saint-Louis,Saint-Louis,540,387,2024-12-18,31,61,535,14,5,345,56,2.36,Grippe,56,2,34.15,17.88,modéré,31.2,81.1,3917.7,False,0.2,0.89,0.04,146.6,14.4
8,Centre Hospitalier Régional de Saint-Louis,Saint-Louis,Saint-Louis,540,387,2024-12-19,79,50,196,0,344,343,18,0.3,Grippe,35,10,63.41,8.39,modéré,38.4,87.4,3831.3,False,0.72,0.41,0.17,69.8,36.6
8,Centre Hospitalier Régional de Saint-Louis,Saint-Louis,Saint-Louis,540,387,2024-12-20,82,80,84,18,456,382,39,2.98,Covid-19,84,10,88.6,3.26,élevé,38.5,71.9,3516.2,True,0.9,0.52,0.09,18.8,56.6
8,Centre Hospitalier Régional de Saint-Louis,Saint-Louis,Saint-Louis,540,387,2024-12-21,70,37,36,0,504,376,23,3.53,Choléra,52,8,79.38,10.2,modéré,33.4,86.9,3220.0,False,0.28,0.83,0.02,83.4,40.1
8,Centre Hospitalier Régional de Saint-Louis,Saint-Louis,Saint-Louis,540,387,2024-12-22,42,26,273,21,267,371,57,0.49,Dengue,107,0,90.13,6.16,élevé,29.4,68.3,3726.7,True,0.38,0.37,0.01,156.5,54.4
8,Centre Hospitalier Régional de Saint-Louis,Saint-Louis,Saint-Louis,540,387,2024-12-23,66,5,196,8,344,370,46,3.45,Covid-19,73,2,42.47,15.68,modéré,29.9,44.7,1766.3,False,0.76,0.46,0.04,83.8,56.3
8,Centre Hospitalier Régional de Saint-Louis,Saint-Louis,Saint-Louis,540,387,2024-12-24,53,57,62,18,478,364,56,0.12,Dengue,71,10,59.88,9.66,modéré,30.5,47.6,4656.9,False,0.93,0.63,0.15,151.8,27.8
8,Centre Hospitalier Régional de Saint-Louis,Saint-Louis,Saint-Louis,540,387,2024-12-25,39,11,480,22,60,350,32,0.32,Covid-19,3,6,38.94,22.4,faible,31.9,63.8,110.5,False,0.27,0.31,0.11,153.8,23.9
8,Centre Hospitalier Régional de Saint-Louis,Saint-Louis,Saint-Louis,540,387,2024-12-26,43,86,89,14,451,340,47,1.25,Dengue,110,10,60.46,15.28,élevé,28.6,45.7,3864.7,True,0.52,0.75,0.05,39.5,12.6
8,Centre Hospitalier Régional de Saint-Louis,Saint-Louis,Saint-Louis,540,387,2024-12-27,82,19,271,19,269,366,25,1.78,Dengue,103,9,81.81,27.5,élevé,37.9,65.6,2568.7,True,0.32,0.76,0.16,157.6,26.2
8,Centre Hospitalier Régional de Saint-Louis,Saint-Louis,Saint-Louis,540,387,2024-12-28,30,29,492,24,48,342,6,1.1,Choléra,103,6,87.52,13.72,élevé,27.1,62.8,1584.2,True,0.93,0.91,0.0,60.6,30.1
8,Centre Hospitalier Régional de Saint-Louis,Saint-Louis,Saint-Louis,540,387,2024-12-29,57,58,267,21,273,341,24,0.91,Paludisme,40,3,87.38,15.76,modéré,34.2,59.3,2675.5,False,0.78,0.39,0.1,39.4,36.5
8,Centre Hospitalier Régional de Saint-Louis,Saint-Louis,Saint-Louis,540,387,2024-12-30,31,44,260,17,280,364,32,1.12,Choléra,58,6,71.11,14.91,modéré,37.8,46.8,1889.7,False,0.95,0.31,0.07,12.1,43.8
8,Centre Hospitalier Régional de Saint-Louis,Saint-Louis,Saint-Louis,540,387,2024-12-31,92,22,292,21,248,377,12,1.61,Dengue,112,4,90.62,4.58,élevé,29.8,50.9,2805.0,True,0.63,0.59,0.09,7.3,18.7
9,Centre Hospitalier Régional de Matam,Matam,Matam,359,116,2024-01-01,27,78,215,14,144,92,46,2.99,Grippe,114,3,71.16,26.62,élevé,38.5,86.5,1572.0,True,0.4,0.53,0.18,155.3,3.5
9,Centre Hospitalier Régional de Matam,Matam,Matam,359,116,2024-01-02,45,72,353,25,6,112,27,0.22,Covid-19,65,10,54.34,18.46,modéré,26.2,50.7,1466.6,False,0.42,0.48,0.16,30.6,43.6
9,Centre Hospitalier Régional de Matam,Matam,Matam,359,116,2024-01-03,89,5,180,25,179,76,37,0.92,Dengue,21,9,45.55,13.44,faible,36.6,53.9,3980.7,False,0.7,0.96,0.12,108.2,57.5
9,Centre Hospitalier Régional de Matam,Matam,Matam,359,116,2024-01-04,91,65,53,21,306,71,20,0.79,Paludisme,62,1,38.18,3.9,modéré,37.8,76.6,466.4,False,0.52,0.78,0.02,85.4,36.1
9,Centre Hospitalier Régional de Matam,Matam,Matam,359,116,2024-01-05,35,39,137,10,222,70,25,3.33,Choléra,45,9,38.17,1.68,modéré,33.4,81.4,2237.5,False,0.41,0.36,0.18,105.6,18.3
9,Centre Hospitalier Régional de Matam,Matam,Matam,359,116,2024-01-06,56,15,232,16,127,97,11,0.54,Covid-19,105,8,63.86,1.85,élevé,29.4,73.0,4467.0,True,0.85,0.67,0.1,170.6,54.3
9,Centre Hospitalier Régional de Matam,Matam,Matam,359,116,2024-01-07,85,59,161,16,198,66,20,3.02,Dengue,112,10,50.31,7.55,élevé,34.0,43.6,594.9,True,0.33,0.9,0.17,106.5,46.5
9,Centre Hospitalier Régional de Matam,Matam,Matam,359,116,2024-01-08,76,34,271,24,88,73,14,1.48,Dengue,25,6,73.59,10.56,faible,28.6,66.2,3260.1,False,0.92,0.47,0.07,176.7,31.6
9,Centre Hospitalier Régional de Matam,Matam,Matam,359,116,2024-01-09,28,81,89,23,270,86,24,1.47,Dengue,39,4,57.05,1.04,modéré,31.9,45.7,1518.0,False,0.55,0.75,0.18,94.6,59.8
9,Centre Hospitalier Régional de Matam,Matam,Matam,359,116,2024-01-10,97,21,64,1,295,73,20,2.92,Dengue,82,4,60.08,8.25,élevé,23.0,43.7,1932.3,True,0.76,0.79,0.2,90.4,5.2
9,Centre Hospitalier Régional de Matam,Matam,Matam,359,116,2024-01-11,82,46,288,20,71,98,27,2.34,Paludisme,41,1,53.0,6.6,modéré,23.1,83.9,275.8,False,0.23,0.59,0.09,16.1,50.7
9,Centre Hospitalier Régional de Matam,Matam,Matam,359,116,2024-01-12,79,12,333,19,26,75,25,0.45,Choléra,106,3,60.69,25.9,élevé,36.5,86.7,1390.7,True,0.78,0.83,0.14,160.6,16.4
9,Centre Hospitalier Régional de Matam,Matam,Matam,359,116,2024-01-13,39,6,149,15,210,92,33,0.66,Dengue,11,8,60.5,5.88,faible,24.0,63.2,808.7,False,0.27,0.44,0.07,28.7,49.4
9,Centre Hospitalier Régional de Matam,Matam,Matam,359,116,2024-01-14,20,61,219,14,140,103,17,1.82,Dengue,4,5,76.12,7.82,faible,22.3,45.5,470.3,False,0.37,0.38,0.06,110.7,56.9
9,Centre Hospitalier Régional de Matam,Matam,Matam,359,116,2024-01-15,70,89,251,7,108,106,32,0.94,Grippe,52,10,90.93,2.7,modéré,34.5,52.0,2038.6,False,0.89,0.42,0.07,102.2,43.4
9,Centre Hospitalier Régional de Matam,Matam,Matam,359,116,2024-01-16,17,84,142,23,217,78,45,0.23,Grippe,4,4,83.37,3.79,faible,22.4,62.8,1158.5,False,0.24,0.81,0.12,51.5,29.2
9,Centre Hospitalier Régional de Matam,Matam,Matam,359,116,2024-01-17,70,16,20,4,339,109,47,1.2,Grippe,2,8,90.15,14.68,faible,36.6,69.1,535.1,False,0.4,0.91,0.03,112.9,3.4
9,Centre Hospitalier Régional de Matam,Matam,Matam,359,116,2024-01-18,21,9,188,15,171,94,14,3.05,Grippe,20,2,78.84,13.23,faible,35.7,56.5,2836.0,False,0.77,0.48,0.05,166.9,29.7
9,Centre Hospitalier Régional de Matam,Matam,Matam,359,116,2024-01-19,38,64,73,6,286,80,13,2.07,Paludisme,71,7,34.49,14.7,modéré,37.5,47.7,2568.0,False,0.82,0.84,0.07,14.1,56.2
9,Centre Hospitalier Régional de Matam,Matam,Matam,359,116,2024-01-20,32,25,271,1,88,91,41,2.49,Choléra,106,0,78.68,25.16,élevé,37.9,40.6,4808.9,True,0.98,0.38,0.03,116.0,43.8
9,Centre Hospitalier Régional de Matam,Matam,Matam,359,116,2024-01-21,80,62,63,9,296,85,6,1.49,Covid-19,69,5,90.21,5.32,modéré,27.2,75.9,3633.0,False,0.53,0.59,0.18,179.8,55.5
9,Centre Hospitalier Régional de Matam,Matam,Matam,359,116,2024-01-22,38,36,40,23,319,76,2,3.75,Choléra,16,5,48.35,4.87,faible,28.7,79.7,2103.2,False,0.35,0.99,0.11,22.1,28.7
9,Centre Hospitalier Régional de Matam,Matam,Matam,359,116,2024-01-23,96,28,238,23,121,72,57,2.66,Dengue,37,7,57.83,9.35,modéré,29.2,68.5,4427.9,False,0.51,0.82,0.09,78.8,26.0
9,Centre Hospitalier Régional de Matam,Matam,Matam,359,116,2024-01-24,75,87,320,11,39,66,48,2.08,Dengue,77,7,89.63,11.14,modéré,31.6,66.4,2659.9,False,0.81,0.72,0.01,78.1,21.2
9,Centre Hospitalier Régional de Matam,Matam,Matam,359,116,2024-01-25,14,22,357,19,2,103,41,1.24,Paludisme,91,5,40.26,23.72,élevé,22.6,46.4,1448.7,True,0.67,0.85,0.04,148.6,9.3
9,Centre Hospitalier Régional de Matam,Matam,Matam,359,116,2024-01-26,33,90,293,11,66,102,27,3.98,Covid-19,78,7,86.97,2.94,modéré,22.6,47.3,2459.3,False,0.92,0.38,0.0,177.6,50.1
9,Centre Hospitalier Régional de Matam,Matam,Matam,359,116,2024-01-27,29,81,20,21,339,83,29,0.93,Choléra,100,9,48.01,20.4,élevé,35.3,85.4,4929.7,True,0.76,0.53,0.08,58.9,39.4
9,Centre Hospitalier Régional de Matam,Matam,Matam,359,116,2024-01-28,83,31,278,7,81,103,32,0.77,Dengue,110,9,68.68,29.25,élevé,35.3,63.0,4670.4,True,0.61,0.37,0.01,95.8,49.7
9,Centre Hospitalier Régional de Matam,Matam,Matam,359,116,2024-01-29,69,84,79,25,280,99,23,2.4,Choléra,3,7,60.1,6.6,faible,29.7,81.8,4213.9,False,0.73,0.34,0.19,62.6,52.6
9,Centre Hospitalier Régional de Matam,Matam,Matam,359,116,2024-01-30,33,16,83,12,276,92,25,3.36,Grippe,46,2,80.88,12.44,modéré,22.2,75.6,2419.8,False,0.86,0.51,0.01,178.4,18.2
9,Centre Hospitalier Régional de Matam,Matam,Matam,359,116,2024-01-31,95,20,227,23,132,94,12,3.01,Covid-19,103,0,86.71,18.38,élevé,27.0,51.3,316.7,True,0.25,0.58,0.12,158.7,6.6
9,Centre Hospitalier Régional de Matam,Matam,Matam,359,116,2024-02-01,50,5,234,10,125,86,38,0.18,Grippe,20,8,78.86,21.63,faible,35.4,54.8,1718.1,False,0.46,0.66,0.16,107.4,44.6
9,Centre Hospitalier Régional de Matam,Matam,Matam,359,116,2024-02-02,83,64,24,20,335,107,53,2.35,Paludisme,38,8,76.66,7.3,modéré,34.3,67.1,2743.8,False,0.65,0.35,0.07,51.1,18.0
9,Centre Hospitalier Régional de Matam,Matam,Matam,359,116,2024-02-03,24,17,297,17,62,77,6,3.53,Grippe,108,0,32.07,4.99,élevé,26.7,55.9,4339.4,True,0.21,0.59,0.14,55.0,21.5
9,Centre Hospitalier Régional de Matam,Matam,Matam,359,116,2024-02-04,31,40,38,10,321,68,32,3.1,Paludisme,3,4,61.53,8.3,faible,29.9,59.2,2356.2,False,0.37,0.95,0.16,157.7,53.9
9,Centre Hospitalier Régional de Matam,Matam,Matam,359,116,2024-02-05,36,5,204,4,155,94,14,3.09,Grippe,1,3,64.87,6.11,faible,33.2,52.6,1822.5,False,0.24,0.53,0.09,14.7,48.8
9,Centre Hospitalier Régional de Matam,Matam,Matam,359,116,2024-02-06,17,64,256,19,103,96,30,3.46,Choléra,80,7,66.44,9.48,élevé,22.9,66.0,292.7,False,0.73,0.82,0.01,125.9,7.2
9,Centre Hospitalier Régional de Matam,Matam,Matam,359,116,2024-02-07,56,58,68,23,291,107,11,2.96,Choléra,14,4,43.66,21.4,faible,24.9,83.5,174.8,False,0.48,0.65,0.05,128.7,27.2
9,Centre Hospitalier Régional de Matam,Matam,Matam,359,116,2024-02-08,84,87,89,21,270,69,3,1.61,Paludisme,29,6,88.67,1.06,faible,30.0,45.4,1323.5,False,0.83,0.52,0.17,128.1,11.8
9,Centre Hospitalier Régional de Matam,Matam,Matam,359,116,2024-02-09,19,15,269,13,90,73,22,2.62,Choléra,116,2,67.45,29.35,élevé,35.8,64.5,3617.0,True,0.52,0.96,0.19,170.0,25.8
9,Centre Hospitalier Régional de Matam,Matam,Matam,359,116,2024-02-10,46,30,84,10,275,98,18,0.49,Grippe,49,10,55.65,25.33,modéré,25.5,62.1,4748.7,False,0.36,0.8,0.18,137.0,46.2
9,Centre Hospitalier Régional de Matam,Matam,Matam,359,116,2024-02-11,32,20,140,6,219,72,13,0.18,Dengue,114,10,57.42,6.9,élevé,34.7,57.2,2203.7,True,0.96,0.63,0.18,53.8,45.3
9,Centre Hospitalier Régional de Matam,Matam,Matam,359,116,2024-02-12,26,30,272,23,87,114,7,3.92,Choléra,101,8,84.12,9.29,élevé,30.1,49.0,1350.6,True,0.77,0.57,0.14,137.7,51.8
9,Centre Hospitalier Régional de Matam,Matam,Matam,359,116,2024-02-13,30,43,302,19,57,74,39,3.3,Grippe,17,6,45.75,29.93,faible,34.4,61.0,4200.3,False,0.52,0.64,0.14,102.5,17.3
9,Centre Hospitalier Régional de Matam,Matam,Matam,359,116,2024-02-14,57,33,256,21,103,102,32,2.33,Paludisme,112,10,48.47,5.08,élevé,27.9,77.8,833.0,True,0.37,0.53,0.18,160.5,39.3
9,Centre Hospitalier Régional de Matam,Matam,Matam,359,116,2024-02-15,93,81,216,24,143,82,8,2.11,Covid-19,104,2,58.06,18.66,élevé,22.8,48.7,3309.3,True,1.0,0.63,0.13,109.5,22.6
9,Centre Hospitalier Régional de Matam,Matam,Matam,359,116,2024-02-16,91,50,305,7,54,112,21,0.57,Dengue,97,4,57.07,17.3,élevé,27.1,51.0,4403.9,True,0.29,0.77,0.15,7.8,31.7
9,Centre Hospitalier Régional de Matam,Matam,Matam,359,116,2024-02-17,83,56,215,7,144,108,4,0.34,Paludisme,65,5,85.6,25.03,modéré,30.9,44.3,1195.3,False,0.32,0.87,0.03,34.6,58.1
9,Centre Hospitalier Régional de Matam,Matam,Matam,359,116,2024-02-18,73,41,44,11,315,81,15,3.9,Grippe,6,0,85.37,8.19,faible,29.4,40.6,3892.9,False,0.89,0.36,0.2,56.3,10.4
9,Centre Hospitalier Régional de Matam,Matam,Matam,359,116,2024-02-19,53,86,240,0,119,104,5,3.86,Covid-19,57,0,60.56,25.53,modéré,22.6,61.3,4266.4,False,0.6,0.5,0.05,65.7,45.6
9,Centre Hospitalier Régional de Matam,Matam,Matam,359,116,2024-02-20,72,36,188,13,171,70,57,1.45,Grippe,60,9,34.05,12.55,modéré,27.7,51.7,1257.6,False,0.6,0.53,0.11,123.8,41.3
9,Centre Hospitalier Régional de Matam,Matam,Matam,359,116,2024-02-21,55,85,137,3,222,75,43,3.7,Grippe,2,10,69.47,4.44,faible,25.0,83.8,1191.7,False,0.89,0.75,0.1,14.0,29.4
9,Centre Hospitalier Régional de Matam,Matam,Matam,359,116,2024-02-22,88,56,166,19,193,67,56,2.59,Covid-19,104,6,59.18,5.28,élevé,37.4,81.4,296.7,True,0.75,0.88,0.18,70.2,27.9
9,Centre Hospitalier Régional de Matam,Matam,Matam,359,116,2024-02-23,43,68,27,24,332,85,13,3.81,Grippe,110,4,87.82,2.43,élevé,25.2,73.2,3525.1,True,0.99,0.42,0.06,42.6,10.7
9,Centre Hospitalier Régional de Matam,Matam,Matam,359,116,2024-02-24,81,77,76,10,283,95,58,3.24,Dengue,30,10,66.61,9.85,modéré,28.3,40.9,3724.3,False,0.67,0.99,0.2,151.9,5.0
9,Centre Hospitalier Régional de Matam,Matam,Matam,359,116,2024-02-25,81,29,178,1,181,75,19,0.35,Paludisme,57,1,65.94,9.25,modéré,30.0,84.4,563.2,False,0.85,0.65,0.02,43.7,7.8
9,Centre Hospitalier Régional de Matam,Matam,Matam,359,116,2024-02-26,55,12,220,4,139,88,22,2.41,Grippe,12,8,46.54,5.69,faible,26.2,78.4,3042.1,False,0.75,0.79,0.02,72.3,28.1
9,Centre Hospitalier Régional de Matam,Matam,Matam,359,116,2024-02-27,76,74,335,17,24,105,39,1.91,Paludisme,113,4,39.51,9.69,élevé,35.9,50.6,749.6,True,0.24,0.37,0.18,9.2,55.6
9,Centre Hospitalier Régional de Matam,Matam,Matam,359,116,2024-02-28,36,70,45,0,314,100,58,1.73,Covid-19,9,0,57.53,27.94,faible,26.0,85.8,3967.4,False,0.81,0.59,0.12,167.3,23.9
9,Centre Hospitalier Régional de Matam,Matam,Matam,359,116,2024-02-29,42,70,251,22,108,69,55,3.56,Choléra,57,2,38.88,29.93,modéré,23.4,74.8,3200.9,False,0.79,0.53,0.1,43.7,57.4
9,Centre Hospitalier Régional de Matam,Matam,Matam,359,116,2024-03-01,34,52,199,16,160,109,15,2.12,Grippe,89,7,55.78,27.68,élevé,31.3,40.9,2762.7,True,0.47,0.64,0.07,154.9,20.3
9,Centre Hospitalier Régional de Matam,Matam,Matam,359,116,2024-03-02,49,24,110,24,249,69,11,1.31,Covid-19,61,5,91.81,6.81,modéré,25.7,58.0,377.1,False,0.74,0.56,0.15,144.6,25.6
9,Centre Hospitalier Régional de Matam,Matam,Matam,359,116,2024-03-03,77,49,113,6,246,67,36,3.09,Grippe,104,10,86.09,21.64,élevé,30.7,56.8,4344.0,True,0.77,0.91,0.06,133.6,39.6
9,Centre Hospitalier Régional de Matam,Matam,Matam,359,116,2024-03-04,96,72,249,19,110,76,59,3.77,Covid-19,73,8,42.42,29.68,modéré,31.7,66.6,228.2,False,0.6,0.74,0.12,143.2,28.1
9,Centre Hospitalier Régional de Matam,Matam,Matam,359,116,2024-03-05,96,31,327,15,32,73,57,1.72,Grippe,57,7,91.49,13.89,modéré,30.9,69.4,3640.9,False,0.55,0.4,0.07,27.5,21.0
9,Centre Hospitalier Régional de Matam,Matam,Matam,359,116,2024-03-06,57,38,50,17,309,109,3,2.87,Paludisme,99,6,39.63,2.14,élevé,37.8,84.3,2884.8,True,0.44,0.93,0.05,30.9,29.1
9,Centre Hospitalier Régional de Matam,Matam,Matam,359,116,2024-03-07,51,80,159,14,200,107,1,1.8,Dengue,76,9,70.52,5.59,modéré,28.0,56.7,510.8,False,0.33,0.7,0.18,8.5,20.6
9,Centre Hospitalier Régional de Matam,Matam,Matam,359,116,2024-03-08,99,81,358,23,1,79,21,1.77,Covid-19,98,5,34.91,3.25,élevé,34.3,77.7,3602.5,True,0.57,0.96,0.07,36.7,50.9
9,Centre Hospitalier Régional de Matam,Matam,Matam,359,116,2024-03-09,35,67,257,3,102,75,25,2.68,Grippe,29,7,47.27,22.44,faible,29.3,41.1,2549.0,False,0.75,0.6,0.03,131.4,24.7
9,Centre Hospitalier Régional de Matam,Matam,Matam,359,116,2024-03-10,48,86,217,10,142,98,38,2.67,Dengue,14,1,81.51,24.21,faible,22.6,74.2,1333.2,False,0.74,0.94,0.07,62.5,15.1
9,Centre Hospitalier Régional de Matam,Matam,Matam,359,116,2024-03-11,95,65,199,13,160,95,29,0.87,Dengue,76,1,35.47,25.67,modéré,22.2,50.4,3016.0,False,0.9,0.41,0.0,136.0,6.0
9,Centre Hospitalier Régional de Matam,Matam,Matam,359,116,2024-03-12,15,65,125,10,234,109,18,2.9,Grippe,65,10,80.23,18.18,modéré,29.0,85.8,770.3,False,0.7,0.4,0.07,25.5,26.0
9,Centre Hospitalier Régional de Matam,Matam,Matam,359,116,2024-03-13,47,16,184,10,175,81,37,3.65,Covid-19,4,3,71.53,4.47,faible,38.1,59.8,3872.2,False,0.77,0.34,0.02,148.1,29.0
9,Centre Hospitalier Régional de Matam,Matam,Matam,359,116,2024-03-14,65,31,227,14,132,74,38,2.59,Choléra,103,5,94.93,29.7,élevé,29.9,87.7,2615.6,True,0.8,0.44,0.05,129.4,22.2
9,Centre Hospitalier Régional de Matam,Matam,Matam,359,116,2024-03-15,48,46,49,10,310,105,2,2.27,Covid-19,38,10,89.27,15.28,modéré,34.9,85.3,2137.7,False,0.87,0.99,0.05,41.5,6.7
9,Centre Hospitalier Régional de Matam,Matam,Matam,359,116,2024-03-16,64,43,296,23,63,81,7,0.24,Grippe,71,0,31.1,8.33,modéré,32.4,49.8,1511.0,False,0.74,0.98,0.18,96.4,32.2
9,Centre Hospitalier Régional de Matam,Matam,Matam,359,116,2024-03-17,33,90,47,5,312,81,27,2.16,Paludisme,105,5,72.92,16.77,élevé,28.0,65.3,1025.4,True,0.96,0.88,0.14,90.7,16.6
9,Centre Hospitalier Régional de Matam,Matam,Matam,359,116,2024-03-18,38,81,132,21,227,77,16,1.09,Choléra,16,2,46.23,19.64,faible,31.7,54.4,3631.1,False,0.91,0.33,0.02,99.3,38.8
9,Centre Hospitalier Régional de Matam,Matam,Matam,359,116,2024-03-19,65,55,159,13,200,78,3,2.36,Covid-19,103,2,88.41,24.43,élevé,35.1,83.4,781.4,True,0.62,0.95,0.09,67.6,12.4
9,Centre Hospitalier Régional de Matam,Matam,Matam,359,116,2024-03-20,57,6,357,22,2,102,56,1.75,Covid-19,87,2,72.34,3.98,élevé,36.5,79.0,3980.4,True,0.63,0.86,0.15,161.5,11.4
9,Centre Hospitalier Régional de Matam,Matam,Matam,359,116,2024-03-21,77,11,321,24,38,81,17,1.18,Paludisme,70,0,35.75,2.27,modéré,27.1,55.3,2332.2,False,0.31,0.51,0.1,51.1,51.4
9,Centre Hospitalier Régional de Matam,Matam,Matam,359,116,2024-03-22,34,69,78,17,281,99,35,3.58,Covid-19,112,1,76.35,11.78,élevé,30.8,88.0,2038.7,True,0.84,0.69,0.17,53.9,12.4
9,Centre Hospitalier Régional de Matam,Matam,Matam,359,116,2024-03-23,50,55,286,23,73,110,27,1.55,Paludisme,106,2,31.72,7.08,élevé,33.5,89.7,1190.0,True,0.45,0.81,0.15,142.2,50.1
9,Centre Hospitalier Régional de Matam,Matam,Matam,359,116,2024-03-24,38,48,177,3,182,79,40,3.02,Covid-19,69,6,61.55,25.57,modéré,36.7,53.6,4368.8,False,0.42,0.78,0.03,64.6,5.9
9,Centre Hospitalier Régional de Matam,Matam,Matam,359,116,2024-03-25,32,15,33,3,326,109,30,3.99,Dengue,25,0,85.41,10.61,faible,32.4,77.4,3314.0,False,0.33,0.37,0.16,145.7,4.8
9,Centre Hospitalier Régional de Matam,Matam,Matam,359,116,2024-03-26,66,5,86,23,273,90,45,2.47,Paludisme,38,2,68.69,19.5,modéré,35.4,84.1,4571.5,False,0.28,0.54,0.05,57.6,55.3
9,Centre Hospitalier Régional de Matam,Matam,Matam,359,116,2024-03-27,46,37,190,6,169,109,26,2.76,Covid-19,85,8,62.29,2.05,élevé,27.9,40.6,481.3,True,0.64,0.45,0.01,87.6,20.5
9,Centre Hospitalier Régional de Matam,Matam,Matam,359,116,2024-03-28,61,50,60,21,299,90,30,1.27,Covid-19,1,4,74.97,25.53,faible,22.7,63.1,730.8,False,0.32,0.54,0.08,95.1,47.7
9,Centre Hospitalier Régional de Matam,Matam,Matam,359,116,2024-03-29,90,24,347,15,12,84,16,0.56,Covid-19,78,4,61.33,16.2,modéré,23.5,81.6,1509.5,False,0.37,0.84,0.12,18.2,23.9
9,Centre Hospitalier Régional de Matam,Matam,Matam,359,116,2024-03-30,90,23,311,2,48,80,43,3.15,Dengue,79,7,54.05,26.83,modéré,30.3,51.9,4868.3,False,0.88,0.88,0.07,146.2,47.8
9,Centre Hospitalier Régional de Matam,Matam,Matam,359,116,2024-03-31,89,77,120,16,239,89,29,2.72,Paludisme,32,0,90.24,3.52,modéré,34.2,61.2,1660.7,False,0.47,0.7,0.13,8.0,30.7
9,Centre Hospitalier Régional de Matam,Matam,Matam,359,116,2024-04-01,20,30,319,9,40,73,23,0.46,Grippe,117,5,55.14,9.28,élevé,38.5,56.1,3499.0,True,0.2,0.48,0.14,16.9,30.8
9,Centre Hospitalier Régional de Matam,Matam,Matam,359,116,2024-04-02,64,74,356,0,3,104,25,3.0,Choléra,106,2,50.97,26.18,élevé,33.1,40.6,2836.8,True,0.81,0.57,0.13,49.2,6.8
9,Centre Hospitalier Régional de Matam,Matam,Matam,359,116,2024-04-03,85,11,353,23,6,96,40,1.56,Grippe,62,1,70.85,14.9,modéré,36.0,46.6,2362.9,False,0.53,0.87,0.08,127.8,19.3
9,Centre Hospitalier Régional de Matam,Matam,Matam,359,116,2024-04-04,98,45,68,22,291,72,47,1.39,Paludisme,11,2,35.73,22.33,faible,38.5,58.0,1469.6,False,0.86,0.54,0.03,45.7,39.0
9,Centre Hospitalier Régional de Matam,Matam,Matam,359,116,2024-04-05,76,48,52,11,307,107,9,3.26,Covid-19,41,5,58.43,2.42,modéré,24.9,47.6,966.2,False,0.83,0.85,0.11,10.4,7.3
9,Centre Hospitalier Régional de Matam,Matam,Matam,359,116,2024-04-06,59,39,88,16,271,115,19,1.56,Dengue,13,9,35.66,25.45,faible,24.8,49.6,3595.3,False,0.71,0.6,0.03,100.4,30.9
9,Centre Hospitalier Régional de Matam,Matam,Matam,359,116,2024-04-07,69,53,352,25,7,109,27,1.12,Grippe,42,1,46.33,28.52,modéré,27.5,50.4,3521.0,False,0.96,0.64,0.11,27.7,53.7
9,Centre Hospitalier Régional de Matam,Matam,Matam,359,116,2024-04-08,11,73,43,8,316,109,25,2.66,Dengue,78,1,51.1,13.38,modéré,33.8,48.9,1243.8,False,0.43,0.45,0.02,147.4,22.6
9,Centre Hospitalier Régional de Matam,Matam,Matam,359,116,2024-04-09,78,30,332,3,27,70,43,0.83,Choléra,119,3,66.08,27.26,élevé,37.5,75.4,3752.7,True,1.0,0.62,0.12,103.7,6.3
9,Centre Hospitalier Régional de Matam,Matam,Matam,359,116,2024-04-10,97,62,316,20,43,87,23,0.42,Paludisme,31,8,58.8,2.67,modéré,28.4,67.2,1489.6,False,0.85,0.72,0.09,71.4,7.2
9,Centre Hospitalier Régional de Matam,Matam,Matam,359,116,2024-04-11,14,44,303,22,56,76,40,0.96,Choléra,101,8,32.49,29.49,élevé,36.6,52.8,806.2,True,0.23,0.58,0.01,53.0,50.9
9,Centre Hospitalier Régional de Matam,Matam,Matam,359,116,2024-04-12,14,10,309,24,50,115,39,1.89,Paludisme,31,8,53.81,15.43,modéré,23.9,42.3,3563.4,False,0.97,0.59,0.11,143.3,47.4
9,Centre Hospitalier Régional de Matam,Matam,Matam,359,116,2024-04-13,30,54,263,21,96,93,21,2.97,Grippe,75,8,54.67,10.53,modéré,23.6,56.3,2509.8,False,0.68,0.92,0.04,100.0,19.0
9,Centre Hospitalier Régional de Matam,Matam,Matam,359,116,2024-04-14,56,78,211,14,148,96,46,1.35,Covid-19,80,5,76.36,29.26,élevé,38.1,45.1,2665.2,False,0.31,0.72,0.0,29.5,42.1
9,Centre Hospitalier Régional de Matam,Matam,Matam,359,116,2024-04-15,79,46,253,24,106,73,21,1.07,Dengue,110,6,91.24,15.74,élevé,26.6,88.5,735.2,True,0.46,0.66,0.09,79.7,8.6
9,Centre Hospitalier Régional de Matam,Matam,Matam,359,116,2024-04-16,28,68,129,21,230,98,53,1.74,Dengue,106,1,68.41,18.69,élevé,27.7,82.3,3213.5,True,0.99,0.49,0.04,42.2,17.7
9,Centre Hospitalier Régional de Matam,Matam,Matam,359,116,2024-04-17,26,50,109,20,250,92,60,3.76,Choléra,98,5,67.3,7.46,élevé,33.8,46.4,4922.6,True,0.91,0.41,0.19,41.5,13.4
9,Centre Hospitalier Régional de Matam,Matam,Matam,359,116,2024-04-18,78,12,321,14,38,70,33,2.15,Grippe,80,7,48.92,29.67,élevé,38.3,81.9,3206.9,False,0.63,0.77,0.11,43.2,49.4
9,Centre Hospitalier Régional de Matam,Matam,Matam,359,116,2024-04-19,71,79,264,8,95,108,1,3.24,Covid-19,103,5,33.18,14.29,élevé,35.2,43.0,3341.5,True,0.2,0.61,0.01,166.7,7.2
9,Centre Hospitalier Régional de Matam,Matam,Matam,359,116,2024-04-20,13,17,346,24,13,94,45,1.76,Paludisme,24,10,40.37,20.82,faible,33.3,44.6,105.4,False,0.51,0.69,0.14,144.3,58.9
9,Centre Hospitalier Régional de Matam,Matam,Matam,359,116,2024-04-21,66,60,342,4,17,97,29,1.93,Covid-19,118,7,64.62,16.76,élevé,26.2,74.6,3381.0,True,0.54,0.34,0.19,67.1,18.5
9,Centre Hospitalier Régional de Matam,Matam,Matam,359,116,2024-04-22,95,34,161,18,198,104,33,3.52,Paludisme,14,5,69.15,22.82,faible,23.5,53.2,311.8,False,0.58,0.52,0.2,143.9,42.5
9,Centre Hospitalier Régional de Matam,Matam,Matam,359,116,2024-04-23,19,86,315,19,44,78,32,1.12,Choléra,100,10,68.03,1.47,élevé,22.1,49.7,4166.1,True,0.33,0.58,0.01,39.4,12.7
9,Centre Hospitalier Régional de Matam,Matam,Matam,359,116,2024-04-24,29,30,223,17,136,101,14,2.89,Dengue,86,3,91.04,14.83,élevé,25.0,63.4,4154.2,True,0.89,0.48,0.13,85.6,49.3
9,Centre Hospitalier Régional de Matam,Matam,Matam,359,116,2024-04-25,27,21,338,0,21,96,11,1.01,Grippe,103,1,39.46,10.96,élevé,22.2,66.9,960.7,True,0.26,0.54,0.14,63.4,44.9
9,Centre Hospitalier Régional de Matam,Matam,Matam,359,116,2024-04-26,84,68,143,13,216,74,4,0.51,Choléra,103,3,64.26,17.08,élevé,36.0,83.8,1506.0,True,0.24,0.59,0.18,76.0,36.6
9,Centre Hospitalier Régional de Matam,Matam,Matam,359,116,2024-04-27,66,14,208,15,151,81,3,2.15,Dengue,16,1,69.45,25.85,faible,27.2,73.6,2918.2,False,0.83,0.41,0.12,39.8,36.5
9,Centre Hospitalier Régional de Matam,Matam,Matam,359,116,2024-04-28,26,63,122,0,237,105,50,0.35,Covid-19,119,0,58.56,8.81,élevé,26.7,54.6,1051.5,True,0.62,0.72,0.2,114.7,48.6
9,Centre Hospitalier Régional de Matam,Matam,Matam,359,116,2024-04-29,13,86,350,4,9,106,20,2.36,Dengue,96,4,89.76,29.84,élevé,26.6,55.0,2032.5,True,0.62,0.64,0.18,50.2,9.9
9,Centre Hospitalier Régional de Matam,Matam,Matam,359,116,2024-04-30,22,71,103,24,256,101,24,3.87,Grippe,115,2,92.09,12.2,élevé,28.1,72.7,2081.7,True,0.32,0.83,0.07,79.9,27.1
9,Centre Hospitalier Régional de Matam,Matam,Matam,359,116,2024-05-01,69,85,253,1,106,87,17,1.25,Covid-19,111,9,87.49,10.58,élevé,27.4,86.6,4128.1,True,0.51,0.87,0.15,100.5,25.0
9,Centre Hospitalier Régional de Matam,Matam,Matam,359,116,2024-05-02,13,37,200,19,159,103,60,0.62,Grippe,38,0,61.12,8.68,modéré,24.5,63.2,1106.0,False,0.42,0.77,0.18,64.3,23.0
9,Centre Hospitalier Régional de Matam,Matam,Matam,359,116,2024-05-03,67,51,170,24,189,96,59,3.73,Grippe,6,4,55.08,26.0,faible,33.2,71.5,4083.9,False,0.39,0.42,0.1,140.2,46.2
9,Centre Hospitalier Régional de Matam,Matam,Matam,359,116,2024-05-04,47,55,288,16,71,103,31,2.74,Paludisme,48,1,48.85,9.8,modéré,32.8,76.0,2779.5,False,0.61,0.93,0.2,168.8,48.2
9,Centre Hospitalier Régional de Matam,Matam,Matam,359,116,2024-05-05,70,63,313,24,46,70,11,0.55,Grippe,87,7,77.34,20.53,élevé,32.7,45.9,1679.8,True,0.59,0.36,0.04,133.7,22.6
9,Centre Hospitalier Régional de Matam,Matam,Matam,359,116,2024-05-06,12,35,96,14,263,71,41,1.67,Choléra,58,8,79.62,22.5,modéré,32.1,74.8,3194.9,False,0.8,0.94,0.02,105.6,16.8
9,Centre Hospitalier Régional de Matam,Matam,Matam,359,116,2024-05-07,74,25,138,20,221,113,55,0.13,Choléra,81,5,59.46,28.17,élevé,28.4,84.8,1760.2,True,0.77,0.59,0.18,51.7,19.9
9,Centre Hospitalier Régional de Matam,Matam,Matam,359,116,2024-05-08,64,45,80,4,279,66,57,0.83,Covid-19,86,6,61.84,25.51,élevé,33.8,84.4,1596.3,True,0.27,0.7,0.04,35.5,42.4
9,Centre Hospitalier Régional de Matam,Matam,Matam,359,116,2024-05-09,28,44,323,5,36,81,44,1.52,Choléra,5,7,71.78,15.3,faible,27.7,69.6,1481.4,False,0.31,0.54,0.03,84.1,53.3
9,Centre Hospitalier Régional de Matam,Matam,Matam,359,116,2024-05-10,67,24,96,17,263,115,58,0.53,Dengue,116,5,54.15,6.05,élevé,35.0,52.7,2542.1,True,0.24,0.75,0.04,8.0,22.1
9,Centre Hospitalier Régional de Matam,Matam,Matam,359,116,2024-05-11,17,58,160,8,199,102,7,2.83,Dengue,5,3,71.69,28.98,faible,33.1,54.2,577.9,False,0.58,0.43,0.18,179.4,46.0
9,Centre Hospitalier Régional de Matam,Matam,Matam,359,116,2024-05-12,42,70,165,14,194,77,29,0.1,Choléra,116,4,86.32,3.38,élevé,31.6,68.8,2225.3,True,0.29,0.79,0.09,32.5,20.7
9,Centre Hospitalier Régional de Matam,Matam,Matam,359,116,2024-05-13,25,59,294,1,65,94,18,3.32,Paludisme,98,4,69.71,29.32,élevé,35.6,67.6,3964.5,True,0.82,0.63,0.01,120.3,17.8
9,Centre Hospitalier Régional de Matam,Matam,Matam,359,116,2024-05-14,24,10,117,7,242,85,53,2.35,Choléra,41,8,88.14,27.23,modéré,24.6,69.8,1824.3,False,0.43,0.78,0.15,68.6,4.5
9,Centre Hospitalier Régional de Matam,Matam,Matam,359,116,2024-05-15,83,13,333,11,26,103,25,2.28,Choléra,37,5,73.17,20.9,modéré,31.2,49.9,4575.2,False,0.74,0.63,0.13,11.6,25.6
9,Centre Hospitalier Régional de Matam,Matam,Matam,359,116,2024-05-16,58,72,294,17,65,110,34,2.79,Choléra,34,3,43.16,11.11,modéré,25.7,69.3,2698.8,False,0.95,0.52,0.17,26.7,10.6
9,Centre Hospitalier Régional de Matam,Matam,Matam,359,116,2024-05-17,72,79,64,22,295,69,45,3.76,Grippe,15,0,34.97,19.02,faible,37.1,74.8,2643.7,False,0.3,0.58,0.2,156.6,12.1
9,Centre Hospitalier Régional de Matam,Matam,Matam,359,116,2024-05-18,63,66,154,23,205,90,16,3.93,Grippe,24,5,59.34,12.93,faible,34.4,85.2,4299.9,False,0.32,0.86,0.08,48.8,48.6
9,Centre Hospitalier Régional de Matam,Matam,Matam,359,116,2024-05-19,25,50,234,21,125,98,19,2.08,Choléra,94,1,37.84,14.26,élevé,37.0,49.8,942.7,True,0.88,1.0,0.18,45.7,57.1
9,Centre Hospitalier Régional de Matam,Matam,Matam,359,116,2024-05-20,38,41,280,5,79,71,12,3.34,Paludisme,46,1,78.62,17.94,modéré,30.7,78.4,4177.6,False,0.45,0.55,0.03,21.4,28.5
9,Centre Hospitalier Régional de Matam,Matam,Matam,359,116,2024-05-21,44,59,197,4,162,76,27,2.19,Covid-19,88,2,51.98,19.56,élevé,33.3,73.0,840.7,True,0.69,0.5,0.15,65.9,54.5
9,Centre Hospitalier Régional de Matam,Matam,Matam,359,116,2024-05-22,71,54,234,9,125,112,44,1.78,Dengue,84,5,51.99,2.22,élevé,23.3,85.3,768.4,True,0.56,0.92,0.05,43.7,55.2
9,Centre Hospitalier Régional de Matam,Matam,Matam,359,116,2024-05-23,17,40,127,20,232,109,41,2.96,Covid-19,104,7,39.58,15.05,élevé,32.7,56.1,1449.4,True,0.54,0.44,0.14,169.3,21.7
9,Centre Hospitalier Régional de Matam,Matam,Matam,359,116,2024-05-24,51,77,215,23,144,73,31,2.98,Covid-19,73,3,77.36,4.02,modéré,28.0,73.2,3207.8,False,0.39,0.65,0.01,71.8,42.1
9,Centre Hospitalier Régional de Matam,Matam,Matam,359,116,2024-05-25,79,78,293,22,66,74,43,0.95,Grippe,5,9,73.86,21.78,faible,34.2,68.3,3018.8,False,0.38,0.34,0.11,168.5,40.7
9,Centre Hospitalier Régional de Matam,Matam,Matam,359,116,2024-05-26,70,88,231,21,128,76,3,3.75,Grippe,88,9,74.92,5.4,élevé,28.5,61.7,4731.5,True,0.66,0.62,0.09,143.0,13.7
9,Centre Hospitalier Régional de Matam,Matam,Matam,359,116,2024-05-27,92,42,51,3,308,107,14,2.52,Choléra,74,0,49.3,5.52,modéré,28.3,88.1,4115.3,False,0.94,0.7,0.1,35.6,37.4
9,Centre Hospitalier Régional de Matam,Matam,Matam,359,116,2024-05-28,46,46,285,15,74,67,7,2.36,Choléra,60,4,72.57,2.92,modéré,23.8,81.8,1645.2,False,0.37,0.59,0.19,94.7,45.9
9,Centre Hospitalier Régional de Matam,Matam,Matam,359,116,2024-05-29,82,28,150,21,209,70,46,3.0,Paludisme,39,7,62.63,11.95,modéré,30.1,42.7,4951.8,False,0.78,0.6,0.08,89.5,51.3
9,Centre Hospitalier Régional de Matam,Matam,Matam,359,116,2024-05-30,94,18,210,7,149,75,59,3.12,Dengue,18,1,79.89,20.02,faible,25.3,52.0,1547.0,False,0.83,0.81,0.02,114.1,51.2
9,Centre Hospitalier Régional de Matam,Matam,Matam,359,116,2024-05-31,23,22,74,25,285,106,57,3.21,Dengue,43,0,53.34,11.69,modéré,28.2,57.5,736.3,False,0.24,0.8,0.07,148.5,10.4
9,Centre Hospitalier Régional de Matam,Matam,Matam,359,116,2024-06-01,55,79,178,16,181,80,41,0.99,Choléra,119,8,59.06,29.66,élevé,27.9,86.7,3152.7,True,0.57,0.96,0.1,130.8,29.2
9,Centre Hospitalier Régional de Matam,Matam,Matam,359,116,2024-06-02,31,23,140,12,219,76,11,1.92,Dengue,72,10,35.68,12.34,modéré,34.1,59.9,1631.7,False,0.82,0.51,0.05,142.4,5.8
9,Centre Hospitalier Régional de Matam,Matam,Matam,359,116,2024-06-03,61,76,333,3,26,90,44,2.48,Dengue,107,8,57.71,3.76,élevé,23.8,44.2,2015.2,True,0.84,0.57,0.03,161.3,48.7
9,Centre Hospitalier Régional de Matam,Matam,Matam,359,116,2024-06-04,38,41,197,15,162,87,33,0.63,Choléra,0,5,86.72,7.06,faible,24.0,85.8,1160.0,False,0.88,0.66,0.2,165.1,46.1
9,Centre Hospitalier Régional de Matam,Matam,Matam,359,116,2024-06-05,60,25,215,12,144,69,8,1.74,Paludisme,78,6,30.95,23.83,modéré,36.1,68.8,147.4,False,0.82,0.41,0.16,27.1,27.7
9,Centre Hospitalier Régional de Matam,Matam,Matam,359,116,2024-06-06,27,38,26,13,333,83,17,2.13,Choléra,49,9,89.0,9.03,modéré,34.0,89.1,4307.7,False,0.45,0.87,0.15,13.1,4.3
9,Centre Hospitalier Régional de Matam,Matam,Matam,359,116,2024-06-07,45,17,68,5,291,82,40,2.67,Dengue,102,6,39.99,3.41,élevé,37.6,83.7,2677.7,True,0.28,0.55,0.13,101.4,13.8
9,Centre Hospitalier Régional de Matam,Matam,Matam,359,116,2024-06-08,43,29,309,18,50,74,9,0.1,Choléra,60,0,52.89,2.42,modéré,28.4,71.5,1536.9,False,0.6,0.4,0.02,33.5,42.0
9,Centre Hospitalier Régional de Matam,Matam,Matam,359,116,2024-06-09,46,80,120,9,239,110,32,0.64,Dengue,99,2,35.58,24.54,élevé,26.0,61.3,4719.2,True,0.47,0.71,0.11,31.3,6.6
9,Centre Hospitalier Régional de Matam,Matam,Matam,359,116,2024-06-10,92,82,202,4,157,86,21,1.01,Dengue,48,0,50.91,25.1,modéré,29.5,81.3,3784.9,False,0.56,0.73,0.01,130.7,15.5
9,Centre Hospitalier Régional de Matam,Matam,Matam,359,116,2024-06-11,10,44,341,20,18,109,48,2.18,Covid-19,59,3,77.4,6.52,modéré,38.9,72.2,1148.0,False,0.54,0.56,0.16,87.5,41.5
9,Centre Hospitalier Régional de Matam,Matam,Matam,359,116,2024-06-12,70,48,40,2,319,74,25,2.55,Covid-19,42,4,68.8,15.42,modéré,38.0,87.8,1477.3,False,0.89,0.31,0.2,67.1,37.9
9,Centre Hospitalier Régional de Matam,Matam,Matam,359,116,2024-06-13,37,37,140,24,219,83,37,2.82,Paludisme,110,5,68.02,2.51,élevé,28.2,84.4,1977.3,True,0.82,0.72,0.15,19.0,58.0
9,Centre Hospitalier Régional de Matam,Matam,Matam,359,116,2024-06-14,65,18,99,4,260,70,29,3.57,Grippe,91,1,79.0,24.73,élevé,32.5,77.7,4101.6,True,0.73,0.93,0.05,64.8,42.6
9,Centre Hospitalier Régional de Matam,Matam,Matam,359,116,2024-06-15,17,11,143,20,216,90,31,0.7,Grippe,55,9,64.91,4.14,modéré,38.7,88.5,2662.7,False,0.52,0.43,0.11,118.0,18.5
9,Centre Hospitalier Régional de Matam,Matam,Matam,359,116,2024-06-16,89,43,55,11,304,84,37,3.58,Covid-19,86,10,87.88,11.12,élevé,28.7,48.2,4895.6,True,0.47,0.32,0.01,48.5,42.1
9,Centre Hospitalier Régional de Matam,Matam,Matam,359,116,2024-06-17,50,13,100,1,259,104,8,0.79,Covid-19,83,9,57.92,29.9,élevé,26.4,65.5,2224.3,True,0.44,0.81,0.1,133.0,50.2
9,Centre Hospitalier Régional de Matam,Matam,Matam,359,116,2024-06-18,66,41,266,15,93,103,49,2.9,Dengue,67,8,79.29,23.84,modéré,31.9,53.0,1892.1,False,0.68,0.85,0.06,20.1,5.2
9,Centre Hospitalier Régional de Matam,Matam,Matam,359,116,2024-06-19,93,62,40,11,319,73,46,0.9,Paludisme,30,7,54.78,26.88,modéré,33.5,55.8,4561.3,False,0.98,0.67,0.2,13.6,35.0
9,Centre Hospitalier Régional de Matam,Matam,Matam,359,116,2024-06-20,25,20,119,4,240,101,42,2.88,Paludisme,120,9,34.36,12.09,élevé,24.0,46.2,2064.0,True,0.68,0.72,0.06,6.6,18.5
9,Centre Hospitalier Régional de Matam,Matam,Matam,359,116,2024-06-21,47,64,174,17,185,105,3,3.29,Dengue,109,9,80.69,21.64,élevé,35.5,44.3,4694.8,True,0.7,0.46,0.03,23.5,14.3
9,Centre Hospitalier Régional de Matam,Matam,Matam,359,116,2024-06-22,99,69,213,5,146,84,9,1.81,Dengue,85,6,92.05,29.16,élevé,35.0,67.5,1559.6,True,0.58,0.31,0.19,92.9,46.7
9,Centre Hospitalier Régional de Matam,Matam,Matam,359,116,2024-06-23,45,26,295,21,64,98,45,3.58,Paludisme,64,2,66.45,2.47,modéré,29.0,59.6,3099.6,False,0.95,0.85,0.15,31.1,12.9
9,Centre Hospitalier Régional de Matam,Matam,Matam,359,116,2024-06-24,21,26,137,1,222,70,46,3.2,Covid-19,41,3,63.75,7.4,modéré,23.8,62.7,337.1,False,0.55,0.67,0.05,14.7,30.9
9,Centre Hospitalier Régional de Matam,Matam,Matam,359,116,2024-06-25,64,72,140,13,219,102,8,2.46,Paludisme,100,2,61.36,26.93,élevé,34.1,54.2,749.7,True,0.63,0.73,0.08,154.3,28.1
9,Centre Hospitalier Régional de Matam,Matam,Matam,359,116,2024-06-26,50,72,87,17,272,115,1,3.9,Dengue,5,9,40.67,19.94,faible,23.0,68.1,4420.0,False,0.98,0.73,0.09,12.1,26.0
9,Centre Hospitalier Régional de Matam,Matam,Matam,359,116,2024-06-27,30,77,201,12,158,100,0,0.86,Paludisme,103,5,48.36,8.81,élevé,24.3,46.5,4613.1,True,0.33,0.68,0.14,13.6,34.0
9,Centre Hospitalier Régional de Matam,Matam,Matam,359,116,2024-06-28,22,76,124,4,235,83,49,1.46,Dengue,98,6,67.89,6.48,élevé,25.7,60.0,2784.1,True,0.75,0.63,0.17,25.0,10.1
9,Centre Hospitalier Régional de Matam,Matam,Matam,359,116,2024-06-29,17,56,73,12,286,104,60,3.33,Choléra,33,0,60.42,27.8,modéré,35.0,73.2,1299.8,False,0.49,0.92,0.01,8.8,24.7
9,Centre Hospitalier Régional de Matam,Matam,Matam,359,116,2024-06-30,49,87,114,12,245,105,58,3.74,Dengue,109,6,82.49,19.68,élevé,29.5,43.0,1179.5,True,0.72,0.41,0.02,125.5,17.3
9,Centre Hospitalier Régional de Matam,Matam,Matam,359,116,2024-07-01,10,82,276,8,83,91,7,0.94,Covid-19,47,1,50.45,20.11,modéré,30.6,41.1,1195.7,False,0.94,0.38,0.06,14.0,41.0
9,Centre Hospitalier Régional de Matam,Matam,Matam,359,116,2024-07-02,34,16,336,18,23,74,13,0.36,Choléra,62,3,78.8,7.24,modéré,32.3,53.8,2315.5,False,0.68,0.95,0.03,72.0,16.1
9,Centre Hospitalier Régional de Matam,Matam,Matam,359,116,2024-07-03,10,61,287,25,72,109,45,3.56,Dengue,62,3,48.15,3.57,modéré,28.1,48.4,3445.7,False,0.74,0.78,0.16,111.6,24.8
9,Centre Hospitalier Régional de Matam,Matam,Matam,359,116,2024-07-04,77,45,238,18,121,111,43,1.22,Grippe,108,6,47.87,6.61,élevé,25.9,41.7,1972.4,True,0.52,0.9,0.16,53.6,21.3
9,Centre Hospitalier Régional de Matam,Matam,Matam,359,116,2024-07-05,60,31,144,5,215,83,46,1.17,Dengue,89,2,48.73,17.37,élevé,37.0,56.6,3408.7,True,0.61,0.67,0.08,35.1,47.2
9,Centre Hospitalier Régional de Matam,Matam,Matam,359,116,2024-07-06,31,90,157,15,202,98,10,3.44,Grippe,21,4,93.09,14.02,faible,26.2,78.9,3634.0,False,0.25,0.33,0.05,10.7,47.7
9,Centre Hospitalier Régional de Matam,Matam,Matam,359,116,2024-07-07,80,50,125,0,234,78,40,0.74,Dengue,21,6,52.14,13.2,faible,27.8,75.7,4288.6,False,0.76,0.83,0.16,77.6,58.0
9,Centre Hospitalier Régional de Matam,Matam,Matam,359,116,2024-07-08,41,40,214,10,145,80,34,1.77,Dengue,24,7,57.91,16.46,faible,36.8,69.6,3912.0,False,0.95,0.65,0.04,164.5,52.0
9,Centre Hospitalier Régional de Matam,Matam,Matam,359,116,2024-07-09,37,83,203,14,156,91,0,3.45,Covid-19,48,7,43.59,18.2,modéré,25.2,47.5,4917.2,False,0.62,0.57,0.08,34.1,46.1
9,Centre Hospitalier Régional de Matam,Matam,Matam,359,116,2024-07-10,16,42,92,18,267,113,53,2.59,Paludisme,31,3,56.07,4.97,modéré,35.3,72.5,403.0,False,0.86,0.4,0.11,174.8,58.0
9,Centre Hospitalier Régional de Matam,Matam,Matam,359,116,2024-07-11,90,38,46,15,313,97,14,1.92,Dengue,93,3,69.21,14.15,élevé,34.8,63.0,142.5,True,0.32,0.82,0.14,7.7,23.4
9,Centre Hospitalier Régional de Matam,Matam,Matam,359,116,2024-07-12,47,50,52,25,307,97,34,2.05,Covid-19,36,4,50.01,15.93,modéré,24.0,87.2,1517.1,False,0.21,0.48,0.03,32.3,30.6
9,Centre Hospitalier Régional de Matam,Matam,Matam,359,116,2024-07-13,64,33,256,24,103,82,31,0.41,Choléra,78,4,61.98,5.02,modéré,37.6,69.5,2334.6,False,0.99,0.48,0.03,151.6,44.6
9,Centre Hospitalier Régional de Matam,Matam,Matam,359,116,2024-07-14,91,58,317,20,42,110,55,0.92,Dengue,91,5,53.96,29.82,élevé,31.1,71.1,2521.1,True,0.77,0.35,0.07,133.9,10.7
9,Centre Hospitalier Régional de Matam,Matam,Matam,359,116,2024-07-15,86,72,227,16,132,80,38,1.34,Grippe,57,7,50.03,2.6,modéré,29.1,61.0,4293.7,False,0.92,0.61,0.11,132.6,12.8
9,Centre Hospitalier Régional de Matam,Matam,Matam,359,116,2024-07-16,92,17,139,13,220,97,9,1.25,Dengue,12,4,49.69,9.79,faible,24.7,87.8,2196.6,False,0.33,0.31,0.1,99.0,59.9
9,Centre Hospitalier Régional de Matam,Matam,Matam,359,116,2024-07-17,76,67,131,4,228,102,18,2.35,Covid-19,10,1,33.04,8.32,faible,26.7,46.4,4630.8,False,0.65,0.47,0.13,28.2,47.9
9,Centre Hospitalier Régional de Matam,Matam,Matam,359,116,2024-07-18,76,50,167,9,192,114,38,1.58,Dengue,104,3,35.56,4.39,élevé,28.0,50.4,1901.1,True,0.76,0.61,0.04,132.4,15.2
9,Centre Hospitalier Régional de Matam,Matam,Matam,359,116,2024-07-19,13,24,170,24,189,110,24,1.48,Paludisme,43,5,94.59,18.82,modéré,28.5,42.6,3587.7,False,0.39,0.7,0.04,30.7,33.8
9,Centre Hospitalier Régional de Matam,Matam,Matam,359,116,2024-07-20,72,69,20,2,339,80,0,3.62,Choléra,9,4,44.23,13.92,faible,28.5,54.9,4712.5,False,0.31,0.58,0.1,19.5,4.1
9,Centre Hospitalier Régional de Matam,Matam,Matam,359,116,2024-07-21,17,43,247,3,112,116,30,1.85,Paludisme,95,4,63.45,26.06,élevé,31.9,52.5,2475.9,True,0.61,0.53,0.1,177.2,46.1
9,Centre Hospitalier Régional de Matam,Matam,Matam,359,116,2024-07-22,32,13,59,11,300,95,3,3.96,Grippe,39,8,61.08,3.72,modéré,38.7,72.0,3325.3,False,0.29,0.71,0.05,32.3,21.6
9,Centre Hospitalier Régional de Matam,Matam,Matam,359,116,2024-07-23,97,44,198,19,161,67,41,0.17,Dengue,60,9,81.32,2.63,modéré,26.8,71.6,2337.9,False,0.67,0.68,0.07,162.9,49.7
9,Centre Hospitalier Régional de Matam,Matam,Matam,359,116,2024-07-24,40,36,329,8,30,79,58,3.38,Paludisme,99,0,70.37,15.83,élevé,32.0,60.4,3001.1,True,0.43,0.39,0.08,153.3,5.1
9,Centre Hospitalier Régional de Matam,Matam,Matam,359,116,2024-07-25,11,69,179,24,180,99,22,3.39,Choléra,24,9,46.05,14.48,faible,38.4,81.1,4473.1,False,0.54,0.92,0.07,82.4,57.6
9,Centre Hospitalier Régional de Matam,Matam,Matam,359,116,2024-07-26,45,43,209,15,150,81,7,1.44,Dengue,103,3,40.93,11.1,élevé,23.2,54.7,1235.5,True,0.81,0.4,0.18,77.9,25.5
9,Centre Hospitalier Régional de Matam,Matam,Matam,359,116,2024-07-27,42,7,182,22,177,75,22,2.72,Choléra,78,3,42.5,2.84,modéré,36.1,42.1,330.5,False,0.26,0.54,0.05,43.3,23.1
9,Centre Hospitalier Régional de Matam,Matam,Matam,359,116,2024-07-28,11,21,124,0,235,110,52,0.83,Grippe,35,5,92.04,25.52,modéré,26.1,89.0,4242.8,False,0.62,0.59,0.19,176.9,38.2
9,Centre Hospitalier Régional de Matam,Matam,Matam,359,116,2024-07-29,30,89,80,11,279,116,10,1.88,Grippe,18,0,78.13,18.14,faible,24.0,41.1,4016.5,False,0.84,0.99,0.02,14.7,33.7
9,Centre Hospitalier Régional de Matam,Matam,Matam,359,116,2024-07-30,83,30,254,3,105,74,46,2.92,Choléra,83,6,68.49,8.38,élevé,28.7,74.5,1642.5,True,0.96,0.73,0.01,47.3,15.9
9,Centre Hospitalier Régional de Matam,Matam,Matam,359,116,2024-07-31,19,5,229,2,130,69,0,1.37,Dengue,99,1,88.82,23.93,élevé,25.1,66.4,4248.8,True,0.46,0.8,0.01,109.8,19.3
9,Centre Hospitalier Régional de Matam,Matam,Matam,359,116,2024-08-01,13,32,167,22,192,81,26,0.43,Choléra,38,6,79.8,11.89,modéré,27.9,49.8,4971.7,False,0.73,0.57,0.18,10.7,21.8
9,Centre Hospitalier Régional de Matam,Matam,Matam,359,116,2024-08-02,67,88,181,17,178,91,2,3.14,Choléra,13,8,55.62,6.68,faible,37.0,86.2,1352.2,False,0.92,0.96,0.06,130.0,4.9
9,Centre Hospitalier Régional de Matam,Matam,Matam,359,116,2024-08-03,32,10,321,4,38,89,2,2.03,Dengue,60,2,90.04,2.94,modéré,35.2,64.9,3409.1,False,0.84,0.5,0.09,149.3,32.8
9,Centre Hospitalier Régional de Matam,Matam,Matam,359,116,2024-08-04,99,85,83,25,276,98,19,2.95,Choléra,17,5,92.31,7.4,faible,30.3,84.0,1109.7,False,0.8,0.45,0.09,111.7,13.3
9,Centre Hospitalier Régional de Matam,Matam,Matam,359,116,2024-08-05,32,79,102,6,257,85,8,3.93,Choléra,108,0,83.37,26.24,élevé,34.8,70.0,3734.0,True,0.61,0.57,0.07,142.7,56.7
9,Centre Hospitalier Régional de Matam,Matam,Matam,359,116,2024-08-06,55,68,166,19,193,92,19,0.27,Covid-19,93,1,83.05,3.77,élevé,33.4,66.7,416.8,True,0.52,0.71,0.15,164.6,16.4
9,Centre Hospitalier Régional de Matam,Matam,Matam,359,116,2024-08-07,16,85,310,12,49,83,31,1.13,Covid-19,80,3,50.74,22.94,élevé,28.0,63.7,2702.2,False,0.7,0.81,0.17,89.0,55.1
9,Centre Hospitalier Régional de Matam,Matam,Matam,359,116,2024-08-08,64,10,145,21,214,95,47,3.28,Dengue,17,9,30.9,9.68,faible,33.4,81.0,1448.9,False,0.85,0.88,0.17,21.6,24.1
9,Centre Hospitalier Régional de Matam,Matam,Matam,359,116,2024-08-09,72,63,325,17,34,105,47,3.87,Dengue,9,4,90.48,28.56,faible,25.8,86.2,4588.4,False,0.22,0.96,0.12,18.9,11.8
9,Centre Hospitalier Régional de Matam,Matam,Matam,359,116,2024-08-10,79,30,206,25,153,67,32,3.44,Grippe,50,1,68.53,4.99,modéré,23.9,64.4,4986.9,False,0.35,0.45,0.08,17.4,57.7
9,Centre Hospitalier Régional de Matam,Matam,Matam,359,116,2024-08-11,21,50,101,7,258,101,41,3.88,Grippe,108,0,38.81,20.76,élevé,29.3,84.7,2178.3,True,0.52,0.34,0.08,118.5,57.0
9,Centre Hospitalier Régional de Matam,Matam,Matam,359,116,2024-08-12,72,19,105,12,254,106,9,0.16,Covid-19,15,2,32.74,20.56,faible,29.7,84.2,133.4,False,0.97,0.41,0.05,21.3,48.9
9,Centre Hospitalier Régional de Matam,Matam,Matam,359,116,2024-08-13,76,30,193,0,166,81,18,3.57,Covid-19,99,8,38.68,24.04,élevé,25.0,60.3,3238.7,True,0.58,0.99,0.1,110.3,3.0
9,Centre Hospitalier Régional de Matam,Matam,Matam,359,116,2024-08-14,61,15,59,15,300,106,41,2.64,Paludisme,24,10,73.25,26.65,faible,31.3,84.7,3801.3,False,0.6,0.77,0.13,96.8,13.8
9,Centre Hospitalier Régional de Matam,Matam,Matam,359,116,2024-08-15,66,81,302,23,57,106,36,2.03,Choléra,78,0,93.06,8.83,modéré,37.6,81.0,1477.0,False,0.41,0.84,0.03,132.3,47.0
9,Centre Hospitalier Régional de Matam,Matam,Matam,359,116,2024-08-16,80,88,328,4,31,104,32,3.58,Choléra,8,2,68.94,8.96,faible,27.8,72.2,4258.6,False,0.21,0.67,0.08,9.9,37.0
9,Centre Hospitalier Régional de Matam,Matam,Matam,359,116,2024-08-17,63,57,101,13,258,80,46,0.57,Choléra,61,6,85.75,25.23,modéré,34.7,68.1,1018.9,False,0.66,0.58,0.18,7.6,54.7
9,Centre Hospitalier Régional de Matam,Matam,Matam,359,116,2024-08-18,43,36,187,24,172,102,32,2.59,Covid-19,114,10,62.09,26.5,élevé,26.9,77.0,2309.9,True,0.41,0.65,0.07,63.2,22.5
9,Centre Hospitalier Régional de Matam,Matam,Matam,359,116,2024-08-19,72,31,72,13,287,91,11,2.48,Dengue,25,5,67.58,29.61,faible,30.1,49.7,2137.4,False,0.95,0.92,0.05,16.3,28.5
9,Centre Hospitalier Régional de Matam,Matam,Matam,359,116,2024-08-20,28,80,180,10,179,71,0,0.86,Dengue,85,9,82.13,23.1,élevé,26.9,68.0,3026.3,True,0.28,0.49,0.19,165.3,60.0
9,Centre Hospitalier Régional de Matam,Matam,Matam,359,116,2024-08-21,16,18,278,19,81,92,27,0.96,Dengue,51,5,30.9,24.41,modéré,32.6,82.5,284.4,False,0.35,0.56,0.06,122.2,20.5
9,Centre Hospitalier Régional de Matam,Matam,Matam,359,116,2024-08-22,23,41,355,21,4,97,48,1.53,Choléra,113,8,47.83,1.2,élevé,27.6,42.5,2020.2,True,0.45,0.44,0.19,42.5,34.4
9,Centre Hospitalier Régional de Matam,Matam,Matam,359,116,2024-08-23,85,49,240,13,119,93,0,1.24,Paludisme,8,9,64.89,19.22,faible,36.3,79.2,3620.1,False,1.0,0.38,0.13,28.1,13.7
9,Centre Hospitalier Régional de Matam,Matam,Matam,359,116,2024-08-24,15,11,294,16,65,87,49,0.86,Grippe,4,4,60.22,14.07,faible,32.7,44.8,1684.9,False,0.51,0.66,0.03,28.3,31.2
9,Centre Hospitalier Régional de Matam,Matam,Matam,359,116,2024-08-25,44,64,116,9,243,81,32,3.59,Grippe,57,6,40.26,15.12,modéré,25.3,67.9,1926.2,False,0.96,0.96,0.12,70.8,27.1
9,Centre Hospitalier Régional de Matam,Matam,Matam,359,116,2024-08-26,88,27,238,2,121,76,42,1.89,Covid-19,71,9,68.92,15.96,modéré,27.5,64.9,412.5,False,0.9,0.73,0.09,153.9,6.5
9,Centre Hospitalier Régional de Matam,Matam,Matam,359,116,2024-08-27,41,64,279,10,80,74,20,2.24,Grippe,40,5,36.71,12.8,modéré,36.9,71.7,1443.4,False,0.9,0.94,0.12,166.4,47.7
9,Centre Hospitalier Régional de Matam,Matam,Matam,359,116,2024-08-28,19,90,337,4,22,78,12,1.61,Choléra,108,1,31.94,27.12,élevé,36.1,83.1,1067.8,True,0.65,0.77,0.13,15.4,44.8
9,Centre Hospitalier Régional de Matam,Matam,Matam,359,116,2024-08-29,70,38,26,14,333,69,40,2.67,Dengue,79,10,71.78,16.3,modéré,31.6,42.5,3005.7,False,0.98,0.68,0.14,81.0,22.0
9,Centre Hospitalier Régional de Matam,Matam,Matam,359,116,2024-08-30,26,42,41,19,318,74,12,2.69,Covid-19,66,6,41.66,29.35,modéré,27.6,66.3,221.0,False,0.26,0.56,0.01,169.0,20.0
9,Centre Hospitalier Régional de Matam,Matam,Matam,359,116,2024-08-31,20,78,356,14,3,114,46,2.76,Covid-19,81,6,52.28,28.72,élevé,32.4,82.6,2506.7,True,0.27,0.47,0.11,39.9,27.4
9,Centre Hospitalier Régional de Matam,Matam,Matam,359,116,2024-09-01,68,42,119,20,240,89,53,0.27,Covid-19,34,5,88.44,17.35,modéré,37.0,62.9,4278.1,False,0.76,0.43,0.08,32.9,39.5
9,Centre Hospitalier Régional de Matam,Matam,Matam,359,116,2024-09-02,79,48,56,8,303,114,37,0.27,Paludisme,83,4,37.94,13.75,élevé,27.1,80.8,913.1,True,0.69,0.5,0.01,81.9,37.7
9,Centre Hospitalier Régional de Matam,Matam,Matam,359,116,2024-09-03,30,42,220,9,139,75,49,0.83,Paludisme,1,9,86.63,4.14,faible,35.3,74.0,767.2,False,0.51,0.64,0.19,147.5,4.8
9,Centre Hospitalier Régional de Matam,Matam,Matam,359,116,2024-09-04,54,89,46,24,313,86,9,3.67,Covid-19,70,4,31.61,24.15,modéré,26.6,79.3,4675.2,False,0.2,0.58,0.13,98.9,27.5
9,Centre Hospitalier Régional de Matam,Matam,Matam,359,116,2024-09-05,41,46,148,0,211,89,28,3.31,Covid-19,40,5,33.51,19.25,modéré,36.1,79.4,4319.3,False,0.57,0.59,0.08,149.3,28.7
9,Centre Hospitalier Régional de Matam,Matam,Matam,359,116,2024-09-06,11,17,312,10,47,114,33,0.32,Grippe,45,2,65.53,17.12,modéré,38.5,87.5,377.5,False,0.65,0.64,0.12,64.0,47.8
9,Centre Hospitalier Régional de Matam,Matam,Matam,359,116,2024-09-07,96,40,140,1,219,86,7,3.45,Grippe,23,1,67.04,26.52,faible,30.2,41.4,4820.7,False,0.99,0.6,0.16,173.2,59.9
9,Centre Hospitalier Régional de Matam,Matam,Matam,359,116,2024-09-08,96,82,86,16,273,105,13,1.94,Dengue,112,4,39.5,2.99,élevé,26.7,51.1,2790.1,True,0.99,0.35,0.07,65.8,53.5
9,Centre Hospitalier Régional de Matam,Matam,Matam,359,116,2024-09-09,67,19,158,21,201,99,37,2.31,Grippe,103,10,88.87,17.55,élevé,27.1,74.0,4063.1,True,0.75,0.48,0.15,62.5,31.2
9,Centre Hospitalier Régional de Matam,Matam,Matam,359,116,2024-09-10,33,56,219,10,140,112,53,1.38,Paludisme,37,1,76.28,4.64,modéré,29.8,85.8,2232.3,False,0.26,0.88,0.09,127.6,13.2
9,Centre Hospitalier Régional de Matam,Matam,Matam,359,116,2024-09-11,26,58,216,18,143,98,26,3.98,Paludisme,14,10,73.42,5.83,faible,30.4,45.4,1078.8,False,0.58,0.42,0.11,172.2,4.6
9,Centre Hospitalier Régional de Matam,Matam,Matam,359,116,2024-09-12,77,34,215,19,144,84,44,0.82,Paludisme,120,1,75.39,20.09,élevé,27.5,72.3,3484.5,True,0.81,0.81,0.08,92.2,36.4
9,Centre Hospitalier Régional de Matam,Matam,Matam,359,116,2024-09-13,99,58,32,3,327,105,25,1.57,Covid-19,65,2,68.75,20.32,modéré,33.8,50.6,2726.9,False,0.78,0.82,0.11,79.5,50.4
9,Centre Hospitalier Régional de Matam,Matam,Matam,359,116,2024-09-14,90,53,322,14,37,77,10,3.31,Covid-19,86,7,31.36,27.9,élevé,25.6,55.9,3379.1,True,0.74,0.3,0.15,88.0,45.7
9,Centre Hospitalier Régional de Matam,Matam,Matam,359,116,2024-09-15,91,36,100,19,259,107,25,1.11,Paludisme,67,6,61.3,3.15,modéré,32.1,72.4,2943.8,False,0.97,0.99,0.08,76.7,42.0
9,Centre Hospitalier Régional de Matam,Matam,Matam,359,116,2024-09-16,37,38,298,10,61,70,3,2.28,Dengue,113,2,92.47,4.33,élevé,37.8,71.6,823.5,True,0.2,0.67,0.1,47.5,14.4
9,Centre Hospitalier Régional de Matam,Matam,Matam,359,116,2024-09-17,55,76,328,1,31,115,30,0.5,Paludisme,115,10,76.11,27.49,élevé,27.9,40.6,3009.4,True,1.0,0.42,0.1,158.1,24.4
9,Centre Hospitalier Régional de Matam,Matam,Matam,359,116,2024-09-18,42,38,355,20,4,90,43,0.35,Choléra,3,10,87.73,1.16,faible,25.2,56.2,649.1,False,0.79,0.65,0.07,52.2,29.5
9,Centre Hospitalier Régional de Matam,Matam,Matam,359,116,2024-09-19,12,48,35,1,324,107,47,2.15,Grippe,82,5,87.2,5.86,élevé,35.7,75.6,195.7,True,0.76,1.0,0.16,60.3,34.2
9,Centre Hospitalier Régional de Matam,Matam,Matam,359,116,2024-09-20,28,44,36,23,323,88,25,3.87,Grippe,103,4,75.64,6.93,élevé,23.8,47.7,4766.9,True,0.46,0.64,0.2,83.1,55.4
9,Centre Hospitalier Régional de Matam,Matam,Matam,359,116,2024-09-21,67,18,159,9,200,83,8,2.58,Covid-19,115,0,56.9,26.27,élevé,31.9,67.0,1922.1,True,0.25,0.93,0.18,20.7,24.9
9,Centre Hospitalier Régional de Matam,Matam,Matam,359,116,2024-09-22,74,50,78,9,281,96,7,0.89,Grippe,74,3,56.75,21.16,modéré,26.4,63.9,412.4,False,0.5,0.78,0.08,162.1,35.7
9,Centre Hospitalier Régional de Matam,Matam,Matam,359,116,2024-09-23,49,14,336,12,23,99,38,1.7,Choléra,2,3,49.66,11.84,faible,27.7,81.3,150.5,False,0.5,0.53,0.07,135.5,56.0
9,Centre Hospitalier Régional de Matam,Matam,Matam,359,116,2024-09-24,83,19,23,0,336,75,36,0.52,Grippe,67,9,58.91,1.95,modéré,22.2,45.5,4764.7,False,0.61,0.99,0.14,33.9,59.5
9,Centre Hospitalier Régional de Matam,Matam,Matam,359,116,2024-09-25,56,17,116,0,243,94,21,1.72,Dengue,90,1,71.57,26.76,élevé,32.1,84.0,4003.2,True,0.79,0.85,0.01,32.4,41.5
9,Centre Hospitalier Régional de Matam,Matam,Matam,359,116,2024-09-26,34,53,231,10,128,92,22,2.41,Grippe,110,5,90.62,20.94,élevé,37.2,59.3,2564.4,True,0.24,0.67,0.09,25.3,19.0
9,Centre Hospitalier Régional de Matam,Matam,Matam,359,116,2024-09-27,86,7,130,4,229,82,39,0.16,Dengue,41,7,61.31,5.23,modéré,24.4,82.6,3404.4,False,0.33,0.63,0.11,13.9,18.7
9,Centre Hospitalier Régional de Matam,Matam,Matam,359,116,2024-09-28,42,90,131,0,228,81,37,2.32,Covid-19,67,3,78.35,28.54,modéré,35.4,57.8,4504.2,False,0.9,0.71,0.07,84.7,14.7
9,Centre Hospitalier Régional de Matam,Matam,Matam,359,116,2024-09-29,24,10,211,10,148,107,5,2.72,Grippe,33,4,82.28,28.44,modéré,24.3,43.4,2338.7,False,0.99,0.78,0.01,161.9,41.0
9,Centre Hospitalier Régional de Matam,Matam,Matam,359,116,2024-09-30,91,18,46,22,313,85,51,0.3,Covid-19,62,4,66.12,19.11,modéré,23.8,43.0,2642.4,False,0.3,0.42,0.02,13.9,27.1
9,Centre Hospitalier Régional de Matam,Matam,Matam,359,116,2024-10-01,13,11,125,2,234,102,11,1.73,Choléra,37,6,86.35,28.34,modéré,30.3,53.5,4950.2,False,0.53,0.41,0.17,11.2,18.2
9,Centre Hospitalier Régional de Matam,Matam,Matam,359,116,2024-10-02,66,79,273,0,86,111,4,1.42,Covid-19,76,5,37.52,2.8,modéré,29.0,49.0,1873.1,False,0.45,0.88,0.15,28.8,37.2
9,Centre Hospitalier Régional de Matam,Matam,Matam,359,116,2024-10-03,44,15,145,21,214,107,28,2.39,Grippe,38,8,39.89,27.16,modéré,26.9,77.2,169.7,False,0.75,0.9,0.18,64.2,10.8
9,Centre Hospitalier Régional de Matam,Matam,Matam,359,116,2024-10-04,69,86,310,9,49,112,35,2.89,Grippe,39,6,43.16,13.87,modéré,26.4,85.8,2334.9,False,0.94,0.86,0.06,99.6,10.8
9,Centre Hospitalier Régional de Matam,Matam,Matam,359,116,2024-10-05,39,83,126,1,233,94,24,0.41,Choléra,37,10,54.7,26.17,modéré,37.5,44.2,1154.9,False,0.91,0.58,0.17,43.0,47.2
9,Centre Hospitalier Régional de Matam,Matam,Matam,359,116,2024-10-06,94,84,333,0,26,85,28,2.23,Grippe,11,1,30.76,19.57,faible,22.2,76.1,1822.2,False,1.0,0.32,0.18,87.1,55.1
9,Centre Hospitalier Régional de Matam,Matam,Matam,359,116,2024-10-07,91,37,316,0,43,72,31,0.13,Paludisme,29,8,52.91,29.13,faible,30.7,81.7,4503.9,False,0.59,0.4,0.01,66.6,11.1
9,Centre Hospitalier Régional de Matam,Matam,Matam,359,116,2024-10-08,57,16,150,24,209,115,16,2.53,Covid-19,8,2,71.92,18.18,faible,34.1,45.8,4835.6,False,0.62,0.49,0.19,42.8,51.9
9,Centre Hospitalier Régional de Matam,Matam,Matam,359,116,2024-10-09,38,35,235,19,124,76,53,2.69,Covid-19,5,0,54.25,8.79,faible,38.8,71.3,1440.1,False,0.38,0.95,0.01,148.3,10.2
9,Centre Hospitalier Régional de Matam,Matam,Matam,359,116,2024-10-10,14,16,72,11,287,75,25,3.28,Grippe,48,7,44.15,13.96,modéré,34.4,88.4,3008.6,False,0.2,0.88,0.08,39.6,50.2
9,Centre Hospitalier Régional de Matam,Matam,Matam,359,116,2024-10-11,93,38,352,5,7,71,33,2.99,Covid-19,31,8,90.41,26.4,modéré,22.2,57.7,3886.2,False,0.3,0.47,0.02,117.9,21.8
9,Centre Hospitalier Régional de Matam,Matam,Matam,359,116,2024-10-12,49,75,115,9,244,93,7,3.57,Grippe,73,6,88.2,6.58,modéré,32.1,86.6,1845.7,False,0.37,0.36,0.14,15.6,5.9
9,Centre Hospitalier Régional de Matam,Matam,Matam,359,116,2024-10-13,76,35,252,20,107,91,23,2.52,Covid-19,76,8,57.15,20.79,modéré,25.6,83.7,4896.5,False,0.32,0.89,0.14,10.3,16.8
9,Centre Hospitalier Régional de Matam,Matam,Matam,359,116,2024-10-14,73,68,349,16,10,99,59,2.31,Grippe,94,4,65.17,2.19,élevé,37.7,40.4,4769.2,True,0.7,0.5,0.17,27.5,38.0
9,Centre Hospitalier Régional de Matam,Matam,Matam,359,116,2024-10-15,14,30,279,9,80,94,31,2.62,Choléra,98,7,36.93,11.42,élevé,25.6,46.9,1850.5,True,0.61,0.53,0.11,128.9,49.4
9,Centre Hospitalier Régional de Matam,Matam,Matam,359,116,2024-10-16,51,28,175,22,184,103,8,0.34,Covid-19,32,8,35.85,24.93,modéré,35.4,54.6,1797.0,False,0.91,0.98,0.14,48.5,7.4
9,Centre Hospitalier Régional de Matam,Matam,Matam,359,116,2024-10-17,79,38,133,11,226,73,33,2.14,Dengue,19,1,65.04,4.56,faible,31.1,64.9,603.8,False,0.67,0.48,0.05,31.9,24.7
9,Centre Hospitalier Régional de Matam,Matam,Matam,359,116,2024-10-18,24,23,66,11,293,115,28,1.02,Covid-19,4,2,56.36,26.79,faible,22.9,54.8,2722.4,False,0.28,0.52,0.19,134.8,57.7
9,Centre Hospitalier Régional de Matam,Matam,Matam,359,116,2024-10-19,69,12,158,13,201,113,49,0.26,Dengue,115,3,41.35,22.23,élevé,30.6,47.5,3383.6,True,0.73,0.55,0.11,153.0,55.8
9,Centre Hospitalier Régional de Matam,Matam,Matam,359,116,2024-10-20,58,6,26,18,333,111,24,1.68,Choléra,28,4,31.48,13.53,faible,28.0,44.3,2840.5,False,0.85,0.57,0.05,125.2,39.4
9,Centre Hospitalier Régional de Matam,Matam,Matam,359,116,2024-10-21,48,34,305,8,54,70,44,1.59,Covid-19,97,8,45.84,6.18,élevé,27.6,89.5,4154.3,True,0.3,0.41,0.03,82.4,57.1
9,Centre Hospitalier Régional de Matam,Matam,Matam,359,116,2024-10-22,16,60,73,5,286,102,29,0.2,Grippe,71,7,33.51,18.25,modéré,33.2,43.3,2962.8,False,0.67,0.91,0.02,79.4,13.9
9,Centre Hospitalier Régional de Matam,Matam,Matam,359,116,2024-10-23,87,73,357,4,2,75,22,1.04,Paludisme,20,4,89.66,17.14,faible,38.8,47.6,3719.0,False,0.65,0.39,0.17,166.0,22.6
9,Centre Hospitalier Régional de Matam,Matam,Matam,359,116,2024-10-24,19,39,48,8,311,106,47,3.56,Choléra,110,9,72.95,29.32,élevé,27.6,87.1,1876.9,True,0.87,0.41,0.16,9.7,15.4
9,Centre Hospitalier Régional de Matam,Matam,Matam,359,116,2024-10-25,76,24,93,2,266,82,31,0.11,Grippe,75,5,48.39,1.41,modéré,36.4,55.1,2551.0,False,0.95,0.43,0.15,95.1,11.4
9,Centre Hospitalier Régional de Matam,Matam,Matam,359,116,2024-10-26,50,33,276,21,83,83,1,2.65,Grippe,67,0,30.96,15.02,modéré,34.6,68.7,4627.1,False,0.87,0.81,0.03,58.3,29.5
9,Centre Hospitalier Régional de Matam,Matam,Matam,359,116,2024-10-27,77,8,348,7,11,114,1,2.98,Choléra,9,8,72.86,25.9,faible,23.9,79.9,2929.5,False,0.21,0.86,0.12,76.0,17.6
9,Centre Hospitalier Régional de Matam,Matam,Matam,359,116,2024-10-28,71,13,296,2,63,115,35,3.33,Paludisme,114,3,66.48,27.69,élevé,34.7,83.7,1280.2,True,0.82,0.4,0.16,134.3,36.6
9,Centre Hospitalier Régional de Matam,Matam,Matam,359,116,2024-10-29,80,45,197,24,162,94,13,1.83,Dengue,87,5,62.36,2.2,élevé,36.4,69.6,4988.6,True,0.35,0.41,0.07,126.6,27.6
9,Centre Hospitalier Régional de Matam,Matam,Matam,359,116,2024-10-30,77,31,260,0,99,91,36,0.4,Grippe,43,7,58.77,5.18,modéré,34.2,40.1,4339.2,False,0.99,0.49,0.18,75.3,59.4
9,Centre Hospitalier Régional de Matam,Matam,Matam,359,116,2024-10-31,94,9,154,21,205,98,23,0.1,Dengue,66,7,59.48,26.25,modéré,37.9,82.6,1867.9,False,0.53,0.63,0.19,39.2,43.7
9,Centre Hospitalier Régional de Matam,Matam,Matam,359,116,2024-11-01,50,59,262,7,97,70,2,0.52,Covid-19,97,5,47.72,24.53,élevé,25.6,45.5,1873.0,True,0.65,0.48,0.13,140.8,53.4
9,Centre Hospitalier Régional de Matam,Matam,Matam,359,116,2024-11-02,13,72,166,16,193,76,25,2.51,Grippe,38,8,66.74,4.68,modéré,22.8,52.5,1454.1,False,0.34,0.7,0.13,120.3,11.7
9,Centre Hospitalier Régional de Matam,Matam,Matam,359,116,2024-11-03,79,13,200,23,159,113,59,0.44,Paludisme,105,1,47.79,4.11,élevé,22.6,60.2,3829.9,True,0.53,0.95,0.05,21.0,48.2
9,Centre Hospitalier Régional de Matam,Matam,Matam,359,116,2024-11-04,20,32,322,14,37,76,21,3.59,Grippe,38,4,91.43,26.95,modéré,36.7,57.6,1158.1,False,0.24,0.94,0.08,57.8,3.0
9,Centre Hospitalier Régional de Matam,Matam,Matam,359,116,2024-11-05,79,90,231,7,128,70,58,0.86,Choléra,9,5,30.63,14.4,faible,28.4,81.6,2935.2,False,0.78,0.81,0.15,54.2,12.6
9,Centre Hospitalier Régional de Matam,Matam,Matam,359,116,2024-11-06,27,80,65,25,294,67,21,1.38,Dengue,49,3,54.34,10.81,modéré,31.3,41.4,3446.3,False,0.47,0.53,0.13,124.2,29.2
9,Centre Hospitalier Régional de Matam,Matam,Matam,359,116,2024-11-07,73,50,227,21,132,76,22,1.31,Grippe,44,10,75.13,9.81,modéré,23.4,67.9,3818.7,False,0.38,0.54,0.19,156.0,43.6
9,Centre Hospitalier Régional de Matam,Matam,Matam,359,116,2024-11-08,75,36,193,8,166,101,17,3.37,Choléra,101,8,93.17,14.89,élevé,38.9,74.0,4127.1,True,0.99,0.39,0.1,86.5,30.3
9,Centre Hospitalier Régional de Matam,Matam,Matam,359,116,2024-11-09,50,90,46,23,313,71,39,3.49,Covid-19,111,1,80.33,9.48,élevé,24.9,72.9,4657.5,True,0.83,0.78,0.06,68.3,10.3
9,Centre Hospitalier Régional de Matam,Matam,Matam,359,116,2024-11-10,45,86,74,10,285,82,25,2.64,Dengue,107,1,37.6,20.03,élevé,22.3,52.2,1590.6,True,0.78,0.64,0.07,163.5,36.6
9,Centre Hospitalier Régional de Matam,Matam,Matam,359,116,2024-11-11,30,74,84,24,275,113,1,2.42,Covid-19,96,3,70.93,13.19,élevé,34.3,57.7,1555.2,True,0.83,0.44,0.11,64.9,44.9
9,Centre Hospitalier Régional de Matam,Matam,Matam,359,116,2024-11-12,80,35,265,5,94,78,20,1.77,Dengue,24,8,93.6,18.04,faible,27.0,81.2,839.6,False,0.64,0.53,0.15,159.2,36.6
9,Centre Hospitalier Régional de Matam,Matam,Matam,359,116,2024-11-13,64,43,232,5,127,86,40,3.22,Dengue,70,6,46.66,10.47,modéré,30.5,89.6,4207.9,False,0.92,0.81,0.14,104.7,38.0
9,Centre Hospitalier Régional de Matam,Matam,Matam,359,116,2024-11-14,100,77,308,2,51,113,1,1.31,Choléra,32,8,93.63,5.24,modéré,32.0,86.6,2344.8,False,0.33,0.63,0.1,157.4,30.3
9,Centre Hospitalier Régional de Matam,Matam,Matam,359,116,2024-11-15,72,39,290,13,69,110,22,0.79,Dengue,47,5,50.5,4.74,modéré,25.4,63.5,903.7,False,0.77,0.92,0.04,175.2,5.2
9,Centre Hospitalier Régional de Matam,Matam,Matam,359,116,2024-11-16,68,32,258,25,101,101,28,3.27,Paludisme,30,3,57.93,17.3,modéré,22.5,44.6,3645.5,False,0.31,0.49,0.17,115.2,44.7
9,Centre Hospitalier Régional de Matam,Matam,Matam,359,116,2024-11-17,45,9,237,14,122,112,27,0.1,Covid-19,65,7,42.51,13.57,modéré,25.1,64.1,1026.7,False,0.89,0.36,0.15,162.0,8.7
9,Centre Hospitalier Régional de Matam,Matam,Matam,359,116,2024-11-18,62,65,23,22,336,69,58,3.84,Dengue,1,1,72.75,6.73,faible,23.2,72.8,260.6,False,0.85,0.82,0.19,7.3,15.4
9,Centre Hospitalier Régional de Matam,Matam,Matam,359,116,2024-11-19,18,68,283,4,76,80,49,1.13,Covid-19,68,5,66.94,21.88,modéré,24.2,57.6,410.2,False,0.69,1.0,0.11,66.7,3.0
9,Centre Hospitalier Régional de Matam,Matam,Matam,359,116,2024-11-20,85,24,295,23,64,104,35,0.99,Choléra,41,2,46.63,13.18,modéré,25.7,81.8,4426.2,False,0.79,0.86,0.17,178.5,21.5
9,Centre Hospitalier Régional de Matam,Matam,Matam,359,116,2024-11-21,23,30,148,2,211,115,22,3.11,Grippe,20,4,93.66,23.18,faible,34.7,88.6,2502.9,False,0.58,0.93,0.05,12.3,10.5
9,Centre Hospitalier Régional de Matam,Matam,Matam,359,116,2024-11-22,77,54,45,19,314,83,19,3.93,Paludisme,53,2,69.25,14.89,modéré,36.3,64.4,3243.3,False,0.86,0.66,0.2,153.3,38.6
9,Centre Hospitalier Régional de Matam,Matam,Matam,359,116,2024-11-23,21,25,336,12,23,69,7,1.65,Dengue,89,3,69.84,18.68,élevé,25.7,72.0,4698.4,True,0.56,0.57,0.04,56.9,25.4
9,Centre Hospitalier Régional de Matam,Matam,Matam,359,116,2024-11-24,18,48,240,3,119,83,10,2.15,Grippe,54,9,49.09,26.95,modéré,33.3,49.4,4340.7,False,0.36,0.43,0.03,12.8,42.1
9,Centre Hospitalier Régional de Matam,Matam,Matam,359,116,2024-11-25,18,50,177,24,182,111,50,0.83,Paludisme,54,0,77.89,13.88,modéré,23.5,64.7,773.8,False,0.62,0.82,0.11,75.8,20.8
9,Centre Hospitalier Régional de Matam,Matam,Matam,359,116,2024-11-26,66,60,271,18,88,90,52,2.66,Covid-19,107,8,46.37,29.72,élevé,31.7,87.8,4579.4,True,0.55,0.39,0.06,172.8,39.4
9,Centre Hospitalier Régional de Matam,Matam,Matam,359,116,2024-11-27,20,67,159,1,200,78,37,2.65,Paludisme,19,3,57.87,24.45,faible,36.8,75.5,4441.7,False,0.58,0.46,0.19,168.4,53.6
9,Centre Hospitalier Régional de Matam,Matam,Matam,359,116,2024-11-28,91,40,158,0,201,73,53,3.54,Covid-19,104,1,54.21,12.27,élevé,28.2,89.0,1032.8,True,0.76,0.36,0.16,156.5,13.8
9,Centre Hospitalier Régional de Matam,Matam,Matam,359,116,2024-11-29,54,81,338,1,21,85,47,2.19,Grippe,8,0,54.47,1.67,faible,25.8,78.4,105.2,False,0.83,0.78,0.14,14.5,33.1
9,Centre Hospitalier Régional de Matam,Matam,Matam,359,116,2024-11-30,27,12,192,24,167,88,59,2.54,Paludisme,21,0,44.02,23.79,faible,29.8,43.5,3342.1,False,0.93,0.4,0.03,28.4,58.0
9,Centre Hospitalier Régional de Matam,Matam,Matam,359,116,2024-12-01,30,39,237,5,122,105,6,2.49,Covid-19,77,5,84.98,25.58,modéré,22.9,77.6,3190.4,False,0.53,0.66,0.1,98.0,43.8
9,Centre Hospitalier Régional de Matam,Matam,Matam,359,116,2024-12-02,92,9,44,24,315,101,4,3.58,Dengue,109,2,38.04,21.62,élevé,30.5,89.6,2785.6,True,0.22,0.56,0.15,86.4,54.5
9,Centre Hospitalier Régional de Matam,Matam,Matam,359,116,2024-12-03,29,72,351,11,8,103,42,2.08,Paludisme,45,1,67.89,9.35,modéré,28.6,81.0,4470.6,False,0.95,0.94,0.1,5.2,44.6
9,Centre Hospitalier Régional de Matam,Matam,Matam,359,116,2024-12-04,23,65,292,20,67,112,26,0.21,Grippe,36,8,75.57,26.91,modéré,24.9,45.9,3607.6,False,0.79,0.76,0.0,138.5,34.5
9,Centre Hospitalier Régional de Matam,Matam,Matam,359,116,2024-12-05,92,16,25,13,334,97,18,1.11,Choléra,102,10,48.74,2.84,élevé,31.4,56.2,3664.4,True,0.42,0.61,0.1,37.2,20.8
9,Centre Hospitalier Régional de Matam,Matam,Matam,359,116,2024-12-06,38,10,148,14,211,100,10,3.08,Choléra,116,3,94.88,23.93,élevé,31.7,84.4,3204.1,True,0.36,0.6,0.09,158.5,20.2
9,Centre Hospitalier Régional de Matam,Matam,Matam,359,116,2024-12-07,83,16,167,0,192,84,10,2.58,Choléra,66,3,36.91,22.54,modéré,25.7,59.5,3835.3,False,0.37,0.37,0.16,24.2,39.7
9,Centre Hospitalier Régional de Matam,Matam,Matam,359,116,2024-12-08,31,24,47,25,312,93,31,1.32,Covid-19,31,6,37.58,8.08,modéré,25.3,82.8,3341.8,False,0.25,0.38,0.07,86.1,48.9
9,Centre Hospitalier Régional de Matam,Matam,Matam,359,116,2024-12-09,82,36,331,25,28,115,46,0.19,Grippe,7,4,92.0,3.15,faible,32.3,60.3,3715.5,False,0.29,0.51,0.1,139.4,55.2
9,Centre Hospitalier Régional de Matam,Matam,Matam,359,116,2024-12-10,47,37,350,16,9,112,59,0.16,Dengue,20,3,84.13,19.9,faible,33.8,69.6,2199.5,False,0.36,0.42,0.12,65.6,30.0
9,Centre Hospitalier Régional de Matam,Matam,Matam,359,116,2024-12-11,76,24,333,5,26,94,57,0.35,Choléra,41,10,60.13,5.61,modéré,33.8,58.0,525.1,False,0.7,0.74,0.19,150.4,36.2
9,Centre Hospitalier Régional de Matam,Matam,Matam,359,116,2024-12-12,60,88,115,18,244,91,26,0.37,Choléra,46,1,93.63,2.7,modéré,31.3,63.6,549.6,False,0.62,0.49,0.08,152.4,55.5
9,Centre Hospitalier Régional de Matam,Matam,Matam,359,116,2024-12-13,66,45,97,4,262,109,34,2.08,Grippe,83,4,36.85,18.35,élevé,32.0,69.9,1004.2,True,0.76,0.69,0.06,89.3,32.2
9,Centre Hospitalier Régional de Matam,Matam,Matam,359,116,2024-12-14,57,41,227,8,132,95,45,0.4,Paludisme,71,5,77.05,27.69,modéré,28.5,86.1,2117.4,False,0.31,0.89,0.17,103.4,20.5
9,Centre Hospitalier Régional de Matam,Matam,Matam,359,116,2024-12-15,37,60,169,24,190,72,32,1.1,Grippe,36,6,55.16,6.19,modéré,36.3,76.4,1017.0,False,0.88,0.48,0.18,32.5,38.2
9,Centre Hospitalier Régional de Matam,Matam,Matam,359,116,2024-12-16,47,21,114,8,245,66,18,1.1,Grippe,45,5,35.51,3.21,modéré,26.0,73.6,329.6,False,0.4,0.75,0.11,131.9,10.8
9,Centre Hospitalier Régional de Matam,Matam,Matam,359,116,2024-12-17,75,17,243,6,116,100,23,0.12,Grippe,36,10,61.6,12.9,modéré,34.7,42.4,1484.5,False,0.97,0.83,0.12,140.5,47.5
9,Centre Hospitalier Régional de Matam,Matam,Matam,359,116,2024-12-18,47,29,282,19,77,104,45,1.98,Covid-19,49,2,55.88,2.41,modéré,37.1,67.4,940.4,False,0.31,0.86,0.15,114.2,6.0
9,Centre Hospitalier Régional de Matam,Matam,Matam,359,116,2024-12-19,64,35,218,1,141,66,40,1.69,Dengue,82,3,56.44,13.62,élevé,25.7,51.6,2775.4,True,0.95,0.62,0.13,134.0,17.0
9,Centre Hospitalier Régional de Matam,Matam,Matam,359,116,2024-12-20,56,57,358,0,1,87,35,3.56,Choléra,53,3,52.52,28.81,modéré,36.2,50.0,291.2,False,0.24,0.71,0.02,98.3,11.7
9,Centre Hospitalier Régional de Matam,Matam,Matam,359,116,2024-12-21,66,41,353,17,6,89,27,3.85,Dengue,71,1,69.01,3.28,modéré,38.2,86.5,605.1,False,0.69,0.41,0.15,30.1,56.2
9,Centre Hospitalier Régional de Matam,Matam,Matam,359,116,2024-12-22,44,9,338,14,21,101,46,0.83,Grippe,22,4,92.21,21.19,faible,30.4,71.6,4170.9,False,0.83,0.98,0.09,65.1,52.5
9,Centre Hospitalier Régional de Matam,Matam,Matam,359,116,2024-12-23,16,35,229,2,130,95,58,0.61,Grippe,105,9,76.04,13.35,élevé,33.2,40.6,369.4,True,0.77,0.72,0.01,130.9,51.6
9,Centre Hospitalier Régional de Matam,Matam,Matam,359,116,2024-12-24,51,77,65,11,294,108,23,3.61,Grippe,62,1,71.73,25.93,modéré,24.4,68.8,2561.0,False,0.95,0.66,0.1,142.5,22.0
9,Centre Hospitalier Régional de Matam,Matam,Matam,359,116,2024-12-25,90,81,349,8,10,81,0,0.74,Grippe,33,2,45.02,12.83,modéré,34.7,63.1,433.2,False,0.65,0.94,0.12,120.0,7.2
9,Centre Hospitalier Régional de Matam,Matam,Matam,359,116,2024-12-26,75,43,105,6,254,116,16,2.25,Covid-19,106,3,45.35,12.48,élevé,27.5,48.3,1999.0,True,0.75,0.62,0.04,60.3,16.8
9,Centre Hospitalier Régional de Matam,Matam,Matam,359,116,2024-12-27,76,63,303,11,56,113,44,2.15,Dengue,21,3,47.02,15.05,faible,35.2,41.7,2944.1,False,0.28,0.84,0.2,169.6,14.7
9,Centre Hospitalier Régional de Matam,Matam,Matam,359,116,2024-12-28,13,76,258,7,101,83,43,2.58,Paludisme,36,4,53.94,23.9,modéré,28.1,77.2,3307.6,False,0.6,0.93,0.0,144.2,58.3
9,Centre Hospitalier Régional de Matam,Matam,Matam,359,116,2024-12-29,37,5,335,14,24,108,26,0.42,Choléra,108,3,49.8,24.59,élevé,23.2,48.8,1492.2,True,0.62,0.61,0.09,137.4,47.9
9,Centre Hospitalier Régional de Matam,Matam,Matam,359,116,2024-12-30,23,47,332,2,27,75,37,1.06,Choléra,38,5,35.25,24.87,modéré,36.4,47.8,351.3,False,0.58,0.65,0.03,117.5,30.1
9,Centre Hospitalier Régional de Matam,Matam,Matam,359,116,2024-12-31,95,54,147,16,212,102,16,1.63,Dengue,59,2,30.84,21.4,modéré,35.9,58.0,3656.3,False,0.72,0.98,0.08,179.5,13.5
10,Centre Hospitalier Régional de Tambacounda,Tambacounda,Tambacounda,284,397,2024-01-01,35,57,145,0,139,351,17,2.6,Paludisme,107,2,44.54,12.03,élevé,36.0,59.0,3905.2,True,0.61,0.34,0.02,127.9,39.4
10,Centre Hospitalier Régional de Tambacounda,Tambacounda,Tambacounda,284,397,2024-01-02,64,59,99,15,185,372,48,1.14,Dengue,90,7,94.77,15.95,élevé,28.6,54.9,3428.2,True,0.87,0.33,0.08,53.5,8.0
10,Centre Hospitalier Régional de Tambacounda,Tambacounda,Tambacounda,284,397,2024-01-03,55,25,59,9,225,363,29,2.21,Choléra,63,4,36.62,11.65,modéré,29.4,67.8,2636.9,False,0.72,0.91,0.07,78.3,13.5
10,Centre Hospitalier Régional de Tambacounda,Tambacounda,Tambacounda,284,397,2024-01-04,47,71,53,14,231,361,24,3.36,Paludisme,30,3,34.15,17.09,modéré,37.4,54.9,1294.4,False,0.99,0.38,0.13,55.1,10.7
10,Centre Hospitalier Régional de Tambacounda,Tambacounda,Tambacounda,284,397,2024-01-05,27,76,58,21,226,367,30,2.49,Covid-19,37,4,64.65,10.95,modéré,27.6,48.7,4045.5,False,0.42,0.74,0.17,5.7,32.5
10,Centre Hospitalier Régional de Tambacounda,Tambacounda,Tambacounda,284,397,2024-01-06,76,24,93,9,191,374,3,0.96,Covid-19,34,4,81.9,13.93,modéré,24.0,83.2,3744.1,False,0.58,0.89,0.14,158.9,23.9
10,Centre Hospitalier Régional de Tambacounda,Tambacounda,Tambacounda,284,397,2024-01-07,33,28,272,0,12,376,51,0.76,Dengue,79,3,44.02,17.93,modéré,36.1,79.9,2804.9,False,0.34,0.43,0.18,37.6,43.5
10,Centre Hospitalier Régional de Tambacounda,Tambacounda,Tambacounda,284,397,2024-01-08,63,77,250,22,34,372,40,0.78,Grippe,20,9,56.99,3.12,faible,30.3,47.6,2637.0,False,0.64,0.53,0.09,154.5,42.6
10,Centre Hospitalier Régional de Tambacounda,Tambacounda,Tambacounda,284,397,2024-01-09,61,40,271,7,13,392,27,3.22,Paludisme,0,2,46.48,5.75,faible,35.7,47.3,2791.1,False,0.4,0.8,0.04,53.2,8.2
10,Centre Hospitalier Régional de Tambacounda,Tambacounda,Tambacounda,284,397,2024-01-10,58,70,183,22,101,376,7,1.42,Grippe,76,6,65.71,17.26,modéré,30.0,88.5,4597.9,False,1.0,0.49,0.18,121.9,48.7
10,Centre Hospitalier Régional de Tambacounda,Tambacounda,Tambacounda,284,397,2024-01-11,55,49,263,8,21,368,6,3.2,Choléra,107,1,62.53,14.88,élevé,30.7,61.1,232.1,True,0.22,0.99,0.03,16.2,56.6
10,Centre Hospitalier Régional de Tambacounda,Tambacounda,Tambacounda,284,397,2024-01-12,13,69,118,19,166,393,36,2.98,Choléra,46,9,58.69,13.45,modéré,24.8,60.7,2849.1,False,0.97,0.8,0.06,108.3,24.9
10,Centre Hospitalier Régional de Tambacounda,Tambacounda,Tambacounda,284,397,2024-01-13,99,35,182,1,102,361,33,2.0,Paludisme,27,1,32.78,19.06,faible,30.3,64.5,3020.9,False,0.31,0.42,0.09,167.4,45.9
10,Centre Hospitalier Régional de Tambacounda,Tambacounda,Tambacounda,284,397,2024-01-14,98,17,194,1,90,385,12,2.1,Covid-19,16,9,52.33,25.32,faible,27.0,44.2,3833.2,False,0.4,0.42,0.09,29.6,57.3
10,Centre Hospitalier Régional de Tambacounda,Tambacounda,Tambacounda,284,397,2024-01-15,86,7,225,6,59,387,5,1.07,Covid-19,108,0,57.06,27.31,élevé,33.5,88.3,4685.8,True,0.57,0.52,0.01,144.0,37.3
10,Centre Hospitalier Régional de Tambacounda,Tambacounda,Tambacounda,284,397,2024-01-16,42,47,29,2,255,377,53,1.54,Paludisme,53,3,63.6,4.74,modéré,35.8,67.7,618.1,False,0.42,0.94,0.11,148.7,36.4
10,Centre Hospitalier Régional de Tambacounda,Tambacounda,Tambacounda,284,397,2024-01-17,79,18,228,25,56,347,21,2.06,Covid-19,42,6,30.07,26.42,modéré,32.5,60.1,1832.3,False,0.26,0.47,0.01,40.1,55.1
10,Centre Hospitalier Régional de Tambacounda,Tambacounda,Tambacounda,284,397,2024-01-18,84,50,216,9,68,395,36,1.05,Grippe,87,5,38.6,18.09,élevé,23.2,79.3,270.0,True,0.2,0.91,0.14,99.5,45.4
10,Centre Hospitalier Régional de Tambacounda,Tambacounda,Tambacounda,284,397,2024-01-19,16,15,161,25,123,357,22,1.34,Paludisme,47,8,52.16,15.09,modéré,34.1,50.6,2988.1,False,0.85,0.91,0.11,155.8,16.9
10,Centre Hospitalier Régional de Tambacounda,Tambacounda,Tambacounda,284,397,2024-01-20,33,24,76,20,208,349,59,3.9,Paludisme,92,8,34.43,28.64,élevé,37.1,85.5,2107.3,True,0.28,0.71,0.08,83.0,45.4
10,Centre Hospitalier Régional de Tambacounda,Tambacounda,Tambacounda,284,397,2024-01-21,52,41,149,18,135,397,14,0.99,Grippe,47,5,75.27,4.57,modéré,23.4,79.2,4383.4,False,0.94,0.68,0.13,35.1,12.6
10,Centre Hospitalier Régional de Tambacounda,Tambacounda,Tambacounda,284,397,2024-01-22,56,31,62,19,222,395,50,1.72,Dengue,114,1,36.02,27.56,élevé,30.6,73.4,2421.3,True,0.35,0.63,0.03,132.2,34.5
10,Centre Hospitalier Régional de Tambacounda,Tambacounda,Tambacounda,284,397,2024-01-23,86,84,117,24,167,355,18,3.35,Covid-19,63,10,55.36,11.95,modéré,33.1,54.7,2784.7,False,0.35,0.52,0.07,168.1,28.0
10,Centre Hospitalier Régional de Tambacounda,Tambacounda,Tambacounda,284,397,2024-01-24,37,20,122,2,162,395,41,1.9,Dengue,83,7,70.3,26.04,élevé,35.8,87.4,4400.9,True,0.72,0.66,0.06,98.5,42.2
10,Centre Hospitalier Régional de Tambacounda,Tambacounda,Tambacounda,284,397,2024-01-25,37,50,182,14,102,351,10,1.52,Choléra,1,3,84.72,22.86,faible,29.1,86.7,1787.9,False,0.35,0.38,0.15,105.9,22.3
10,Centre Hospitalier Régional de Tambacounda,Tambacounda,Tambacounda,284,397,2024-01-26,61,58,39,0,245,382,26,0.61,Dengue,98,6,69.5,10.18,élevé,29.4,56.3,3515.8,True,0.22,0.98,0.05,136.7,8.6
10,Centre Hospitalier Régional de Tambacounda,Tambacounda,Tambacounda,284,397,2024-01-27,75,27,268,1,16,375,29,2.62,Choléra,42,4,62.47,29.77,modéré,28.4,88.0,1027.4,False,0.97,0.72,0.05,165.0,13.8
10,Centre Hospitalier Régional de Tambacounda,Tambacounda,Tambacounda,284,397,2024-01-28,60,62,23,15,261,364,35,1.5,Grippe,99,8,86.97,5.2,élevé,37.8,49.0,4749.7,True,0.28,0.32,0.07,33.2,42.5
10,Centre Hospitalier Régional de Tambacounda,Tambacounda,Tambacounda,284,397,2024-01-29,73,79,213,24,71,366,42,2.19,Grippe,66,9,43.92,29.81,modéré,31.9,44.6,244.4,False,0.82,0.42,0.01,91.8,13.3
10,Centre Hospitalier Régional de Tambacounda,Tambacounda,Tambacounda,284,397,2024-01-30,58,60,173,1,111,386,56,2.56,Dengue,97,1,63.79,12.96,élevé,29.0,53.8,3251.8,True,0.99,0.97,0.17,33.6,47.0
10,Centre Hospitalier Régional de Tambacounda,Tambacounda,Tambacounda,284,397,2024-01-31,55,68,142,7,142,374,34,3.78,Grippe,109,6,58.26,6.16,élevé,32.1,73.2,475.2,True,0.53,0.61,0.18,125.0,27.2
10,Centre Hospitalier Régional de Tambacounda,Tambacounda,Tambacounda,284,397,2024-02-01,50,88,254,5,30,363,59,2.52,Grippe,28,7,80.39,9.03,faible,36.8,78.4,2382.0,False,0.78,1.0,0.12,159.6,19.6
10,Centre Hospitalier Régional de Tambacounda,Tambacounda,Tambacounda,284,397,2024-02-02,44,73,278,14,6,364,45,3.17,Grippe,66,0,92.79,17.15,modéré,24.0,78.2,310.0,False,0.38,0.42,0.03,177.6,15.8
10,Centre Hospitalier Régional de Tambacounda,Tambacounda,Tambacounda,284,397,2024-02-03,54,65,76,4,208,364,33,3.32,Grippe,58,5,80.52,9.16,modéré,26.7,84.1,4071.6,False,0.98,0.85,0.01,142.4,24.3
10,Centre Hospitalier Régional de Tambacounda,Tambacounda,Tambacounda,284,397,2024-02-04,60,69,134,18,150,349,22,1.92,Choléra,63,1,46.8,26.74,modéré,24.0,70.1,4008.3,False,0.96,0.73,0.01,115.8,49.2
10,Centre Hospitalier Régional de Tambacounda,Tambacounda,Tambacounda,284,397,2024-02-05,97,61,62,9,222,387,22,0.41,Dengue,37,3,46.58,3.34,modéré,26.2,57.9,4154.6,False,0.59,0.65,0.01,170.1,21.7
10,Centre Hospitalier Régional de Tambacounda,Tambacounda,Tambacounda,284,397,2024-02-06,47,53,239,12,45,356,0,2.06,Covid-19,49,3,78.6,8.97,modéré,32.8,58.2,4537.3,False,0.29,0.59,0.0,10.7,25.8
10,Centre Hospitalier Régional de Tambacounda,Tambacounda,Tambacounda,284,397,2024-02-07,18,64,262,21,22,359,34,1.93,Paludisme,41,9,49.59,3.68,modéré,34.4,87.3,2395.9,False,0.86,1.0,0.08,55.5,55.7
10,Centre Hospitalier Régional de Tambacounda,Tambacounda,Tambacounda,284,397,2024-02-08,20,56,124,15,160,361,2,1.22,Paludisme,47,0,85.01,16.53,modéré,30.5,63.8,4903.3,False,0.4,0.53,0.1,50.4,18.4
10,Centre Hospitalier Régional de Tambacounda,Tambacounda,Tambacounda,284,397,2024-02-09,44,28,106,0,178,394,18,3.95,Grippe,20,3,64.94,24.71,faible,26.9,80.0,439.8,False,0.8,0.43,0.09,133.5,47.5
10,Centre Hospitalier Régional de Tambacounda,Tambacounda,Tambacounda,284,397,2024-02-10,95,8,261,16,23,381,25,3.98,Choléra,25,8,84.39,29.6,faible,36.8,75.3,1144.8,False,0.6,0.59,0.01,68.1,4.6
10,Centre Hospitalier Régional de Tambacounda,Tambacounda,Tambacounda,284,397,2024-02-11,11,35,196,8,88,375,10,0.4,Dengue,51,8,56.07,24.16,modéré,28.1,53.1,814.8,False,0.93,0.49,0.13,5.1,31.9
10,Centre Hospitalier Régional de Tambacounda,Tambacounda,Tambacounda,284,397,2024-02-12,70,56,152,16,132,368,26,3.7,Grippe,99,10,35.54,4.52,élevé,28.7,43.7,4303.4,True,0.93,0.94,0.03,87.1,22.2
10,Centre Hospitalier Régional de Tambacounda,Tambacounda,Tambacounda,284,397,2024-02-13,25,56,178,18,106,351,33,3.01,Dengue,31,7,33.35,17.96,modéré,37.4,45.7,4306.6,False,0.9,0.95,0.09,59.6,38.9
10,Centre Hospitalier Régional de Tambacounda,Tambacounda,Tambacounda,284,397,2024-02-14,91,80,64,23,220,362,27,0.5,Paludisme,81,3,60.07,6.63,élevé,29.1,63.1,1576.6,True,0.24,0.41,0.13,39.5,23.4
10,Centre Hospitalier Régional de Tambacounda,Tambacounda,Tambacounda,284,397,2024-02-15,11,86,148,18,136,387,47,0.15,Paludisme,109,4,83.46,26.07,élevé,32.9,53.4,243.7,True,0.67,0.77,0.18,162.0,56.0
10,Centre Hospitalier Régional de Tambacounda,Tambacounda,Tambacounda,284,397,2024-02-16,68,47,277,2,7,372,56,0.59,Grippe,102,1,46.14,9.21,élevé,23.1,73.6,1308.4,True,0.25,0.83,0.04,50.1,56.9
10,Centre Hospitalier Régional de Tambacounda,Tambacounda,Tambacounda,284,397,2024-02-17,79,80,62,18,222,348,27,1.34,Paludisme,81,4,53.88,9.84,élevé,24.3,81.6,552.0,True,0.73,0.81,0.12,23.9,10.8
10,Centre Hospitalier Régional de Tambacounda,Tambacounda,Tambacounda,284,397,2024-02-18,62,79,178,0,106,368,55,2.19,Choléra,103,6,72.99,3.86,élevé,32.1,77.9,1655.7,True,0.91,0.76,0.07,57.6,6.9
10,Centre Hospitalier Régional de Tambacounda,Tambacounda,Tambacounda,284,397,2024-02-19,50,12,53,15,231,353,5,3.7,Covid-19,45,1,57.03,28.39,modéré,30.4,61.3,3545.3,False,0.99,0.69,0.12,24.3,10.5
10,Centre Hospitalier Régional de Tambacounda,Tambacounda,Tambacounda,284,397,2024-02-20,81,14,181,14,103,369,51,3.23,Dengue,40,3,41.84,8.44,modéré,33.8,73.5,431.3,False,0.52,0.62,0.01,150.5,59.1
10,Centre Hospitalier Régional de Tambacounda,Tambacounda,Tambacounda,284,397,2024-02-21,33,57,240,18,44,378,51,3.4,Choléra,2,8,38.95,1.14,faible,24.3,81.0,1875.0,False,0.83,0.92,0.12,24.2,41.7
10,Centre Hospitalier Régional de Tambacounda,Tambacounda,Tambacounda,284,397,2024-02-22,94,88,197,15,87,375,19,1.52,Dengue,17,1,47.11,9.87,faible,37.7,78.3,520.3,False,0.77,0.5,0.2,63.2,29.9
10,Centre Hospitalier Régional de Tambacounda,Tambacounda,Tambacounda,284,397,2024-02-23,80,26,185,13,99,371,57,1.57,Covid-19,83,6,57.37,29.55,élevé,33.6,67.5,312.1,True,0.57,0.83,0.18,19.9,57.6
10,Centre Hospitalier Régional de Tambacounda,Tambacounda,Tambacounda,284,397,2024-02-24,19,50,51,9,233,380,32,1.84,Choléra,30,3,50.08,13.93,modéré,22.9,85.0,605.8,False,0.55,0.39,0.1,63.9,5.0
10,Centre Hospitalier Régional de Tambacounda,Tambacounda,Tambacounda,284,397,2024-02-25,20,13,206,6,78,350,30,2.69,Dengue,35,6,51.74,8.36,modéré,27.9,78.6,3502.6,False,0.62,0.46,0.14,11.8,13.4
10,Centre Hospitalier Régional de Tambacounda,Tambacounda,Tambacounda,284,397,2024-02-26,71,84,107,10,177,391,29,0.96,Paludisme,24,8,68.79,8.2,faible,37.4,76.0,789.0,False,0.99,0.5,0.16,133.7,55.8
10,Centre Hospitalier Régional de Tambacounda,Tambacounda,Tambacounda,284,397,2024-02-27,23,76,283,9,1,393,11,2.91,Dengue,26,3,71.14,18.98,faible,37.7,46.7,449.2,False,0.22,0.49,0.08,45.6,29.9
10,Centre Hospitalier Régional de Tambacounda,Tambacounda,Tambacounda,284,397,2024-02-28,42,10,185,16,99,396,20,1.87,Dengue,14,7,62.55,18.4,faible,25.1,88.9,185.1,False,0.7,0.41,0.17,171.7,31.9
10,Centre Hospitalier Régional de Tambacounda,Tambacounda,Tambacounda,284,397,2024-02-29,70,12,177,18,107,365,25,0.76,Choléra,62,10,72.54,16.09,modéré,38.2,57.3,1982.4,False,0.86,0.63,0.18,98.3,39.3
10,Centre Hospitalier Régional de Tambacounda,Tambacounda,Tambacounda,284,397,2024-03-01,23,49,45,20,239,355,53,0.46,Covid-19,7,4,30.25,6.37,faible,36.8,71.3,2607.6,False,0.77,0.55,0.01,135.8,13.8
10,Centre Hospitalier Régional de Tambacounda,Tambacounda,Tambacounda,284,397,2024-03-02,47,42,163,13,121,392,55,3.37,Choléra,78,6,78.29,19.15,modéré,37.0,41.2,4916.8,False,0.52,0.45,0.19,32.6,28.8
10,Centre Hospitalier Régional de Tambacounda,Tambacounda,Tambacounda,284,397,2024-03-03,71,71,128,6,156,380,12,1.6,Covid-19,111,0,90.77,2.05,élevé,39.0,70.7,2292.3,True,0.33,0.83,0.08,156.1,24.7
10,Centre Hospitalier Régional de Tambacounda,Tambacounda,Tambacounda,284,397,2024-03-04,70,16,84,7,200,384,35,1.17,Choléra,82,4,91.29,5.83,élevé,25.6,67.7,298.1,True,0.22,0.44,0.12,22.5,7.1
10,Centre Hospitalier Régional de Tambacounda,Tambacounda,Tambacounda,284,397,2024-03-05,82,72,80,7,204,360,32,1.93,Covid-19,99,5,62.56,18.46,élevé,27.4,44.3,2539.7,True,0.61,0.36,0.09,108.2,15.9
10,Centre Hospitalier Régional de Tambacounda,Tambacounda,Tambacounda,284,397,2024-03-06,100,31,160,24,124,353,46,3.52,Dengue,85,2,49.19,10.4,élevé,23.8,86.3,1743.9,True,0.52,0.91,0.08,14.5,29.7
10,Centre Hospitalier Régional de Tambacounda,Tambacounda,Tambacounda,284,397,2024-03-07,93,53,110,14,174,360,54,2.72,Dengue,99,3,64.97,7.25,élevé,32.9,60.0,2588.5,True,0.87,0.97,0.02,16.7,58.4
10,Centre Hospitalier Régional de Tambacounda,Tambacounda,Tambacounda,284,397,2024-03-08,69,29,273,7,11,375,57,0.7,Grippe,33,0,33.19,22.08,modéré,35.4,71.5,684.3,False,0.99,0.84,0.17,13.2,46.2
10,Centre Hospitalier Régional de Tambacounda,Tambacounda,Tambacounda,284,397,2024-03-09,41,18,202,9,82,349,17,2.45,Choléra,76,7,48.93,22.64,modéré,34.3,59.4,2455.4,False,0.6,0.6,0.14,113.7,12.5
10,Centre Hospitalier Régional de Tambacounda,Tambacounda,Tambacounda,284,397,2024-03-10,74,16,220,8,64,380,56,2.78,Choléra,28,0,35.87,26.95,faible,23.8,78.3,2397.0,False,0.73,0.88,0.1,17.1,16.2
10,Centre Hospitalier Régional de Tambacounda,Tambacounda,Tambacounda,284,397,2024-03-11,49,56,44,9,240,372,56,3.17,Grippe,64,2,46.95,27.09,modéré,35.4,89.8,735.8,False,0.59,0.35,0.04,37.7,45.7
10,Centre Hospitalier Régional de Tambacounda,Tambacounda,Tambacounda,284,397,2024-03-12,97,19,271,7,13,361,44,3.74,Choléra,65,8,82.38,15.64,modéré,30.6,76.3,4410.6,False,0.44,0.81,0.01,115.6,22.2
10,Centre Hospitalier Régional de Tambacounda,Tambacounda,Tambacounda,284,397,2024-03-13,83,80,98,2,186,387,26,0.14,Grippe,35,4,39.09,7.99,modéré,29.4,62.1,457.9,False,0.97,0.93,0.06,55.9,54.5
10,Centre Hospitalier Régional de Tambacounda,Tambacounda,Tambacounda,284,397,2024-03-14,50,26,92,0,192,390,19,0.78,Choléra,98,6,34.46,3.3,élevé,22.3,54.7,231.7,True,0.32,0.68,0.06,49.4,42.6
10,Centre Hospitalier Régional de Tambacounda,Tambacounda,Tambacounda,284,397,2024-03-15,85,86,212,0,72,365,45,2.39,Grippe,42,6,69.36,21.94,modéré,26.1,53.2,4352.4,False,0.81,0.95,0.09,16.6,39.1
10,Centre Hospitalier Régional de Tambacounda,Tambacounda,Tambacounda,284,397,2024-03-16,92,11,127,0,157,384,42,0.64,Paludisme,44,3,77.18,23.29,modéré,33.8,74.3,3311.9,False,0.91,0.37,0.17,32.5,44.3
10,Centre Hospitalier Régional de Tambacounda,Tambacounda,Tambacounda,284,397,2024-03-17,27,17,282,22,2,364,59,0.96,Choléra,25,10,34.95,17.59,faible,30.8,72.7,2262.9,False,0.9,0.69,0.05,179.7,4.9
10,Centre Hospitalier Régional de Tambacounda,Tambacounda,Tambacounda,284,397,2024-03-18,16,30,76,0,208,376,10,2.46,Choléra,64,2,65.48,23.98,modéré,35.5,74.7,1353.1,False,0.41,0.76,0.02,86.3,28.8
10,Centre Hospitalier Régional de Tambacounda,Tambacounda,Tambacounda,284,397,2024-03-19,84,23,141,14,143,393,5,2.65,Choléra,99,8,76.22,26.72,élevé,32.0,56.1,2896.9,True,0.52,0.79,0.18,123.2,22.1
10,Centre Hospitalier Régional de Tambacounda,Tambacounda,Tambacounda,284,397,2024-03-20,13,73,180,0,104,379,36,1.54,Covid-19,94,4,47.01,20.75,élevé,32.3,89.3,1167.7,True,0.57,0.51,0.02,76.6,36.2
10,Centre Hospitalier Régional de Tambacounda,Tambacounda,Tambacounda,284,397,2024-03-21,42,28,218,1,66,363,54,3.07,Choléra,77,1,68.29,5.84,modéré,27.6,55.6,169.0,False,0.32,0.63,0.11,142.8,21.1
10,Centre Hospitalier Régional de Tambacounda,Tambacounda,Tambacounda,284,397,2024-03-22,70,89,209,1,75,380,58,0.64,Dengue,58,0,58.5,29.4,modéré,32.7,48.3,1285.7,False,0.44,0.38,0.17,65.6,20.8
10,Centre Hospitalier Régional de Tambacounda,Tambacounda,Tambacounda,284,397,2024-03-23,24,44,180,15,104,394,47,2.84,Covid-19,108,9,78.95,22.41,élevé,31.5,53.3,3130.5,True,0.69,0.48,0.03,105.7,38.9
10,Centre Hospitalier Régional de Tambacounda,Tambacounda,Tambacounda,284,397,2024-03-24,78,83,233,17,51,348,59,1.53,Choléra,26,8,73.29,4.97,faible,36.1,72.6,419.2,False,0.93,0.74,0.09,33.0,16.2
10,Centre Hospitalier Régional de Tambacounda,Tambacounda,Tambacounda,284,397,2024-03-25,64,82,22,11,262,350,50,1.75,Paludisme,93,3,30.83,11.14,élevé,28.7,70.3,2137.9,True,0.52,0.9,0.14,90.0,14.7
10,Centre Hospitalier Régional de Tambacounda,Tambacounda,Tambacounda,284,397,2024-03-26,95,68,135,6,149,369,35,0.46,Covid-19,42,3,37.52,14.86,modéré,26.9,48.7,541.2,False,0.37,0.42,0.06,78.2,31.8
10,Centre Hospitalier Régional de Tambacounda,Tambacounda,Tambacounda,284,397,2024-03-27,25,11,147,9,137,355,34,0.61,Grippe,57,7,56.09,5.8,modéré,33.0,82.8,754.0,False,0.84,0.72,0.04,85.6,58.7
10,Centre Hospitalier Régional de Tambacounda,Tambacounda,Tambacounda,284,397,2024-03-28,73,55,222,2,62,354,55,1.95,Grippe,83,8,58.68,18.74,élevé,31.4,83.6,3506.0,True,0.41,0.8,0.07,80.2,58.5
10,Centre Hospitalier Régional de Tambacounda,Tambacounda,Tambacounda,284,397,2024-03-29,69,45,47,15,237,392,25,0.13,Dengue,99,9,78.53,8.45,élevé,37.1,40.8,2082.0,True,0.21,0.79,0.05,22.6,10.2
10,Centre Hospitalier Régional de Tambacounda,Tambacounda,Tambacounda,284,397,2024-03-30,50,72,69,5,215,394,33,0.81,Paludisme,12,4,45.77,27.61,faible,37.5,49.0,4025.4,False,0.59,0.36,0.0,24.2,42.2
10,Centre Hospitalier Régional de Tambacounda,Tambacounda,Tambacounda,284,397,2024-03-31,16,54,41,0,243,396,28,2.44,Dengue,11,5,55.07,9.75,faible,27.5,54.4,2391.9,False,0.93,0.36,0.02,51.5,50.9
10,Centre Hospitalier Régional de Tambacounda,Tambacounda,Tambacounda,284,397,2024-04-01,82,77,159,19,125,357,22,0.79,Choléra,88,2,58.3,12.03,élevé,24.8,45.7,422.1,True,0.82,0.31,0.06,130.8,42.3
10,Centre Hospitalier Régional de Tambacounda,Tambacounda,Tambacounda,284,397,2024-04-02,87,10,57,10,227,364,13,1.75,Grippe,93,1,73.89,4.43,élevé,33.3,76.3,3210.5,True,0.93,0.44,0.19,42.8,20.1
10,Centre Hospitalier Régional de Tambacounda,Tambacounda,Tambacounda,284,397,2024-04-03,98,25,166,9,118,380,9,2.46,Dengue,68,2,41.26,14.3,modéré,31.2,83.5,1436.4,False,0.94,0.49,0.15,172.9,3.4
10,Centre Hospitalier Régional de Tambacounda,Tambacounda,Tambacounda,284,397,2024-04-04,53,48,65,17,219,394,34,0.16,Grippe,75,2,47.08,8.64,modéré,28.0,64.6,1188.7,False,0.79,0.86,0.16,155.4,13.7
10,Centre Hospitalier Régional de Tambacounda,Tambacounda,Tambacounda,284,397,2024-04-05,91,48,37,21,247,390,17,2.09,Dengue,0,1,83.02,2.93,faible,27.2,79.7,124.4,False,0.7,0.54,0.2,27.5,16.6
10,Centre Hospitalier Régional de Tambacounda,Tambacounda,Tambacounda,284,397,2024-04-06,70,41,145,16,139,390,10,2.83,Dengue,32,7,91.97,19.12,modéré,24.3,76.1,580.1,False,0.48,0.7,0.02,151.4,53.4
10,Centre Hospitalier Régional de Tambacounda,Tambacounda,Tambacounda,284,397,2024-04-07,67,62,221,23,63,384,57,0.53,Choléra,75,8,55.26,7.26,modéré,25.0,41.6,4761.9,False,0.61,0.74,0.15,126.2,39.4
10,Centre Hospitalier Régional de Tambacounda,Tambacounda,Tambacounda,284,397,2024-04-08,39,69,251,15,33,367,59,0.3,Choléra,66,3,56.58,25.12,modéré,26.5,88.9,2238.6,False,0.82,0.44,0.12,119.2,59.0
10,Centre Hospitalier Régional de Tambacounda,Tambacounda,Tambacounda,284,397,2024-04-09,19,37,56,16,228,371,20,2.92,Covid-19,5,6,94.64,20.13,faible,33.7,70.1,961.1,False,0.82,0.94,0.18,156.0,29.7
10,Centre Hospitalier Régional de Tambacounda,Tambacounda,Tambacounda,284,397,2024-04-10,18,24,113,4,171,388,42,2.61,Choléra,92,8,89.71,7.08,élevé,31.0,62.6,3060.6,True,0.49,0.78,0.12,155.7,36.9
10,Centre Hospitalier Régional de Tambacounda,Tambacounda,Tambacounda,284,397,2024-04-11,37,71,280,14,4,385,28,2.27,Covid-19,80,0,48.57,8.69,élevé,34.1,49.9,180.7,False,0.63,0.49,0.15,50.9,14.7
10,Centre Hospitalier Régional de Tambacounda,Tambacounda,Tambacounda,284,397,2024-04-12,92,80,90,11,194,371,3,1.65,Grippe,58,8,30.92,15.1,modéré,27.3,77.3,481.9,False,0.68,0.78,0.1,127.0,55.0
10,Centre Hospitalier Régional de Tambacounda,Tambacounda,Tambacounda,284,397,2024-04-13,73,6,103,1,181,366,11,1.71,Dengue,12,1,57.33,2.94,faible,30.3,68.6,3867.5,False,0.82,0.51,0.02,107.2,16.4
10,Centre Hospitalier Régional de Tambacounda,Tambacounda,Tambacounda,284,397,2024-04-14,53,38,129,20,155,388,40,1.24,Dengue,28,2,80.13,15.63,faible,34.6,74.0,2287.3,False,0.57,1.0,0.07,109.1,6.2
10,Centre Hospitalier Régional de Tambacounda,Tambacounda,Tambacounda,284,397,2024-04-15,42,43,47,24,237,351,43,3.41,Covid-19,87,3,59.5,16.92,élevé,30.5,54.6,2498.1,True,0.99,0.51,0.17,69.7,21.5
10,Centre Hospitalier Régional de Tambacounda,Tambacounda,Tambacounda,284,397,2024-04-16,95,37,173,3,111,393,51,1.44,Grippe,100,5,91.72,21.79,élevé,30.8,62.9,1763.5,True,0.24,0.94,0.03,21.9,23.5
10,Centre Hospitalier Régional de Tambacounda,Tambacounda,Tambacounda,284,397,2024-04-17,31,30,64,8,220,390,4,0.7,Paludisme,110,0,41.31,17.27,élevé,22.0,74.2,4798.6,True,0.71,0.89,0.06,42.1,59.2
10,Centre Hospitalier Régional de Tambacounda,Tambacounda,Tambacounda,284,397,2024-04-18,89,51,96,15,188,362,57,1.54,Covid-19,59,5,83.83,10.75,modéré,24.2,56.1,4480.2,False,0.32,0.43,0.1,75.0,11.9
10,Centre Hospitalier Régional de Tambacounda,Tambacounda,Tambacounda,284,397,2024-04-19,43,83,282,9,2,381,12,2.96,Grippe,45,8,74.4,2.06,modéré,23.3,41.8,2289.1,False,0.52,0.6,0.07,131.5,60.0
10,Centre Hospitalier Régional de Tambacounda,Tambacounda,Tambacounda,284,397,2024-04-20,94,81,153,13,131,389,13,3.44,Choléra,94,10,32.58,7.97,élevé,22.9,40.7,3047.6,True,0.96,0.45,0.06,61.0,19.2
10,Centre Hospitalier Régional de Tambacounda,Tambacounda,Tambacounda,284,397,2024-04-21,17,10,263,3,21,353,28,0.19,Covid-19,118,6,31.22,26.04,élevé,29.2,59.6,2242.6,True,0.45,0.69,0.0,51.1,12.4
10,Centre Hospitalier Régional de Tambacounda,Tambacounda,Tambacounda,284,397,2024-04-22,40,23,251,21,33,372,49,0.7,Dengue,25,7,85.25,7.2,faible,28.1,55.5,1802.0,False,0.77,0.49,0.08,105.6,8.9
10,Centre Hospitalier Régional de Tambacounda,Tambacounda,Tambacounda,284,397,2024-04-23,77,87,237,16,47,361,39,1.36,Dengue,9,1,44.24,16.84,faible,32.3,72.4,3608.3,False,0.23,0.67,0.02,163.1,58.8
10,Centre Hospitalier Régional de Tambacounda,Tambacounda,Tambacounda,284,397,2024-04-24,86,23,154,1,130,354,60,1.52,Covid-19,83,3,36.16,14.44,élevé,22.8,54.7,517.9,True,0.76,0.96,0.15,165.5,11.9
10,Centre Hospitalier Régional de Tambacounda,Tambacounda,Tambacounda,284,397,2024-04-25,79,17,262,21,22,377,29,1.09,Choléra,96,0,42.39,5.22,élevé,33.2,78.7,3406.8,True,0.44,0.83,0.09,160.5,5.8
10,Centre Hospitalier Régional de Tambacounda,Tambacounda,Tambacounda,284,397,2024-04-26,42,59,273,24,11,396,19,1.24,Grippe,116,5,85.73,14.24,élevé,24.4,43.8,4050.2,True,0.8,0.65,0.06,151.1,15.5
10,Centre Hospitalier Régional de Tambacounda,Tambacounda,Tambacounda,284,397,2024-04-27,24,22,133,23,151,375,41,2.66,Dengue,100,5,86.91,7.52,élevé,26.2,71.4,4008.1,True,0.62,0.9,0.09,64.3,20.0
10,Centre Hospitalier Régional de Tambacounda,Tambacounda,Tambacounda,284,397,2024-04-28,48,28,220,23,64,390,8,3.51,Choléra,58,1,62.43,13.99,modéré,26.7,81.3,700.4,False,0.8,0.91,0.13,146.6,10.4
10,Centre Hospitalier Régional de Tambacounda,Tambacounda,Tambacounda,284,397,2024-04-29,11,78,203,17,81,390,46,3.77,Covid-19,95,4,59.08,16.33,élevé,35.8,63.7,4866.1,True,0.63,0.67,0.0,138.0,49.8
10,Centre Hospitalier Régional de Tambacounda,Tambacounda,Tambacounda,284,397,2024-04-30,19,69,249,24,35,395,11,0.46,Grippe,74,2,48.47,3.58,modéré,27.3,58.2,4406.2,False,0.5,0.68,0.09,53.6,27.9
10,Centre Hospitalier Régional de Tambacounda,Tambacounda,Tambacounda,284,397,2024-05-01,21,38,165,11,119,356,4,3.06,Covid-19,40,6,90.08,8.52,modéré,33.4,71.0,1477.6,False,0.26,0.91,0.09,137.3,18.8
10,Centre Hospitalier Régional de Tambacounda,Tambacounda,Tambacounda,284,397,2024-05-02,75,23,95,22,189,360,30,2.48,Grippe,6,3,42.78,29.14,faible,26.9,65.1,1446.0,False,0.39,0.85,0.06,107.0,40.9
10,Centre Hospitalier Régional de Tambacounda,Tambacounda,Tambacounda,284,397,2024-05-03,17,88,150,15,134,365,42,2.91,Paludisme,100,8,50.14,20.48,élevé,23.8,66.3,830.9,True,0.7,0.89,0.09,150.4,20.5
10,Centre Hospitalier Régional de Tambacounda,Tambacounda,Tambacounda,284,397,2024-05-04,24,76,73,16,211,347,1,0.53,Grippe,3,0,91.07,3.38,faible,27.6,73.7,1240.2,False,0.53,0.47,0.01,124.4,30.3
10,Centre Hospitalier Régional de Tambacounda,Tambacounda,Tambacounda,284,397,2024-05-05,27,5,164,0,120,368,35,3.42,Choléra,20,9,50.11,21.79,faible,23.6,77.1,944.2,False,0.43,0.99,0.01,33.1,55.1
10,Centre Hospitalier Régional de Tambacounda,Tambacounda,Tambacounda,284,397,2024-05-06,45,60,110,14,174,365,56,2.92,Grippe,44,10,43.74,29.03,modéré,29.1,74.6,4270.0,False,0.53,0.36,0.04,9.3,14.2
10,Centre Hospitalier Régional de Tambacounda,Tambacounda,Tambacounda,284,397,2024-05-07,20,7,255,16,29,388,26,1.07,Grippe,96,1,54.36,24.39,élevé,26.3,57.2,2482.3,True,0.48,0.93,0.03,23.8,49.3
10,Centre Hospitalier Régional de Tambacounda,Tambacounda,Tambacounda,284,397,2024-05-08,33,72,226,7,58,363,2,0.61,Paludisme,30,0,34.31,23.12,modéré,27.7,63.8,3771.5,False,0.41,0.39,0.04,111.2,42.8
10,Centre Hospitalier Régional de Tambacounda,Tambacounda,Tambacounda,284,397,2024-05-09,62,72,104,23,180,394,17,1.58,Dengue,38,3,42.54,11.22,modéré,29.2,54.5,2320.0,False,0.55,0.53,0.16,158.2,13.7
10,Centre Hospitalier Régional de Tambacounda,Tambacounda,Tambacounda,284,397,2024-05-10,42,84,109,13,175,371,26,2.72,Covid-19,105,9,89.95,5.67,élevé,37.1,63.8,2085.9,True,0.65,0.79,0.04,82.5,45.7
10,Centre Hospitalier Régional de Tambacounda,Tambacounda,Tambacounda,284,397,2024-05-11,62,36,173,17,111,384,33,3.92,Covid-19,43,0,67.89,27.65,modéré,35.6,79.3,4430.3,False,0.49,0.94,0.07,135.7,28.9
10,Centre Hospitalier Régional de Tambacounda,Tambacounda,Tambacounda,284,397,2024-05-12,99,86,54,17,230,350,39,1.39,Covid-19,87,10,38.47,5.21,élevé,29.1,49.0,834.5,True,0.21,0.97,0.11,52.8,20.9
10,Centre Hospitalier Régional de Tambacounda,Tambacounda,Tambacounda,284,397,2024-05-13,54,68,185,17,99,386,53,2.14,Paludisme,34,7,52.46,16.29,modéré,30.1,59.5,444.2,False,0.28,0.69,0.07,30.1,10.2
10,Centre Hospitalier Régional de Tambacounda,Tambacounda,Tambacounda,284,397,2024-05-14,52,45,91,18,193,369,16,3.47,Dengue,32,10,39.2,10.01,modéré,26.2,59.4,2994.2,False,0.62,0.99,0.06,44.4,54.0
10,Centre Hospitalier Régional de Tambacounda,Tambacounda,Tambacounda,284,397,2024-05-15,50,55,254,9,30,357,28,0.48,Covid-19,114,3,93.81,7.72,élevé,23.3,71.8,4074.5,True,0.39,0.81,0.05,27.9,41.8
10,Centre Hospitalier Régional de Tambacounda,Tambacounda,Tambacounda,284,397,2024-05-16,80,5,225,2,59,379,17,3.16,Choléra,53,7,86.33,20.88,modéré,23.2,45.9,1787.7,False,0.96,0.35,0.09,119.4,27.0
10,Centre Hospitalier Régional de Tambacounda,Tambacounda,Tambacounda,284,397,2024-05-17,95,63,74,10,210,358,2,0.17,Choléra,17,9,66.84,22.52,faible,23.6,59.0,3071.8,False,0.54,0.72,0.08,150.1,30.1
10,Centre Hospitalier Régional de Tambacounda,Tambacounda,Tambacounda,284,397,2024-05-18,57,85,53,4,231,394,57,1.09,Paludisme,113,4,34.76,7.99,élevé,23.0,75.5,4771.6,True,0.7,0.35,0.03,150.9,26.2
10,Centre Hospitalier Régional de Tambacounda,Tambacounda,Tambacounda,284,397,2024-05-19,22,73,179,20,105,350,28,0.61,Covid-19,83,5,37.34,13.47,élevé,31.4,51.8,3916.8,True,0.3,0.82,0.01,102.8,57.2
10,Centre Hospitalier Régional de Tambacounda,Tambacounda,Tambacounda,284,397,2024-05-20,58,27,79,23,205,390,27,3.81,Covid-19,60,3,68.81,29.72,modéré,22.8,72.7,1137.3,False,0.84,0.8,0.06,34.6,38.5
10,Centre Hospitalier Régional de Tambacounda,Tambacounda,Tambacounda,284,397,2024-05-21,21,22,162,6,122,363,3,3.72,Grippe,33,6,91.43,18.34,modéré,36.9,41.9,4686.7,False,0.6,0.6,0.16,45.5,16.3
10,Centre Hospitalier Régional de Tambacounda,Tambacounda,Tambacounda,284,397,2024-05-22,73,70,141,3,143,351,3,1.1,Choléra,94,7,79.88,6.66,élevé,24.8,54.5,727.9,True,0.52,0.33,0.11,126.4,17.1
10,Centre Hospitalier Régional de Tambacounda,Tambacounda,Tambacounda,284,397,2024-05-23,59,77,273,15,11,378,4,0.37,Grippe,73,7,45.56,21.2,modéré,38.1,85.3,1606.6,False,0.82,0.77,0.04,72.7,32.7
10,Centre Hospitalier Régional de Tambacounda,Tambacounda,Tambacounda,284,397,2024-05-24,92,84,278,1,6,354,19,0.79,Choléra,87,10,36.39,26.32,élevé,22.2,67.3,1489.6,True,0.62,0.46,0.05,66.1,51.0
10,Centre Hospitalier Régional de Tambacounda,Tambacounda,Tambacounda,284,397,2024-05-25,87,70,121,1,163,362,43,2.3,Paludisme,46,8,90.56,24.7,modéré,24.3,76.7,1964.2,False,0.89,0.49,0.12,168.1,57.2
10,Centre Hospitalier Régional de Tambacounda,Tambacounda,Tambacounda,284,397,2024-05-26,26,69,69,6,215,350,33,3.8,Paludisme,48,6,51.99,11.42,modéré,38.7,70.2,1923.3,False,0.65,0.61,0.06,141.3,14.1
10,Centre Hospitalier Régional de Tambacounda,Tambacounda,Tambacounda,284,397,2024-05-27,76,49,56,23,228,366,52,1.22,Grippe,60,3,53.38,2.94,modéré,29.0,70.7,2635.4,False,0.42,0.89,0.14,45.2,34.5
10,Centre Hospitalier Régional de Tambacounda,Tambacounda,Tambacounda,284,397,2024-05-28,82,35,160,8,124,350,49,1.15,Grippe,98,2,73.39,14.18,élevé,31.9,81.5,1171.0,True,0.56,0.72,0.04,174.5,53.8
10,Centre Hospitalier Régional de Tambacounda,Tambacounda,Tambacounda,284,397,2024-05-29,68,70,55,1,229,367,50,0.38,Grippe,104,4,64.48,28.2,élevé,33.8,89.3,4985.5,True,0.81,0.9,0.17,22.5,40.0
10,Centre Hospitalier Régional de Tambacounda,Tambacounda,Tambacounda,284,397,2024-05-30,10,26,225,25,59,352,29,1.71,Dengue,98,4,38.57,9.36,élevé,28.4,43.3,4848.2,True,0.5,0.36,0.13,86.9,28.4
10,Centre Hospitalier Régional de Tambacounda,Tambacounda,Tambacounda,284,397,2024-05-31,98,78,69,13,215,349,36,3.67,Paludisme,66,7,54.12,17.19,modéré,37.4,41.6,1623.5,False,0.54,0.69,0.04,144.2,53.7
10,Centre Hospitalier Régional de Tambacounda,Tambacounda,Tambacounda,284,397,2024-06-01,97,87,186,14,98,367,54,0.84,Paludisme,101,1,46.46,16.45,élevé,23.4,45.3,2903.7,True,0.78,0.37,0.19,163.7,25.8
10,Centre Hospitalier Régional de Tambacounda,Tambacounda,Tambacounda,284,397,2024-06-02,37,32,278,15,6,391,12,3.65,Grippe,46,5,94.33,11.16,modéré,26.4,40.9,2633.1,False,0.53,0.44,0.02,122.5,41.0
10,Centre Hospitalier Régional de Tambacounda,Tambacounda,Tambacounda,284,397,2024-06-03,69,31,27,8,257,375,42,3.93,Grippe,108,6,40.88,17.94,élevé,38.2,86.1,4620.0,True,0.9,0.31,0.14,143.3,51.7
10,Centre Hospitalier Régional de Tambacounda,Tambacounda,Tambacounda,284,397,2024-06-04,24,66,23,16,261,370,12,1.16,Covid-19,95,10,55.65,23.46,élevé,38.6,78.0,234.9,True,0.63,0.32,0.06,150.0,37.3
10,Centre Hospitalier Régional de Tambacounda,Tambacounda,Tambacounda,284,397,2024-06-05,72,33,57,7,227,372,16,1.8,Grippe,114,7,43.56,14.96,élevé,26.9,73.9,4443.7,True,0.82,0.42,0.06,34.4,24.4
10,Centre Hospitalier Régional de Tambacounda,Tambacounda,Tambacounda,284,397,2024-06-06,15,66,176,10,108,366,55,1.49,Dengue,70,4,73.03,29.48,modéré,34.4,84.8,1864.7,False,0.3,0.83,0.07,144.6,47.1
10,Centre Hospitalier Régional de Tambacounda,Tambacounda,Tambacounda,284,397,2024-06-07,37,41,89,20,195,351,43,1.32,Dengue,6,5,53.43,17.85,faible,35.6,88.0,2903.1,False,0.37,0.32,0.03,67.1,24.9
10,Centre Hospitalier Régional de Tambacounda,Tambacounda,Tambacounda,284,397,2024-06-08,92,10,130,25,154,388,20,3.11,Covid-19,99,5,35.59,18.52,élevé,25.5,79.5,3213.9,True,0.43,0.97,0.17,106.8,4.9
10,Centre Hospitalier Régional de Tambacounda,Tambacounda,Tambacounda,284,397,2024-06-09,50,5,222,20,62,357,25,2.53,Covid-19,119,10,77.44,9.55,élevé,32.6,86.3,3910.4,True,0.27,0.63,0.08,161.1,7.9
10,Centre Hospitalier Régional de Tambacounda,Tambacounda,Tambacounda,284,397,2024-06-10,29,75,106,24,178,378,5,2.41,Dengue,120,7,33.13,22.92,élevé,25.0,43.1,927.3,True,0.27,0.62,0.03,176.1,21.5
10,Centre Hospitalier Régional de Tambacounda,Tambacounda,Tambacounda,284,397,2024-06-11,28,57,258,19,26,374,33,1.78,Paludisme,91,7,63.16,16.92,élevé,29.1,63.4,374.5,True,0.46,0.34,0.01,67.9,56.9
10,Centre Hospitalier Régional de Tambacounda,Tambacounda,Tambacounda,284,397,2024-06-12,31,27,223,3,61,359,37,2.25,Dengue,88,10,43.34,12.94,élevé,33.8,80.6,2952.0,True,0.55,0.86,0.04,25.4,34.2
10,Centre Hospitalier Régional de Tambacounda,Tambacounda,Tambacounda,284,397,2024-06-13,87,11,28,4,256,371,22,2.02,Paludisme,41,10,86.76,9.63,modéré,26.4,82.4,655.9,False,0.51,0.69,0.11,81.4,9.9
10,Centre Hospitalier Régional de Tambacounda,Tambacounda,Tambacounda,284,397,2024-06-14,30,8,176,15,108,383,53,1.35,Dengue,76,5,37.18,15.0,modéré,29.1,74.5,2837.2,False,0.99,0.62,0.19,169.5,36.9
10,Centre Hospitalier Régional de Tambacounda,Tambacounda,Tambacounda,284,397,2024-06-15,61,68,46,15,238,351,60,0.6,Choléra,36,7,80.21,13.45,modéré,38.4,77.1,2640.3,False,0.83,0.65,0.09,103.0,29.1
10,Centre Hospitalier Régional de Tambacounda,Tambacounda,Tambacounda,284,397,2024-06-16,24,85,232,18,52,389,54,1.88,Covid-19,98,1,70.86,14.59,élevé,24.9,58.3,694.7,True,0.49,0.61,0.07,89.5,20.4
10,Centre Hospitalier Régional de Tambacounda,Tambacounda,Tambacounda,284,397,2024-06-17,67,54,182,13,102,359,55,2.44,Covid-19,27,10,90.48,16.1,faible,25.3,72.9,3060.8,False,0.7,0.99,0.03,77.8,39.3
10,Centre Hospitalier Régional de Tambacounda,Tambacounda,Tambacounda,284,397,2024-06-18,14,63,227,8,57,361,5,1.79,Covid-19,108,4,82.2,4.99,élevé,27.8,57.3,608.4,True,0.21,0.97,0.12,174.0,53.8
10,Centre Hospitalier Régional de Tambacounda,Tambacounda,Tambacounda,284,397,2024-06-19,57,84,91,3,193,365,19,1.9,Dengue,75,4,56.06,20.64,modéré,33.6,54.3,2847.1,False,0.84,0.95,0.06,5.2,56.7
10,Centre Hospitalier Régional de Tambacounda,Tambacounda,Tambacounda,284,397,2024-06-20,85,69,104,21,180,390,23,0.63,Grippe,72,6,56.04,3.67,modéré,27.0,45.6,1385.4,False,0.45,0.44,0.14,29.5,13.8
10,Centre Hospitalier Régional de Tambacounda,Tambacounda,Tambacounda,284,397,2024-06-21,19,12,68,23,216,375,30,1.73,Choléra,53,1,91.16,21.87,modéré,22.8,78.0,4658.9,False,0.61,0.6,0.03,115.4,10.5
10,Centre Hospitalier Régional de Tambacounda,Tambacounda,Tambacounda,284,397,2024-06-22,77,16,114,8,170,361,26,2.75,Covid-19,71,8,94.18,8.35,modéré,23.8,60.4,2425.0,False,0.98,0.96,0.19,17.4,21.0
10,Centre Hospitalier Régional de Tambacounda,Tambacounda,Tambacounda,284,397,2024-06-23,22,41,279,20,5,364,7,3.37,Dengue,41,5,52.98,12.03,modéré,25.2,88.5,496.3,False,0.32,0.48,0.17,114.5,14.7
10,Centre Hospitalier Régional de Tambacounda,Tambacounda,Tambacounda,284,397,2024-06-24,26,82,225,8,59,371,6,1.09,Paludisme,109,10,81.15,24.42,élevé,36.9,87.6,1900.1,True,0.9,0.54,0.09,63.3,52.5
10,Centre Hospitalier Régional de Tambacounda,Tambacounda,Tambacounda,284,397,2024-06-25,89,39,58,25,226,364,2,2.83,Paludisme,5,9,91.72,14.81,faible,23.4,86.9,192.8,False,0.59,0.5,0.05,61.6,40.9
10,Centre Hospitalier Régional de Tambacounda,Tambacounda,Tambacounda,284,397,2024-06-26,76,5,97,24,187,354,1,2.77,Choléra,85,6,49.81,3.41,élevé,37.8,51.4,4406.8,True,0.32,0.84,0.08,115.2,11.9
10,Centre Hospitalier Régional de Tambacounda,Tambacounda,Tambacounda,284,397,2024-06-27,89,72,143,18,141,381,21,2.41,Covid-19,116,10,41.56,28.56,élevé,28.0,45.3,2777.6,True,0.78,0.4,0.12,106.1,27.3
10,Centre Hospitalier Régional de Tambacounda,Tambacounda,Tambacounda,284,397,2024-06-28,11,74,273,20,11,395,9,0.35,Choléra,61,4,46.42,19.8,modéré,25.6,80.2,4326.9,False,0.7,0.93,0.08,116.4,39.7
10,Centre Hospitalier Régional de Tambacounda,Tambacounda,Tambacounda,284,397,2024-06-29,57,12,253,16,31,358,27,0.95,Choléra,5,8,81.18,8.87,faible,27.9,83.9,1033.6,False,0.68,0.81,0.01,124.8,55.6
10,Centre Hospitalier Régional de Tambacounda,Tambacounda,Tambacounda,284,397,2024-06-30,47,44,154,22,130,357,48,3.02,Dengue,23,5,51.83,14.95,faible,35.8,75.4,678.9,False,0.75,0.75,0.1,13.4,58.3
10,Centre Hospitalier Régional de Tambacounda,Tambacounda,Tambacounda,284,397,2024-07-01,63,87,49,25,235,350,5,2.32,Covid-19,57,0,35.32,18.84,modéré,28.1,53.8,1079.1,False,0.54,0.66,0.12,6.7,32.7
10,Centre Hospitalier Régional de Tambacounda,Tambacounda,Tambacounda,284,397,2024-07-02,88,88,228,21,56,393,40,0.54,Covid-19,47,2,68.26,27.85,modéré,24.1,74.4,4991.8,False,0.78,0.41,0.18,128.8,35.7
10,Centre Hospitalier Régional de Tambacounda,Tambacounda,Tambacounda,284,397,2024-07-03,33,30,157,19,127,354,39,3.76,Grippe,101,7,63.24,26.75,élevé,27.4,72.1,178.6,True,0.23,0.59,0.09,129.5,58.3
10,Centre Hospitalier Régional de Tambacounda,Tambacounda,Tambacounda,284,397,2024-07-04,37,11,116,20,168,370,21,0.43,Paludisme,21,4,62.38,10.24,faible,29.8,83.0,4657.7,False,0.82,0.96,0.09,23.7,32.3
10,Centre Hospitalier Régional de Tambacounda,Tambacounda,Tambacounda,284,397,2024-07-05,29,38,253,3,31,367,27,2.81,Paludisme,77,0,52.88,20.36,modéré,28.3,50.4,780.6,False,0.94,0.48,0.14,144.2,16.4
10,Centre Hospitalier Régional de Tambacounda,Tambacounda,Tambacounda,284,397,2024-07-06,77,11,235,7,49,371,15,1.24,Grippe,95,0,73.31,5.23,élevé,35.6,76.8,4758.3,True,0.21,0.54,0.17,113.6,43.6
10,Centre Hospitalier Régional de Tambacounda,Tambacounda,Tambacounda,284,397,2024-07-07,65,80,219,2,65,385,56,1.89,Dengue,41,8,82.59,9.43,modéré,35.1,69.4,985.8,False,0.42,0.86,0.12,13.9,16.1
10,Centre Hospitalier Régional de Tambacounda,Tambacounda,Tambacounda,284,397,2024-07-08,52,7,195,20,89,395,4,2.45,Paludisme,43,5,32.11,5.41,modéré,35.3,73.3,996.7,False,0.87,0.83,0.13,138.5,29.6
10,Centre Hospitalier Régional de Tambacounda,Tambacounda,Tambacounda,284,397,2024-07-09,62,54,55,1,229,397,39,0.88,Paludisme,43,6,90.91,2.6,modéré,26.7,55.7,517.2,False,0.9,0.77,0.1,118.3,28.7
10,Centre Hospitalier Régional de Tambacounda,Tambacounda,Tambacounda,284,397,2024-07-10,60,50,142,24,142,355,13,1.77,Paludisme,82,3,90.97,4.21,élevé,34.4,57.1,2217.1,True,0.93,0.65,0.05,142.2,20.7
10,Centre Hospitalier Régional de Tambacounda,Tambacounda,Tambacounda,284,397,2024-07-11,44,20,41,20,243,360,14,0.83,Choléra,104,2,70.56,29.48,élevé,33.6,77.4,311.5,True,0.71,0.55,0.14,66.2,48.6
10,Centre Hospitalier Régional de Tambacounda,Tambacounda,Tambacounda,284,397,2024-07-12,30,82,142,1,142,348,36,3.13,Choléra,116,3,91.14,1.86,élevé,27.3,76.8,1930.5,True,0.82,0.61,0.04,175.9,52.8
10,Centre Hospitalier Régional de Tambacounda,Tambacounda,Tambacounda,284,397,2024-07-13,13,77,173,22,111,360,37,2.95,Covid-19,60,8,88.86,10.31,modéré,37.8,41.7,756.8,False,0.89,0.52,0.06,165.8,37.2
10,Centre Hospitalier Régional de Tambacounda,Tambacounda,Tambacounda,284,397,2024-07-14,61,11,89,25,195,369,19,2.62,Dengue,6,9,44.07,10.51,faible,35.8,71.9,2869.8,False,0.37,0.34,0.14,146.4,37.1
10,Centre Hospitalier Régional de Tambacounda,Tambacounda,Tambacounda,284,397,2024-07-15,60,35,162,6,122,372,52,1.81,Paludisme,60,3,52.64,8.33,modéré,25.3,54.0,595.2,False,0.22,0.4,0.04,5.5,20.7
10,Centre Hospitalier Régional de Tambacounda,Tambacounda,Tambacounda,284,397,2024-07-16,78,45,162,22,122,351,21,2.78,Paludisme,98,7,48.51,13.81,élevé,38.1,43.7,2846.4,True,0.41,0.94,0.16,121.7,19.3
10,Centre Hospitalier Régional de Tambacounda,Tambacounda,Tambacounda,284,397,2024-07-17,60,5,132,16,152,374,40,1.18,Covid-19,103,8,89.96,15.81,élevé,26.2,60.8,726.0,True,0.23,0.6,0.2,24.3,5.0
10,Centre Hospitalier Régional de Tambacounda,Tambacounda,Tambacounda,284,397,2024-07-18,100,6,126,16,158,362,48,1.78,Grippe,8,5,34.61,29.82,faible,38.2,59.6,998.0,False,0.27,0.8,0.01,176.1,27.2
10,Centre Hospitalier Régional de Tambacounda,Tambacounda,Tambacounda,284,397,2024-07-19,19,45,95,16,189,347,50,0.58,Paludisme,22,2,66.33,29.86,faible,28.8,87.6,1071.6,False,0.92,0.32,0.16,104.7,41.5
10,Centre Hospitalier Régional de Tambacounda,Tambacounda,Tambacounda,284,397,2024-07-20,32,20,277,6,7,368,53,3.23,Choléra,110,4,86.03,21.59,élevé,35.7,58.9,2283.0,True,0.88,0.4,0.14,37.3,16.6
10,Centre Hospitalier Régional de Tambacounda,Tambacounda,Tambacounda,284,397,2024-07-21,67,27,156,24,128,361,60,3.48,Covid-19,101,6,35.21,11.2,élevé,31.4,75.7,3665.7,True,0.4,0.78,0.04,57.0,21.4
10,Centre Hospitalier Régional de Tambacounda,Tambacounda,Tambacounda,284,397,2024-07-22,94,31,239,15,45,382,33,0.24,Choléra,79,9,69.99,27.32,modéré,36.1,64.5,4920.0,False,0.21,0.88,0.09,109.2,21.8
10,Centre Hospitalier Régional de Tambacounda,Tambacounda,Tambacounda,284,397,2024-07-23,27,63,215,25,69,371,32,3.19,Grippe,103,10,85.16,27.39,élevé,29.4,75.9,1582.5,True,0.99,0.7,0.2,49.4,15.4
10,Centre Hospitalier Régional de Tambacounda,Tambacounda,Tambacounda,284,397,2024-07-24,94,59,100,15,184,380,30,2.96,Covid-19,16,7,89.84,13.82,faible,22.7,60.9,3958.1,False,0.41,0.35,0.17,52.0,50.1
10,Centre Hospitalier Régional de Tambacounda,Tambacounda,Tambacounda,284,397,2024-07-25,80,36,199,4,85,393,5,2.41,Covid-19,18,9,56.01,7.32,faible,36.3,63.6,950.8,False,0.53,0.46,0.09,131.2,35.5
10,Centre Hospitalier Régional de Tambacounda,Tambacounda,Tambacounda,284,397,2024-07-26,43,21,187,11,97,349,55,3.13,Covid-19,93,1,49.16,25.06,élevé,37.6,81.4,2210.0,True,0.55,0.6,0.04,22.0,35.1
10,Centre Hospitalier Régional de Tambacounda,Tambacounda,Tambacounda,284,397,2024-07-27,96,60,132,9,152,384,28,3.41,Grippe,93,4,44.74,1.14,élevé,37.7,71.7,3374.8,True,0.34,0.97,0.06,21.8,27.6
10,Centre Hospitalier Régional de Tambacounda,Tambacounda,Tambacounda,284,397,2024-07-28,40,85,42,15,242,384,24,1.63,Covid-19,11,0,34.67,28.96,faible,23.5,64.3,4452.5,False,0.59,0.31,0.09,70.1,7.3
10,Centre Hospitalier Régional de Tambacounda,Tambacounda,Tambacounda,284,397,2024-07-29,39,11,235,21,49,391,7,0.25,Grippe,39,4,73.74,8.35,modéré,32.3,83.7,4657.2,False,0.88,0.31,0.12,62.1,44.1
10,Centre Hospitalier Régional de Tambacounda,Tambacounda,Tambacounda,284,397,2024-07-30,74,9,184,7,100,349,8,2.59,Choléra,110,5,63.69,20.64,élevé,23.1,74.7,1088.1,True,0.25,0.74,0.17,109.3,17.6
10,Centre Hospitalier Régional de Tambacounda,Tambacounda,Tambacounda,284,397,2024-07-31,37,88,177,9,107,349,38,0.22,Paludisme,41,8,39.12,26.07,modéré,30.2,83.2,3021.4,False,0.42,0.38,0.09,56.3,34.2
10,Centre Hospitalier Régional de Tambacounda,Tambacounda,Tambacounda,284,397,2024-08-01,11,10,156,10,128,347,37,2.98,Covid-19,91,7,35.85,17.53,élevé,38.6,65.5,534.7,True,0.75,0.54,0.04,110.6,34.0
10,Centre Hospitalier Régional de Tambacounda,Tambacounda,Tambacounda,284,397,2024-08-02,32,83,219,25,65,357,58,1.03,Choléra,7,1,82.47,29.45,faible,31.6,89.6,4341.3,False,0.36,0.41,0.02,132.4,5.8
10,Centre Hospitalier Régional de Tambacounda,Tambacounda,Tambacounda,284,397,2024-08-03,64,20,206,10,78,364,6,2.0,Choléra,46,9,35.05,15.78,modéré,33.8,51.3,2776.5,False,0.51,0.87,0.02,31.0,7.7
10,Centre Hospitalier Régional de Tambacounda,Tambacounda,Tambacounda,284,397,2024-08-04,46,15,258,1,26,371,44,2.36,Covid-19,18,2,88.78,21.89,faible,34.4,80.6,1653.1,False,0.78,0.54,0.06,54.9,43.9
10,Centre Hospitalier Régional de Tambacounda,Tambacounda,Tambacounda,284,397,2024-08-05,87,17,117,4,167,354,5,2.83,Grippe,118,4,81.1,9.94,élevé,37.3,70.0,4539.5,True,0.92,0.83,0.11,158.5,57.6
10,Centre Hospitalier Régional de Tambacounda,Tambacounda,Tambacounda,284,397,2024-08-06,80,68,108,6,176,363,15,0.53,Grippe,67,8,84.2,5.08,modéré,31.6,85.1,3259.4,False,0.65,0.8,0.06,55.7,15.4
10,Centre Hospitalier Régional de Tambacounda,Tambacounda,Tambacounda,284,397,2024-08-07,16,28,162,2,122,372,27,3.52,Paludisme,106,6,50.02,13.55,élevé,27.6,77.8,2378.5,True,0.63,0.94,0.01,44.8,45.6
10,Centre Hospitalier Régional de Tambacounda,Tambacounda,Tambacounda,284,397,2024-08-08,99,64,124,22,160,373,8,2.02,Dengue,71,10,89.83,10.56,modéré,32.6,53.4,907.0,False,0.37,0.58,0.1,93.3,17.0
10,Centre Hospitalier Régional de Tambacounda,Tambacounda,Tambacounda,284,397,2024-08-09,33,7,277,2,7,369,48,1.27,Grippe,38,5,73.14,14.92,modéré,24.2,77.4,2003.3,False,0.53,0.82,0.14,19.6,5.4
10,Centre Hospitalier Régional de Tambacounda,Tambacounda,Tambacounda,284,397,2024-08-10,36,59,121,25,163,377,36,3.25,Choléra,23,2,77.19,17.38,faible,24.4,62.1,2007.0,False,0.33,0.73,0.17,103.6,55.2
10,Centre Hospitalier Régional de Tambacounda,Tambacounda,Tambacounda,284,397,2024-08-11,71,73,246,4,38,358,34,0.47,Choléra,94,2,35.68,24.98,élevé,30.6,72.9,4314.5,True,0.71,0.44,0.07,17.2,41.7
10,Centre Hospitalier Régional de Tambacounda,Tambacounda,Tambacounda,284,397,2024-08-12,50,61,80,9,204,369,21,3.73,Covid-19,11,8,59.87,7.38,faible,27.5,54.8,3802.8,False,0.66,0.35,0.11,94.6,53.3
10,Centre Hospitalier Régional de Tambacounda,Tambacounda,Tambacounda,284,397,2024-08-13,56,66,106,0,178,349,42,3.14,Grippe,57,4,55.95,10.22,modéré,36.9,48.1,489.2,False,0.35,0.39,0.06,110.5,26.4
10,Centre Hospitalier Régional de Tambacounda,Tambacounda,Tambacounda,284,397,2024-08-14,88,79,82,3,202,368,24,3.2,Covid-19,22,10,47.89,6.85,faible,38.1,59.5,2462.3,False,0.85,0.71,0.05,9.5,14.8
10,Centre Hospitalier Régional de Tambacounda,Tambacounda,Tambacounda,284,397,2024-08-15,91,61,185,6,99,375,22,1.44,Dengue,105,1,41.24,26.4,élevé,31.2,88.4,1281.4,True,0.71,0.91,0.09,26.9,49.5
10,Centre Hospitalier Régional de Tambacounda,Tambacounda,Tambacounda,284,397,2024-08-16,17,33,228,6,56,381,25,3.62,Dengue,47,2,33.11,15.4,modéré,22.2,88.4,3689.1,False,0.81,0.36,0.09,59.4,30.9
10,Centre Hospitalier Régional de Tambacounda,Tambacounda,Tambacounda,284,397,2024-08-17,90,12,125,23,159,371,11,0.27,Grippe,52,0,69.42,16.15,modéré,36.2,74.3,3125.1,False,0.91,0.84,0.08,145.0,38.8
10,Centre Hospitalier Régional de Tambacounda,Tambacounda,Tambacounda,284,397,2024-08-18,63,60,208,23,76,393,60,2.33,Paludisme,113,9,56.58,12.14,élevé,34.6,65.8,662.4,True,0.27,0.87,0.06,6.2,54.5
10,Centre Hospitalier Régional de Tambacounda,Tambacounda,Tambacounda,284,397,2024-08-19,71,61,157,18,127,365,36,3.33,Paludisme,40,2,58.75,4.83,modéré,24.2,85.3,3872.4,False,0.6,0.39,0.08,179.9,20.2
10,Centre Hospitalier Régional de Tambacounda,Tambacounda,Tambacounda,284,397,2024-08-20,41,28,49,3,235,391,28,3.91,Covid-19,56,0,88.6,28.35,modéré,24.0,43.7,2605.4,False,0.29,0.64,0.14,18.3,12.9
10,Centre Hospitalier Régional de Tambacounda,Tambacounda,Tambacounda,284,397,2024-08-21,27,29,95,9,189,386,24,2.76,Grippe,28,9,70.04,16.07,faible,32.3,64.3,1508.7,False,0.25,0.45,0.08,103.7,46.3
10,Centre Hospitalier Régional de Tambacounda,Tambacounda,Tambacounda,284,397,2024-08-22,25,11,161,0,123,393,8,1.01,Paludisme,33,2,89.34,25.0,modéré,34.3,70.2,3873.2,False,0.51,0.96,0.0,85.3,59.2
10,Centre Hospitalier Régional de Tambacounda,Tambacounda,Tambacounda,284,397,2024-08-23,75,29,129,8,155,375,53,1.36,Grippe,81,8,36.76,12.14,élevé,38.9,69.3,1708.3,True,0.88,0.49,0.1,59.2,3.8
10,Centre Hospitalier Régional de Tambacounda,Tambacounda,Tambacounda,284,397,2024-08-24,98,81,218,19,66,381,43,2.26,Paludisme,7,0,78.63,5.4,faible,26.8,64.0,3579.2,False,0.3,0.87,0.07,139.8,25.1
10,Centre Hospitalier Régional de Tambacounda,Tambacounda,Tambacounda,284,397,2024-08-25,43,20,38,5,246,362,36,1.0,Covid-19,76,5,37.07,4.13,modéré,35.0,47.9,1384.2,False,0.83,0.91,0.13,125.7,15.2
10,Centre Hospitalier Régional de Tambacounda,Tambacounda,Tambacounda,284,397,2024-08-26,65,72,149,25,135,390,10,1.79,Grippe,112,1,30.22,4.7,élevé,37.6,82.0,166.1,True,0.6,0.71,0.05,48.7,18.4
10,Centre Hospitalier Régional de Tambacounda,Tambacounda,Tambacounda,284,397,2024-08-27,62,28,181,13,103,362,5,1.55,Paludisme,40,8,63.92,8.78,modéré,31.3,78.0,567.4,False,0.75,0.38,0.07,32.9,44.2
10,Centre Hospitalier Régional de Tambacounda,Tambacounda,Tambacounda,284,397,2024-08-28,35,46,78,17,206,393,5,1.39,Paludisme,38,2,78.21,15.95,modéré,24.2,87.5,2978.7,False,0.25,0.8,0.12,82.6,51.7
10,Centre Hospitalier Régional de Tambacounda,Tambacounda,Tambacounda,284,397,2024-08-29,71,36,101,20,183,379,56,0.13,Choléra,83,4,63.47,19.98,élevé,30.2,46.6,1073.0,True,0.43,0.64,0.12,103.5,25.8
10,Centre Hospitalier Régional de Tambacounda,Tambacounda,Tambacounda,284,397,2024-08-30,94,49,243,0,41,379,34,1.82,Dengue,51,2,51.21,25.99,modéré,30.9,64.5,1109.2,False,0.52,0.55,0.14,88.8,24.4
10,Centre Hospitalier Régional de Tambacounda,Tambacounda,Tambacounda,284,397,2024-08-31,21,30,51,13,233,367,8,1.43,Covid-19,9,1,92.61,15.04,faible,23.1,79.3,4894.6,False,0.28,0.7,0.05,173.8,59.3
10,Centre Hospitalier Régional de Tambacounda,Tambacounda,Tambacounda,284,397,2024-09-01,54,10,278,25,6,362,40,1.63,Dengue,7,5,34.21,4.14,faible,32.8,47.9,2962.7,False,0.24,0.31,0.04,150.2,9.0
10,Centre Hospitalier Régional de Tambacounda,Tambacounda,Tambacounda,284,397,2024-09-02,45,87,44,0,240,353,48,3.09,Choléra,49,10,70.99,22.08,modéré,30.6,57.8,3035.0,False,0.58,0.31,0.14,65.7,38.7
10,Centre Hospitalier Régional de Tambacounda,Tambacounda,Tambacounda,284,397,2024-09-03,33,19,135,25,149,390,22,3.25,Dengue,36,0,63.28,28.96,modéré,27.4,58.0,1092.8,False,0.88,0.57,0.14,78.0,20.0
10,Centre Hospitalier Régional de Tambacounda,Tambacounda,Tambacounda,284,397,2024-09-04,41,20,207,22,77,369,28,3.37,Covid-19,90,9,52.73,12.83,élevé,24.1,61.9,1329.5,True,0.28,0.88,0.11,132.3,58.3
10,Centre Hospitalier Régional de Tambacounda,Tambacounda,Tambacounda,284,397,2024-09-05,54,12,117,23,167,377,5,2.91,Grippe,48,0,52.27,13.82,modéré,30.5,57.2,4782.3,False,0.42,0.95,0.15,87.8,30.5
10,Centre Hospitalier Régional de Tambacounda,Tambacounda,Tambacounda,284,397,2024-09-06,43,28,241,9,43,386,34,3.2,Paludisme,22,7,52.92,9.46,faible,22.8,78.8,3707.7,False,0.22,0.96,0.15,73.6,47.5
10,Centre Hospitalier Régional de Tambacounda,Tambacounda,Tambacounda,284,397,2024-09-07,26,32,25,2,259,377,51,3.96,Covid-19,80,3,83.48,13.44,élevé,23.9,84.3,239.6,False,0.21,0.32,0.01,47.7,22.9
10,Centre Hospitalier Régional de Tambacounda,Tambacounda,Tambacounda,284,397,2024-09-08,43,75,90,5,194,388,34,2.5,Choléra,77,2,47.02,19.14,modéré,30.3,61.4,2401.4,False,0.63,0.64,0.07,20.4,24.2
10,Centre Hospitalier Régional de Tambacounda,Tambacounda,Tambacounda,284,397,2024-09-09,65,73,193,21,91,351,57,1.3,Dengue,110,8,57.78,12.01,élevé,37.3,54.5,4728.1,True,0.67,1.0,0.16,142.8,40.6
10,Centre Hospitalier Régional de Tambacounda,Tambacounda,Tambacounda,284,397,2024-09-10,75,89,153,6,131,385,0,1.25,Choléra,10,4,59.07,5.34,faible,38.7,75.3,4189.5,False,0.87,0.83,0.09,41.7,19.8
10,Centre Hospitalier Régional de Tambacounda,Tambacounda,Tambacounda,284,397,2024-09-11,44,32,108,10,176,364,4,2.31,Grippe,97,2,35.77,12.24,élevé,38.0,43.5,4235.8,True,0.84,0.47,0.04,60.2,26.2
10,Centre Hospitalier Régional de Tambacounda,Tambacounda,Tambacounda,284,397,2024-09-12,92,63,98,25,186,391,15,3.32,Dengue,94,2,48.74,2.37,élevé,22.4,76.4,2355.4,True,0.93,0.95,0.09,133.5,16.0
10,Centre Hospitalier Régional de Tambacounda,Tambacounda,Tambacounda,284,397,2024-09-13,83,53,225,17,59,356,4,0.27,Dengue,100,7,76.52,25.42,élevé,34.2,68.6,2878.6,True,0.35,0.68,0.16,68.1,28.5
10,Centre Hospitalier Régional de Tambacounda,Tambacounda,Tambacounda,284,397,2024-09-14,72,70,259,22,25,362,20,0.94,Dengue,15,6,82.03,2.22,faible,33.8,66.6,3723.8,False,0.33,0.47,0.06,67.0,8.3
10,Centre Hospitalier Régional de Tambacounda,Tambacounda,Tambacounda,284,397,2024-09-15,50,13,43,6,241,354,11,3.67,Grippe,68,0,41.16,10.79,modéré,25.0,47.8,2447.4,False,0.5,0.37,0.03,69.5,48.2
10,Centre Hospitalier Régional de Tambacounda,Tambacounda,Tambacounda,284,397,2024-09-16,93,51,125,11,159,352,34,0.95,Grippe,74,5,80.63,12.67,modéré,28.2,80.4,169.4,False,0.93,0.44,0.05,116.9,3.6
10,Centre Hospitalier Régional de Tambacounda,Tambacounda,Tambacounda,284,397,2024-09-17,90,79,188,5,96,354,9,1.24,Grippe,98,6,37.98,14.36,élevé,30.8,57.1,776.6,True,0.45,0.68,0.07,122.8,24.1
10,Centre Hospitalier Régional de Tambacounda,Tambacounda,Tambacounda,284,397,2024-09-18,54,60,193,15,91,348,51,3.9,Choléra,82,7,51.93,11.9,élevé,27.8,49.5,1826.6,True,0.39,0.32,0.16,98.6,15.1
10,Centre Hospitalier Régional de Tambacounda,Tambacounda,Tambacounda,284,397,2024-09-19,21,45,279,2,5,374,15,0.55,Covid-19,86,1,59.88,29.79,élevé,35.0,89.6,4622.5,True,0.69,0.85,0.11,77.8,34.4
10,Centre Hospitalier Régional de Tambacounda,Tambacounda,Tambacounda,284,397,2024-09-20,84,52,139,11,145,351,17,2.22,Choléra,1,4,72.66,7.72,faible,28.2,63.2,4923.0,False,0.57,0.47,0.09,132.1,31.5
10,Centre Hospitalier Régional de Tambacounda,Tambacounda,Tambacounda,284,397,2024-09-21,51,61,133,19,151,362,43,3.89,Dengue,19,3,33.0,3.57,faible,31.9,77.5,4969.5,False,0.4,0.75,0.15,124.6,37.8
10,Centre Hospitalier Régional de Tambacounda,Tambacounda,Tambacounda,284,397,2024-09-22,89,47,84,21,200,372,27,1.89,Grippe,54,6,73.58,11.46,modéré,29.8,67.2,2257.1,False,0.77,0.46,0.19,18.6,35.3
10,Centre Hospitalier Régional de Tambacounda,Tambacounda,Tambacounda,284,397,2024-09-23,49,38,231,21,53,369,43,1.5,Grippe,71,4,81.11,28.47,modéré,28.8,88.5,401.6,False,0.84,0.81,0.05,129.0,17.0
10,Centre Hospitalier Régional de Tambacounda,Tambacounda,Tambacounda,284,397,2024-09-24,35,11,89,10,195,361,52,0.9,Grippe,107,2,33.18,17.05,élevé,33.8,42.5,1778.8,True,0.28,0.86,0.12,80.9,26.4
10,Centre Hospitalier Régional de Tambacounda,Tambacounda,Tambacounda,284,397,2024-09-25,68,40,198,21,86,380,6,0.7,Paludisme,27,3,33.62,2.75,faible,29.1,77.1,4203.0,False,0.21,0.57,0.11,95.9,22.1
10,Centre Hospitalier Régional de Tambacounda,Tambacounda,Tambacounda,284,397,2024-09-26,39,69,26,12,258,363,2,1.73,Choléra,22,10,91.74,21.45,faible,38.0,75.9,519.2,False,0.99,0.91,0.1,18.9,57.7
10,Centre Hospitalier Régional de Tambacounda,Tambacounda,Tambacounda,284,397,2024-09-27,94,36,282,2,2,353,8,3.41,Covid-19,94,2,91.7,18.63,élevé,35.9,79.7,3182.0,True,0.99,0.37,0.05,32.2,43.3
10,Centre Hospitalier Régional de Tambacounda,Tambacounda,Tambacounda,284,397,2024-09-28,67,78,152,1,132,355,55,0.34,Covid-19,59,5,49.27,22.18,modéré,22.8,51.6,277.5,False,0.81,0.75,0.11,162.4,55.6
10,Centre Hospitalier Régional de Tambacounda,Tambacounda,Tambacounda,284,397,2024-09-29,61,87,250,7,34,358,43,3.01,Dengue,6,7,32.05,20.66,faible,23.2,64.6,4406.3,False,0.21,0.72,0.1,139.7,29.0
10,Centre Hospitalier Régional de Tambacounda,Tambacounda,Tambacounda,284,397,2024-09-30,94,48,113,2,171,394,24,0.32,Choléra,32,4,69.38,7.7,modéré,35.1,88.8,669.3,False,0.63,0.4,0.19,32.2,11.8
10,Centre Hospitalier Régional de Tambacounda,Tambacounda,Tambacounda,284,397,2024-10-01,96,49,63,17,221,380,12,2.68,Dengue,50,5,75.58,16.77,modéré,35.0,74.6,2896.6,False,0.28,0.48,0.2,48.2,32.5
10,Centre Hospitalier Régional de Tambacounda,Tambacounda,Tambacounda,284,397,2024-10-02,70,21,60,13,224,386,50,0.35,Choléra,3,7,58.75,1.69,faible,31.0,87.4,2285.8,False,0.72,0.99,0.16,8.0,52.0
10,Centre Hospitalier Régional de Tambacounda,Tambacounda,Tambacounda,284,397,2024-10-03,35,25,92,24,192,389,43,2.38,Dengue,108,0,60.73,28.9,élevé,24.8,52.7,3306.3,True,0.8,0.6,0.1,63.2,8.2
10,Centre Hospitalier Régional de Tambacounda,Tambacounda,Tambacounda,284,397,2024-10-04,45,74,75,0,209,354,32,1.13,Grippe,112,4,49.22,14.08,élevé,33.8,89.2,953.3,True,0.85,0.92,0.08,69.9,45.2
10,Centre Hospitalier Régional de Tambacounda,Tambacounda,Tambacounda,284,397,2024-10-05,67,75,255,3,29,377,48,0.87,Dengue,34,1,61.12,9.43,modéré,30.8,79.0,565.5,False,0.81,0.7,0.07,116.6,19.7
10,Centre Hospitalier Régional de Tambacounda,Tambacounda,Tambacounda,284,397,2024-10-06,87,36,196,25,88,354,25,0.21,Grippe,82,6,52.99,8.8,élevé,33.5,86.4,3251.3,True,0.96,0.34,0.16,118.3,15.9
10,Centre Hospitalier Régional de Tambacounda,Tambacounda,Tambacounda,284,397,2024-10-07,54,64,37,19,247,397,5,0.88,Paludisme,117,9,85.9,24.35,élevé,26.1,53.6,3617.5,True,0.72,0.88,0.07,163.7,28.6
10,Centre Hospitalier Régional de Tambacounda,Tambacounda,Tambacounda,284,397,2024-10-08,64,21,117,19,167,354,54,2.76,Covid-19,108,9,33.97,20.23,élevé,37.4,65.7,201.2,True,0.98,0.95,0.11,5.2,27.0
10,Centre Hospitalier Régional de Tambacounda,Tambacounda,Tambacounda,284,397,2024-10-09,24,17,46,8,238,387,36,0.97,Choléra,99,5,45.42,18.99,élevé,25.5,49.3,2951.7,True,0.83,0.34,0.15,141.0,25.2
10,Centre Hospitalier Régional de Tambacounda,Tambacounda,Tambacounda,284,397,2024-10-10,13,28,241,9,43,374,39,3.09,Paludisme,90,10,93.37,16.54,élevé,32.0,68.5,4797.5,True,0.66,0.96,0.05,134.5,21.0
10,Centre Hospitalier Régional de Tambacounda,Tambacounda,Tambacounda,284,397,2024-10-11,85,10,87,2,197,368,45,2.29,Dengue,103,10,36.16,28.31,élevé,33.8,41.5,4003.2,True,0.35,0.32,0.16,154.0,12.4
10,Centre Hospitalier Régional de Tambacounda,Tambacounda,Tambacounda,284,397,2024-10-12,75,51,217,1,67,352,16,0.71,Choléra,105,7,48.41,20.89,élevé,37.5,64.3,3761.8,True,0.3,0.87,0.09,25.1,11.4
10,Centre Hospitalier Régional de Tambacounda,Tambacounda,Tambacounda,284,397,2024-10-13,22,14,97,2,187,359,47,0.64,Choléra,100,8,49.62,1.73,élevé,25.7,47.2,2438.1,True,0.75,0.74,0.08,85.2,45.2
10,Centre Hospitalier Régional de Tambacounda,Tambacounda,Tambacounda,284,397,2024-10-14,17,83,148,22,136,370,7,3.41,Choléra,97,8,73.13,6.46,élevé,25.8,87.1,2528.0,True,0.44,0.58,0.16,15.6,42.5
10,Centre Hospitalier Régional de Tambacounda,Tambacounda,Tambacounda,284,397,2024-10-15,51,45,182,2,102,361,56,2.6,Grippe,50,10,43.63,17.15,modéré,30.0,67.1,4620.4,False,0.87,0.62,0.08,95.0,9.5
10,Centre Hospitalier Régional de Tambacounda,Tambacounda,Tambacounda,284,397,2024-10-16,86,20,132,15,152,356,17,1.85,Choléra,101,9,94.46,17.77,élevé,34.5,69.9,2136.3,True,0.56,0.53,0.01,133.1,27.0
10,Centre Hospitalier Régional de Tambacounda,Tambacounda,Tambacounda,284,397,2024-10-17,11,46,127,19,157,396,35,0.53,Covid-19,98,9,73.6,3.01,élevé,30.9,57.3,3625.6,True,0.95,0.52,0.07,105.4,38.7
10,Centre Hospitalier Régional de Tambacounda,Tambacounda,Tambacounda,284,397,2024-10-18,89,37,150,23,134,375,23,3.65,Dengue,55,8,51.48,27.07,modéré,28.2,56.8,128.3,False,0.4,0.91,0.13,68.2,27.6
10,Centre Hospitalier Régional de Tambacounda,Tambacounda,Tambacounda,284,397,2024-10-19,71,18,185,21,99,358,43,0.3,Grippe,82,3,81.03,24.38,élevé,36.9,78.6,4186.0,True,0.24,0.84,0.05,130.6,13.3
10,Centre Hospitalier Régional de Tambacounda,Tambacounda,Tambacounda,284,397,2024-10-20,83,21,209,12,75,364,11,1.87,Paludisme,30,3,93.57,5.19,modéré,36.6,67.2,1009.3,False,0.57,0.94,0.08,167.1,14.1
10,Centre Hospitalier Régional de Tambacounda,Tambacounda,Tambacounda,284,397,2024-10-21,29,22,224,1,60,374,28,1.56,Choléra,18,5,35.33,18.72,faible,33.6,60.1,3375.6,False,0.87,0.65,0.06,107.7,23.5
10,Centre Hospitalier Régional de Tambacounda,Tambacounda,Tambacounda,284,397,2024-10-22,62,80,143,21,141,355,47,0.14,Covid-19,22,2,41.84,1.6,faible,38.5,44.7,3820.1,False,0.38,0.4,0.09,140.0,10.2
10,Centre Hospitalier Régional de Tambacounda,Tambacounda,Tambacounda,284,397,2024-10-23,95,31,209,15,75,348,43,1.15,Grippe,68,1,47.24,7.91,modéré,23.0,85.6,2213.5,False,0.57,0.51,0.09,131.7,39.4
10,Centre Hospitalier Régional de Tambacounda,Tambacounda,Tambacounda,284,397,2024-10-24,55,61,154,24,130,385,23,0.18,Grippe,24,4,71.03,16.58,faible,38.0,64.4,2917.3,False,0.86,0.95,0.0,77.2,3.8
10,Centre Hospitalier Régional de Tambacounda,Tambacounda,Tambacounda,284,397,2024-10-25,28,31,248,17,36,379,59,0.59,Choléra,115,0,49.58,15.31,élevé,23.4,79.0,3032.0,True,0.67,0.7,0.05,40.3,53.4
10,Centre Hospitalier Régional de Tambacounda,Tambacounda,Tambacounda,284,397,2024-10-26,97,9,138,12,146,361,3,2.97,Covid-19,103,7,39.04,9.39,élevé,29.1,62.5,1557.0,True,0.77,0.9,0.09,20.1,11.5
10,Centre Hospitalier Régional de Tambacounda,Tambacounda,Tambacounda,284,397,2024-10-27,54,69,46,0,238,385,0,2.43,Paludisme,95,4,85.77,28.27,élevé,32.8,84.8,1213.9,True,0.24,0.33,0.05,179.9,35.2
10,Centre Hospitalier Régional de Tambacounda,Tambacounda,Tambacounda,284,397,2024-10-28,67,47,245,12,39,391,53,0.23,Choléra,65,7,82.11,13.13,modéré,25.0,68.5,795.3,False,0.72,0.64,0.12,113.5,54.5
10,Centre Hospitalier Régional de Tambacounda,Tambacounda,Tambacounda,284,397,2024-10-29,63,90,27,2,257,348,41,1.19,Dengue,86,8,38.47,15.58,élevé,24.3,52.7,1425.4,True,0.95,0.95,0.18,90.3,49.6
10,Centre Hospitalier Régional de Tambacounda,Tambacounda,Tambacounda,284,397,2024-10-30,49,62,136,12,148,358,40,3.5,Grippe,75,9,40.29,7.94,modéré,22.4,56.2,3197.6,False,1.0,0.85,0.08,138.5,30.0
10,Centre Hospitalier Régional de Tambacounda,Tambacounda,Tambacounda,284,397,2024-10-31,95,75,62,2,222,358,60,1.87,Paludisme,81,3,64.76,10.57,élevé,32.7,83.1,4350.5,True,0.61,0.99,0.02,90.2,57.0
10,Centre Hospitalier Régional de Tambacounda,Tambacounda,Tambacounda,284,397,2024-11-01,88,31,23,5,261,372,12,1.13,Dengue,13,10,75.19,16.56,faible,33.6,56.2,3129.1,False,0.91,0.5,0.03,118.4,44.9
10,Centre Hospitalier Régional de Tambacounda,Tambacounda,Tambacounda,284,397,2024-11-02,43,88,254,18,30,356,42,1.26,Dengue,102,2,38.48,8.92,élevé,34.9,42.0,1030.4,True,0.97,0.51,0.04,37.0,40.0
10,Centre Hospitalier Régional de Tambacounda,Tambacounda,Tambacounda,284,397,2024-11-03,77,87,98,20,186,359,29,0.89,Covid-19,20,5,59.42,17.47,faible,28.7,56.0,3439.2,False,0.67,0.48,0.06,5.6,19.2
10,Centre Hospitalier Régional de Tambacounda,Tambacounda,Tambacounda,284,397,2024-11-04,11,39,163,12,121,365,13,3.22,Grippe,8,4,34.4,10.8,faible,23.8,59.0,1103.8,False,0.93,0.38,0.14,161.4,43.5
10,Centre Hospitalier Régional de Tambacounda,Tambacounda,Tambacounda,284,397,2024-11-05,41,63,204,14,80,396,2,1.86,Covid-19,25,6,64.94,14.86,faible,37.5,59.6,1201.0,False,0.72,0.8,0.02,100.2,12.8
10,Centre Hospitalier Régional de Tambacounda,Tambacounda,Tambacounda,284,397,2024-11-06,65,47,260,10,24,355,37,2.99,Covid-19,54,4,45.23,3.97,modéré,22.2,54.1,1108.2,False,0.44,0.79,0.15,15.6,55.9
10,Centre Hospitalier Régional de Tambacounda,Tambacounda,Tambacounda,284,397,2024-11-07,74,59,41,25,243,387,39,2.39,Covid-19,70,6,94.02,19.91,modéré,38.5,63.0,2529.1,False,0.64,0.55,0.16,130.6,53.4
10,Centre Hospitalier Régional de Tambacounda,Tambacounda,Tambacounda,284,397,2024-11-08,20,79,85,14,199,363,4,2.49,Paludisme,80,3,33.43,23.86,élevé,22.9,64.9,4345.3,False,0.28,0.33,0.14,150.2,25.5
10,Centre Hospitalier Régional de Tambacounda,Tambacounda,Tambacounda,284,397,2024-11-09,42,33,164,1,120,352,45,1.15,Paludisme,59,1,66.54,14.88,modéré,25.6,75.2,4329.9,False,0.86,0.69,0.1,125.0,59.6
10,Centre Hospitalier Régional de Tambacounda,Tambacounda,Tambacounda,284,397,2024-11-10,75,58,145,0,139,376,8,1.05,Dengue,117,6,65.34,3.33,élevé,38.3,84.9,1256.5,True,0.48,0.61,0.02,110.7,8.0
10,Centre Hospitalier Régional de Tambacounda,Tambacounda,Tambacounda,284,397,2024-11-11,89,75,253,4,31,392,3,3.97,Dengue,0,10,62.5,22.91,faible,35.8,46.7,3565.5,False,0.41,0.82,0.01,25.1,3.7
10,Centre Hospitalier Régional de Tambacounda,Tambacounda,Tambacounda,284,397,2024-11-12,78,28,183,25,101,386,47,0.51,Covid-19,6,10,52.55,3.13,faible,37.3,62.9,3783.6,False,0.91,0.59,0.13,155.1,42.3
10,Centre Hospitalier Régional de Tambacounda,Tambacounda,Tambacounda,284,397,2024-11-13,74,28,220,12,64,373,57,0.85,Choléra,100,4,52.43,4.18,élevé,22.8,66.2,3038.6,True,0.97,0.36,0.13,52.7,54.8
10,Centre Hospitalier Régional de Tambacounda,Tambacounda,Tambacounda,284,397,2024-11-14,79,85,249,10,35,377,33,2.61,Grippe,103,7,37.0,16.16,élevé,24.8,56.0,988.9,True,0.97,0.34,0.2,159.7,20.6
10,Centre Hospitalier Régional de Tambacounda,Tambacounda,Tambacounda,284,397,2024-11-15,19,82,71,17,213,347,52,1.2,Paludisme,106,0,78.66,24.92,élevé,25.2,84.5,1974.4,True,0.43,0.35,0.15,115.6,53.4
10,Centre Hospitalier Régional de Tambacounda,Tambacounda,Tambacounda,284,397,2024-11-16,92,32,148,23,136,370,50,1.61,Covid-19,75,1,56.36,15.26,modéré,31.1,52.6,2735.3,False,0.72,0.5,0.09,56.9,44.9
10,Centre Hospitalier Régional de Tambacounda,Tambacounda,Tambacounda,284,397,2024-11-17,100,44,277,12,7,364,21,3.65,Grippe,46,8,79.01,5.74,modéré,29.7,63.5,4699.8,False,0.52,0.48,0.15,92.0,59.1
10,Centre Hospitalier Régional de Tambacounda,Tambacounda,Tambacounda,284,397,2024-11-18,57,70,266,21,18,374,19,2.64,Grippe,62,3,59.26,14.35,modéré,28.1,61.5,3095.9,False,0.27,0.62,0.02,150.2,31.7
10,Centre Hospitalier Régional de Tambacounda,Tambacounda,Tambacounda,284,397,2024-11-19,97,22,71,5,213,395,5,2.96,Dengue,8,1,42.18,3.17,faible,23.8,71.5,2925.2,False,0.26,0.4,0.0,28.7,17.0
10,Centre Hospitalier Régional de Tambacounda,Tambacounda,Tambacounda,284,397,2024-11-20,63,10,210,3,74,377,29,2.12,Paludisme,47,6,57.99,19.55,modéré,34.6,81.7,1359.9,False,0.9,0.35,0.06,164.3,25.5
10,Centre Hospitalier Régional de Tambacounda,Tambacounda,Tambacounda,284,397,2024-11-21,66,81,33,21,251,372,26,3.68,Dengue,29,9,56.45,18.13,faible,30.1,45.7,2350.0,False,0.39,0.56,0.01,30.3,31.8
10,Centre Hospitalier Régional de Tambacounda,Tambacounda,Tambacounda,284,397,2024-11-22,100,73,221,20,63,374,55,1.22,Covid-19,81,4,42.49,9.69,élevé,24.9,70.4,4538.8,True,0.73,0.51,0.1,24.2,54.6
10,Centre Hospitalier Régional de Tambacounda,Tambacounda,Tambacounda,284,397,2024-11-23,94,35,148,9,136,364,5,0.82,Choléra,94,10,89.56,21.96,élevé,38.1,41.2,4901.5,True,0.67,0.71,0.01,41.1,56.2
10,Centre Hospitalier Régional de Tambacounda,Tambacounda,Tambacounda,284,397,2024-11-24,64,49,259,20,25,393,24,3.1,Covid-19,53,5,84.62,24.75,modéré,29.0,77.7,4910.1,False,0.59,0.78,0.03,98.7,19.1
10,Centre Hospitalier Régional de Tambacounda,Tambacounda,Tambacounda,284,397,2024-11-25,26,76,281,8,3,387,32,2.71,Choléra,105,3,73.62,8.2,élevé,22.4,46.7,2074.6,True,0.7,0.41,0.07,94.1,55.9
10,Centre Hospitalier Régional de Tambacounda,Tambacounda,Tambacounda,284,397,2024-11-26,27,27,194,8,90,357,27,1.36,Covid-19,98,7,91.48,14.26,élevé,33.0,53.9,4090.2,True,0.78,0.66,0.11,115.5,32.8
10,Centre Hospitalier Régional de Tambacounda,Tambacounda,Tambacounda,284,397,2024-11-27,17,9,243,5,41,382,48,0.55,Paludisme,111,0,82.51,8.59,élevé,34.4,56.3,3779.9,True,0.22,0.51,0.04,77.0,22.8
10,Centre Hospitalier Régional de Tambacounda,Tambacounda,Tambacounda,284,397,2024-11-28,98,76,151,2,133,384,39,2.1,Covid-19,71,10,89.94,17.35,modéré,32.4,71.5,3943.1,False,0.51,0.9,0.2,13.1,55.6
10,Centre Hospitalier Régional de Tambacounda,Tambacounda,Tambacounda,284,397,2024-11-29,13,21,198,20,86,358,36,2.49,Covid-19,12,1,86.36,17.77,faible,26.6,69.4,4652.9,False,0.25,0.61,0.07,137.1,21.2
10,Centre Hospitalier Régional de Tambacounda,Tambacounda,Tambacounda,284,397,2024-11-30,53,36,280,7,4,350,48,0.28,Covid-19,37,6,89.33,9.98,modéré,29.8,55.1,4097.9,False,0.65,0.3,0.08,130.9,23.8
10,Centre Hospitalier Régional de Tambacounda,Tambacounda,Tambacounda,284,397,2024-12-01,48,15,159,20,125,383,8,2.85,Choléra,83,9,33.99,26.82,élevé,34.0,76.9,1202.1,True,0.7,0.69,0.08,99.4,41.2
10,Centre Hospitalier Régional de Tambacounda,Tambacounda,Tambacounda,284,397,2024-12-02,44,50,33,11,251,352,7,2.4,Paludisme,65,9,59.8,13.27,modéré,32.6,82.6,290.9,False,0.58,0.47,0.14,166.9,9.1
10,Centre Hospitalier Régional de Tambacounda,Tambacounda,Tambacounda,284,397,2024-12-03,67,19,98,9,186,393,10,3.5,Covid-19,60,6,87.4,25.91,modéré,32.8,81.1,1463.7,False,0.25,0.77,0.08,59.4,47.4
10,Centre Hospitalier Régional de Tambacounda,Tambacounda,Tambacounda,284,397,2024-12-04,96,30,251,5,33,371,24,0.11,Covid-19,20,2,94.51,9.88,faible,24.5,81.4,2016.2,False,0.25,0.42,0.13,107.7,13.7
10,Centre Hospitalier Régional de Tambacounda,Tambacounda,Tambacounda,284,397,2024-12-05,81,87,108,15,176,364,0,0.55,Dengue,46,0,83.66,27.65,modéré,22.4,79.0,995.9,False,0.26,0.93,0.01,165.5,42.1
10,Centre Hospitalier Régional de Tambacounda,Tambacounda,Tambacounda,284,397,2024-12-06,25,68,21,20,263,375,12,3.74,Dengue,56,10,79.91,11.14,modéré,30.0,75.1,128.2,False,0.87,0.32,0.03,148.5,37.0
10,Centre Hospitalier Régional de Tambacounda,Tambacounda,Tambacounda,284,397,2024-12-07,16,45,162,10,122,356,55,3.57,Paludisme,49,2,50.73,14.98,modéré,36.3,57.0,1375.9,False,0.24,0.86,0.05,107.6,16.1
10,Centre Hospitalier Régional de Tambacounda,Tambacounda,Tambacounda,284,397,2024-12-08,43,7,142,7,142,385,52,1.96,Grippe,71,2,79.04,5.64,modéré,37.1,73.5,1849.5,False,0.77,0.81,0.07,85.4,23.1
10,Centre Hospitalier Régional de Tambacounda,Tambacounda,Tambacounda,284,397,2024-12-09,59,81,166,12,118,367,45,1.8,Grippe,28,2,64.59,14.11,faible,24.3,52.7,950.5,False,0.58,0.52,0.08,155.5,39.4
10,Centre Hospitalier Régional de Tambacounda,Tambacounda,Tambacounda,284,397,2024-12-10,87,44,215,14,69,370,59,3.07,Paludisme,113,9,40.72,18.38,élevé,33.2,69.6,1314.3,True,0.33,0.66,0.01,39.4,24.4
10,Centre Hospitalier Régional de Tambacounda,Tambacounda,Tambacounda,284,397,2024-12-11,81,87,21,13,263,392,15,1.93,Grippe,75,0,85.4,8.62,modéré,36.4,55.7,862.4,False,0.91,0.69,0.07,5.4,13.3
10,Centre Hospitalier Régional de Tambacounda,Tambacounda,Tambacounda,284,397,2024-12-12,72,65,100,22,184,395,25,0.52,Choléra,71,4,37.52,24.08,modéré,32.6,60.1,1030.8,False,0.29,0.96,0.02,25.5,8.7
10,Centre Hospitalier Régional de Tambacounda,Tambacounda,Tambacounda,284,397,2024-12-13,51,55,35,7,249,367,48,3.82,Dengue,44,1,42.03,5.61,modéré,28.9,75.8,1179.0,False,0.93,0.74,0.14,154.3,34.5
10,Centre Hospitalier Régional de Tambacounda,Tambacounda,Tambacounda,284,397,2024-12-14,88,45,20,5,264,353,7,0.43,Paludisme,99,8,75.4,17.47,élevé,24.9,70.5,1681.3,True,0.81,0.66,0.2,107.8,49.6
10,Centre Hospitalier Régional de Tambacounda,Tambacounda,Tambacounda,284,397,2024-12-15,58,62,93,7,191,371,8,3.28,Dengue,6,3,43.49,28.09,faible,25.9,61.6,3782.5,False,0.71,0.76,0.13,19.5,11.5
10,Centre Hospitalier Régional de Tambacounda,Tambacounda,Tambacounda,284,397,2024-12-16,86,25,71,13,213,367,16,3.86,Dengue,39,10,55.99,16.2,modéré,36.6,88.6,1543.1,False,0.85,0.85,0.2,177.0,52.8
10,Centre Hospitalier Régional de Tambacounda,Tambacounda,Tambacounda,284,397,2024-12-17,68,45,220,20,64,374,37,1.81,Covid-19,53,6,47.17,7.95,modéré,35.7,52.5,4894.0,False,0.8,0.46,0.09,26.7,39.5
10,Centre Hospitalier Régional de Tambacounda,Tambacounda,Tambacounda,284,397,2024-12-18,62,72,75,2,209,373,17,2.74,Choléra,70,0,57.01,26.03,modéré,36.1,59.5,4693.1,False,0.27,0.68,0.18,51.8,30.4
10,Centre Hospitalier Régional de Tambacounda,Tambacounda,Tambacounda,284,397,2024-12-19,49,85,262,16,22,350,40,1.71,Choléra,38,1,77.21,26.26,modéré,32.3,53.2,4559.1,False,0.79,0.83,0.0,95.6,45.7
10,Centre Hospitalier Régional de Tambacounda,Tambacounda,Tambacounda,284,397,2024-12-20,49,22,67,18,217,388,44,1.16,Covid-19,36,3,31.88,6.41,modéré,29.0,64.3,4631.2,False,0.66,0.6,0.05,99.4,57.0
10,Centre Hospitalier Régional de Tambacounda,Tambacounda,Tambacounda,284,397,2024-12-21,75,86,23,1,261,357,7,0.58,Covid-19,30,7,52.19,17.44,modéré,22.7,77.5,2146.7,False,0.97,0.86,0.11,141.4,11.6
10,Centre Hospitalier Régional de Tambacounda,Tambacounda,Tambacounda,284,397,2024-12-22,65,58,158,1,126,378,34,2.54,Paludisme,59,8,31.82,6.87,modéré,22.9,59.6,3229.3,False,0.86,0.81,0.04,23.8,11.6
10,Centre Hospitalier Régional de Tambacounda,Tambacounda,Tambacounda,284,397,2024-12-23,45,6,282,10,2,354,9,3.4,Dengue,30,10,81.21,9.19,modéré,28.3,88.0,2497.4,False,0.62,0.55,0.05,135.4,32.0
10,Centre Hospitalier Régional de Tambacounda,Tambacounda,Tambacounda,284,397,2024-12-24,87,26,55,17,229,393,11,1.46,Paludisme,55,3,69.22,25.12,modéré,32.8,58.1,4614.9,False,0.83,0.91,0.11,57.7,9.5
10,Centre Hospitalier Régional de Tambacounda,Tambacounda,Tambacounda,284,397,2024-12-25,69,51,176,1,108,376,49,2.45,Covid-19,85,7,47.03,18.53,élevé,28.4,85.2,2586.0,True,0.72,0.57,0.07,174.0,28.6
10,Centre Hospitalier Régional de Tambacounda,Tambacounda,Tambacounda,284,397,2024-12-26,58,10,63,6,221,387,44,0.32,Dengue,118,6,41.96,17.66,élevé,27.8,74.4,682.5,True,0.44,0.33,0.05,130.7,25.8
10,Centre Hospitalier Régional de Tambacounda,Tambacounda,Tambacounda,284,397,2024-12-27,34,33,32,10,252,373,1,2.22,Grippe,82,10,83.35,24.2,élevé,25.7,89.6,2525.4,True,0.72,0.5,0.05,154.2,51.2
10,Centre Hospitalier Régional de Tambacounda,Tambacounda,Tambacounda,284,397,2024-12-28,76,49,106,1,178,372,55,3.34,Dengue,91,4,42.74,20.06,élevé,23.5,79.3,4300.4,True,0.97,0.81,0.15,96.5,6.8
10,Centre Hospitalier Régional de Tambacounda,Tambacounda,Tambacounda,284,397,2024-12-29,16,81,33,0,251,395,55,2.13,Covid-19,100,3,33.2,24.24,élevé,39.0,68.9,1701.6,True,0.71,0.84,0.08,83.8,50.1
10,Centre Hospitalier Régional de Tambacounda,Tambacounda,Tambacounda,284,397,2024-12-30,65,26,89,0,195,377,17,1.5,Dengue,44,2,33.08,25.03,modéré,39.0,41.2,2216.0,False,0.86,0.39,0.13,139.0,5.3
10,Centre Hospitalier Régional de Tambacounda,Tambacounda,Tambacounda,284,397,2024-12-31,24,85,131,25,153,386,17,0.17,Grippe,87,2,72.91,13.96,élevé,38.9,61.0,4568.4,True,0.97,0.62,0.17,151.0,24.2
11,Centre Hospitalier Régional de Kédougou,Kédougou,Kédougou,457,449,2024-01-01,90,41,311,15,146,425,49,2.68,Choléra,110,9,60.28,13.85,élevé,31.8,47.3,4546.6,True,0.57,0.32,0.11,114.5,41.9
11,Centre Hospitalier Régional de Kédougou,Kédougou,Kédougou,457,449,2024-01-02,62,32,76,10,381,429,9,2.99,Choléra,117,7,73.12,15.38,élevé,26.4,73.3,4965.9,True,0.25,0.55,0.11,105.8,49.3
11,Centre Hospitalier Régional de Kédougou,Kédougou,Kédougou,457,449,2024-01-03,86,34,217,18,240,400,19,1.1,Dengue,119,5,33.34,23.51,élevé,24.2,81.3,4542.5,True,0.23,0.53,0.12,98.1,59.3
11,Centre Hospitalier Régional de Kédougou,Kédougou,Kédougou,457,449,2024-01-04,54,84,456,11,1,428,40,2.74,Dengue,99,5,36.21,13.29,élevé,37.1,50.4,1416.9,True,0.42,0.52,0.0,12.7,18.5
11,Centre Hospitalier Régional de Kédougou,Kédougou,Kédougou,457,449,2024-01-05,93,59,22,7,435,422,46,0.28,Dengue,80,6,57.9,15.81,élevé,31.5,71.4,4049.6,False,0.67,0.85,0.18,12.0,40.6
11,Centre Hospitalier Régional de Kédougou,Kédougou,Kédougou,457,449,2024-01-06,19,11,391,4,66,401,26,0.36,Choléra,117,8,89.1,1.23,élevé,32.6,40.4,3640.4,True,0.72,0.88,0.02,151.4,45.7
11,Centre Hospitalier Régional de Kédougou,Kédougou,Kédougou,457,449,2024-01-07,82,18,169,4,288,422,34,3.06,Dengue,75,4,76.54,6.61,modéré,35.2,50.7,1181.0,False,0.54,0.66,0.18,133.5,19.1
11,Centre Hospitalier Régional de Kédougou,Kédougou,Kédougou,457,449,2024-01-08,11,40,75,25,382,401,59,3.4,Paludisme,107,1,53.12,28.92,élevé,23.6,83.2,4604.5,True,0.56,0.61,0.03,144.7,48.9
11,Centre Hospitalier Régional de Kédougou,Kédougou,Kédougou,457,449,2024-01-09,11,34,104,0,353,435,14,3.75,Dengue,0,9,74.12,22.45,faible,30.2,52.3,2527.0,False,0.45,0.57,0.09,77.8,20.5
11,Centre Hospitalier Régional de Kédougou,Kédougou,Kédougou,457,449,2024-01-10,18,25,72,9,385,413,29,3.46,Choléra,96,2,74.37,5.54,élevé,38.6,60.1,845.7,True,0.69,0.35,0.08,99.7,9.5
11,Centre Hospitalier Régional de Kédougou,Kédougou,Kédougou,457,449,2024-01-11,85,89,300,12,157,449,18,0.89,Paludisme,19,10,78.52,24.79,faible,24.7,71.6,4599.5,False,0.95,0.94,0.14,109.4,41.9
11,Centre Hospitalier Régional de Kédougou,Kédougou,Kédougou,457,449,2024-01-12,82,85,261,10,196,406,45,2.23,Covid-19,3,9,82.62,13.15,faible,29.4,50.2,1166.6,False,0.23,0.58,0.17,33.3,5.4
11,Centre Hospitalier Régional de Kédougou,Kédougou,Kédougou,457,449,2024-01-13,100,56,442,2,15,439,26,0.31,Paludisme,18,9,48.47,14.1,faible,32.4,74.3,3593.3,False,0.69,0.51,0.14,124.3,59.3
11,Centre Hospitalier Régional de Kédougou,Kédougou,Kédougou,457,449,2024-01-14,42,19,151,10,306,412,57,1.99,Covid-19,96,2,73.95,7.29,élevé,29.6,48.8,3147.0,True,0.53,0.64,0.11,159.9,22.5
11,Centre Hospitalier Régional de Kédougou,Kédougou,Kédougou,457,449,2024-01-15,68,15,148,10,309,415,40,3.18,Covid-19,28,4,89.74,29.67,faible,28.1,63.2,4704.9,False,0.49,0.88,0.1,77.3,43.4
11,Centre Hospitalier Régional de Kédougou,Kédougou,Kédougou,457,449,2024-01-16,44,59,42,10,415,445,55,3.34,Choléra,68,0,82.01,18.33,modéré,30.1,77.3,2149.9,False,0.7,0.4,0.14,19.9,5.8
11,Centre Hospitalier Régional de Kédougou,Kédougou,Kédougou,457,449,2024-01-17,52,62,149,2,308,434,53,1.39,Paludisme,116,1,76.74,18.2,élevé,24.9,47.0,662.1,True,0.59,0.43,0.03,22.4,18.9
11,Centre Hospitalier Régional de Kédougou,Kédougou,Kédougou,457,449,2024-01-18,65,53,400,25,57,438,22,1.34,Choléra,50,3,64.6,23.61,modéré,31.4,45.6,2870.5,False,0.66,0.69,0.0,43.7,6.4
11,Centre Hospitalier Régional de Kédougou,Kédougou,Kédougou,457,449,2024-01-19,66,58,164,24,293,413,57,3.41,Paludisme,29,2,64.54,24.78,faible,33.8,65.0,1867.4,False,0.28,0.34,0.19,108.4,39.8
11,Centre Hospitalier Régional de Kédougou,Kédougou,Kédougou,457,449,2024-01-20,93,58,367,23,90,435,53,2.64,Paludisme,11,9,78.04,23.19,faible,25.1,68.3,3221.3,False,0.54,0.53,0.04,8.8,47.3
11,Centre Hospitalier Régional de Kédougou,Kédougou,Kédougou,457,449,2024-01-21,59,76,56,22,401,416,23,2.01,Covid-19,80,10,93.29,20.21,élevé,34.2,88.4,2644.6,False,0.74,0.62,0.08,112.0,23.6
11,Centre Hospitalier Régional de Kédougou,Kédougou,Kédougou,457,449,2024-01-22,28,56,74,9,383,413,38,0.55,Grippe,34,10,36.31,25.1,modéré,28.7,55.3,4507.7,False,0.7,0.72,0.14,25.4,25.5
11,Centre Hospitalier Régional de Kédougou,Kédougou,Kédougou,457,449,2024-01-23,26,42,180,14,277,437,50,0.35,Covid-19,90,0,42.52,25.21,élevé,22.7,48.8,3623.3,True,0.86,0.9,0.12,169.8,3.9
11,Centre Hospitalier Régional de Kédougou,Kédougou,Kédougou,457,449,2024-01-24,95,82,165,4,292,433,44,3.49,Paludisme,110,2,56.91,18.1,élevé,22.9,86.1,1204.9,True,0.86,0.48,0.03,100.4,17.9
11,Centre Hospitalier Régional de Kédougou,Kédougou,Kédougou,457,449,2024-01-25,52,52,154,12,303,419,52,1.89,Covid-19,42,0,45.47,17.66,modéré,22.7,83.0,2065.7,False,0.49,0.41,0.15,122.8,15.6
11,Centre Hospitalier Régional de Kédougou,Kédougou,Kédougou,457,449,2024-01-26,51,75,444,12,13,438,5,1.87,Dengue,111,5,61.91,28.42,élevé,24.2,65.9,1741.6,True,0.9,0.99,0.1,70.8,57.8
11,Centre Hospitalier Régional de Kédougou,Kédougou,Kédougou,457,449,2024-01-27,34,90,172,22,285,429,47,0.84,Grippe,105,1,71.51,11.93,élevé,30.3,70.0,1754.3,True,0.96,0.53,0.12,87.3,32.7
11,Centre Hospitalier Régional de Kédougou,Kédougou,Kédougou,457,449,2024-01-28,21,10,318,10,139,425,44,0.21,Paludisme,29,7,36.72,6.62,faible,23.9,61.2,1843.8,False,0.28,0.62,0.02,101.8,40.3
11,Centre Hospitalier Régional de Kédougou,Kédougou,Kédougou,457,449,2024-01-29,35,74,320,9,137,442,55,2.7,Paludisme,64,2,31.94,1.5,modéré,28.6,88.7,945.5,False,0.97,0.96,0.12,98.7,44.0
11,Centre Hospitalier Régional de Kédougou,Kédougou,Kédougou,457,449,2024-01-30,71,13,456,17,1,399,42,0.21,Grippe,40,1,78.27,10.72,modéré,27.0,66.9,960.2,False,0.58,0.32,0.19,91.9,9.1
11,Centre Hospitalier Régional de Kédougou,Kédougou,Kédougou,457,449,2024-01-31,19,68,167,4,290,412,40,0.3,Grippe,50,3,48.1,12.21,modéré,24.0,59.3,759.4,False,0.39,0.31,0.17,164.4,43.9
11,Centre Hospitalier Régional de Kédougou,Kédougou,Kédougou,457,449,2024-02-01,63,68,299,3,158,415,16,2.68,Grippe,103,1,40.26,25.37,élevé,31.0,80.0,1854.5,True,0.95,0.58,0.1,102.1,44.6
11,Centre Hospitalier Régional de Kédougou,Kédougou,Kédougou,457,449,2024-02-02,89,61,55,24,402,417,1,2.8,Dengue,48,6,42.45,13.76,modéré,36.1,43.0,995.2,False,0.56,0.74,0.05,58.6,56.4
11,Centre Hospitalier Régional de Kédougou,Kédougou,Kédougou,457,449,2024-02-03,47,33,232,14,225,444,30,3.03,Choléra,40,3,68.68,14.47,modéré,31.8,64.0,3935.9,False,0.76,0.37,0.05,74.3,25.7
11,Centre Hospitalier Régional de Kédougou,Kédougou,Kédougou,457,449,2024-02-04,17,9,33,14,424,439,53,3.93,Covid-19,97,9,78.36,9.57,élevé,31.3,74.4,4333.9,True,0.71,0.49,0.2,50.6,42.8
11,Centre Hospitalier Régional de Kédougou,Kédougou,Kédougou,457,449,2024-02-05,83,82,326,18,131,436,40,3.3,Covid-19,0,4,82.52,23.84,faible,24.1,47.9,889.3,False,0.64,0.66,0.15,97.3,36.4
11,Centre Hospitalier Régional de Kédougou,Kédougou,Kédougou,457,449,2024-02-06,32,35,89,3,368,408,26,2.01,Dengue,11,3,34.57,5.1,faible,33.6,74.3,1970.3,False,0.33,0.6,0.15,67.4,4.8
11,Centre Hospitalier Régional de Kédougou,Kédougou,Kédougou,457,449,2024-02-07,28,30,287,4,170,445,29,2.38,Choléra,57,5,84.49,6.59,modéré,36.6,67.4,921.5,False,0.39,0.56,0.19,131.2,5.3
11,Centre Hospitalier Régional de Kédougou,Kédougou,Kédougou,457,449,2024-02-08,63,16,337,10,120,443,24,1.07,Choléra,10,2,72.75,19.2,faible,25.3,54.2,3701.3,False,0.88,0.99,0.03,93.4,43.0
11,Centre Hospitalier Régional de Kédougou,Kédougou,Kédougou,457,449,2024-02-09,36,33,238,12,219,416,45,1.7,Choléra,44,1,31.71,7.54,modéré,27.8,47.8,2199.4,False,0.87,0.62,0.01,135.2,3.3
11,Centre Hospitalier Régional de Kédougou,Kédougou,Kédougou,457,449,2024-02-10,19,76,33,10,424,430,32,0.26,Paludisme,77,0,87.6,8.91,modéré,25.5,53.3,1781.4,False,0.85,0.53,0.06,117.2,59.3
11,Centre Hospitalier Régional de Kédougou,Kédougou,Kédougou,457,449,2024-02-11,17,5,286,22,171,404,19,0.8,Grippe,86,3,71.86,21.0,élevé,32.3,74.2,825.5,True,0.65,0.4,0.13,19.5,26.5
11,Centre Hospitalier Régional de Kédougou,Kédougou,Kédougou,457,449,2024-02-12,84,72,361,12,96,448,4,2.55,Choléra,10,5,74.62,24.58,faible,35.5,62.4,3358.8,False,0.65,0.44,0.0,170.6,31.0
11,Centre Hospitalier Régional de Kédougou,Kédougou,Kédougou,457,449,2024-02-13,80,9,39,21,418,430,11,0.78,Paludisme,58,8,85.74,13.17,modéré,27.7,76.0,2657.1,False,0.35,0.88,0.03,134.1,35.1
11,Centre Hospitalier Régional de Kédougou,Kédougou,Kédougou,457,449,2024-02-14,93,35,252,20,205,442,23,3.28,Grippe,9,3,94.92,9.33,faible,23.5,73.4,398.3,False,0.58,0.8,0.1,54.9,54.9
11,Centre Hospitalier Régional de Kédougou,Kédougou,Kédougou,457,449,2024-02-15,62,89,181,12,276,400,2,3.32,Grippe,94,2,60.49,2.44,élevé,35.0,62.6,4297.2,True,0.29,0.54,0.08,32.3,51.4
11,Centre Hospitalier Régional de Kédougou,Kédougou,Kédougou,457,449,2024-02-16,58,18,129,16,328,410,46,1.12,Dengue,14,9,73.91,2.49,faible,27.6,49.2,673.6,False,0.46,0.99,0.03,74.0,21.0
11,Centre Hospitalier Régional de Kédougou,Kédougou,Kédougou,457,449,2024-02-17,98,37,335,5,122,421,47,0.69,Covid-19,24,7,49.02,23.5,faible,27.8,87.8,3800.4,False,0.36,0.89,0.19,129.2,30.8
11,Centre Hospitalier Régional de Kédougou,Kédougou,Kédougou,457,449,2024-02-18,99,78,380,0,77,413,58,2.47,Covid-19,47,10,88.32,10.48,modéré,35.7,45.4,2188.5,False,0.63,0.65,0.16,160.0,36.5
11,Centre Hospitalier Régional de Kédougou,Kédougou,Kédougou,457,449,2024-02-19,50,63,435,1,22,412,36,1.91,Grippe,79,0,47.32,17.42,modéré,35.8,51.4,4779.4,False,0.95,0.52,0.02,27.2,58.2
11,Centre Hospitalier Régional de Kédougou,Kédougou,Kédougou,457,449,2024-02-20,59,87,30,7,427,435,1,2.8,Choléra,4,10,66.67,17.12,faible,22.4,41.1,4184.8,False,0.92,0.59,0.14,59.8,54.6
11,Centre Hospitalier Régional de Kédougou,Kédougou,Kédougou,457,449,2024-02-21,53,54,233,25,224,429,50,2.68,Covid-19,60,6,42.66,16.29,modéré,29.8,84.7,2635.4,False,0.89,0.9,0.02,170.8,23.0
11,Centre Hospitalier Régional de Kédougou,Kédougou,Kédougou,457,449,2024-02-22,83,89,247,24,210,403,12,0.27,Paludisme,3,1,48.8,21.32,faible,25.3,85.2,1121.5,False,0.34,0.5,0.17,74.1,9.6
11,Centre Hospitalier Régional de Kédougou,Kédougou,Kédougou,457,449,2024-02-23,44,48,141,19,316,411,30,1.85,Dengue,59,3,66.14,21.98,modéré,31.0,63.6,2644.1,False,0.41,0.51,0.09,51.2,43.4
11,Centre Hospitalier Régional de Kédougou,Kédougou,Kédougou,457,449,2024-02-24,99,15,433,8,24,401,20,1.26,Choléra,119,4,57.48,2.9,élevé,32.3,60.4,1573.3,True,0.71,0.76,0.06,66.8,27.3
11,Centre Hospitalier Régional de Kédougou,Kédougou,Kédougou,457,449,2024-02-25,86,40,241,8,216,437,55,1.67,Dengue,41,1,50.28,11.11,modéré,35.1,47.2,2094.2,False,0.47,0.67,0.13,176.4,20.3
11,Centre Hospitalier Régional de Kédougou,Kédougou,Kédougou,457,449,2024-02-26,61,66,187,22,270,448,9,1.24,Choléra,93,8,72.43,10.59,élevé,23.2,75.3,1030.7,True,0.81,0.83,0.16,71.1,22.0
11,Centre Hospitalier Régional de Kédougou,Kédougou,Kédougou,457,449,2024-02-27,89,55,180,20,277,417,15,0.61,Paludisme,60,1,82.51,25.43,modéré,29.1,70.5,3153.9,False,0.96,0.62,0.04,57.0,45.2
11,Centre Hospitalier Régional de Kédougou,Kédougou,Kédougou,457,449,2024-02-28,39,27,317,16,140,402,1,3.09,Covid-19,37,4,72.72,25.45,modéré,36.2,57.6,109.4,False,0.64,0.52,0.2,90.7,49.7
11,Centre Hospitalier Régional de Kédougou,Kédougou,Kédougou,457,449,2024-02-29,60,23,205,18,252,417,30,3.69,Dengue,114,7,80.97,27.42,élevé,33.4,83.7,2248.9,True,0.26,0.72,0.02,60.7,3.2
11,Centre Hospitalier Régional de Kédougou,Kédougou,Kédougou,457,449,2024-03-01,26,36,425,22,32,400,33,3.34,Grippe,51,3,74.31,28.98,modéré,37.8,84.2,4727.2,False,0.95,0.93,0.01,60.5,22.0
11,Centre Hospitalier Régional de Kédougou,Kédougou,Kédougou,457,449,2024-03-02,91,43,390,3,67,422,36,1.61,Choléra,101,8,42.52,27.54,élevé,25.8,61.4,2943.7,True,0.79,0.48,0.18,123.4,52.5
11,Centre Hospitalier Régional de Kédougou,Kédougou,Kédougou,457,449,2024-03-03,83,37,181,11,276,444,14,0.85,Covid-19,113,9,52.59,22.09,élevé,33.0,82.2,4207.5,True,0.62,0.85,0.03,11.5,7.0
11,Centre Hospitalier Régional de Kédougou,Kédougou,Kédougou,457,449,2024-03-04,41,40,45,1,412,448,3,3.62,Paludisme,86,6,79.55,10.57,élevé,37.6,83.3,3742.2,True,0.94,0.32,0.05,146.1,25.8
11,Centre Hospitalier Régional de Kédougou,Kédougou,Kédougou,457,449,2024-03-05,47,6,119,1,338,406,53,3.72,Choléra,117,7,37.63,23.93,élevé,37.8,49.2,3944.6,True,0.43,0.52,0.07,44.1,18.7
11,Centre Hospitalier Régional de Kédougou,Kédougou,Kédougou,457,449,2024-03-06,29,64,354,18,103,413,59,2.42,Choléra,45,7,63.46,16.5,modéré,22.1,73.1,2477.8,False,0.33,0.94,0.04,65.2,10.3
11,Centre Hospitalier Régional de Kédougou,Kédougou,Kédougou,457,449,2024-03-07,87,81,98,1,359,403,26,3.66,Grippe,0,4,94.87,17.14,faible,36.6,84.9,4669.4,False,0.36,0.35,0.12,177.3,47.8
11,Centre Hospitalier Régional de Kédougou,Kédougou,Kédougou,457,449,2024-03-08,34,90,419,23,38,416,31,3.35,Paludisme,52,0,63.55,21.0,modéré,32.6,84.4,1144.5,False,0.41,0.35,0.18,77.0,17.1
11,Centre Hospitalier Régional de Kédougou,Kédougou,Kédougou,457,449,2024-03-09,73,23,76,9,381,400,0,3.32,Choléra,9,7,51.0,17.02,faible,26.1,88.2,660.4,False,0.6,0.84,0.1,10.9,46.2
11,Centre Hospitalier Régional de Kédougou,Kédougou,Kédougou,457,449,2024-03-10,15,64,97,13,360,400,52,3.29,Covid-19,49,9,54.69,5.08,modéré,31.6,45.7,3099.3,False,0.3,0.47,0.05,91.6,14.1
11,Centre Hospitalier Régional de Kédougou,Kédougou,Kédougou,457,449,2024-03-11,35,9,116,21,341,422,26,2.61,Paludisme,72,2,39.5,10.77,modéré,29.1,60.4,3674.6,False,0.22,0.42,0.15,111.6,22.4
11,Centre Hospitalier Régional de Kédougou,Kédougou,Kédougou,457,449,2024-03-12,17,22,235,10,222,407,43,0.28,Covid-19,59,4,88.1,29.36,modéré,32.7,50.8,2431.5,False,0.79,0.9,0.05,65.2,45.4
11,Centre Hospitalier Régional de Kédougou,Kédougou,Kédougou,457,449,2024-03-13,51,46,401,4,56,407,1,3.23,Dengue,88,4,86.96,16.74,élevé,26.8,69.0,518.6,True,0.25,0.93,0.05,12.2,43.5
11,Centre Hospitalier Régional de Kédougou,Kédougou,Kédougou,457,449,2024-03-14,24,40,109,8,348,413,9,2.87,Covid-19,23,7,83.27,4.44,faible,33.6,80.6,4938.8,False,0.2,0.48,0.02,106.0,48.2
11,Centre Hospitalier Régional de Kédougou,Kédougou,Kédougou,457,449,2024-03-15,58,30,401,11,56,415,59,1.45,Dengue,83,9,93.68,1.46,élevé,24.0,71.4,1395.3,True,0.92,0.75,0.07,24.4,41.4
11,Centre Hospitalier Régional de Kédougou,Kédougou,Kédougou,457,449,2024-03-16,98,35,117,19,340,414,51,2.73,Choléra,15,9,48.54,7.11,faible,34.2,85.0,110.4,False,0.35,0.49,0.13,100.2,25.7
11,Centre Hospitalier Régional de Kédougou,Kédougou,Kédougou,457,449,2024-03-17,84,65,351,13,106,407,44,0.92,Covid-19,117,0,42.56,15.83,élevé,26.6,83.1,2841.1,True,0.76,0.38,0.13,121.0,4.5
11,Centre Hospitalier Régional de Kédougou,Kédougou,Kédougou,457,449,2024-03-18,96,41,30,18,427,424,47,1.13,Covid-19,69,2,60.82,27.37,modéré,33.4,43.5,3195.3,False,0.86,0.34,0.13,68.3,50.8
11,Centre Hospitalier Régional de Kédougou,Kédougou,Kédougou,457,449,2024-03-19,80,63,362,18,95,445,46,1.0,Paludisme,53,0,64.51,10.83,modéré,37.0,89.7,1068.9,False,0.83,0.83,0.16,49.0,44.8
11,Centre Hospitalier Régional de Kédougou,Kédougou,Kédougou,457,449,2024-03-20,75,86,203,23,254,415,10,3.62,Paludisme,112,1,93.31,20.97,élevé,33.2,62.9,912.2,True,0.9,0.44,0.15,104.0,58.1
11,Centre Hospitalier Régional de Kédougou,Kédougou,Kédougou,457,449,2024-03-21,14,34,195,21,262,432,2,1.43,Grippe,103,9,58.51,14.2,élevé,25.8,64.2,1253.2,True,0.78,0.51,0.14,17.7,7.2
11,Centre Hospitalier Régional de Kédougou,Kédougou,Kédougou,457,449,2024-03-22,15,7,207,4,250,438,56,3.25,Covid-19,47,5,87.2,23.31,modéré,24.2,88.5,3907.2,False,0.83,0.66,0.19,103.7,45.5
11,Centre Hospitalier Régional de Kédougou,Kédougou,Kédougou,457,449,2024-03-23,52,48,408,0,49,420,9,2.71,Dengue,18,5,31.86,23.73,faible,22.0,79.2,1387.5,False,0.39,0.65,0.17,40.5,40.9
11,Centre Hospitalier Régional de Kédougou,Kédougou,Kédougou,457,449,2024-03-24,68,80,298,15,159,427,36,0.68,Choléra,39,7,68.9,10.98,modéré,36.6,88.0,4094.1,False,0.55,0.45,0.16,64.5,54.2
11,Centre Hospitalier Régional de Kédougou,Kédougou,Kédougou,457,449,2024-03-25,11,26,385,4,72,425,5,3.13,Grippe,73,8,60.96,13.53,modéré,30.8,61.2,3680.9,False,0.28,0.63,0.09,42.2,27.6
11,Centre Hospitalier Régional de Kédougou,Kédougou,Kédougou,457,449,2024-03-26,78,41,168,22,289,444,24,0.72,Paludisme,55,10,92.66,27.99,modéré,23.1,66.0,1185.0,False,0.55,0.83,0.06,12.3,28.1
11,Centre Hospitalier Régional de Kédougou,Kédougou,Kédougou,457,449,2024-03-27,51,49,318,6,139,428,36,1.91,Covid-19,61,9,40.2,24.77,modéré,31.3,65.5,342.9,False,0.56,0.42,0.19,141.9,4.6
11,Centre Hospitalier Régional de Kédougou,Kédougou,Kédougou,457,449,2024-03-28,17,29,312,22,145,400,0,2.7,Choléra,16,1,40.69,4.86,faible,26.8,80.6,1475.6,False,0.88,0.49,0.13,142.4,3.7
11,Centre Hospitalier Régional de Kédougou,Kédougou,Kédougou,457,449,2024-03-29,87,33,191,4,266,437,27,2.05,Paludisme,91,1,72.45,17.0,élevé,37.5,81.6,1042.2,True,0.47,0.7,0.14,106.5,24.9
11,Centre Hospitalier Régional de Kédougou,Kédougou,Kédougou,457,449,2024-03-30,69,36,36,22,421,446,57,1.14,Dengue,15,5,31.19,3.59,faible,35.0,88.3,105.3,False,0.34,0.56,0.03,95.0,29.0
11,Centre Hospitalier Régional de Kédougou,Kédougou,Kédougou,457,449,2024-03-31,41,36,29,15,428,424,37,1.78,Covid-19,41,4,61.16,6.92,modéré,22.4,89.4,2131.5,False,0.35,0.44,0.15,77.9,42.3
11,Centre Hospitalier Régional de Kédougou,Kédougou,Kédougou,457,449,2024-04-01,34,67,228,18,229,429,6,3.31,Choléra,50,0,53.1,27.06,modéré,34.9,46.3,542.1,False,0.3,0.94,0.01,136.4,17.8
11,Centre Hospitalier Régional de Kédougou,Kédougou,Kédougou,457,449,2024-04-02,11,14,298,0,159,435,22,1.17,Grippe,23,4,87.57,13.19,faible,29.3,49.3,3431.0,False,0.41,0.84,0.1,11.9,33.9
11,Centre Hospitalier Régional de Kédougou,Kédougou,Kédougou,457,449,2024-04-03,51,87,68,15,389,401,52,2.17,Choléra,99,10,92.07,16.52,élevé,29.1,67.1,4893.4,True,0.38,0.69,0.08,120.8,36.7
11,Centre Hospitalier Régional de Kédougou,Kédougou,Kédougou,457,449,2024-04-04,77,50,265,4,192,442,9,2.08,Covid-19,110,6,63.78,5.41,élevé,35.3,43.5,4288.9,True,0.67,0.38,0.05,168.0,17.5
11,Centre Hospitalier Régional de Kédougou,Kédougou,Kédougou,457,449,2024-04-05,70,35,348,14,109,400,45,0.39,Paludisme,102,1,74.65,24.8,élevé,25.3,89.7,2776.3,True,0.95,0.72,0.0,39.6,29.4
11,Centre Hospitalier Régional de Kédougou,Kédougou,Kédougou,457,449,2024-04-06,30,42,284,5,173,435,10,0.54,Covid-19,46,9,57.59,29.11,modéré,25.8,79.6,2979.4,False,0.4,0.9,0.03,57.0,37.9
11,Centre Hospitalier Régional de Kédougou,Kédougou,Kédougou,457,449,2024-04-07,61,18,343,7,114,427,25,1.62,Covid-19,49,8,41.84,10.63,modéré,36.0,85.0,2256.0,False,0.71,0.33,0.18,175.1,35.1
11,Centre Hospitalier Régional de Kédougou,Kédougou,Kédougou,457,449,2024-04-08,85,64,412,20,45,434,11,1.46,Dengue,30,5,76.68,16.33,modéré,29.3,86.4,4430.4,False,0.56,0.76,0.1,157.3,29.6
11,Centre Hospitalier Régional de Kédougou,Kédougou,Kédougou,457,449,2024-04-09,99,33,291,3,166,425,42,0.18,Paludisme,117,2,35.77,6.58,élevé,24.7,42.9,4953.6,True,0.92,0.82,0.14,162.1,54.3
11,Centre Hospitalier Régional de Kédougou,Kédougou,Kédougou,457,449,2024-04-10,65,73,356,7,101,427,29,0.41,Dengue,57,4,67.53,7.89,modéré,32.7,87.4,2246.6,False,0.5,0.59,0.04,154.0,56.6
11,Centre Hospitalier Régional de Kédougou,Kédougou,Kédougou,457,449,2024-04-11,32,61,339,17,118,416,14,2.29,Choléra,110,3,48.19,19.45,élevé,33.9,88.1,200.9,True,0.86,0.59,0.06,40.9,34.0
11,Centre Hospitalier Régional de Kédougou,Kédougou,Kédougou,457,449,2024-04-12,92,7,383,1,74,421,9,1.89,Covid-19,91,9,36.5,2.2,élevé,25.4,52.1,331.9,True,0.93,0.38,0.09,130.1,19.1
11,Centre Hospitalier Régional de Kédougou,Kédougou,Kédougou,457,449,2024-04-13,86,5,424,13,33,432,34,2.31,Dengue,53,10,93.6,7.49,modéré,34.7,60.0,3461.4,False,0.59,0.98,0.05,71.6,53.1
11,Centre Hospitalier Régional de Kédougou,Kédougou,Kédougou,457,449,2024-04-14,90,50,32,11,425,434,18,0.2,Dengue,35,1,85.82,23.89,modéré,27.7,53.1,3994.6,False,0.2,0.54,0.16,107.1,14.5
11,Centre Hospitalier Régional de Kédougou,Kédougou,Kédougou,457,449,2024-04-15,47,47,297,9,160,413,53,0.75,Paludisme,88,2,60.48,28.9,élevé,29.8,45.0,2108.5,True,0.54,0.67,0.09,73.8,38.5
11,Centre Hospitalier Régional de Kédougou,Kédougou,Kédougou,457,449,2024-04-16,62,85,358,15,99,449,15,1.63,Dengue,76,10,71.25,3.16,modéré,35.1,73.5,3691.4,False,0.62,0.88,0.12,15.4,37.8
11,Centre Hospitalier Régional de Kédougou,Kédougou,Kédougou,457,449,2024-04-17,13,90,134,2,323,417,53,0.73,Grippe,13,8,35.73,14.37,faible,27.0,61.4,3139.9,False,0.81,0.31,0.18,85.2,47.2
11,Centre Hospitalier Régional de Kédougou,Kédougou,Kédougou,457,449,2024-04-18,52,66,211,24,246,447,0,2.19,Covid-19,92,10,39.78,5.62,élevé,32.6,84.7,4389.7,True,0.56,0.69,0.17,85.5,30.4
11,Centre Hospitalier Régional de Kédougou,Kédougou,Kédougou,457,449,2024-04-19,91,33,232,16,225,406,17,0.4,Covid-19,88,4,72.73,28.11,élevé,31.4,73.3,1192.7,True,0.7,0.58,0.04,98.0,52.2
11,Centre Hospitalier Régional de Kédougou,Kédougou,Kédougou,457,449,2024-04-20,35,22,411,16,46,402,3,2.49,Dengue,73,7,91.09,13.41,modéré,24.2,75.4,2435.1,False,0.23,0.57,0.13,76.8,27.5
11,Centre Hospitalier Régional de Kédougou,Kédougou,Kédougou,457,449,2024-04-21,78,5,316,0,141,404,4,2.58,Paludisme,101,5,71.06,22.33,élevé,24.5,53.2,1120.6,True,0.7,0.42,0.18,35.1,31.8
11,Centre Hospitalier Régional de Kédougou,Kédougou,Kédougou,457,449,2024-04-22,82,75,179,0,278,403,0,2.37,Grippe,92,3,73.3,7.0,élevé,22.2,65.9,3103.4,True,0.97,0.76,0.03,132.0,11.7
11,Centre Hospitalier Régional de Kédougou,Kédougou,Kédougou,457,449,2024-04-23,20,69,278,3,179,408,3,3.87,Dengue,0,9,94.88,7.08,faible,24.8,53.9,2457.5,False,0.61,0.31,0.08,161.8,51.5
11,Centre Hospitalier Régional de Kédougou,Kédougou,Kédougou,457,449,2024-04-24,99,39,293,5,164,412,8,3.69,Choléra,106,8,44.96,24.35,élevé,24.8,85.6,4232.4,True,0.66,0.42,0.2,138.4,47.2
11,Centre Hospitalier Régional de Kédougou,Kédougou,Kédougou,457,449,2024-04-25,66,9,141,25,316,413,48,3.11,Choléra,98,7,32.64,19.25,élevé,38.5,75.5,2940.9,True,0.87,0.68,0.18,129.7,8.2
11,Centre Hospitalier Régional de Kédougou,Kédougou,Kédougou,457,449,2024-04-26,43,6,194,2,263,425,48,2.03,Dengue,83,9,62.63,19.66,élevé,30.8,83.4,4836.5,True,0.5,0.49,0.12,118.4,28.2
11,Centre Hospitalier Régional de Kédougou,Kédougou,Kédougou,457,449,2024-04-27,26,8,92,21,365,426,11,2.69,Grippe,63,1,39.04,22.83,modéré,22.1,64.4,4521.7,False,0.96,0.95,0.09,138.3,4.1
11,Centre Hospitalier Régional de Kédougou,Kédougou,Kédougou,457,449,2024-04-28,95,35,27,9,430,444,27,0.4,Covid-19,117,10,67.03,16.66,élevé,30.1,87.8,650.1,True,0.77,0.97,0.11,131.0,8.8
11,Centre Hospitalier Régional de Kédougou,Kédougou,Kédougou,457,449,2024-04-29,85,35,99,2,358,434,24,1.27,Grippe,15,10,40.67,3.03,faible,23.7,46.6,2249.9,False,0.44,0.66,0.02,68.0,44.9
11,Centre Hospitalier Régional de Kédougou,Kédougou,Kédougou,457,449,2024-04-30,16,24,153,6,304,438,35,1.83,Grippe,62,7,58.86,12.69,modéré,27.9,46.8,3314.0,False,0.52,0.83,0.14,24.3,57.1
11,Centre Hospitalier Régional de Kédougou,Kédougou,Kédougou,457,449,2024-05-01,29,40,50,13,407,419,44,3.62,Grippe,115,2,68.33,5.71,élevé,37.2,89.8,975.0,True,0.87,0.98,0.09,9.3,45.5
11,Centre Hospitalier Régional de Kédougou,Kédougou,Kédougou,457,449,2024-05-02,20,38,375,7,82,415,23,2.98,Covid-19,97,6,61.21,26.74,élevé,29.8,86.5,1192.6,True,0.55,0.74,0.13,170.5,25.3
11,Centre Hospitalier Régional de Kédougou,Kédougou,Kédougou,457,449,2024-05-03,39,7,72,8,385,416,35,2.51,Dengue,97,0,40.18,4.47,élevé,38.7,52.8,4951.8,True,0.71,0.41,0.18,40.1,37.5
11,Centre Hospitalier Régional de Kédougou,Kédougou,Kédougou,457,449,2024-05-04,26,36,381,16,76,406,58,1.58,Choléra,68,9,69.99,4.38,modéré,25.0,61.9,4695.3,False,0.69,0.43,0.0,23.0,30.3
11,Centre Hospitalier Régional de Kédougou,Kédougou,Kédougou,457,449,2024-05-05,11,70,213,3,244,426,58,0.36,Choléra,114,8,47.31,7.35,élevé,33.4,55.3,524.6,True,0.84,0.39,0.14,169.2,14.5
11,Centre Hospitalier Régional de Kédougou,Kédougou,Kédougou,457,449,2024-05-06,25,68,106,23,351,436,4,2.11,Grippe,103,8,43.94,20.23,élevé,28.7,45.2,4157.6,True,0.66,0.68,0.08,81.5,6.2
11,Centre Hospitalier Régional de Kédougou,Kédougou,Kédougou,457,449,2024-05-07,73,12,419,25,38,447,15,0.59,Paludisme,13,1,61.0,1.04,faible,36.9,83.5,3255.4,False,0.66,0.56,0.14,84.1,16.1
11,Centre Hospitalier Régional de Kédougou,Kédougou,Kédougou,457,449,2024-05-08,31,52,325,13,132,407,15,2.14,Covid-19,21,3,72.86,4.3,faible,26.8,71.4,4852.4,False,0.32,0.91,0.14,134.7,7.0
11,Centre Hospitalier Régional de Kédougou,Kédougou,Kédougou,457,449,2024-05-09,28,52,316,14,141,437,35,1.77,Paludisme,30,0,38.35,17.6,modéré,31.1,79.0,182.5,False,0.23,0.33,0.01,96.9,7.5
11,Centre Hospitalier Régional de Kédougou,Kédougou,Kédougou,457,449,2024-05-10,34,63,221,2,236,404,15,2.03,Grippe,18,4,58.63,29.67,faible,22.5,73.6,1634.5,False,0.82,0.52,0.16,75.6,11.8
11,Centre Hospitalier Régional de Kédougou,Kédougou,Kédougou,457,449,2024-05-11,88,26,199,17,258,423,33,1.82,Choléra,54,5,85.74,16.56,modéré,36.0,56.7,4702.4,False,0.72,0.97,0.01,160.9,28.6
11,Centre Hospitalier Régional de Kédougou,Kédougou,Kédougou,457,449,2024-05-12,36,71,406,6,51,421,54,3.73,Covid-19,43,4,77.6,20.29,modéré,31.0,64.4,1872.5,False,0.85,0.35,0.07,129.1,47.0
11,Centre Hospitalier Régional de Kédougou,Kédougou,Kédougou,457,449,2024-05-13,15,9,78,16,379,438,12,1.94,Covid-19,20,1,93.62,5.07,faible,27.8,72.7,1914.2,False,0.71,0.42,0.08,70.7,52.1
11,Centre Hospitalier Régional de Kédougou,Kédougou,Kédougou,457,449,2024-05-14,47,88,354,9,103,409,56,3.43,Paludisme,81,3,72.18,6.84,élevé,24.2,84.5,4350.5,True,0.93,0.47,0.19,120.9,3.8
11,Centre Hospitalier Régional de Kédougou,Kédougou,Kédougou,457,449,2024-05-15,58,43,278,20,179,418,58,2.35,Choléra,63,8,73.8,29.09,modéré,31.4,63.5,2334.6,False,0.88,0.44,0.11,54.6,52.0
11,Centre Hospitalier Régional de Kédougou,Kédougou,Kédougou,457,449,2024-05-16,79,52,183,23,274,420,49,3.26,Grippe,116,0,82.82,9.02,élevé,26.3,49.8,915.5,True,0.21,0.35,0.13,89.3,32.8
11,Centre Hospitalier Régional de Kédougou,Kédougou,Kédougou,457,449,2024-05-17,97,32,199,16,258,449,60,0.31,Covid-19,82,6,60.45,22.25,élevé,36.8,78.1,748.8,True,0.75,0.9,0.02,119.7,13.9
11,Centre Hospitalier Régional de Kédougou,Kédougou,Kédougou,457,449,2024-05-18,43,29,32,20,425,446,42,3.41,Choléra,2,9,59.59,22.78,faible,35.3,85.7,2157.8,False,0.95,0.77,0.19,9.2,6.6
11,Centre Hospitalier Régional de Kédougou,Kédougou,Kédougou,457,449,2024-05-19,82,34,104,0,353,420,8,1.65,Choléra,78,9,78.0,19.31,modéré,29.8,63.6,1568.6,False,0.94,0.79,0.11,129.9,23.5
11,Centre Hospitalier Régional de Kédougou,Kédougou,Kédougou,457,449,2024-05-20,87,52,378,20,79,422,41,1.42,Dengue,41,3,53.38,27.77,modéré,31.0,61.4,111.8,False,0.54,0.87,0.07,143.1,47.4
11,Centre Hospitalier Régional de Kédougou,Kédougou,Kédougou,457,449,2024-05-21,62,61,334,23,123,449,32,0.21,Paludisme,35,10,34.78,2.21,modéré,25.5,44.6,1158.6,False,0.81,0.59,0.14,31.7,20.7
11,Centre Hospitalier Régional de Kédougou,Kédougou,Kédougou,457,449,2024-05-22,56,71,264,22,193,414,44,1.89,Grippe,64,9,54.8,7.69,modéré,38.3,89.8,1308.0,False,0.71,0.96,0.01,50.7,31.0
11,Centre Hospitalier Régional de Kédougou,Kédougou,Kédougou,457,449,2024-05-23,27,54,131,12,326,426,39,0.84,Dengue,93,1,82.01,3.94,élevé,37.9,78.2,4798.9,True,0.49,0.73,0.2,58.9,17.4
11,Centre Hospitalier Régional de Kédougou,Kédougou,Kédougou,457,449,2024-05-24,40,50,452,17,5,418,11,3.93,Grippe,42,2,76.72,24.13,modéré,28.3,62.6,2545.7,False,0.85,0.34,0.2,126.6,15.8
11,Centre Hospitalier Régional de Kédougou,Kédougou,Kédougou,457,449,2024-05-25,17,21,436,8,21,406,40,3.27,Choléra,28,3,61.07,28.05,faible,36.1,59.6,3571.9,False,0.9,0.46,0.02,13.8,15.7
11,Centre Hospitalier Régional de Kédougou,Kédougou,Kédougou,457,449,2024-05-26,70,48,275,24,182,402,53,2.39,Dengue,43,1,59.08,21.49,modéré,32.6,54.2,3262.4,False,0.97,0.33,0.02,88.8,48.4
11,Centre Hospitalier Régional de Kédougou,Kédougou,Kédougou,457,449,2024-05-27,24,23,91,16,366,438,3,3.47,Grippe,74,4,41.79,23.4,modéré,22.4,46.5,3606.3,False,0.66,0.81,0.17,18.1,21.6
11,Centre Hospitalier Régional de Kédougou,Kédougou,Kédougou,457,449,2024-05-28,64,7,382,16,75,399,19,0.1,Dengue,65,5,67.78,10.52,modéré,29.3,61.3,4649.9,False,0.3,0.5,0.03,112.7,48.8
11,Centre Hospitalier Régional de Kédougou,Kédougou,Kédougou,457,449,2024-05-29,45,7,408,25,49,435,5,1.28,Grippe,19,10,51.75,15.02,faible,32.9,76.2,1324.0,False,0.26,0.82,0.05,155.5,57.2
11,Centre Hospitalier Régional de Kédougou,Kédougou,Kédougou,457,449,2024-05-30,83,48,370,24,87,406,22,3.82,Choléra,38,2,71.27,9.42,modéré,23.7,59.5,1395.3,False,0.55,0.34,0.02,15.3,28.4
11,Centre Hospitalier Régional de Kédougou,Kédougou,Kédougou,457,449,2024-05-31,71,30,47,17,410,437,58,2.67,Covid-19,109,1,35.68,20.41,élevé,32.8,76.2,2408.1,True,0.33,0.34,0.09,14.5,51.3
11,Centre Hospitalier Régional de Kédougou,Kédougou,Kédougou,457,449,2024-06-01,83,79,453,3,4,440,57,1.26,Covid-19,74,10,45.17,26.93,modéré,25.2,60.3,995.9,False,0.89,0.77,0.14,144.5,10.5
11,Centre Hospitalier Régional de Kédougou,Kédougou,Kédougou,457,449,2024-06-02,49,15,147,1,310,426,28,2.44,Covid-19,104,1,83.44,13.41,élevé,29.1,76.2,1385.3,True,0.92,0.77,0.03,48.2,13.6
11,Centre Hospitalier Régional de Kédougou,Kédougou,Kédougou,457,449,2024-06-03,69,37,186,13,271,444,50,1.12,Paludisme,72,0,94.69,22.29,modéré,35.7,41.5,1105.9,False,0.82,0.78,0.08,9.6,54.9
11,Centre Hospitalier Régional de Kédougou,Kédougou,Kédougou,457,449,2024-06-04,63,49,168,10,289,417,43,0.17,Grippe,66,4,75.76,11.72,modéré,28.2,57.8,2633.8,False,0.46,0.35,0.06,75.1,59.3
11,Centre Hospitalier Régional de Kédougou,Kédougou,Kédougou,457,449,2024-06-05,47,5,83,22,374,409,12,3.51,Grippe,44,4,77.52,7.79,modéré,28.9,56.9,1707.9,False,0.95,0.83,0.1,40.0,3.1
11,Centre Hospitalier Régional de Kédougou,Kédougou,Kédougou,457,449,2024-06-06,50,24,238,14,219,449,58,1.74,Grippe,17,7,57.9,17.53,faible,34.0,69.3,4527.7,False,0.49,0.33,0.04,110.6,24.1
11,Centre Hospitalier Régional de Kédougou,Kédougou,Kédougou,457,449,2024-06-07,82,63,326,19,131,446,60,0.76,Paludisme,89,2,33.7,6.62,élevé,25.7,52.8,4549.9,True,1.0,0.45,0.09,70.9,11.4
11,Centre Hospitalier Régional de Kédougou,Kédougou,Kédougou,457,449,2024-06-08,42,75,439,8,18,433,12,2.89,Choléra,20,2,55.3,27.96,faible,30.9,86.3,1820.7,False,0.28,0.97,0.15,176.7,10.8
11,Centre Hospitalier Régional de Kédougou,Kédougou,Kédougou,457,449,2024-06-09,53,67,434,18,23,420,30,3.25,Covid-19,85,7,94.91,1.68,élevé,24.4,80.3,4773.7,True,0.57,0.39,0.18,67.5,47.0
11,Centre Hospitalier Régional de Kédougou,Kédougou,Kédougou,457,449,2024-06-10,56,11,452,11,5,411,20,2.92,Paludisme,29,8,47.83,10.92,faible,36.2,80.2,1569.0,False,1.0,0.44,0.18,56.3,44.8
11,Centre Hospitalier Régional de Kédougou,Kédougou,Kédougou,457,449,2024-06-11,78,70,157,19,300,411,36,1.28,Grippe,90,3,44.6,22.73,élevé,25.3,53.5,625.4,True,0.8,0.34,0.11,140.9,15.3
11,Centre Hospitalier Régional de Kédougou,Kédougou,Kédougou,457,449,2024-06-12,39,40,238,0,219,415,39,0.39,Covid-19,42,8,61.73,18.92,modéré,27.9,66.9,3802.0,False,0.58,0.97,0.08,32.9,22.5
11,Centre Hospitalier Régional de Kédougou,Kédougou,Kédougou,457,449,2024-06-13,68,23,211,0,246,406,50,1.67,Covid-19,20,10,90.63,23.5,faible,28.5,87.0,2507.6,False,0.88,0.64,0.0,124.2,6.9
11,Centre Hospitalier Régional de Kédougou,Kédougou,Kédougou,457,449,2024-06-14,80,46,423,4,34,432,32,2.62,Choléra,40,10,59.7,16.67,modéré,29.0,57.2,2911.6,False,0.44,0.92,0.12,57.7,4.3
11,Centre Hospitalier Régional de Kédougou,Kédougou,Kédougou,457,449,2024-06-15,17,51,359,10,98,420,27,3.08,Paludisme,100,5,91.18,22.91,élevé,26.2,56.1,2008.4,True,0.26,0.93,0.08,171.9,50.3
11,Centre Hospitalier Régional de Kédougou,Kédougou,Kédougou,457,449,2024-06-16,31,26,301,22,156,406,4,2.08,Choléra,90,10,52.17,21.77,élevé,37.1,54.8,710.3,True,0.85,0.42,0.06,82.8,47.0
11,Centre Hospitalier Régional de Kédougou,Kédougou,Kédougou,457,449,2024-06-17,72,23,127,0,330,439,26,1.16,Choléra,104,5,67.1,18.23,élevé,26.8,66.1,4068.5,True,0.68,0.42,0.09,46.8,33.4
11,Centre Hospitalier Régional de Kédougou,Kédougou,Kédougou,457,449,2024-06-18,94,62,453,17,4,400,60,1.85,Paludisme,100,2,76.56,15.22,élevé,31.4,73.2,3960.1,True,0.59,0.95,0.17,40.5,31.6
11,Centre Hospitalier Régional de Kédougou,Kédougou,Kédougou,457,449,2024-06-19,50,23,204,3,253,416,21,3.24,Dengue,93,0,75.86,23.74,élevé,38.3,47.6,2409.1,True,0.45,0.94,0.01,32.6,36.9
11,Centre Hospitalier Régional de Kédougou,Kédougou,Kédougou,457,449,2024-06-20,47,65,86,3,371,421,28,1.31,Paludisme,114,0,44.0,11.19,élevé,24.2,85.5,2180.8,True,0.33,0.3,0.18,11.0,24.8
11,Centre Hospitalier Régional de Kédougou,Kédougou,Kédougou,457,449,2024-06-21,55,38,251,8,206,446,17,1.1,Covid-19,87,4,55.38,19.01,élevé,35.5,66.8,4420.1,True,0.36,0.73,0.09,39.5,47.5
11,Centre Hospitalier Régional de Kédougou,Kédougou,Kédougou,457,449,2024-06-22,54,28,390,6,67,422,26,0.41,Paludisme,117,3,84.27,22.28,élevé,33.1,60.0,1306.8,True,0.31,0.45,0.14,71.6,46.7
11,Centre Hospitalier Régional de Kédougou,Kédougou,Kédougou,457,449,2024-06-23,46,86,92,8,365,436,60,2.05,Covid-19,80,10,40.17,20.79,élevé,23.3,65.6,4852.5,False,0.27,0.5,0.05,147.0,35.2
11,Centre Hospitalier Régional de Kédougou,Kédougou,Kédougou,457,449,2024-06-24,29,83,24,20,433,433,40,0.12,Paludisme,93,4,66.65,13.5,élevé,28.1,40.1,2686.5,True,0.23,0.89,0.06,114.3,54.5
11,Centre Hospitalier Régional de Kédougou,Kédougou,Kédougou,457,449,2024-06-25,51,51,223,1,234,429,30,3.33,Paludisme,17,3,87.94,5.8,faible,29.0,86.2,1470.7,False,0.32,0.8,0.17,150.2,8.1
11,Centre Hospitalier Régional de Kédougou,Kédougou,Kédougou,457,449,2024-06-26,11,55,423,12,34,402,2,2.32,Paludisme,118,6,45.26,23.28,élevé,26.6,69.2,298.9,True,0.28,0.85,0.11,84.9,48.9
11,Centre Hospitalier Régional de Kédougou,Kédougou,Kédougou,457,449,2024-06-27,30,89,257,19,200,400,48,2.93,Paludisme,92,3,35.94,17.34,élevé,33.2,50.6,3237.2,True,0.78,0.47,0.13,154.9,24.6
11,Centre Hospitalier Régional de Kédougou,Kédougou,Kédougou,457,449,2024-06-28,56,28,276,10,181,443,49,2.38,Covid-19,22,9,77.77,3.56,faible,35.7,82.7,2759.3,False,0.67,0.89,0.2,47.7,3.8
11,Centre Hospitalier Régional de Kédougou,Kédougou,Kédougou,457,449,2024-06-29,70,65,424,20,33,448,8,2.67,Choléra,117,8,35.34,26.43,élevé,26.9,54.4,4471.8,True,0.53,0.81,0.1,153.3,44.9
11,Centre Hospitalier Régional de Kédougou,Kédougou,Kédougou,457,449,2024-06-30,63,59,188,9,269,439,37,3.19,Dengue,110,3,37.68,11.38,élevé,33.4,83.3,3455.2,True,0.87,0.94,0.03,128.9,14.4
11,Centre Hospitalier Régional de Kédougou,Kédougou,Kédougou,457,449,2024-07-01,52,45,245,20,212,425,14,2.16,Covid-19,111,3,48.58,6.23,élevé,31.3,59.0,3563.5,True,0.68,0.53,0.02,30.2,40.7
11,Centre Hospitalier Régional de Kédougou,Kédougou,Kédougou,457,449,2024-07-02,99,52,444,7,13,445,31,0.43,Grippe,0,3,44.0,6.34,faible,31.3,75.2,4854.4,False,0.56,0.97,0.15,84.5,19.8
11,Centre Hospitalier Régional de Kédougou,Kédougou,Kédougou,457,449,2024-07-03,57,49,355,0,102,440,28,0.16,Grippe,18,10,46.14,28.24,faible,27.5,79.1,4633.6,False,0.29,0.69,0.18,39.7,26.0
11,Centre Hospitalier Régional de Kédougou,Kédougou,Kédougou,457,449,2024-07-04,13,12,380,9,77,431,58,3.75,Covid-19,108,3,72.29,24.16,élevé,37.0,48.3,1241.8,True,0.65,0.32,0.1,51.6,23.1
11,Centre Hospitalier Régional de Kédougou,Kédougou,Kédougou,457,449,2024-07-05,69,74,228,5,229,416,1,3.93,Paludisme,21,9,92.63,18.49,faible,30.1,60.9,550.4,False,0.77,0.35,0.04,127.4,25.5
11,Centre Hospitalier Régional de Kédougou,Kédougou,Kédougou,457,449,2024-07-06,73,56,405,5,52,411,16,3.3,Covid-19,45,2,88.95,17.07,modéré,23.5,43.1,3279.4,False,0.76,0.38,0.16,142.2,50.3
11,Centre Hospitalier Régional de Kédougou,Kédougou,Kédougou,457,449,2024-07-07,62,10,419,18,38,399,11,3.44,Paludisme,56,2,65.85,28.93,modéré,24.6,78.6,1406.3,False,0.66,0.39,0.14,103.9,16.2
11,Centre Hospitalier Régional de Kédougou,Kédougou,Kédougou,457,449,2024-07-08,86,77,183,11,274,424,0,3.99,Covid-19,51,10,49.16,15.86,modéré,33.0,88.6,418.8,False,0.28,0.81,0.05,45.1,17.8
11,Centre Hospitalier Régional de Kédougou,Kédougou,Kédougou,457,449,2024-07-09,29,65,325,2,132,438,52,0.35,Choléra,54,2,47.7,13.08,modéré,35.5,72.2,2705.7,False,0.87,0.74,0.04,78.2,21.8
11,Centre Hospitalier Régional de Kédougou,Kédougou,Kédougou,457,449,2024-07-10,14,73,352,22,105,414,5,0.36,Choléra,68,5,91.65,28.65,modéré,33.1,65.5,224.9,False,0.41,0.94,0.01,73.4,22.7
11,Centre Hospitalier Régional de Kédougou,Kédougou,Kédougou,457,449,2024-07-11,90,7,180,9,277,418,16,1.54,Paludisme,103,3,77.63,29.16,élevé,25.1,76.4,1097.4,True,0.38,0.45,0.13,170.7,21.9
11,Centre Hospitalier Régional de Kédougou,Kédougou,Kédougou,457,449,2024-07-12,59,49,222,6,235,422,15,1.84,Covid-19,14,2,54.68,7.23,faible,27.2,44.1,2096.5,False,0.33,0.72,0.11,18.7,51.9
11,Centre Hospitalier Régional de Kédougou,Kédougou,Kédougou,457,449,2024-07-13,92,73,67,6,390,419,15,2.69,Paludisme,87,3,70.76,3.14,élevé,30.1,76.6,2643.3,True,0.92,0.72,0.2,126.2,16.0
11,Centre Hospitalier Régional de Kédougou,Kédougou,Kédougou,457,449,2024-07-14,86,52,436,13,21,444,32,2.75,Dengue,111,1,45.67,2.51,élevé,30.7,79.0,3572.6,True,0.66,0.96,0.03,28.2,35.8
11,Centre Hospitalier Régional de Kédougou,Kédougou,Kédougou,457,449,2024-07-15,68,85,228,7,229,445,24,3.64,Grippe,107,4,44.46,6.51,élevé,36.3,84.5,4840.1,True,0.71,0.32,0.12,44.0,10.0
11,Centre Hospitalier Régional de Kédougou,Kédougou,Kédougou,457,449,2024-07-16,64,81,55,14,402,423,28,3.38,Paludisme,23,6,47.81,25.12,faible,36.5,67.7,772.4,False,0.64,0.58,0.09,102.1,30.9
11,Centre Hospitalier Régional de Kédougou,Kédougou,Kédougou,457,449,2024-07-17,55,32,35,4,422,425,38,0.98,Choléra,80,1,78.66,6.8,élevé,29.2,72.2,3184.2,False,0.47,0.9,0.06,42.2,31.8
11,Centre Hospitalier Régional de Kédougou,Kédougou,Kédougou,457,449,2024-07-18,21,34,122,1,335,448,24,2.42,Dengue,59,8,87.03,5.4,modéré,36.9,40.7,2724.7,False,0.37,0.68,0.14,40.9,37.0
11,Centre Hospitalier Régional de Kédougou,Kédougou,Kédougou,457,449,2024-07-19,51,61,447,18,10,399,11,2.05,Dengue,65,7,38.72,16.38,modéré,22.5,64.0,4728.8,False,0.33,0.67,0.09,62.9,39.1
11,Centre Hospitalier Régional de Kédougou,Kédougou,Kédougou,457,449,2024-07-20,67,52,165,9,292,425,38,2.41,Choléra,33,8,70.24,18.59,modéré,31.8,45.6,4730.3,False,0.93,0.84,0.09,47.8,29.5
11,Centre Hospitalier Régional de Kédougou,Kédougou,Kédougou,457,449,2024-07-21,79,23,248,13,209,437,47,1.3,Covid-19,48,0,88.2,18.69,modéré,29.1,56.9,312.1,False,0.63,0.81,0.18,134.5,53.1
11,Centre Hospitalier Régional de Kédougou,Kédougou,Kédougou,457,449,2024-07-22,82,56,334,0,123,405,34,0.82,Paludisme,11,0,63.82,1.14,faible,22.0,74.0,1127.5,False,0.77,0.97,0.05,69.0,26.3
11,Centre Hospitalier Régional de Kédougou,Kédougou,Kédougou,457,449,2024-07-23,75,19,285,10,172,399,27,3.06,Choléra,68,1,78.77,4.45,modéré,22.4,85.6,4843.7,False,1.0,0.35,0.16,5.1,23.5
11,Centre Hospitalier Régional de Kédougou,Kédougou,Kédougou,457,449,2024-07-24,23,42,158,1,299,443,40,1.01,Choléra,100,7,42.37,15.64,élevé,34.2,47.1,2181.8,True,0.36,0.34,0.09,21.2,50.2
11,Centre Hospitalier Régional de Kédougou,Kédougou,Kédougou,457,449,2024-07-25,73,83,394,14,63,430,11,3.87,Covid-19,85,0,50.54,10.38,élevé,28.2,65.1,1935.3,True,0.22,0.48,0.18,80.0,4.4
11,Centre Hospitalier Régional de Kédougou,Kédougou,Kédougou,457,449,2024-07-26,87,8,209,1,248,443,23,2.24,Dengue,31,7,78.7,29.37,modéré,22.4,40.7,4167.3,False,0.67,0.86,0.03,14.7,26.2
11,Centre Hospitalier Régional de Kédougou,Kédougou,Kédougou,457,449,2024-07-27,37,42,313,11,144,446,21,1.99,Covid-19,13,0,94.6,21.59,faible,24.6,44.3,1504.7,False,0.39,0.37,0.03,153.3,24.0
11,Centre Hospitalier Régional de Kédougou,Kédougou,Kédougou,457,449,2024-07-28,34,51,120,14,337,425,2,0.3,Choléra,21,5,93.78,11.52,faible,33.1,88.0,1250.7,False,0.57,0.44,0.14,96.0,7.3
11,Centre Hospitalier Régional de Kédougou,Kédougou,Kédougou,457,449,2024-07-29,85,36,440,1,17,406,29,1.9,Choléra,56,8,39.7,17.48,modéré,32.7,81.9,4846.5,False,0.6,0.47,0.07,27.5,22.2
11,Centre Hospitalier Régional de Kédougou,Kédougou,Kédougou,457,449,2024-07-30,26,66,59,24,398,423,24,1.39,Grippe,79,6,86.28,4.53,modéré,28.9,86.6,3484.0,False,0.46,0.39,0.05,40.3,22.2
11,Centre Hospitalier Régional de Kédougou,Kédougou,Kédougou,457,449,2024-07-31,97,46,105,0,352,436,33,0.29,Grippe,48,3,48.61,14.22,modéré,31.8,56.9,3405.5,False,0.93,0.76,0.15,84.1,49.5
11,Centre Hospitalier Régional de Kédougou,Kédougou,Kédougou,457,449,2024-08-01,80,87,226,6,231,440,31,0.88,Dengue,60,9,56.35,23.37,modéré,23.1,72.4,350.2,False,0.79,0.96,0.15,109.4,48.5
11,Centre Hospitalier Régional de Kédougou,Kédougou,Kédougou,457,449,2024-08-02,33,79,301,11,156,408,21,2.0,Grippe,63,4,89.73,24.67,modéré,33.1,52.8,3697.1,False,0.45,0.73,0.14,82.8,28.1
11,Centre Hospitalier Régional de Kédougou,Kédougou,Kédougou,457,449,2024-08-03,69,60,370,17,87,443,55,1.24,Dengue,80,4,46.63,14.55,élevé,23.6,40.9,395.5,False,0.29,0.43,0.12,144.0,27.5
11,Centre Hospitalier Régional de Kédougou,Kédougou,Kédougou,457,449,2024-08-04,17,16,44,6,413,420,15,1.31,Grippe,52,2,86.27,12.33,modéré,25.9,45.5,2513.4,False,0.38,0.7,0.1,132.3,47.2
11,Centre Hospitalier Régional de Kédougou,Kédougou,Kédougou,457,449,2024-08-05,50,64,104,9,353,446,32,3.67,Paludisme,11,9,67.72,14.22,faible,37.2,89.3,3518.9,False,0.75,0.96,0.17,153.7,37.6
11,Centre Hospitalier Régional de Kédougou,Kédougou,Kédougou,457,449,2024-08-06,61,66,270,9,187,414,46,0.27,Paludisme,84,10,89.73,7.5,élevé,34.6,89.2,4694.5,True,0.71,0.32,0.03,108.3,21.7
11,Centre Hospitalier Régional de Kédougou,Kédougou,Kédougou,457,449,2024-08-07,39,30,54,12,403,412,30,1.16,Dengue,84,1,34.44,25.97,élevé,35.1,55.3,4928.8,True,0.3,0.78,0.17,96.8,56.5
11,Centre Hospitalier Régional de Kédougou,Kédougou,Kédougou,457,449,2024-08-08,25,51,297,9,160,414,35,0.54,Choléra,71,1,49.34,29.26,modéré,35.1,50.0,2522.9,False,0.3,0.47,0.2,42.9,6.8
11,Centre Hospitalier Régional de Kédougou,Kédougou,Kédougou,457,449,2024-08-09,36,47,330,19,127,443,6,0.83,Grippe,25,0,88.11,24.2,faible,27.9,67.6,1517.6,False,0.36,0.92,0.11,92.6,32.6
11,Centre Hospitalier Régional de Kédougou,Kédougou,Kédougou,457,449,2024-08-10,67,15,283,1,174,440,36,1.17,Dengue,95,10,88.55,9.93,élevé,28.9,76.6,472.9,True,0.66,0.94,0.14,67.8,35.9
11,Centre Hospitalier Régional de Kédougou,Kédougou,Kédougou,457,449,2024-08-11,40,67,124,23,333,407,24,1.19,Dengue,67,3,43.38,20.75,modéré,31.6,65.6,2753.7,False,0.72,0.49,0.04,17.9,12.6
11,Centre Hospitalier Régional de Kédougou,Kédougou,Kédougou,457,449,2024-08-12,53,47,181,12,276,446,37,2.94,Grippe,108,4,89.36,17.57,élevé,29.8,77.5,818.4,True,0.76,0.53,0.01,152.1,58.8
11,Centre Hospitalier Régional de Kédougou,Kédougou,Kédougou,457,449,2024-08-13,20,8,252,23,205,400,35,2.48,Choléra,20,10,53.86,22.22,faible,28.6,56.6,1489.6,False,0.69,0.57,0.02,55.1,36.2
11,Centre Hospitalier Régional de Kédougou,Kédougou,Kédougou,457,449,2024-08-14,42,38,158,1,299,413,4,1.97,Paludisme,109,4,78.0,6.78,élevé,28.8,60.3,4685.9,True,0.68,0.33,0.07,40.5,48.9
11,Centre Hospitalier Régional de Kédougou,Kédougou,Kédougou,457,449,2024-08-15,68,13,89,3,368,405,20,3.26,Covid-19,94,3,53.89,5.98,élevé,23.1,40.4,1811.4,True,0.96,0.61,0.12,90.3,49.9
11,Centre Hospitalier Régional de Kédougou,Kédougou,Kédougou,457,449,2024-08-16,57,27,427,14,30,415,47,1.77,Choléra,23,9,56.44,23.43,faible,25.0,69.1,737.1,False,0.82,0.33,0.01,132.8,18.0
11,Centre Hospitalier Régional de Kédougou,Kédougou,Kédougou,457,449,2024-08-17,63,50,49,14,408,449,37,2.06,Grippe,100,6,80.13,1.06,élevé,32.3,74.1,2843.5,True,0.3,0.75,0.0,36.0,22.4
11,Centre Hospitalier Régional de Kédougou,Kédougou,Kédougou,457,449,2024-08-18,60,57,225,2,232,416,46,1.17,Grippe,103,4,89.26,12.98,élevé,26.0,65.3,1855.4,True,0.54,0.93,0.09,90.1,28.4
11,Centre Hospitalier Régional de Kédougou,Kédougou,Kédougou,457,449,2024-08-19,59,21,137,15,320,419,32,0.28,Covid-19,95,4,60.59,27.55,élevé,31.7,81.2,3679.7,True,0.35,0.48,0.1,146.1,24.0
11,Centre Hospitalier Régional de Kédougou,Kédougou,Kédougou,457,449,2024-08-20,52,8,360,10,97,414,47,0.99,Grippe,60,3,31.82,16.02,modéré,33.1,81.1,1240.6,False,0.73,0.88,0.06,136.3,24.7
11,Centre Hospitalier Régional de Kédougou,Kédougou,Kédougou,457,449,2024-08-21,52,85,141,14,316,435,51,2.62,Covid-19,61,8,71.78,11.67,modéré,28.3,81.8,261.0,False,0.61,0.64,0.04,73.0,41.6
11,Centre Hospitalier Régional de Kédougou,Kédougou,Kédougou,457,449,2024-08-22,33,42,21,3,436,415,30,3.02,Paludisme,16,2,46.83,17.9,faible,32.9,78.3,2617.4,False,0.77,0.68,0.02,46.0,54.3
11,Centre Hospitalier Régional de Kédougou,Kédougou,Kédougou,457,449,2024-08-23,75,25,273,17,184,411,30,1.6,Grippe,48,7,52.61,9.29,modéré,23.5,78.9,1490.8,False,0.41,0.55,0.1,100.4,6.2
11,Centre Hospitalier Régional de Kédougou,Kédougou,Kédougou,457,449,2024-08-24,67,64,343,3,114,420,28,1.48,Grippe,52,3,80.37,28.83,modéré,25.9,85.1,2372.1,False,0.87,0.52,0.02,169.4,35.9
11,Centre Hospitalier Régional de Kédougou,Kédougou,Kédougou,457,449,2024-08-25,98,7,380,16,77,435,16,2.54,Grippe,35,7,84.85,8.79,modéré,36.7,48.1,2609.1,False,0.52,0.39,0.06,43.1,28.6
11,Centre Hospitalier Régional de Kédougou,Kédougou,Kédougou,457,449,2024-08-26,37,48,318,1,139,439,9,3.13,Dengue,68,2,48.88,23.85,modéré,28.3,65.6,998.3,False,0.58,0.91,0.16,104.7,43.5
11,Centre Hospitalier Régional de Kédougou,Kédougou,Kédougou,457,449,2024-08-27,98,7,81,3,376,431,48,3.36,Choléra,19,5,87.8,23.51,faible,24.1,83.5,1069.5,False,0.66,0.62,0.09,162.4,43.5
11,Centre Hospitalier Régional de Kédougou,Kédougou,Kédougou,457,449,2024-08-28,46,24,220,10,237,444,27,1.13,Paludisme,81,6,37.57,15.69,élevé,29.9,89.2,440.9,True,0.74,0.87,0.16,93.9,4.1
11,Centre Hospitalier Régional de Kédougou,Kédougou,Kédougou,457,449,2024-08-29,66,16,79,3,378,410,46,1.04,Choléra,35,6,48.06,7.68,modéré,26.3,47.0,2415.1,False,0.88,0.89,0.14,40.7,33.5
11,Centre Hospitalier Régional de Kédougou,Kédougou,Kédougou,457,449,2024-08-30,89,53,138,11,319,410,10,3.17,Covid-19,91,6,33.37,16.13,élevé,25.3,64.6,126.2,True,0.3,0.74,0.11,168.5,16.6
11,Centre Hospitalier Régional de Kédougou,Kédougou,Kédougou,457,449,2024-08-31,14,38,239,25,218,418,6,3.52,Covid-19,100,3,43.0,24.88,élevé,32.8,64.5,4208.1,True,0.83,0.99,0.1,53.0,26.3
11,Centre Hospitalier Régional de Kédougou,Kédougou,Kédougou,457,449,2024-09-01,53,85,137,12,320,422,48,0.77,Choléra,81,7,50.44,28.83,élevé,32.1,52.7,3573.2,True,0.97,0.99,0.17,35.6,30.6
11,Centre Hospitalier Régional de Kédougou,Kédougou,Kédougou,457,449,2024-09-02,63,33,222,4,235,416,15,1.11,Covid-19,91,7,72.91,7.75,élevé,24.5,55.2,2596.4,True,0.9,0.87,0.07,121.7,48.8
11,Centre Hospitalier Régional de Kédougou,Kédougou,Kédougou,457,449,2024-09-03,12,89,334,0,123,420,19,0.14,Grippe,54,7,42.11,11.1,modéré,34.9,70.1,1159.9,False,0.61,0.54,0.16,133.0,59.4
11,Centre Hospitalier Régional de Kédougou,Kédougou,Kédougou,457,449,2024-09-04,46,26,455,17,2,412,22,0.44,Dengue,83,9,76.82,3.28,élevé,28.0,44.5,3269.5,True,0.24,0.3,0.15,129.6,3.2
11,Centre Hospitalier Régional de Kédougou,Kédougou,Kédougou,457,449,2024-09-05,71,71,435,4,22,410,29,1.94,Paludisme,24,2,73.67,18.11,faible,23.3,86.2,1217.1,False,0.7,0.79,0.13,136.1,14.8
11,Centre Hospitalier Régional de Kédougou,Kédougou,Kédougou,457,449,2024-09-06,19,80,236,21,221,437,60,1.41,Covid-19,63,1,38.76,26.39,modéré,31.7,58.2,4947.3,False,0.75,0.83,0.16,171.4,6.7
11,Centre Hospitalier Régional de Kédougou,Kédougou,Kédougou,457,449,2024-09-07,41,80,401,24,56,428,33,1.4,Dengue,45,6,46.77,14.03,modéré,22.4,66.2,4025.1,False,0.57,0.76,0.07,130.8,53.1
11,Centre Hospitalier Régional de Kédougou,Kédougou,Kédougou,457,449,2024-09-08,32,43,412,2,45,446,30,3.61,Choléra,31,2,75.52,21.15,modéré,27.1,87.1,4108.1,False,0.57,0.74,0.19,158.3,55.4
11,Centre Hospitalier Régional de Kédougou,Kédougou,Kédougou,457,449,2024-09-09,31,24,441,17,16,427,32,0.73,Choléra,5,4,93.14,1.13,faible,28.5,41.8,2853.1,False,0.54,0.7,0.14,172.0,10.2
11,Centre Hospitalier Régional de Kédougou,Kédougou,Kédougou,457,449,2024-09-10,72,26,446,14,11,421,38,2.52,Dengue,31,10,33.66,17.05,modéré,29.9,66.9,3881.2,False,0.77,0.71,0.14,106.5,26.2
11,Centre Hospitalier Régional de Kédougou,Kédougou,Kédougou,457,449,2024-09-11,59,56,358,24,99,416,59,1.31,Paludisme,27,10,35.86,12.91,faible,34.3,69.9,3783.6,False,0.27,0.89,0.12,178.4,33.9
11,Centre Hospitalier Régional de Kédougou,Kédougou,Kédougou,457,449,2024-09-12,63,54,416,1,41,404,52,0.37,Covid-19,14,7,42.71,4.48,faible,36.0,64.1,4639.4,False,0.52,0.43,0.13,149.3,39.5
11,Centre Hospitalier Régional de Kédougou,Kédougou,Kédougou,457,449,2024-09-13,62,9,243,12,214,449,31,1.62,Dengue,96,4,48.77,16.23,élevé,35.3,80.2,4897.8,True,0.2,0.67,0.15,123.0,44.1
11,Centre Hospitalier Régional de Kédougou,Kédougou,Kédougou,457,449,2024-09-14,22,43,361,3,96,426,54,2.54,Dengue,61,1,37.09,20.43,modéré,23.3,48.3,4843.7,False,0.66,0.62,0.18,14.0,6.7
11,Centre Hospitalier Régional de Kédougou,Kédougou,Kédougou,457,449,2024-09-15,94,53,437,19,20,438,58,0.17,Dengue,31,9,81.5,22.54,modéré,24.9,73.4,4476.6,False,0.24,0.69,0.13,6.9,7.2
11,Centre Hospitalier Régional de Kédougou,Kédougou,Kédougou,457,449,2024-09-16,20,11,116,5,341,434,18,1.61,Paludisme,61,8,71.0,17.96,modéré,26.1,60.0,2288.8,False,0.74,0.38,0.16,5.8,14.3
11,Centre Hospitalier Régional de Kédougou,Kédougou,Kédougou,457,449,2024-09-17,95,77,344,19,113,413,1,3.12,Covid-19,34,0,75.86,9.48,modéré,37.9,78.7,3636.8,False,0.7,0.45,0.14,132.5,60.0
11,Centre Hospitalier Régional de Kédougou,Kédougou,Kédougou,457,449,2024-09-18,77,71,348,3,109,415,1,2.85,Dengue,117,10,61.65,18.51,élevé,22.5,45.0,3376.5,True,0.94,0.86,0.02,80.4,26.5
11,Centre Hospitalier Régional de Kédougou,Kédougou,Kédougou,457,449,2024-09-19,75,43,439,7,18,420,31,0.3,Dengue,89,4,34.64,5.22,élevé,25.0,79.0,3091.1,True,0.88,0.93,0.07,70.5,46.4
11,Centre Hospitalier Régional de Kédougou,Kédougou,Kédougou,457,449,2024-09-20,100,70,44,10,413,443,22,2.31,Paludisme,52,6,62.16,16.37,modéré,35.1,49.6,1973.6,False,0.68,0.42,0.04,179.2,49.1
11,Centre Hospitalier Régional de Kédougou,Kédougou,Kédougou,457,449,2024-09-21,69,41,379,21,78,440,40,2.11,Grippe,66,10,87.02,22.47,modéré,28.1,78.8,4969.9,False,0.4,0.77,0.12,51.2,23.9
11,Centre Hospitalier Régional de Kédougou,Kédougou,Kédougou,457,449,2024-09-22,38,90,131,7,326,413,34,3.35,Covid-19,88,4,75.64,10.91,élevé,24.8,70.9,2024.7,True,0.79,0.89,0.16,25.7,59.1
11,Centre Hospitalier Régional de Kédougou,Kédougou,Kédougou,457,449,2024-09-23,33,21,143,12,314,446,41,1.61,Covid-19,92,2,85.26,2.45,élevé,23.1,85.8,4125.4,True,0.99,0.39,0.08,70.8,26.5
11,Centre Hospitalier Régional de Kédougou,Kédougou,Kédougou,457,449,2024-09-24,16,66,23,19,434,407,1,1.2,Dengue,84,9,72.34,9.77,élevé,32.7,41.4,3779.6,True,0.7,0.43,0.1,160.1,24.2
11,Centre Hospitalier Régional de Kédougou,Kédougou,Kédougou,457,449,2024-09-25,29,41,330,5,127,410,9,1.37,Choléra,101,4,60.15,24.8,élevé,30.0,74.7,1532.2,True,0.93,0.62,0.01,175.6,7.9
11,Centre Hospitalier Régional de Kédougou,Kédougou,Kédougou,457,449,2024-09-26,35,67,262,8,195,449,6,3.07,Covid-19,110,1,53.64,12.75,élevé,24.6,66.5,4916.7,True,0.76,0.86,0.04,129.5,37.5
11,Centre Hospitalier Régional de Kédougou,Kédougou,Kédougou,457,449,2024-09-27,33,25,49,15,408,432,22,1.72,Dengue,35,7,50.98,8.51,modéré,29.6,69.7,565.7,False,0.8,0.85,0.01,14.9,20.1
11,Centre Hospitalier Régional de Kédougou,Kédougou,Kédougou,457,449,2024-09-28,85,77,455,6,2,429,23,1.67,Dengue,64,7,73.68,1.36,modéré,22.9,82.4,598.7,False,0.65,0.4,0.06,117.4,47.0
11,Centre Hospitalier Régional de Kédougou,Kédougou,Kédougou,457,449,2024-09-29,43,49,192,13,265,436,60,1.61,Choléra,31,2,30.8,20.0,modéré,33.6,49.2,1558.1,False,0.28,0.49,0.14,30.8,55.9
11,Centre Hospitalier Régional de Kédougou,Kédougou,Kédougou,457,449,2024-09-30,100,83,155,18,302,406,25,3.25,Choléra,53,5,91.87,28.83,modéré,33.9,61.4,2635.1,False,0.37,0.8,0.18,162.2,28.0
11,Centre Hospitalier Régional de Kédougou,Kédougou,Kédougou,457,449,2024-10-01,96,11,197,8,260,429,5,2.8,Covid-19,58,2,48.28,18.81,modéré,25.3,48.4,2991.8,False,0.9,0.71,0.04,64.9,55.6
11,Centre Hospitalier Régional de Kédougou,Kédougou,Kédougou,457,449,2024-10-02,62,83,308,17,149,446,48,1.82,Dengue,117,0,56.72,27.75,élevé,35.6,43.7,3327.3,True,0.59,0.77,0.16,97.5,13.3
11,Centre Hospitalier Régional de Kédougou,Kédougou,Kédougou,457,449,2024-10-03,49,8,452,25,5,429,19,0.35,Paludisme,33,8,86.77,9.38,modéré,25.2,86.1,2706.1,False,0.93,0.84,0.19,25.0,50.1
11,Centre Hospitalier Régional de Kédougou,Kédougou,Kédougou,457,449,2024-10-04,50,39,271,22,186,441,60,0.71,Dengue,109,10,55.67,5.82,élevé,33.7,80.4,4533.5,True,0.82,0.77,0.19,57.7,18.3
11,Centre Hospitalier Régional de Kédougou,Kédougou,Kédougou,457,449,2024-10-05,81,7,421,3,36,409,50,1.54,Covid-19,66,4,60.12,21.25,modéré,24.4,60.6,2876.6,False,0.93,0.55,0.16,121.9,35.9
11,Centre Hospitalier Régional de Kédougou,Kédougou,Kédougou,457,449,2024-10-06,98,73,79,2,378,412,5,0.76,Paludisme,111,0,37.36,26.31,élevé,33.3,40.1,4233.6,True,0.72,0.48,0.02,162.6,15.0
11,Centre Hospitalier Régional de Kédougou,Kédougou,Kédougou,457,449,2024-10-07,46,45,41,8,416,399,46,0.95,Grippe,76,8,64.71,13.64,modéré,36.4,82.0,4125.7,False,0.41,0.83,0.1,178.8,33.4
11,Centre Hospitalier Régional de Kédougou,Kédougou,Kédougou,457,449,2024-10-08,39,26,111,23,346,404,7,1.26,Paludisme,101,3,53.22,20.64,élevé,35.1,70.8,1435.1,True,0.21,0.32,0.11,109.6,12.4
11,Centre Hospitalier Régional de Kédougou,Kédougou,Kédougou,457,449,2024-10-09,93,56,161,7,296,432,11,1.64,Dengue,52,3,76.79,5.98,modéré,29.1,84.6,3320.3,False,0.64,0.55,0.08,83.4,20.7
11,Centre Hospitalier Régional de Kédougou,Kédougou,Kédougou,457,449,2024-10-10,70,65,75,1,382,406,20,2.93,Paludisme,37,1,93.54,8.92,modéré,32.8,57.8,853.3,False,0.28,0.86,0.14,19.1,42.9
11,Centre Hospitalier Régional de Kédougou,Kédougou,Kédougou,457,449,2024-10-11,93,36,212,19,245,444,30,3.31,Choléra,108,10,67.76,23.82,élevé,32.1,47.7,2678.6,True,0.94,0.94,0.1,30.4,54.1
11,Centre Hospitalier Régional de Kédougou,Kédougou,Kédougou,457,449,2024-10-12,54,19,196,24,261,447,10,3.11,Grippe,72,5,45.74,12.02,modéré,28.1,73.9,3837.9,False,0.21,0.62,0.02,33.8,25.1
11,Centre Hospitalier Régional de Kédougou,Kédougou,Kédougou,457,449,2024-10-13,72,58,114,3,343,421,41,0.62,Covid-19,77,6,69.19,7.27,modéré,34.3,78.5,3459.8,False,0.51,0.58,0.13,172.0,15.4
11,Centre Hospitalier Régional de Kédougou,Kédougou,Kédougou,457,449,2024-10-14,81,37,346,17,111,439,38,2.46,Paludisme,27,1,63.91,6.89,faible,34.4,72.0,2808.7,False,0.68,0.59,0.17,59.9,59.0
11,Centre Hospitalier Régional de Kédougou,Kédougou,Kédougou,457,449,2024-10-15,98,40,160,21,297,400,17,2.97,Paludisme,4,5,74.18,25.22,faible,27.9,64.8,805.3,False,0.56,0.42,0.13,44.7,22.1
11,Centre Hospitalier Régional de Kédougou,Kédougou,Kédougou,457,449,2024-10-16,84,80,365,14,92,423,50,1.12,Covid-19,45,0,63.72,15.44,modéré,24.0,74.0,3014.6,False,0.51,0.49,0.0,7.1,59.6
11,Centre Hospitalier Régional de Kédougou,Kédougou,Kédougou,457,449,2024-10-17,35,32,105,16,352,413,44,2.27,Paludisme,68,8,51.84,25.51,modéré,38.1,74.5,1765.6,False,0.59,0.93,0.02,138.3,11.8
11,Centre Hospitalier Régional de Kédougou,Kédougou,Kédougou,457,449,2024-10-18,92,32,176,16,281,401,12,2.34,Choléra,68,3,31.07,4.81,modéré,35.6,62.6,119.4,False,0.86,0.36,0.2,33.4,6.1
11,Centre Hospitalier Régional de Kédougou,Kédougou,Kédougou,457,449,2024-10-19,36,80,403,24,54,449,43,1.0,Covid-19,67,2,62.16,9.62,modéré,25.1,47.2,2371.7,False,0.91,0.76,0.03,12.0,37.4
11,Centre Hospitalier Régional de Kédougou,Kédougou,Kédougou,457,449,2024-10-20,37,8,175,12,282,447,53,1.98,Grippe,110,1,49.7,24.99,élevé,37.0,55.1,2151.2,True,0.81,0.95,0.15,163.8,4.1
11,Centre Hospitalier Régional de Kédougou,Kédougou,Kédougou,457,449,2024-10-21,36,23,165,22,292,428,44,3.93,Covid-19,71,7,93.92,9.29,modéré,33.5,78.8,4635.3,False,0.25,0.58,0.19,63.9,56.8
11,Centre Hospitalier Régional de Kédougou,Kédougou,Kédougou,457,449,2024-10-22,36,52,308,20,149,436,60,1.92,Grippe,82,3,82.55,13.57,élevé,25.7,60.0,3148.5,True,0.42,0.93,0.14,60.4,54.8
11,Centre Hospitalier Régional de Kédougou,Kédougou,Kédougou,457,449,2024-10-23,88,22,294,9,163,406,23,3.19,Covid-19,63,5,67.62,9.9,modéré,32.0,63.2,4987.6,False,0.52,0.52,0.12,35.8,53.5
11,Centre Hospitalier Régional de Kédougou,Kédougou,Kédougou,457,449,2024-10-24,96,17,32,7,425,444,54,0.6,Choléra,1,8,89.48,11.64,faible,38.3,59.2,3948.9,False,0.83,0.51,0.04,67.1,34.5
11,Centre Hospitalier Régional de Kédougou,Kédougou,Kédougou,457,449,2024-10-25,48,85,207,22,250,441,59,1.84,Dengue,77,10,57.92,26.41,modéré,23.0,51.9,4896.5,False,0.98,0.65,0.17,145.2,42.8
11,Centre Hospitalier Régional de Kédougou,Kédougou,Kédougou,457,449,2024-10-26,90,37,198,19,259,445,3,3.34,Paludisme,15,10,51.68,7.97,faible,35.2,78.5,426.6,False,0.59,0.65,0.12,105.6,18.4
11,Centre Hospitalier Régional de Kédougou,Kédougou,Kédougou,457,449,2024-10-27,72,73,88,15,369,428,15,2.99,Grippe,96,10,78.08,24.8,élevé,30.0,72.6,3023.4,True,0.28,0.33,0.13,152.3,22.1
11,Centre Hospitalier Régional de Kédougou,Kédougou,Kédougou,457,449,2024-10-28,86,51,296,15,161,411,28,3.49,Dengue,33,0,73.06,26.69,modéré,34.4,56.7,1013.6,False,0.21,0.47,0.01,119.1,43.3
11,Centre Hospitalier Régional de Kédougou,Kédougou,Kédougou,457,449,2024-10-29,42,32,237,4,220,402,48,2.81,Paludisme,3,1,49.41,9.96,faible,28.4,55.5,451.1,False,0.57,0.37,0.06,72.0,34.6
11,Centre Hospitalier Régional de Kédougou,Kédougou,Kédougou,457,449,2024-10-30,41,35,150,7,307,445,3,3.06,Grippe,74,10,64.84,15.62,modéré,23.0,42.5,3224.6,False,0.72,0.84,0.05,141.9,21.5
11,Centre Hospitalier Régional de Kédougou,Kédougou,Kédougou,457,449,2024-10-31,22,49,72,20,385,403,12,2.54,Covid-19,2,9,87.0,9.0,faible,36.5,79.7,148.3,False,0.87,0.88,0.02,32.9,7.3
11,Centre Hospitalier Régional de Kédougou,Kédougou,Kédougou,457,449,2024-11-01,89,17,324,2,133,424,56,0.44,Paludisme,104,3,43.36,26.61,élevé,26.3,83.4,2692.3,True,0.75,0.76,0.15,104.8,29.1
11,Centre Hospitalier Régional de Kédougou,Kédougou,Kédougou,457,449,2024-11-02,23,27,212,2,245,426,14,1.66,Covid-19,32,9,68.75,5.89,modéré,36.9,50.6,3430.3,False,0.57,0.39,0.2,119.6,15.7
11,Centre Hospitalier Régional de Kédougou,Kédougou,Kédougou,457,449,2024-11-03,97,90,207,16,250,408,52,3.96,Dengue,38,10,37.79,2.59,modéré,27.2,71.1,3097.1,False,0.35,0.86,0.03,97.2,8.2
11,Centre Hospitalier Régional de Kédougou,Kédougou,Kédougou,457,449,2024-11-04,44,30,225,14,232,412,40,3.95,Choléra,91,2,86.31,10.01,élevé,27.8,48.3,2674.5,True,0.35,0.45,0.01,25.4,10.1
11,Centre Hospitalier Régional de Kédougou,Kédougou,Kédougou,457,449,2024-11-05,37,21,324,18,133,408,36,2.98,Paludisme,45,3,72.59,25.45,modéré,25.2,59.2,1514.1,False,0.6,0.55,0.01,76.4,3.2
11,Centre Hospitalier Régional de Kédougou,Kédougou,Kédougou,457,449,2024-11-06,93,88,434,6,23,415,58,1.32,Paludisme,30,0,91.97,9.51,modéré,36.9,84.3,2025.8,False,0.46,0.98,0.19,18.5,24.0
11,Centre Hospitalier Régional de Kédougou,Kédougou,Kédougou,457,449,2024-11-07,21,9,58,10,399,430,9,3.14,Paludisme,54,6,33.13,17.12,modéré,24.6,66.5,2281.6,False,0.72,0.8,0.04,138.4,15.5
11,Centre Hospitalier Régional de Kédougou,Kédougou,Kédougou,457,449,2024-11-08,52,38,78,12,379,402,15,2.56,Paludisme,72,2,57.08,9.99,modéré,34.3,44.2,4933.3,False,0.31,0.57,0.2,156.9,53.5
11,Centre Hospitalier Régional de Kédougou,Kédougou,Kédougou,457,449,2024-11-09,82,88,139,6,318,446,32,3.37,Grippe,120,7,94.63,4.4,élevé,23.4,67.1,3326.4,True,0.32,0.63,0.1,176.6,49.6
11,Centre Hospitalier Régional de Kédougou,Kédougou,Kédougou,457,449,2024-11-10,71,60,39,14,418,446,6,1.56,Dengue,40,10,52.85,26.62,modéré,22.4,74.8,1036.2,False,0.68,0.32,0.19,149.5,54.3
11,Centre Hospitalier Régional de Kédougou,Kédougou,Kédougou,457,449,2024-11-11,45,30,334,9,123,427,18,1.49,Dengue,6,10,66.64,2.24,faible,38.1,63.7,395.7,False,0.27,0.96,0.06,35.9,5.8
11,Centre Hospitalier Régional de Kédougou,Kédougou,Kédougou,457,449,2024-11-12,27,47,305,20,152,425,6,3.91,Covid-19,37,10,33.26,5.67,modéré,29.6,88.8,2391.7,False,0.74,0.75,0.15,132.0,8.1
11,Centre Hospitalier Régional de Kédougou,Kédougou,Kédougou,457,449,2024-11-13,87,65,77,20,380,427,32,1.81,Grippe,75,10,41.75,15.1,modéré,37.8,47.3,2535.1,False,0.26,0.4,0.06,175.4,36.8
11,Centre Hospitalier Régional de Kédougou,Kédougou,Kédougou,457,449,2024-11-14,64,10,222,3,235,401,50,1.52,Choléra,85,5,39.1,23.87,élevé,25.3,81.1,4352.1,True,0.68,0.41,0.11,30.9,18.5
11,Centre Hospitalier Régional de Kédougou,Kédougou,Kédougou,457,449,2024-11-15,68,37,172,2,285,420,4,3.92,Choléra,115,2,64.97,5.85,élevé,35.4,63.2,2965.5,True,0.66,0.8,0.01,83.2,46.7
11,Centre Hospitalier Régional de Kédougou,Kédougou,Kédougou,457,449,2024-11-16,95,54,230,11,227,432,13,2.22,Grippe,31,8,50.55,11.43,modéré,22.0,83.3,541.9,False,0.37,0.73,0.15,128.4,7.1
11,Centre Hospitalier Régional de Kédougou,Kédougou,Kédougou,457,449,2024-11-17,77,16,435,16,22,423,0,0.56,Choléra,13,9,74.79,6.19,faible,29.5,43.9,4667.4,False,0.85,0.44,0.01,35.5,22.3
11,Centre Hospitalier Régional de Kédougou,Kédougou,Kédougou,457,449,2024-11-18,51,54,380,4,77,415,41,0.2,Choléra,119,3,40.97,18.95,élevé,33.0,78.7,3405.9,True,0.38,0.43,0.01,27.4,16.4
11,Centre Hospitalier Régional de Kédougou,Kédougou,Kédougou,457,449,2024-11-19,86,6,198,20,259,411,20,2.57,Choléra,23,1,88.25,20.95,faible,24.6,52.6,1618.6,False,0.88,0.85,0.18,107.3,29.5
11,Centre Hospitalier Régional de Kédougou,Kédougou,Kédougou,457,449,2024-11-20,49,8,410,10,47,405,24,2.55,Covid-19,78,8,65.13,18.11,modéré,31.0,69.7,1487.5,False,0.83,0.79,0.19,110.6,44.2
11,Centre Hospitalier Régional de Kédougou,Kédougou,Kédougou,457,449,2024-11-21,56,66,162,8,295,401,20,1.1,Dengue,20,6,38.15,15.97,faible,32.9,65.0,3511.8,False,0.76,0.91,0.05,88.6,56.3
11,Centre Hospitalier Régional de Kédougou,Kédougou,Kédougou,457,449,2024-11-22,31,80,365,23,92,401,59,2.01,Dengue,35,3,38.45,4.04,modéré,22.1,78.4,2201.5,False,0.43,0.5,0.11,23.7,8.8
11,Centre Hospitalier Régional de Kédougou,Kédougou,Kédougou,457,449,2024-11-23,94,90,214,20,243,441,60,1.67,Dengue,95,5,54.29,7.94,élevé,24.0,72.1,3422.0,True,0.81,0.8,0.15,164.5,19.9
11,Centre Hospitalier Régional de Kédougou,Kédougou,Kédougou,457,449,2024-11-24,55,32,207,11,250,436,41,2.28,Grippe,5,3,84.77,21.64,faible,35.3,57.4,3757.4,False,0.92,0.8,0.18,170.5,41.5
11,Centre Hospitalier Régional de Kédougou,Kédougou,Kédougou,457,449,2024-11-25,84,46,109,25,348,410,30,0.6,Choléra,52,1,40.72,4.04,modéré,36.9,69.6,2844.7,False,0.25,0.35,0.19,46.7,44.3
11,Centre Hospitalier Régional de Kédougou,Kédougou,Kédougou,457,449,2024-11-26,11,64,93,8,364,447,5,0.79,Grippe,20,1,79.3,21.25,faible,37.6,50.0,2855.3,False,0.51,0.88,0.04,134.2,44.6
11,Centre Hospitalier Régional de Kédougou,Kédougou,Kédougou,457,449,2024-11-27,93,80,204,8,253,425,10,1.5,Covid-19,11,7,40.92,1.26,faible,31.6,77.8,1927.4,False,0.68,0.91,0.12,161.9,17.6
11,Centre Hospitalier Régional de Kédougou,Kédougou,Kédougou,457,449,2024-11-28,88,90,451,10,6,439,1,3.76,Grippe,108,2,31.73,26.74,élevé,27.5,49.1,1936.1,True,0.93,0.57,0.13,98.0,17.2
11,Centre Hospitalier Régional de Kédougou,Kédougou,Kédougou,457,449,2024-11-29,34,78,69,22,388,422,34,2.07,Covid-19,87,5,78.91,21.31,élevé,31.3,83.4,2854.5,True,0.56,0.33,0.12,116.8,37.3
11,Centre Hospitalier Régional de Kédougou,Kédougou,Kédougou,457,449,2024-11-30,84,25,363,15,94,418,40,1.01,Dengue,19,8,51.7,20.67,faible,36.5,59.4,791.6,False,0.5,0.92,0.11,178.3,25.9
11,Centre Hospitalier Régional de Kédougou,Kédougou,Kédougou,457,449,2024-12-01,28,77,65,1,392,438,0,0.59,Grippe,102,1,42.97,22.89,élevé,24.9,52.0,3344.1,True,0.4,0.89,0.06,139.0,18.4
11,Centre Hospitalier Régional de Kédougou,Kédougou,Kédougou,457,449,2024-12-02,34,64,457,21,0,403,22,2.01,Paludisme,69,0,55.27,12.77,modéré,28.3,81.4,4942.1,False,0.63,0.84,0.09,140.9,15.9
11,Centre Hospitalier Régional de Kédougou,Kédougou,Kédougou,457,449,2024-12-03,52,67,79,23,378,404,3,3.78,Grippe,17,1,71.16,1.98,faible,28.1,64.2,4570.0,False,0.4,0.94,0.18,159.9,21.2
11,Centre Hospitalier Régional de Kédougou,Kédougou,Kédougou,457,449,2024-12-04,36,17,186,20,271,429,58,3.63,Dengue,93,6,42.2,3.11,élevé,23.9,49.3,4949.8,True,0.73,0.66,0.18,8.4,57.1
11,Centre Hospitalier Régional de Kédougou,Kédougou,Kédougou,457,449,2024-12-05,74,53,303,24,154,432,60,2.89,Covid-19,65,7,84.6,21.9,modéré,22.5,87.4,1598.9,False,0.71,0.58,0.16,72.7,48.0
11,Centre Hospitalier Régional de Kédougou,Kédougou,Kédougou,457,449,2024-12-06,97,79,267,0,190,445,45,1.2,Dengue,92,9,67.34,28.65,élevé,26.4,48.0,2201.2,True,0.57,0.74,0.19,6.0,6.1
11,Centre Hospitalier Régional de Kédougou,Kédougou,Kédougou,457,449,2024-12-07,33,62,445,20,12,404,15,1.69,Covid-19,8,1,76.27,25.72,faible,26.2,54.5,1888.4,False,0.96,0.37,0.01,112.8,28.8
11,Centre Hospitalier Régional de Kédougou,Kédougou,Kédougou,457,449,2024-12-08,64,45,300,15,157,440,31,2.5,Covid-19,28,1,33.65,7.72,faible,28.6,42.5,1975.5,False,0.59,0.41,0.02,75.4,18.7
11,Centre Hospitalier Régional de Kédougou,Kédougou,Kédougou,457,449,2024-12-09,36,82,194,10,263,414,31,2.98,Choléra,48,1,56.73,17.79,modéré,23.7,63.7,3428.7,False,1.0,0.44,0.19,156.0,55.0
11,Centre Hospitalier Régional de Kédougou,Kédougou,Kédougou,457,449,2024-12-10,84,57,213,23,244,445,57,0.98,Choléra,71,3,36.0,13.05,modéré,34.1,47.3,4938.4,False,0.7,0.33,0.18,74.1,14.5
11,Centre Hospitalier Régional de Kédougou,Kédougou,Kédougou,457,449,2024-12-11,68,57,441,9,16,405,13,1.56,Dengue,26,8,70.48,11.69,faible,30.7,52.8,459.3,False,0.36,0.49,0.13,64.9,43.7
11,Centre Hospitalier Régional de Kédougou,Kédougou,Kédougou,457,449,2024-12-12,98,59,51,25,406,417,26,2.93,Dengue,109,0,34.07,8.44,élevé,34.8,66.1,3653.3,True,0.58,0.52,0.16,38.5,28.9
11,Centre Hospitalier Régional de Kédougou,Kédougou,Kédougou,457,449,2024-12-13,54,33,376,12,81,425,20,3.91,Covid-19,35,10,60.17,22.13,modéré,28.6,60.2,2586.1,False,0.57,0.42,0.12,65.5,30.2
11,Centre Hospitalier Régional de Kédougou,Kédougou,Kédougou,457,449,2024-12-14,30,66,116,10,341,399,2,1.05,Grippe,27,1,40.0,1.36,faible,23.9,57.1,1023.4,False,0.57,1.0,0.02,40.2,25.2
11,Centre Hospitalier Régional de Kédougou,Kédougou,Kédougou,457,449,2024-12-15,31,6,324,21,133,402,10,0.59,Grippe,46,7,44.89,9.7,modéré,26.6,58.6,3291.6,False,0.95,0.83,0.19,126.4,34.9
11,Centre Hospitalier Régional de Kédougou,Kédougou,Kédougou,457,449,2024-12-16,66,64,322,15,135,446,33,2.18,Choléra,16,0,88.17,25.89,faible,24.2,83.9,1814.2,False,0.92,0.43,0.09,179.1,6.5
11,Centre Hospitalier Régional de Kédougou,Kédougou,Kédougou,457,449,2024-12-17,49,10,157,0,300,434,40,1.94,Choléra,38,5,62.02,5.42,modéré,38.8,43.7,689.8,False,0.92,0.81,0.0,75.3,9.1
11,Centre Hospitalier Régional de Kédougou,Kédougou,Kédougou,457,449,2024-12-18,46,21,80,2,377,438,30,1.38,Covid-19,26,10,91.91,7.94,faible,38.7,70.9,4397.1,False,0.42,0.74,0.09,10.5,23.9
11,Centre Hospitalier Régional de Kédougou,Kédougou,Kédougou,457,449,2024-12-19,27,23,220,6,237,413,24,3.95,Choléra,113,10,92.29,23.31,élevé,25.4,88.8,278.2,True,0.5,0.54,0.17,88.4,11.9
11,Centre Hospitalier Régional de Kédougou,Kédougou,Kédougou,457,449,2024-12-20,40,32,198,19,259,445,17,3.82,Covid-19,83,5,37.25,14.85,élevé,38.3,76.3,4440.0,True,0.42,0.91,0.17,47.4,44.3
11,Centre Hospitalier Régional de Kédougou,Kédougou,Kédougou,457,449,2024-12-21,53,62,310,10,147,413,1,0.28,Choléra,98,2,52.12,19.57,élevé,35.3,83.1,3902.8,True,0.31,0.45,0.05,146.7,9.0
11,Centre Hospitalier Régional de Kédougou,Kédougou,Kédougou,457,449,2024-12-22,98,19,383,10,74,400,11,2.42,Choléra,49,3,30.46,17.53,modéré,38.0,53.6,4148.2,False,0.81,0.57,0.14,10.9,41.9
11,Centre Hospitalier Régional de Kédougou,Kédougou,Kédougou,457,449,2024-12-23,35,16,161,22,296,427,39,1.23,Covid-19,101,8,40.75,29.79,élevé,30.4,40.2,4821.7,True,0.74,0.38,0.03,162.2,40.1
11,Centre Hospitalier Régional de Kédougou,Kédougou,Kédougou,457,449,2024-12-24,31,72,139,2,318,415,26,0.36,Grippe,9,1,31.07,21.5,faible,29.0,88.8,2314.9,False,0.98,0.73,0.03,46.2,56.7
11,Centre Hospitalier Régional de Kédougou,Kédougou,Kédougou,457,449,2024-12-25,19,75,74,17,383,431,10,0.23,Paludisme,52,2,67.56,22.03,modéré,34.0,56.6,614.1,False,0.29,0.87,0.11,35.9,5.2
11,Centre Hospitalier Régional de Kédougou,Kédougou,Kédougou,457,449,2024-12-26,75,51,385,10,72,448,19,2.74,Covid-19,95,7,88.21,28.19,élevé,31.7,85.3,3602.1,True,0.35,0.36,0.03,90.5,19.0
11,Centre Hospitalier Régional de Kédougou,Kédougou,Kédougou,457,449,2024-12-27,63,33,439,12,18,426,25,2.58,Dengue,77,6,72.06,21.33,modéré,31.1,69.3,2920.9,False,0.43,0.3,0.12,149.4,53.7
11,Centre Hospitalier Régional de Kédougou,Kédougou,Kédougou,457,449,2024-12-28,100,8,73,14,384,410,28,0.9,Paludisme,73,10,38.02,28.87,modéré,25.4,80.2,284.1,False,0.55,0.3,0.16,134.3,45.2
11,Centre Hospitalier Régional de Kédougou,Kédougou,Kédougou,457,449,2024-12-29,93,12,337,23,120,449,7,3.66,Grippe,55,1,31.39,16.7,modéré,24.5,85.3,1617.6,False,0.85,0.77,0.09,47.3,33.0
11,Centre Hospitalier Régional de Kédougou,Kédougou,Kédougou,457,449,2024-12-30,41,84,188,13,269,442,22,0.67,Dengue,83,6,64.44,20.91,élevé,29.0,72.1,3501.7,True,0.5,0.54,0.1,19.4,45.3
11,Centre Hospitalier Régional de Kédougou,Kédougou,Kédougou,457,449,2024-12-31,94,70,316,25,141,414,49,1.13,Paludisme,77,10,42.23,29.71,modéré,33.5,43.6,3599.5,False,0.23,0.31,0.11,45.8,37.0
12,Centre Hospitalier Régional de Kolda,Kolda,Kolda,312,564,2024-01-01,99,53,230,13,82,537,20,1.31,Grippe,98,2,72.63,26.11,élevé,38.2,58.0,4951.6,True,0.47,0.83,0.06,117.8,55.5
12,Centre Hospitalier Régional de Kolda,Kolda,Kolda,312,564,2024-01-02,27,17,87,24,225,557,47,3.57,Grippe,20,8,30.33,8.74,faible,29.1,72.7,1109.9,False,0.4,0.61,0.16,72.2,57.0
12,Centre Hospitalier Régional de Kolda,Kolda,Kolda,312,564,2024-01-03,25,28,236,16,76,526,60,0.73,Covid-19,16,2,81.88,10.92,faible,29.2,50.6,4496.5,False,0.63,0.88,0.11,176.3,53.1
12,Centre Hospitalier Régional de Kolda,Kolda,Kolda,312,564,2024-01-04,48,57,287,11,25,560,50,0.89,Choléra,23,3,60.49,22.91,faible,23.9,60.2,1853.4,False,0.69,0.59,0.2,117.1,3.7
12,Centre Hospitalier Régional de Kolda,Kolda,Kolda,312,564,2024-01-05,73,14,241,10,71,539,40,1.51,Covid-19,55,5,79.84,23.63,modéré,22.6,78.0,2369.6,False,0.9,0.97,0.11,178.2,34.4
12,Centre Hospitalier Régional de Kolda,Kolda,Kolda,312,564,2024-01-06,79,24,270,14,42,561,4,2.21,Covid-19,24,4,55.86,3.87,faible,27.2,59.0,4125.1,False,0.33,0.92,0.04,102.1,23.3
12,Centre Hospitalier Régional de Kolda,Kolda,Kolda,312,564,2024-01-07,10,71,237,3,75,517,6,1.43,Dengue,70,4,85.27,4.24,modéré,28.1,67.2,415.7,False,0.71,0.31,0.13,153.5,30.7
12,Centre Hospitalier Régional de Kolda,Kolda,Kolda,312,564,2024-01-08,40,54,181,0,131,557,3,3.35,Grippe,116,0,38.44,15.04,élevé,38.1,69.5,2263.1,True,0.22,0.46,0.03,137.8,21.3
12,Centre Hospitalier Régional de Kolda,Kolda,Kolda,312,564,2024-01-09,26,56,152,16,160,558,49,1.69,Covid-19,73,2,89.49,25.01,modéré,24.5,72.1,537.4,False,1.0,0.86,0.1,75.0,47.3
12,Centre Hospitalier Régional de Kolda,Kolda,Kolda,312,564,2024-01-10,73,60,218,9,94,559,30,3.96,Grippe,89,9,31.26,26.91,élevé,30.9,55.3,4027.2,True,0.67,0.58,0.14,9.5,47.4
12,Centre Hospitalier Régional de Kolda,Kolda,Kolda,312,564,2024-01-11,71,22,90,13,222,549,47,3.46,Paludisme,63,4,30.16,10.06,modéré,27.5,88.2,2206.0,False,0.31,0.9,0.19,6.8,51.8
12,Centre Hospitalier Régional de Kolda,Kolda,Kolda,312,564,2024-01-12,51,75,222,8,90,560,60,0.44,Dengue,93,0,47.23,16.0,élevé,28.7,65.0,885.9,True,0.99,0.39,0.02,174.5,31.8
12,Centre Hospitalier Régional de Kolda,Kolda,Kolda,312,564,2024-01-13,27,41,81,6,231,534,35,3.53,Dengue,117,2,58.47,21.9,élevé,30.1,59.7,4180.5,True,0.21,0.54,0.16,108.5,16.1
12,Centre Hospitalier Régional de Kolda,Kolda,Kolda,312,564,2024-01-14,14,39,272,25,40,563,38,2.79,Covid-19,15,9,87.34,9.08,faible,36.2,41.5,4546.5,False,0.96,0.42,0.14,125.3,41.3
12,Centre Hospitalier Régional de Kolda,Kolda,Kolda,312,564,2024-01-15,98,23,305,25,7,529,23,1.81,Grippe,5,1,42.59,21.18,faible,36.8,65.3,1713.2,False,0.21,0.54,0.16,27.7,31.7
12,Centre Hospitalier Régional de Kolda,Kolda,Kolda,312,564,2024-01-16,37,25,280,11,32,550,48,3.47,Paludisme,111,7,32.11,19.55,élevé,37.7,49.6,2129.4,True,0.62,0.83,0.13,58.7,29.6
12,Centre Hospitalier Régional de Kolda,Kolda,Kolda,312,564,2024-01-17,10,78,145,8,167,545,16,2.8,Paludisme,31,9,59.66,22.36,modéré,24.1,40.0,4403.6,False,0.52,0.77,0.03,69.0,35.6
12,Centre Hospitalier Régional de Kolda,Kolda,Kolda,312,564,2024-01-18,59,32,217,12,95,547,54,2.66,Grippe,73,5,53.43,9.59,modéré,31.6,58.4,501.9,False,0.47,0.68,0.16,160.6,40.1
12,Centre Hospitalier Régional de Kolda,Kolda,Kolda,312,564,2024-01-19,87,8,31,12,281,546,30,0.49,Dengue,42,4,59.78,3.41,modéré,31.2,60.0,1838.1,False,0.39,0.76,0.08,7.4,34.7
12,Centre Hospitalier Régional de Kolda,Kolda,Kolda,312,564,2024-01-20,23,10,279,4,33,518,43,3.43,Paludisme,12,3,39.13,23.09,faible,23.8,85.7,2229.5,False,0.72,0.96,0.14,102.2,33.8
12,Centre Hospitalier Régional de Kolda,Kolda,Kolda,312,564,2024-01-21,92,17,120,10,192,515,15,0.16,Dengue,4,1,44.03,6.57,faible,27.8,48.7,2237.3,False,0.64,0.34,0.02,174.6,45.7
12,Centre Hospitalier Régional de Kolda,Kolda,Kolda,312,564,2024-01-22,97,20,142,16,170,558,42,3.2,Grippe,119,8,41.01,3.87,élevé,35.3,44.2,2021.5,True,0.68,0.32,0.19,28.3,6.7
12,Centre Hospitalier Régional de Kolda,Kolda,Kolda,312,564,2024-01-23,49,67,39,20,273,549,6,0.21,Grippe,86,3,45.36,17.78,élevé,37.6,87.5,3139.4,True,0.56,0.65,0.17,174.1,42.5
12,Centre Hospitalier Régional de Kolda,Kolda,Kolda,312,564,2024-01-24,96,34,292,4,20,524,15,1.56,Covid-19,65,5,73.19,14.9,modéré,27.1,64.7,3967.5,False,0.38,0.32,0.05,171.9,22.1
12,Centre Hospitalier Régional de Kolda,Kolda,Kolda,312,564,2024-01-25,16,79,171,13,141,557,50,3.43,Grippe,51,10,78.27,3.41,modéré,36.1,65.6,923.1,False,0.33,0.45,0.2,157.2,44.7
12,Centre Hospitalier Régional de Kolda,Kolda,Kolda,312,564,2024-01-26,72,67,196,8,116,527,43,2.08,Dengue,4,0,31.89,7.25,faible,27.6,40.8,818.1,False,0.68,0.35,0.06,44.5,6.8
12,Centre Hospitalier Régional de Kolda,Kolda,Kolda,312,564,2024-01-27,83,86,218,8,94,514,49,1.66,Paludisme,106,3,47.78,6.79,élevé,26.8,53.2,3469.9,True,0.73,0.66,0.06,151.8,29.1
12,Centre Hospitalier Régional de Kolda,Kolda,Kolda,312,564,2024-01-28,15,33,103,25,209,548,54,3.09,Covid-19,0,3,82.28,8.58,faible,23.7,53.8,2678.5,False,0.81,0.81,0.13,105.2,38.7
12,Centre Hospitalier Régional de Kolda,Kolda,Kolda,312,564,2024-01-29,35,57,227,12,85,553,19,3.2,Dengue,59,1,66.22,22.41,modéré,27.8,88.4,4473.0,False,0.39,0.57,0.04,143.2,34.4
12,Centre Hospitalier Régional de Kolda,Kolda,Kolda,312,564,2024-01-30,82,25,64,15,248,554,55,2.73,Covid-19,57,0,50.18,17.1,modéré,36.8,53.1,1816.0,False,0.53,0.74,0.1,145.3,49.6
12,Centre Hospitalier Régional de Kolda,Kolda,Kolda,312,564,2024-01-31,18,55,77,13,235,561,22,1.87,Grippe,51,8,53.12,4.77,modéré,23.3,66.6,4702.6,False,0.62,0.98,0.18,92.1,15.2
12,Centre Hospitalier Régional de Kolda,Kolda,Kolda,312,564,2024-02-01,55,88,95,10,217,528,48,3.01,Choléra,118,1,64.16,20.26,élevé,36.7,54.4,3702.8,True,0.29,0.91,0.03,46.1,14.6
12,Centre Hospitalier Régional de Kolda,Kolda,Kolda,312,564,2024-02-02,43,11,272,22,40,534,37,1.08,Covid-19,27,4,33.46,28.04,faible,32.1,66.1,553.5,False,0.63,0.5,0.1,156.3,16.1
12,Centre Hospitalier Régional de Kolda,Kolda,Kolda,312,564,2024-02-03,87,51,295,20,17,543,35,0.82,Choléra,62,9,53.06,23.8,modéré,30.0,84.2,2948.2,False,0.79,0.95,0.18,139.9,7.6
12,Centre Hospitalier Régional de Kolda,Kolda,Kolda,312,564,2024-02-04,57,60,189,8,123,544,40,3.18,Choléra,70,2,32.04,28.3,modéré,22.7,63.0,4862.6,False,0.22,0.44,0.13,30.4,41.5
12,Centre Hospitalier Régional de Kolda,Kolda,Kolda,312,564,2024-02-05,22,14,107,25,205,523,15,1.89,Choléra,26,4,56.9,18.6,faible,24.8,65.6,1887.6,False,0.92,0.53,0.03,32.0,49.5
12,Centre Hospitalier Régional de Kolda,Kolda,Kolda,312,564,2024-02-06,64,16,175,1,137,519,0,3.56,Choléra,114,6,43.66,11.63,élevé,37.2,66.8,2870.5,True,0.62,0.89,0.08,10.8,21.5
12,Centre Hospitalier Régional de Kolda,Kolda,Kolda,312,564,2024-02-07,28,80,301,16,11,546,45,0.37,Dengue,49,2,41.88,19.98,modéré,32.5,65.2,4157.4,False,0.69,0.92,0.05,28.6,26.9
12,Centre Hospitalier Régional de Kolda,Kolda,Kolda,312,564,2024-02-08,20,78,226,2,86,563,52,1.58,Paludisme,56,3,74.98,9.34,modéré,32.5,42.1,1673.3,False,0.89,0.41,0.04,46.0,23.8
12,Centre Hospitalier Régional de Kolda,Kolda,Kolda,312,564,2024-02-09,17,90,286,8,26,546,26,0.64,Choléra,50,2,77.76,22.27,modéré,31.6,47.8,3893.2,False,0.68,0.44,0.15,11.7,44.8
12,Centre Hospitalier Régional de Kolda,Kolda,Kolda,312,564,2024-02-10,100,43,212,22,100,531,26,1.86,Grippe,93,9,60.48,20.33,élevé,24.4,88.7,3019.3,True,0.65,0.91,0.19,142.5,4.4
12,Centre Hospitalier Régional de Kolda,Kolda,Kolda,312,564,2024-02-11,76,36,32,14,280,554,8,1.87,Grippe,97,4,71.58,4.77,élevé,23.8,87.1,4645.3,True,0.58,0.66,0.09,88.8,23.7
12,Centre Hospitalier Régional de Kolda,Kolda,Kolda,312,564,2024-02-12,37,13,84,9,228,522,20,3.29,Paludisme,79,0,57.37,6.04,modéré,26.0,54.9,4893.3,False,0.48,0.96,0.02,107.2,13.6
12,Centre Hospitalier Régional de Kolda,Kolda,Kolda,312,564,2024-02-13,49,85,204,14,108,560,8,0.56,Grippe,67,10,78.02,18.31,modéré,27.4,41.1,828.0,False,0.33,0.72,0.1,81.5,54.8
12,Centre Hospitalier Régional de Kolda,Kolda,Kolda,312,564,2024-02-14,18,36,152,20,160,549,21,1.09,Covid-19,93,1,50.28,28.74,élevé,34.6,85.6,1121.6,True,0.58,0.79,0.06,86.0,57.6
12,Centre Hospitalier Régional de Kolda,Kolda,Kolda,312,564,2024-02-15,62,76,244,13,68,564,17,3.96,Paludisme,116,3,78.12,14.32,élevé,22.3,48.9,3422.9,True,0.47,0.59,0.17,122.8,37.8
12,Centre Hospitalier Régional de Kolda,Kolda,Kolda,312,564,2024-02-16,46,42,182,7,130,533,19,0.23,Grippe,98,8,37.47,12.34,élevé,36.1,72.9,4842.2,True,0.96,0.37,0.02,79.9,22.8
12,Centre Hospitalier Régional de Kolda,Kolda,Kolda,312,564,2024-02-17,97,86,98,3,214,541,26,2.85,Grippe,73,2,66.48,22.05,modéré,29.1,67.2,3512.0,False,0.37,0.99,0.08,50.8,3.8
12,Centre Hospitalier Régional de Kolda,Kolda,Kolda,312,564,2024-02-18,21,80,126,9,186,556,13,3.72,Dengue,64,1,37.52,6.27,modéré,34.1,65.8,1256.1,False,0.76,0.39,0.05,140.2,28.2
12,Centre Hospitalier Régional de Kolda,Kolda,Kolda,312,564,2024-02-19,44,64,177,1,135,559,11,1.6,Paludisme,78,9,78.91,27.96,modéré,31.7,45.2,3192.4,False,0.99,0.59,0.09,42.4,14.5
12,Centre Hospitalier Régional de Kolda,Kolda,Kolda,312,564,2024-02-20,14,27,153,9,159,537,54,1.22,Grippe,46,6,66.89,24.61,modéré,28.7,78.5,3868.3,False,0.38,0.67,0.09,65.6,30.9
12,Centre Hospitalier Régional de Kolda,Kolda,Kolda,312,564,2024-02-21,36,65,285,25,27,539,53,2.04,Covid-19,90,10,74.06,10.35,élevé,31.2,70.4,1848.4,True,0.64,0.44,0.11,133.2,19.7
12,Centre Hospitalier Régional de Kolda,Kolda,Kolda,312,564,2024-02-22,24,5,309,5,3,558,14,3.84,Paludisme,67,6,84.87,23.39,modéré,28.7,50.9,640.1,False,0.53,0.92,0.09,32.2,21.4
12,Centre Hospitalier Régional de Kolda,Kolda,Kolda,312,564,2024-02-23,35,87,118,0,194,560,35,3.94,Dengue,45,8,38.52,25.61,modéré,22.1,88.2,1557.7,False,0.9,0.81,0.0,100.4,53.9
12,Centre Hospitalier Régional de Kolda,Kolda,Kolda,312,564,2024-02-24,60,61,218,11,94,526,8,0.5,Choléra,81,1,30.49,8.23,élevé,24.9,71.9,361.7,True,0.54,0.54,0.09,128.6,34.7
12,Centre Hospitalier Régional de Kolda,Kolda,Kolda,312,564,2024-02-25,17,36,148,14,164,514,9,2.43,Paludisme,62,5,63.76,4.43,modéré,23.8,56.9,3005.5,False,0.75,0.57,0.11,93.7,48.1
12,Centre Hospitalier Régional de Kolda,Kolda,Kolda,312,564,2024-02-26,18,71,130,5,182,536,27,1.03,Grippe,89,8,74.61,9.76,élevé,24.3,61.5,2361.5,True,0.99,0.42,0.16,44.7,48.4
12,Centre Hospitalier Régional de Kolda,Kolda,Kolda,312,564,2024-02-27,21,20,75,17,237,542,9,1.32,Paludisme,98,8,46.07,20.81,élevé,31.5,82.0,2042.8,True,0.75,0.31,0.18,83.6,26.8
12,Centre Hospitalier Régional de Kolda,Kolda,Kolda,312,564,2024-02-28,26,39,293,7,19,554,43,2.66,Paludisme,53,0,72.15,27.26,modéré,31.4,86.8,1861.0,False,0.4,0.68,0.17,103.2,7.8
12,Centre Hospitalier Régional de Kolda,Kolda,Kolda,312,564,2024-02-29,21,68,109,16,203,516,26,1.04,Dengue,86,5,75.58,22.51,élevé,29.6,51.3,2201.9,True,0.79,0.5,0.1,11.2,18.8
12,Centre Hospitalier Régional de Kolda,Kolda,Kolda,312,564,2024-03-01,19,15,210,5,102,557,19,1.2,Grippe,0,2,39.39,27.31,faible,22.4,56.6,1603.6,False,0.76,0.58,0.12,66.1,21.4
12,Centre Hospitalier Régional de Kolda,Kolda,Kolda,312,564,2024-03-02,62,86,293,14,19,528,15,0.45,Dengue,114,9,93.99,26.04,élevé,27.4,77.2,3419.8,True,0.76,0.3,0.07,53.1,29.3
12,Centre Hospitalier Régional de Kolda,Kolda,Kolda,312,564,2024-03-03,35,55,51,12,261,552,26,2.05,Dengue,72,9,46.56,10.99,modéré,35.0,83.7,2411.6,False,0.77,0.87,0.02,120.5,58.3
12,Centre Hospitalier Régional de Kolda,Kolda,Kolda,312,564,2024-03-04,79,80,199,25,113,526,39,2.27,Paludisme,19,3,73.96,29.76,faible,28.5,87.0,4379.9,False,0.23,0.98,0.01,99.5,21.7
12,Centre Hospitalier Régional de Kolda,Kolda,Kolda,312,564,2024-03-05,25,21,118,12,194,531,42,1.03,Covid-19,48,9,85.08,19.23,modéré,30.3,45.3,986.0,False,0.37,0.94,0.15,171.8,29.5
12,Centre Hospitalier Régional de Kolda,Kolda,Kolda,312,564,2024-03-06,82,71,155,8,157,557,3,3.81,Dengue,51,10,55.12,3.95,modéré,28.6,78.7,4765.3,False,0.51,0.93,0.16,146.9,26.4
12,Centre Hospitalier Régional de Kolda,Kolda,Kolda,312,564,2024-03-07,61,83,51,21,261,524,46,3.22,Covid-19,1,7,58.53,9.52,faible,25.0,79.1,2396.6,False,0.22,0.68,0.13,81.2,8.5
12,Centre Hospitalier Régional de Kolda,Kolda,Kolda,312,564,2024-03-08,27,49,270,17,42,531,40,1.94,Choléra,8,6,54.92,19.5,faible,32.6,54.9,1988.0,False,0.62,0.69,0.03,127.0,59.3
12,Centre Hospitalier Régional de Kolda,Kolda,Kolda,312,564,2024-03-09,95,65,61,21,251,527,48,0.2,Covid-19,29,8,79.26,27.26,faible,26.9,50.8,424.9,False,0.7,0.48,0.12,98.8,58.3
12,Centre Hospitalier Régional de Kolda,Kolda,Kolda,312,564,2024-03-10,28,86,281,10,31,557,11,3.97,Paludisme,6,8,74.75,6.55,faible,26.3,89.2,1936.1,False,0.72,0.36,0.03,24.8,16.4
12,Centre Hospitalier Régional de Kolda,Kolda,Kolda,312,564,2024-03-11,16,78,183,5,129,517,37,2.06,Dengue,104,8,76.72,7.78,élevé,22.2,63.3,1488.3,True,0.28,0.82,0.02,40.1,34.1
12,Centre Hospitalier Régional de Kolda,Kolda,Kolda,312,564,2024-03-12,70,72,172,17,140,537,9,3.96,Paludisme,63,6,51.32,29.85,modéré,32.1,58.9,4973.1,False,0.44,0.68,0.09,176.9,33.1
12,Centre Hospitalier Régional de Kolda,Kolda,Kolda,312,564,2024-03-13,89,79,43,18,269,549,55,1.2,Dengue,76,1,57.25,6.38,modéré,30.5,74.0,4247.7,False,0.8,0.89,0.19,141.2,19.7
12,Centre Hospitalier Régional de Kolda,Kolda,Kolda,312,564,2024-03-14,27,62,185,7,127,521,10,3.43,Paludisme,8,2,42.7,9.86,faible,27.6,68.6,2223.3,False,0.43,0.94,0.2,158.1,55.0
12,Centre Hospitalier Régional de Kolda,Kolda,Kolda,312,564,2024-03-15,70,64,192,12,120,552,23,2.26,Covid-19,55,6,32.66,17.63,modéré,29.8,74.1,3686.4,False,1.0,0.72,0.12,82.0,22.1
12,Centre Hospitalier Régional de Kolda,Kolda,Kolda,312,564,2024-03-16,42,40,39,25,273,544,3,0.9,Choléra,112,2,70.58,1.99,élevé,28.2,86.8,212.6,True,0.95,0.97,0.08,94.8,23.4
12,Centre Hospitalier Régional de Kolda,Kolda,Kolda,312,564,2024-03-17,100,7,240,12,72,516,55,1.28,Grippe,46,4,41.66,26.18,modéré,28.6,55.2,1931.3,False,0.51,0.73,0.11,167.4,8.7
12,Centre Hospitalier Régional de Kolda,Kolda,Kolda,312,564,2024-03-18,52,46,110,5,202,554,29,3.47,Grippe,80,10,37.85,8.12,élevé,25.6,68.4,1364.4,False,0.65,0.72,0.09,160.4,23.4
12,Centre Hospitalier Régional de Kolda,Kolda,Kolda,312,564,2024-03-19,50,86,125,9,187,563,45,3.66,Paludisme,41,2,73.47,2.97,modéré,29.6,61.3,2536.7,False,0.68,0.52,0.06,177.3,46.6
12,Centre Hospitalier Régional de Kolda,Kolda,Kolda,312,564,2024-03-20,59,82,247,11,65,527,40,2.0,Grippe,70,3,43.05,14.67,modéré,29.7,43.4,2678.0,False,0.74,0.5,0.0,147.6,39.0
12,Centre Hospitalier Régional de Kolda,Kolda,Kolda,312,564,2024-03-21,56,86,115,11,197,551,13,2.75,Grippe,31,7,52.44,8.76,modéré,24.2,43.5,705.8,False,0.22,0.36,0.04,52.0,37.5
12,Centre Hospitalier Régional de Kolda,Kolda,Kolda,312,564,2024-03-22,19,43,82,17,230,520,25,2.91,Covid-19,91,5,94.39,27.21,élevé,38.5,49.8,2525.2,True,0.22,0.46,0.2,150.4,17.3
12,Centre Hospitalier Régional de Kolda,Kolda,Kolda,312,564,2024-03-23,96,70,78,12,234,519,10,2.56,Grippe,14,7,44.88,11.37,faible,34.4,82.2,1309.1,False,0.2,0.73,0.14,37.2,33.9
12,Centre Hospitalier Régional de Kolda,Kolda,Kolda,312,564,2024-03-24,52,22,153,24,159,524,10,3.21,Dengue,91,1,51.81,7.01,élevé,33.9,79.2,389.3,True,0.26,0.6,0.08,150.9,38.3
12,Centre Hospitalier Régional de Kolda,Kolda,Kolda,312,564,2024-03-25,73,51,151,22,161,556,35,0.93,Covid-19,52,6,36.79,29.08,modéré,32.4,73.5,2061.3,False,0.61,0.86,0.13,130.4,49.6
12,Centre Hospitalier Régional de Kolda,Kolda,Kolda,312,564,2024-03-26,70,20,61,19,251,554,11,2.84,Covid-19,109,8,79.37,3.16,élevé,33.4,67.8,4369.5,True,0.21,0.79,0.19,72.9,16.0
12,Centre Hospitalier Régional de Kolda,Kolda,Kolda,312,564,2024-03-27,13,21,50,2,262,515,4,0.37,Choléra,75,7,79.3,6.14,modéré,28.2,65.6,3476.3,False,0.8,0.52,0.0,150.8,50.2
12,Centre Hospitalier Régional de Kolda,Kolda,Kolda,312,564,2024-03-28,18,78,194,0,118,538,10,0.15,Grippe,115,4,73.74,24.76,élevé,30.7,43.7,1066.2,True,0.71,0.41,0.19,17.5,46.0
12,Centre Hospitalier Régional de Kolda,Kolda,Kolda,312,564,2024-03-29,84,86,26,5,286,543,45,0.64,Dengue,39,0,51.82,3.21,modéré,30.4,54.0,2805.3,False,0.28,0.4,0.18,43.5,45.6
12,Centre Hospitalier Régional de Kolda,Kolda,Kolda,312,564,2024-03-30,18,79,70,2,242,520,52,1.23,Choléra,3,6,93.5,17.33,faible,38.4,54.0,2280.9,False,0.26,0.8,0.08,15.2,19.9
12,Centre Hospitalier Régional de Kolda,Kolda,Kolda,312,564,2024-03-31,99,56,81,9,231,517,55,1.86,Paludisme,102,9,79.21,15.38,élevé,29.1,84.3,169.2,True,0.69,0.36,0.15,116.6,17.2
12,Centre Hospitalier Régional de Kolda,Kolda,Kolda,312,564,2024-04-01,94,24,146,8,166,550,6,2.22,Choléra,61,0,54.29,28.42,modéré,28.0,79.5,893.3,False,0.61,0.54,0.05,23.7,52.3
12,Centre Hospitalier Régional de Kolda,Kolda,Kolda,312,564,2024-04-02,43,65,265,15,47,516,23,3.37,Dengue,111,0,79.74,12.66,élevé,36.6,53.6,3935.5,True,0.46,0.94,0.11,142.6,38.9
12,Centre Hospitalier Régional de Kolda,Kolda,Kolda,312,564,2024-04-03,30,49,173,6,139,544,45,3.76,Choléra,36,3,70.54,11.65,modéré,30.0,52.9,446.6,False,0.44,0.46,0.01,47.4,5.7
12,Centre Hospitalier Régional de Kolda,Kolda,Kolda,312,564,2024-04-04,62,63,134,10,178,530,13,1.48,Grippe,36,1,83.32,10.55,modéré,23.7,43.7,1682.0,False,0.73,0.39,0.07,89.1,45.7
12,Centre Hospitalier Régional de Kolda,Kolda,Kolda,312,564,2024-04-05,92,5,64,17,248,549,12,0.88,Paludisme,107,8,82.22,24.84,élevé,23.8,43.2,3992.1,True,0.72,0.78,0.09,7.7,37.7
12,Centre Hospitalier Régional de Kolda,Kolda,Kolda,312,564,2024-04-06,42,65,273,23,39,553,52,0.41,Grippe,49,1,66.62,9.86,modéré,37.5,61.5,1363.3,False,0.34,0.85,0.1,88.2,13.0
12,Centre Hospitalier Régional de Kolda,Kolda,Kolda,312,564,2024-04-07,37,64,302,2,10,551,50,1.47,Grippe,118,0,56.25,2.54,élevé,30.2,55.6,3915.6,True,0.47,0.73,0.08,136.3,40.3
12,Centre Hospitalier Régional de Kolda,Kolda,Kolda,312,564,2024-04-08,39,83,50,17,262,560,39,1.5,Covid-19,50,2,47.9,15.65,modéré,38.6,87.1,2828.5,False,0.43,0.8,0.06,70.2,4.0
12,Centre Hospitalier Régional de Kolda,Kolda,Kolda,312,564,2024-04-09,70,25,31,18,281,527,59,2.24,Paludisme,70,2,78.37,21.69,modéré,24.9,82.2,567.8,False,0.37,0.91,0.09,60.2,41.3
12,Centre Hospitalier Régional de Kolda,Kolda,Kolda,312,564,2024-04-10,56,57,255,22,57,563,23,3.54,Grippe,22,7,81.8,20.13,faible,37.9,70.4,4788.9,False,0.75,0.59,0.1,86.0,44.9
12,Centre Hospitalier Régional de Kolda,Kolda,Kolda,312,564,2024-04-11,95,48,62,11,250,532,26,3.94,Covid-19,61,8,89.01,7.39,modéré,36.1,80.2,2707.5,False,0.23,0.64,0.18,35.4,52.6
12,Centre Hospitalier Régional de Kolda,Kolda,Kolda,312,564,2024-04-12,20,65,256,19,56,547,28,3.64,Dengue,9,5,61.41,18.29,faible,36.4,76.5,4486.7,False,0.82,0.58,0.02,7.9,41.7
12,Centre Hospitalier Régional de Kolda,Kolda,Kolda,312,564,2024-04-13,28,82,121,19,191,534,29,0.19,Dengue,56,4,83.83,15.81,modéré,36.1,76.2,163.7,False,0.34,0.68,0.19,106.8,16.0
12,Centre Hospitalier Régional de Kolda,Kolda,Kolda,312,564,2024-04-14,27,12,46,17,266,539,19,1.93,Grippe,102,0,42.99,22.17,élevé,29.1,72.5,1340.3,True,0.41,0.47,0.0,145.0,23.9
12,Centre Hospitalier Régional de Kolda,Kolda,Kolda,312,564,2024-04-15,22,49,218,15,94,553,3,0.28,Dengue,7,5,34.46,19.87,faible,29.5,71.1,4957.3,False,0.26,0.88,0.03,22.9,14.5
12,Centre Hospitalier Régional de Kolda,Kolda,Kolda,312,564,2024-04-16,98,56,310,13,2,537,13,3.31,Choléra,40,9,67.34,14.21,modéré,28.8,52.2,1959.3,False,0.91,0.42,0.04,14.2,49.9
12,Centre Hospitalier Régional de Kolda,Kolda,Kolda,312,564,2024-04-17,41,88,265,7,47,562,32,2.88,Dengue,45,1,74.33,1.18,modéré,22.5,82.5,4285.9,False,0.4,0.89,0.03,131.5,29.9
12,Centre Hospitalier Régional de Kolda,Kolda,Kolda,312,564,2024-04-18,31,90,128,1,184,557,33,3.29,Grippe,119,2,52.57,29.19,élevé,33.7,54.9,4364.9,True,0.51,0.78,0.17,34.6,50.8
12,Centre Hospitalier Régional de Kolda,Kolda,Kolda,312,564,2024-04-19,24,71,170,0,142,516,30,0.69,Paludisme,13,5,70.99,18.15,faible,35.6,73.7,2091.4,False,0.26,0.7,0.01,65.9,27.3
12,Centre Hospitalier Régional de Kolda,Kolda,Kolda,312,564,2024-04-20,42,18,234,16,78,523,53,1.06,Grippe,4,4,30.56,12.52,faible,37.5,86.8,2451.2,False,0.33,0.89,0.15,42.3,7.6
12,Centre Hospitalier Régional de Kolda,Kolda,Kolda,312,564,2024-04-21,82,30,290,22,22,516,32,2.18,Covid-19,89,3,78.11,5.34,élevé,31.8,76.7,1710.3,True,0.6,0.77,0.09,140.8,5.6
12,Centre Hospitalier Régional de Kolda,Kolda,Kolda,312,564,2024-04-22,72,66,51,22,261,558,46,3.29,Covid-19,107,0,51.96,4.38,élevé,32.1,40.4,3413.6,True,0.43,0.74,0.02,133.8,20.5
12,Centre Hospitalier Régional de Kolda,Kolda,Kolda,312,564,2024-04-23,89,88,176,14,136,564,51,3.03,Dengue,65,2,70.78,20.65,modéré,38.0,86.0,4222.5,False,0.81,0.62,0.11,171.7,22.1
12,Centre Hospitalier Régional de Kolda,Kolda,Kolda,312,564,2024-04-24,31,87,81,11,231,555,26,2.11,Dengue,22,2,91.76,3.41,faible,29.5,57.9,2363.4,False,0.97,0.96,0.06,165.8,35.6
12,Centre Hospitalier Régional de Kolda,Kolda,Kolda,312,564,2024-04-25,10,70,122,11,190,521,27,0.61,Covid-19,18,6,68.4,20.48,faible,24.3,76.1,922.1,False,0.25,0.61,0.15,143.7,37.7
12,Centre Hospitalier Régional de Kolda,Kolda,Kolda,312,564,2024-04-26,81,32,51,5,261,528,56,3.82,Grippe,8,4,89.18,25.96,faible,28.9,51.0,2102.4,False,0.85,0.92,0.19,158.8,29.5
12,Centre Hospitalier Régional de Kolda,Kolda,Kolda,312,564,2024-04-27,70,43,154,17,158,526,7,0.74,Grippe,92,8,33.33,9.35,élevé,22.5,87.2,2156.8,True,0.36,0.46,0.01,30.4,13.3
12,Centre Hospitalier Régional de Kolda,Kolda,Kolda,312,564,2024-04-28,78,65,85,0,227,525,56,1.57,Dengue,101,0,34.48,2.85,élevé,38.3,63.2,2012.3,True,0.34,0.58,0.09,37.5,46.1
12,Centre Hospitalier Régional de Kolda,Kolda,Kolda,312,564,2024-04-29,32,31,196,1,116,552,40,2.17,Dengue,69,4,51.56,15.81,modéré,37.2,59.5,3465.2,False,0.36,0.96,0.12,89.3,7.4
12,Centre Hospitalier Régional de Kolda,Kolda,Kolda,312,564,2024-04-30,46,89,68,2,244,525,46,1.67,Choléra,25,7,51.52,1.45,faible,23.7,81.5,3293.4,False,0.97,0.51,0.14,44.7,29.6
12,Centre Hospitalier Régional de Kolda,Kolda,Kolda,312,564,2024-05-01,62,78,219,16,93,543,45,2.53,Covid-19,118,9,35.03,13.44,élevé,24.9,72.8,2809.5,True,0.71,0.78,0.18,45.4,10.1
12,Centre Hospitalier Régional de Kolda,Kolda,Kolda,312,564,2024-05-02,97,50,152,9,160,544,56,0.73,Paludisme,44,0,47.01,29.33,modéré,31.9,73.4,2447.4,False,0.72,0.38,0.18,176.1,26.2
12,Centre Hospitalier Régional de Kolda,Kolda,Kolda,312,564,2024-05-03,50,11,218,6,94,521,58,1.0,Grippe,58,5,82.41,24.22,modéré,33.4,69.1,4865.2,False,0.6,0.8,0.19,100.4,59.5
12,Centre Hospitalier Régional de Kolda,Kolda,Kolda,312,564,2024-05-04,83,9,152,1,160,533,40,1.14,Choléra,68,4,67.25,29.97,modéré,28.7,46.8,3052.7,False,0.39,0.88,0.14,37.0,33.4
12,Centre Hospitalier Régional de Kolda,Kolda,Kolda,312,564,2024-05-05,17,51,23,5,289,550,52,2.82,Covid-19,38,0,49.91,20.3,modéré,30.3,69.6,3204.9,False,0.64,0.83,0.14,156.8,7.2
12,Centre Hospitalier Régional de Kolda,Kolda,Kolda,312,564,2024-05-06,82,68,245,22,67,516,45,2.79,Dengue,93,10,66.34,7.9,élevé,23.0,77.4,1906.4,True,0.36,0.73,0.07,30.8,42.8
12,Centre Hospitalier Régional de Kolda,Kolda,Kolda,312,564,2024-05-07,64,88,233,2,79,555,7,2.23,Covid-19,104,1,81.09,29.16,élevé,35.7,66.9,2162.9,True,0.41,0.68,0.03,111.7,18.2
12,Centre Hospitalier Régional de Kolda,Kolda,Kolda,312,564,2024-05-08,21,54,38,15,274,531,3,3.7,Paludisme,23,1,41.37,20.6,faible,22.7,70.3,2616.6,False,0.95,0.44,0.04,170.1,20.8
12,Centre Hospitalier Régional de Kolda,Kolda,Kolda,312,564,2024-05-09,40,84,42,11,270,529,14,0.91,Covid-19,101,6,31.65,28.01,élevé,31.8,89.2,1040.9,True,0.79,0.5,0.04,87.0,18.7
12,Centre Hospitalier Régional de Kolda,Kolda,Kolda,312,564,2024-05-10,40,73,78,24,234,560,53,2.93,Choléra,70,4,57.52,6.03,modéré,25.4,86.0,1072.6,False,0.44,0.35,0.18,167.4,8.4
12,Centre Hospitalier Régional de Kolda,Kolda,Kolda,312,564,2024-05-11,17,26,265,11,47,515,8,3.58,Paludisme,93,4,69.15,25.02,élevé,25.1,42.0,4330.3,True,0.35,0.9,0.06,108.7,52.6
12,Centre Hospitalier Régional de Kolda,Kolda,Kolda,312,564,2024-05-12,85,52,97,1,215,535,40,1.54,Paludisme,117,3,72.8,4.61,élevé,27.0,81.9,2539.8,True,0.71,0.8,0.03,93.8,18.5
12,Centre Hospitalier Régional de Kolda,Kolda,Kolda,312,564,2024-05-13,58,46,306,3,6,528,9,3.01,Paludisme,53,2,88.63,14.66,modéré,25.5,46.4,4148.7,False,0.29,0.46,0.18,11.4,41.5
12,Centre Hospitalier Régional de Kolda,Kolda,Kolda,312,564,2024-05-14,16,43,253,17,59,536,45,2.82,Paludisme,78,10,67.52,22.9,modéré,29.6,63.5,468.2,False,0.72,0.66,0.14,155.6,4.9
12,Centre Hospitalier Régional de Kolda,Kolda,Kolda,312,564,2024-05-15,64,11,243,7,69,519,13,1.69,Choléra,45,4,61.92,20.06,modéré,35.3,76.7,1004.0,False,0.23,0.65,0.06,114.4,48.0
12,Centre Hospitalier Régional de Kolda,Kolda,Kolda,312,564,2024-05-16,38,86,194,1,118,535,52,3.51,Dengue,63,9,89.35,19.03,modéré,34.8,54.6,4853.7,False,0.34,0.35,0.11,103.2,9.7
12,Centre Hospitalier Régional de Kolda,Kolda,Kolda,312,564,2024-05-17,45,22,29,11,283,547,35,0.18,Dengue,83,4,31.42,26.35,élevé,29.4,80.0,4578.7,True,0.51,0.48,0.03,6.0,46.3
12,Centre Hospitalier Régional de Kolda,Kolda,Kolda,312,564,2024-05-18,86,61,279,16,33,558,48,1.76,Choléra,118,7,40.89,6.08,élevé,29.5,57.6,4195.0,True,0.55,0.76,0.07,148.5,40.3
12,Centre Hospitalier Régional de Kolda,Kolda,Kolda,312,564,2024-05-19,30,36,206,15,106,541,51,3.53,Paludisme,103,7,34.16,1.53,élevé,28.2,48.3,2469.6,True,0.63,0.94,0.12,70.3,34.5
12,Centre Hospitalier Régional de Kolda,Kolda,Kolda,312,564,2024-05-20,24,90,89,0,223,525,35,0.63,Paludisme,28,9,72.61,9.38,faible,24.4,75.0,212.2,False,0.36,0.96,0.18,105.3,45.4
12,Centre Hospitalier Régional de Kolda,Kolda,Kolda,312,564,2024-05-21,23,79,283,15,29,537,40,2.96,Dengue,4,0,94.76,10.08,faible,25.9,82.6,3828.3,False,0.98,0.97,0.1,18.7,38.8
12,Centre Hospitalier Régional de Kolda,Kolda,Kolda,312,564,2024-05-22,92,53,172,6,140,562,48,1.0,Covid-19,55,1,84.43,11.45,modéré,30.1,47.8,4821.9,False,0.85,0.46,0.08,120.5,59.9
12,Centre Hospitalier Régional de Kolda,Kolda,Kolda,312,564,2024-05-23,85,36,66,12,246,516,55,3.29,Paludisme,119,1,90.42,12.01,élevé,25.2,71.0,854.7,True,0.26,0.51,0.18,15.4,13.3
12,Centre Hospitalier Régional de Kolda,Kolda,Kolda,312,564,2024-05-24,86,79,173,8,139,559,54,0.67,Covid-19,50,7,71.88,15.42,modéré,35.3,63.0,3454.1,False,0.42,0.44,0.09,157.8,18.9
12,Centre Hospitalier Régional de Kolda,Kolda,Kolda,312,564,2024-05-25,87,41,148,20,164,517,60,1.23,Dengue,52,9,79.36,8.54,modéré,24.2,78.3,2861.8,False,0.88,0.63,0.06,27.8,59.3
12,Centre Hospitalier Régional de Kolda,Kolda,Kolda,312,564,2024-05-26,63,21,27,19,285,562,23,1.81,Dengue,35,8,62.42,2.73,modéré,29.2,48.3,1298.5,False,0.65,0.76,0.2,89.8,49.1
12,Centre Hospitalier Régional de Kolda,Kolda,Kolda,312,564,2024-05-27,11,18,249,7,63,535,44,1.18,Grippe,115,8,81.22,11.87,élevé,33.2,68.4,682.9,True,0.22,0.31,0.09,109.5,27.7
12,Centre Hospitalier Régional de Kolda,Kolda,Kolda,312,564,2024-05-28,74,24,172,19,140,554,41,0.92,Choléra,109,6,60.59,23.65,élevé,22.0,43.5,4029.7,True,0.59,0.36,0.13,5.3,6.7
12,Centre Hospitalier Régional de Kolda,Kolda,Kolda,312,564,2024-05-29,77,22,89,0,223,554,43,3.45,Dengue,12,0,64.57,5.47,faible,26.0,82.9,3886.4,False,0.85,0.73,0.13,112.8,11.3
12,Centre Hospitalier Régional de Kolda,Kolda,Kolda,312,564,2024-05-30,98,45,262,23,50,549,51,2.35,Dengue,76,2,54.1,12.12,modéré,26.2,78.6,3858.9,False,0.83,0.42,0.03,107.5,12.6
12,Centre Hospitalier Régional de Kolda,Kolda,Kolda,312,564,2024-05-31,26,65,263,24,49,526,27,1.22,Grippe,113,9,86.71,28.29,élevé,23.5,77.4,4614.4,True,0.6,0.85,0.06,132.5,3.8
12,Centre Hospitalier Régional de Kolda,Kolda,Kolda,312,564,2024-06-01,26,36,101,12,211,521,36,3.15,Paludisme,81,2,77.92,24.74,élevé,23.4,47.8,3431.0,True,0.41,0.44,0.15,162.3,35.7
12,Centre Hospitalier Régional de Kolda,Kolda,Kolda,312,564,2024-06-02,84,60,274,22,38,551,22,0.49,Dengue,6,7,72.89,23.14,faible,32.1,53.2,1041.9,False,0.47,0.45,0.02,47.2,27.1
12,Centre Hospitalier Régional de Kolda,Kolda,Kolda,312,564,2024-06-03,44,13,164,23,148,538,7,2.88,Paludisme,13,4,72.29,22.32,faible,33.2,61.1,4754.7,False,0.49,0.65,0.12,105.6,31.6
12,Centre Hospitalier Régional de Kolda,Kolda,Kolda,312,564,2024-06-04,45,8,175,23,137,517,44,3.38,Covid-19,119,7,70.1,24.03,élevé,33.8,56.7,1239.6,True,0.38,0.86,0.06,137.2,43.4
12,Centre Hospitalier Régional de Kolda,Kolda,Kolda,312,564,2024-06-05,81,64,115,16,197,538,50,3.22,Paludisme,118,1,57.12,22.46,élevé,36.0,72.5,1876.9,True,0.67,0.63,0.01,51.8,37.1
12,Centre Hospitalier Régional de Kolda,Kolda,Kolda,312,564,2024-06-06,84,6,266,17,46,538,2,1.98,Dengue,19,5,71.02,4.96,faible,25.2,83.6,3626.1,False,0.59,0.42,0.03,30.2,54.6
12,Centre Hospitalier Régional de Kolda,Kolda,Kolda,312,564,2024-06-07,20,42,140,6,172,534,56,3.68,Paludisme,92,2,41.01,2.29,élevé,33.2,68.2,3630.9,True,0.36,0.49,0.17,56.0,32.2
12,Centre Hospitalier Régional de Kolda,Kolda,Kolda,312,564,2024-06-08,34,71,102,8,210,521,33,0.59,Grippe,70,1,59.89,25.24,modéré,36.7,83.4,227.0,False,0.51,0.57,0.08,42.4,22.1
12,Centre Hospitalier Régional de Kolda,Kolda,Kolda,312,564,2024-06-09,12,61,24,16,288,516,46,3.73,Covid-19,5,8,33.34,25.28,faible,34.8,44.6,213.2,False,0.37,0.75,0.13,156.0,7.7
12,Centre Hospitalier Régional de Kolda,Kolda,Kolda,312,564,2024-06-10,92,8,39,24,273,539,52,3.86,Grippe,71,10,77.53,13.13,modéré,32.3,79.4,4135.9,False,0.7,0.81,0.15,172.1,56.3
12,Centre Hospitalier Régional de Kolda,Kolda,Kolda,312,564,2024-06-11,57,24,125,10,187,562,27,1.5,Paludisme,112,7,68.02,14.85,élevé,28.6,79.9,1049.1,True,0.29,0.81,0.14,137.2,42.3
12,Centre Hospitalier Régional de Kolda,Kolda,Kolda,312,564,2024-06-12,29,7,251,15,61,529,9,2.97,Paludisme,38,6,90.42,26.44,modéré,24.5,56.4,2499.6,False,0.46,0.35,0.11,40.5,11.8
12,Centre Hospitalier Régional de Kolda,Kolda,Kolda,312,564,2024-06-13,57,29,226,25,86,530,4,2.39,Covid-19,95,6,51.0,23.76,élevé,29.2,65.0,4279.1,True,0.28,0.3,0.07,27.8,53.1
12,Centre Hospitalier Régional de Kolda,Kolda,Kolda,312,564,2024-06-14,86,58,163,10,149,548,18,3.88,Paludisme,63,1,54.17,12.74,modéré,31.5,81.7,2018.2,False,0.45,0.8,0.07,25.2,22.0
12,Centre Hospitalier Régional de Kolda,Kolda,Kolda,312,564,2024-06-15,88,83,108,12,204,518,41,3.18,Choléra,46,7,38.51,20.55,modéré,34.3,51.1,2921.9,False,0.25,0.84,0.03,61.9,4.8
12,Centre Hospitalier Régional de Kolda,Kolda,Kolda,312,564,2024-06-16,99,37,290,4,22,545,58,1.22,Choléra,39,1,43.07,23.58,modéré,36.7,51.2,2897.3,False,0.76,0.47,0.12,36.2,8.3
12,Centre Hospitalier Régional de Kolda,Kolda,Kolda,312,564,2024-06-17,32,47,218,5,94,525,17,3.14,Dengue,2,5,71.17,1.57,faible,28.9,54.7,1272.4,False,1.0,0.63,0.06,89.4,18.1
12,Centre Hospitalier Régional de Kolda,Kolda,Kolda,312,564,2024-06-18,32,80,71,2,241,534,35,3.85,Covid-19,6,8,64.2,3.7,faible,27.2,78.9,3358.9,False,0.63,0.67,0.03,68.3,20.0
12,Centre Hospitalier Régional de Kolda,Kolda,Kolda,312,564,2024-06-19,13,59,224,13,88,518,20,1.79,Choléra,111,2,40.7,4.96,élevé,28.7,60.2,3894.2,True,0.41,0.5,0.16,147.4,38.9
12,Centre Hospitalier Régional de Kolda,Kolda,Kolda,312,564,2024-06-20,41,38,220,0,92,527,3,0.88,Paludisme,12,8,50.76,16.19,faible,31.4,50.3,3429.0,False,0.35,0.49,0.18,67.7,31.8
12,Centre Hospitalier Régional de Kolda,Kolda,Kolda,312,564,2024-06-21,67,40,223,10,89,530,12,2.98,Covid-19,80,3,93.36,19.14,élevé,26.4,64.9,953.1,False,0.52,0.31,0.13,59.5,5.1
12,Centre Hospitalier Régional de Kolda,Kolda,Kolda,312,564,2024-06-22,82,20,38,11,274,555,45,1.51,Paludisme,14,3,56.63,10.04,faible,25.8,72.5,389.4,False,0.31,0.54,0.12,91.1,38.9
12,Centre Hospitalier Régional de Kolda,Kolda,Kolda,312,564,2024-06-23,20,84,147,3,165,530,45,3.83,Paludisme,39,8,90.62,9.48,modéré,28.5,84.5,3680.2,False,0.68,0.5,0.09,39.3,48.9
12,Centre Hospitalier Régional de Kolda,Kolda,Kolda,312,564,2024-06-24,84,88,132,21,180,558,41,0.73,Covid-19,54,7,73.27,17.01,modéré,38.7,86.6,1954.1,False,0.27,0.95,0.16,28.5,30.2
12,Centre Hospitalier Régional de Kolda,Kolda,Kolda,312,564,2024-06-25,52,73,129,1,183,557,0,0.71,Choléra,17,5,56.69,13.43,faible,27.9,74.2,3276.3,False,0.84,0.34,0.06,176.8,39.8
12,Centre Hospitalier Régional de Kolda,Kolda,Kolda,312,564,2024-06-26,79,40,235,18,77,515,45,0.66,Grippe,17,8,61.36,21.05,faible,33.4,65.2,287.3,False,0.34,0.46,0.04,59.6,34.9
12,Centre Hospitalier Régional de Kolda,Kolda,Kolda,312,564,2024-06-27,32,14,251,5,61,560,58,1.88,Choléra,101,3,89.74,18.12,élevé,29.1,73.4,4720.5,True,0.5,0.63,0.08,39.0,21.4
12,Centre Hospitalier Régional de Kolda,Kolda,Kolda,312,564,2024-06-28,38,56,147,6,165,560,28,1.86,Choléra,51,4,49.91,18.42,modéré,30.7,54.4,2485.1,False,0.97,0.68,0.18,164.9,55.2
12,Centre Hospitalier Régional de Kolda,Kolda,Kolda,312,564,2024-06-29,25,85,165,18,147,561,22,2.05,Grippe,5,5,64.69,6.01,faible,29.5,83.1,4929.6,False,0.41,0.73,0.11,145.0,4.4
12,Centre Hospitalier Régional de Kolda,Kolda,Kolda,312,564,2024-06-30,78,42,163,15,149,515,51,1.33,Paludisme,91,9,58.76,28.46,élevé,24.5,70.7,3409.8,True,0.38,0.68,0.16,62.4,49.2
12,Centre Hospitalier Régional de Kolda,Kolda,Kolda,312,564,2024-07-01,54,50,108,22,204,520,22,1.72,Dengue,75,8,91.98,9.29,modéré,28.9,75.4,399.6,False,0.2,0.3,0.17,42.6,27.2
12,Centre Hospitalier Régional de Kolda,Kolda,Kolda,312,564,2024-07-02,29,9,286,21,26,516,52,0.1,Grippe,100,0,31.15,24.5,élevé,29.8,62.5,1235.3,True,0.44,0.72,0.0,175.9,51.3
12,Centre Hospitalier Régional de Kolda,Kolda,Kolda,312,564,2024-07-03,33,79,256,1,56,540,3,1.57,Dengue,101,10,82.52,3.61,élevé,23.2,75.7,1666.1,True,0.84,0.45,0.09,113.2,34.9
12,Centre Hospitalier Régional de Kolda,Kolda,Kolda,312,564,2024-07-04,48,53,294,10,18,527,52,0.61,Choléra,6,2,34.49,8.58,faible,30.4,52.2,3285.9,False,0.28,0.41,0.19,63.6,37.0
12,Centre Hospitalier Régional de Kolda,Kolda,Kolda,312,564,2024-07-05,41,38,309,5,3,561,55,0.18,Grippe,92,9,34.85,12.34,élevé,37.1,71.4,4210.4,True,0.95,0.65,0.14,139.0,13.2
12,Centre Hospitalier Régional de Kolda,Kolda,Kolda,312,564,2024-07-06,33,59,130,13,182,558,2,0.63,Grippe,60,10,73.22,12.27,modéré,37.3,65.5,1731.9,False,0.82,0.74,0.11,170.5,37.9
12,Centre Hospitalier Régional de Kolda,Kolda,Kolda,312,564,2024-07-07,26,16,155,23,157,563,32,3.05,Dengue,20,5,64.67,20.62,faible,29.0,72.5,3801.3,False,0.32,0.91,0.01,65.5,22.2
12,Centre Hospitalier Régional de Kolda,Kolda,Kolda,312,564,2024-07-08,66,58,177,6,135,528,36,0.73,Grippe,34,6,81.32,13.91,modéré,28.2,48.4,1991.3,False,0.74,0.67,0.09,71.7,53.9
12,Centre Hospitalier Régional de Kolda,Kolda,Kolda,312,564,2024-07-09,75,53,131,8,181,536,31,1.82,Covid-19,53,3,65.54,19.4,modéré,35.9,57.9,1769.0,False,0.69,0.43,0.01,146.3,19.6
12,Centre Hospitalier Régional de Kolda,Kolda,Kolda,312,564,2024-07-10,35,6,211,14,101,540,13,1.45,Covid-19,78,9,69.93,23.18,modéré,35.1,80.6,1247.2,False,0.28,0.48,0.16,55.0,46.4
12,Centre Hospitalier Régional de Kolda,Kolda,Kolda,312,564,2024-07-11,56,72,106,11,206,537,57,2.08,Paludisme,27,7,55.58,18.47,faible,29.3,46.9,3224.5,False,0.58,0.71,0.02,178.4,20.8
12,Centre Hospitalier Régional de Kolda,Kolda,Kolda,312,564,2024-07-12,63,82,234,16,78,520,7,3.44,Paludisme,45,9,89.29,29.91,modéré,26.0,76.3,4040.5,False,0.42,0.59,0.09,177.8,14.6
12,Centre Hospitalier Régional de Kolda,Kolda,Kolda,312,564,2024-07-13,34,49,287,2,25,532,3,0.42,Covid-19,38,7,39.19,22.85,modéré,28.7,51.6,4388.2,False,0.61,0.52,0.17,52.7,13.4
12,Centre Hospitalier Régional de Kolda,Kolda,Kolda,312,564,2024-07-14,83,68,277,19,35,539,23,3.49,Grippe,93,1,44.76,23.73,élevé,32.4,52.2,4128.9,True,0.75,0.44,0.01,56.0,13.3
12,Centre Hospitalier Régional de Kolda,Kolda,Kolda,312,564,2024-07-15,42,15,239,12,73,557,29,3.0,Dengue,109,10,43.56,15.52,élevé,38.6,50.0,2464.1,True,0.21,0.98,0.12,118.7,23.0
12,Centre Hospitalier Régional de Kolda,Kolda,Kolda,312,564,2024-07-16,27,31,208,20,104,515,55,0.29,Grippe,12,8,50.27,1.6,faible,31.1,53.8,2258.3,False,0.94,0.98,0.12,83.5,34.4
12,Centre Hospitalier Régional de Kolda,Kolda,Kolda,312,564,2024-07-17,14,63,120,9,192,556,32,2.58,Dengue,26,7,52.42,12.48,faible,22.4,67.6,2543.3,False,0.62,0.87,0.05,81.8,57.3
12,Centre Hospitalier Régional de Kolda,Kolda,Kolda,312,564,2024-07-18,66,69,168,5,144,518,57,0.43,Dengue,67,8,78.16,3.6,modéré,31.3,56.5,3624.4,False,0.79,0.96,0.04,20.0,52.3
12,Centre Hospitalier Régional de Kolda,Kolda,Kolda,312,564,2024-07-19,86,8,280,5,32,547,34,3.09,Covid-19,44,2,57.16,22.59,modéré,28.4,63.9,4697.0,False,0.97,0.71,0.05,124.6,51.6
12,Centre Hospitalier Régional de Kolda,Kolda,Kolda,312,564,2024-07-20,53,67,311,11,1,559,24,0.22,Dengue,47,6,41.96,12.14,modéré,29.9,86.5,941.0,False,0.2,0.37,0.17,154.0,52.5
12,Centre Hospitalier Régional de Kolda,Kolda,Kolda,312,564,2024-07-21,46,18,35,21,277,564,47,0.9,Paludisme,101,8,64.13,1.51,élevé,35.0,81.2,4618.7,True,0.85,0.61,0.13,110.5,11.0
12,Centre Hospitalier Régional de Kolda,Kolda,Kolda,312,564,2024-07-22,91,24,85,9,227,550,51,2.48,Paludisme,88,0,31.81,6.43,élevé,31.6,65.8,1105.2,True,0.91,0.88,0.16,75.6,22.7
12,Centre Hospitalier Régional de Kolda,Kolda,Kolda,312,564,2024-07-23,31,65,242,5,70,544,20,1.67,Grippe,93,2,46.35,20.51,élevé,28.3,48.5,3687.6,True,0.75,0.45,0.15,24.2,16.4
12,Centre Hospitalier Régional de Kolda,Kolda,Kolda,312,564,2024-07-24,60,76,28,22,284,551,42,3.07,Paludisme,17,9,39.3,12.44,faible,37.2,70.5,3424.1,False,0.37,0.37,0.15,115.5,43.5
12,Centre Hospitalier Régional de Kolda,Kolda,Kolda,312,564,2024-07-25,92,83,106,20,206,554,51,2.28,Covid-19,47,5,81.47,21.03,modéré,32.5,86.0,4383.3,False,0.77,0.64,0.09,119.8,16.4
12,Centre Hospitalier Régional de Kolda,Kolda,Kolda,312,564,2024-07-26,70,44,83,16,229,524,0,0.16,Choléra,92,1,68.74,9.96,élevé,27.5,63.5,3272.3,True,0.8,0.56,0.12,30.6,51.0
12,Centre Hospitalier Régional de Kolda,Kolda,Kolda,312,564,2024-07-27,89,21,187,6,125,553,14,0.25,Covid-19,49,4,31.57,29.45,modéré,27.1,74.4,3463.9,False,0.82,0.67,0.12,121.3,4.1
12,Centre Hospitalier Régional de Kolda,Kolda,Kolda,312,564,2024-07-28,59,7,207,5,105,524,34,3.11,Paludisme,13,4,71.51,27.08,faible,30.9,40.1,1918.8,False,0.78,0.75,0.0,132.8,3.1
12,Centre Hospitalier Régional de Kolda,Kolda,Kolda,312,564,2024-07-29,10,19,301,0,11,551,31,1.93,Paludisme,103,0,52.98,7.7,élevé,28.2,85.9,3764.6,True,0.34,0.88,0.08,96.0,57.0
12,Centre Hospitalier Régional de Kolda,Kolda,Kolda,312,564,2024-07-30,48,82,172,2,140,555,34,3.61,Dengue,6,1,39.25,24.03,faible,27.3,69.9,3227.8,False,0.75,0.94,0.13,48.3,9.3
12,Centre Hospitalier Régional de Kolda,Kolda,Kolda,312,564,2024-07-31,95,29,260,4,52,534,2,2.19,Dengue,0,10,45.91,26.93,faible,38.1,40.9,263.8,False,0.74,0.79,0.13,70.3,23.9
12,Centre Hospitalier Régional de Kolda,Kolda,Kolda,312,564,2024-08-01,29,70,270,10,42,533,44,3.38,Covid-19,28,6,42.33,16.27,faible,38.0,79.3,984.5,False,0.72,0.56,0.17,140.8,9.8
12,Centre Hospitalier Régional de Kolda,Kolda,Kolda,312,564,2024-08-02,30,67,107,22,205,558,51,0.5,Paludisme,2,3,58.91,23.57,faible,37.3,72.0,440.0,False,0.83,0.63,0.12,106.1,52.0
12,Centre Hospitalier Régional de Kolda,Kolda,Kolda,312,564,2024-08-03,13,66,303,19,9,550,30,1.41,Paludisme,5,3,73.27,4.32,faible,27.3,68.6,148.6,False,0.7,0.9,0.13,118.5,55.6
12,Centre Hospitalier Régional de Kolda,Kolda,Kolda,312,564,2024-08-04,72,7,73,9,239,563,43,0.68,Dengue,10,6,53.95,6.26,faible,36.7,74.1,1305.0,False,0.53,0.67,0.0,82.5,26.7
12,Centre Hospitalier Régional de Kolda,Kolda,Kolda,312,564,2024-08-05,68,8,101,12,211,527,44,1.46,Choléra,116,1,48.72,13.41,élevé,22.3,53.1,321.0,True,0.31,0.63,0.17,132.9,32.7
12,Centre Hospitalier Régional de Kolda,Kolda,Kolda,312,564,2024-08-06,19,68,78,24,234,522,52,0.83,Grippe,11,8,68.45,21.29,faible,38.7,89.7,4013.1,False,0.79,0.98,0.01,168.9,52.6
12,Centre Hospitalier Régional de Kolda,Kolda,Kolda,312,564,2024-08-07,83,38,29,5,283,520,52,3.44,Grippe,98,1,72.08,25.14,élevé,31.6,41.5,1655.4,True,0.45,0.85,0.15,153.7,3.4
12,Centre Hospitalier Régional de Kolda,Kolda,Kolda,312,564,2024-08-08,57,79,128,8,184,547,49,3.42,Choléra,57,4,79.54,9.15,modéré,35.2,67.3,4678.9,False,0.42,0.89,0.04,171.5,10.9
12,Centre Hospitalier Régional de Kolda,Kolda,Kolda,312,564,2024-08-09,80,51,218,12,94,543,4,2.58,Grippe,2,6,32.87,16.3,faible,27.6,56.0,221.6,False,0.78,0.54,0.17,98.5,42.8
12,Centre Hospitalier Régional de Kolda,Kolda,Kolda,312,564,2024-08-10,53,19,111,16,201,515,32,2.26,Covid-19,107,8,65.37,29.69,élevé,34.1,74.7,1649.2,True,0.81,0.67,0.11,20.5,40.9
12,Centre Hospitalier Régional de Kolda,Kolda,Kolda,312,564,2024-08-11,17,88,190,17,122,551,30,2.01,Grippe,19,5,37.53,23.42,faible,23.6,43.5,2455.5,False,0.78,0.85,0.13,166.6,10.8
12,Centre Hospitalier Régional de Kolda,Kolda,Kolda,312,564,2024-08-12,11,41,248,17,64,549,55,0.32,Choléra,26,10,72.83,24.34,faible,26.2,74.5,4089.2,False,1.0,0.68,0.08,172.6,26.6
12,Centre Hospitalier Régional de Kolda,Kolda,Kolda,312,564,2024-08-13,17,65,274,4,38,548,47,2.2,Dengue,19,1,78.89,18.64,faible,27.5,63.5,4228.6,False,0.38,0.89,0.0,75.9,22.8
12,Centre Hospitalier Régional de Kolda,Kolda,Kolda,312,564,2024-08-14,48,51,259,0,53,561,32,0.85,Grippe,57,6,77.2,12.41,modéré,31.2,77.1,3734.4,False,0.43,0.65,0.04,77.1,19.5
12,Centre Hospitalier Régional de Kolda,Kolda,Kolda,312,564,2024-08-15,11,9,246,7,66,531,3,1.9,Grippe,32,0,33.91,6.06,modéré,26.5,66.8,1178.2,False,0.63,0.87,0.18,158.8,39.7
12,Centre Hospitalier Régional de Kolda,Kolda,Kolda,312,564,2024-08-16,15,77,292,13,20,555,12,2.42,Covid-19,13,0,42.95,17.67,faible,37.7,48.1,515.4,False,0.67,0.53,0.11,29.7,23.2
12,Centre Hospitalier Régional de Kolda,Kolda,Kolda,312,564,2024-08-17,21,85,84,18,228,545,56,3.43,Paludisme,59,4,65.05,24.19,modéré,34.6,50.2,4993.0,False,0.85,0.62,0.07,32.7,27.8
12,Centre Hospitalier Régional de Kolda,Kolda,Kolda,312,564,2024-08-18,77,29,260,4,52,535,9,2.72,Choléra,72,0,88.79,7.45,modéré,33.2,82.3,3619.8,False,0.34,0.57,0.07,19.8,38.8
12,Centre Hospitalier Régional de Kolda,Kolda,Kolda,312,564,2024-08-19,38,16,214,4,98,514,25,3.01,Dengue,34,0,48.57,29.41,modéré,26.1,72.0,2411.6,False,0.41,0.49,0.05,16.2,39.6
12,Centre Hospitalier Régional de Kolda,Kolda,Kolda,312,564,2024-08-20,76,12,233,19,79,549,23,1.48,Grippe,80,2,76.05,9.1,élevé,32.7,82.8,1066.1,False,0.64,0.61,0.16,41.1,14.0
12,Centre Hospitalier Régional de Kolda,Kolda,Kolda,312,564,2024-08-21,28,62,277,15,35,522,40,1.57,Grippe,23,5,34.33,12.93,faible,27.4,83.6,3814.7,False,0.5,0.72,0.17,21.1,50.8
12,Centre Hospitalier Régional de Kolda,Kolda,Kolda,312,564,2024-08-22,31,59,42,21,270,546,29,0.64,Grippe,52,0,58.5,7.13,modéré,26.0,80.3,3483.1,False,0.54,0.63,0.01,20.6,7.7
12,Centre Hospitalier Régional de Kolda,Kolda,Kolda,312,564,2024-08-23,34,85,40,25,272,559,2,3.98,Choléra,120,3,65.2,4.05,élevé,26.8,64.8,3310.7,True,0.54,0.86,0.09,62.5,21.1
12,Centre Hospitalier Régional de Kolda,Kolda,Kolda,312,564,2024-08-24,63,67,237,10,75,546,4,2.24,Paludisme,25,4,35.76,27.79,faible,37.6,84.2,2817.2,False,0.57,0.94,0.04,64.6,36.6
12,Centre Hospitalier Régional de Kolda,Kolda,Kolda,312,564,2024-08-25,84,53,302,5,10,514,27,3.65,Covid-19,107,4,41.53,14.28,élevé,37.4,65.4,4166.4,True,0.75,0.88,0.11,115.3,47.0
12,Centre Hospitalier Régional de Kolda,Kolda,Kolda,312,564,2024-08-26,16,8,258,13,54,516,4,2.01,Grippe,19,6,84.61,6.8,faible,22.0,58.1,883.1,False,0.35,0.97,0.0,17.0,4.2
12,Centre Hospitalier Régional de Kolda,Kolda,Kolda,312,564,2024-08-27,15,34,252,10,60,539,45,0.17,Choléra,21,1,80.62,7.74,faible,37.2,51.9,3659.3,False,0.92,0.38,0.15,111.3,5.7
12,Centre Hospitalier Régional de Kolda,Kolda,Kolda,312,564,2024-08-28,38,52,129,22,183,527,36,1.06,Covid-19,97,10,67.31,6.37,élevé,30.0,77.8,774.0,True,0.23,0.43,0.17,158.7,16.4
12,Centre Hospitalier Régional de Kolda,Kolda,Kolda,312,564,2024-08-29,70,67,47,12,265,524,26,0.61,Covid-19,8,1,40.35,8.05,faible,30.4,83.8,4563.1,False,0.62,0.48,0.17,170.9,25.2
12,Centre Hospitalier Régional de Kolda,Kolda,Kolda,312,564,2024-08-30,78,46,58,3,254,531,26,1.62,Grippe,65,3,37.13,6.76,modéré,27.0,67.2,731.8,False,0.92,0.58,0.08,102.1,59.2
12,Centre Hospitalier Régional de Kolda,Kolda,Kolda,312,564,2024-08-31,57,37,173,7,139,546,23,0.94,Choléra,107,3,79.86,21.36,élevé,30.5,47.8,4190.8,True,0.38,0.86,0.05,7.3,6.5
12,Centre Hospitalier Régional de Kolda,Kolda,Kolda,312,564,2024-09-01,43,41,26,0,286,564,9,1.15,Dengue,114,5,54.28,20.46,élevé,24.2,47.8,1450.9,True,0.76,0.54,0.19,14.4,10.1
12,Centre Hospitalier Régional de Kolda,Kolda,Kolda,312,564,2024-09-02,74,21,207,2,105,564,27,3.7,Grippe,94,0,66.42,9.93,élevé,26.3,41.7,2928.5,True,0.8,0.65,0.2,131.8,40.2
12,Centre Hospitalier Régional de Kolda,Kolda,Kolda,312,564,2024-09-03,68,37,88,24,224,535,38,2.59,Dengue,12,4,45.62,6.68,faible,32.8,82.3,4949.9,False,0.26,0.54,0.05,91.9,44.4
12,Centre Hospitalier Régional de Kolda,Kolda,Kolda,312,564,2024-09-04,86,66,252,3,60,521,44,0.6,Covid-19,46,4,39.68,27.97,modéré,31.0,66.8,3221.1,False,0.58,0.85,0.15,159.2,52.0
12,Centre Hospitalier Régional de Kolda,Kolda,Kolda,312,564,2024-09-05,40,11,55,2,257,517,1,3.96,Choléra,57,10,48.13,25.01,modéré,29.6,81.2,293.8,False,0.77,0.72,0.0,133.4,54.8
12,Centre Hospitalier Régional de Kolda,Kolda,Kolda,312,564,2024-09-06,81,27,212,17,100,548,49,1.65,Covid-19,114,7,70.03,6.27,élevé,33.1,60.3,3146.6,True,0.63,0.54,0.07,114.6,51.5
12,Centre Hospitalier Régional de Kolda,Kolda,Kolda,312,564,2024-09-07,56,41,68,13,244,543,30,2.91,Dengue,26,2,74.79,14.17,faible,24.3,86.0,690.2,False,0.5,0.92,0.2,145.6,42.3
12,Centre Hospitalier Régional de Kolda,Kolda,Kolda,312,564,2024-09-08,59,90,73,4,239,544,58,3.86,Paludisme,28,0,38.17,28.85,faible,31.3,63.8,2989.7,False,0.8,0.81,0.02,145.3,44.3
12,Centre Hospitalier Régional de Kolda,Kolda,Kolda,312,564,2024-09-09,39,11,303,21,9,547,27,1.89,Choléra,80,3,92.09,3.62,élevé,24.4,42.6,3973.8,False,0.55,0.71,0.09,159.0,21.1
12,Centre Hospitalier Régional de Kolda,Kolda,Kolda,312,564,2024-09-10,36,45,85,16,227,520,16,1.52,Dengue,50,2,94.44,5.76,modéré,35.6,52.9,4302.1,False,0.26,0.98,0.09,153.8,6.9
12,Centre Hospitalier Régional de Kolda,Kolda,Kolda,312,564,2024-09-11,84,82,270,16,42,563,47,3.87,Choléra,13,6,44.55,28.77,faible,37.3,89.3,4166.7,False,0.23,0.69,0.15,169.7,10.9
12,Centre Hospitalier Régional de Kolda,Kolda,Kolda,312,564,2024-09-12,47,78,151,10,161,535,3,2.83,Grippe,50,0,53.41,21.01,modéré,38.6,49.2,1406.3,False,0.22,0.58,0.16,47.6,3.4
12,Centre Hospitalier Régional de Kolda,Kolda,Kolda,312,564,2024-09-13,16,25,126,11,186,530,8,1.16,Grippe,95,0,46.92,11.14,élevé,32.8,70.5,3481.2,True,0.92,0.36,0.03,139.6,11.9
12,Centre Hospitalier Régional de Kolda,Kolda,Kolda,312,564,2024-09-14,28,70,94,5,218,550,37,0.18,Grippe,35,10,61.87,14.71,modéré,36.3,85.2,3027.8,False,0.77,0.63,0.06,77.5,44.3
12,Centre Hospitalier Régional de Kolda,Kolda,Kolda,312,564,2024-09-15,16,38,254,2,58,553,27,1.0,Covid-19,119,4,57.16,26.9,élevé,29.2,61.2,3857.0,True,0.7,0.81,0.06,175.6,18.9
12,Centre Hospitalier Régional de Kolda,Kolda,Kolda,312,564,2024-09-16,40,87,86,4,226,539,37,3.93,Grippe,97,4,32.39,24.15,élevé,23.8,72.6,1169.6,True,0.91,0.91,0.14,173.6,14.2
12,Centre Hospitalier Régional de Kolda,Kolda,Kolda,312,564,2024-09-17,92,86,222,17,90,536,39,3.37,Grippe,26,8,59.41,14.34,faible,37.9,89.3,2671.9,False,0.99,0.83,0.09,158.2,5.4
12,Centre Hospitalier Régional de Kolda,Kolda,Kolda,312,564,2024-09-18,25,84,271,9,41,559,3,3.95,Grippe,26,0,82.36,5.26,faible,36.7,57.5,422.7,False,0.61,0.31,0.06,28.6,26.3
12,Centre Hospitalier Régional de Kolda,Kolda,Kolda,312,564,2024-09-19,68,59,183,0,129,516,23,3.29,Covid-19,54,8,54.49,2.53,modéré,29.3,42.2,3922.6,False,0.53,0.46,0.18,8.8,5.9
12,Centre Hospitalier Régional de Kolda,Kolda,Kolda,312,564,2024-09-20,12,79,147,2,165,555,56,1.74,Covid-19,59,4,35.39,21.63,modéré,25.5,85.9,2063.4,False,0.51,0.81,0.05,7.3,11.1
12,Centre Hospitalier Régional de Kolda,Kolda,Kolda,312,564,2024-09-21,86,50,284,4,28,538,35,1.7,Dengue,11,10,65.72,19.13,faible,26.3,63.9,1127.7,False,0.68,0.32,0.16,83.9,45.2
12,Centre Hospitalier Régional de Kolda,Kolda,Kolda,312,564,2024-09-22,23,20,145,16,167,543,45,3.97,Dengue,22,10,50.51,25.4,faible,32.1,52.2,4134.6,False,0.3,0.65,0.04,139.0,52.3
12,Centre Hospitalier Régional de Kolda,Kolda,Kolda,312,564,2024-09-23,72,48,85,24,227,549,59,1.33,Choléra,50,5,71.22,20.63,modéré,31.2,84.6,2418.0,False,0.66,0.77,0.14,53.2,5.6
12,Centre Hospitalier Régional de Kolda,Kolda,Kolda,312,564,2024-09-24,99,75,302,14,10,562,36,3.63,Covid-19,50,10,58.44,26.02,modéré,37.2,82.0,1820.3,False,0.36,0.4,0.19,142.5,19.1
12,Centre Hospitalier Régional de Kolda,Kolda,Kolda,312,564,2024-09-25,88,13,241,20,71,543,43,3.2,Dengue,1,2,41.19,12.83,faible,34.8,46.8,381.5,False,0.8,0.58,0.17,129.9,11.9
12,Centre Hospitalier Régional de Kolda,Kolda,Kolda,312,564,2024-09-26,53,61,246,22,66,554,27,3.36,Covid-19,57,5,67.13,19.58,modéré,38.3,60.3,3032.8,False,0.96,0.5,0.08,10.0,4.0
12,Centre Hospitalier Régional de Kolda,Kolda,Kolda,312,564,2024-09-27,40,39,213,2,99,518,38,2.43,Choléra,45,1,73.81,11.8,modéré,37.9,82.8,4314.5,False,0.24,0.47,0.04,89.3,9.5
12,Centre Hospitalier Régional de Kolda,Kolda,Kolda,312,564,2024-09-28,57,57,63,21,249,552,21,2.9,Grippe,78,8,36.15,19.29,modéré,29.3,50.4,3426.1,False,0.95,0.31,0.15,129.3,44.3
12,Centre Hospitalier Régional de Kolda,Kolda,Kolda,312,564,2024-09-29,12,69,104,20,208,545,27,1.84,Dengue,37,7,81.36,18.96,modéré,24.6,54.0,3154.5,False,0.72,0.83,0.04,169.8,53.4
12,Centre Hospitalier Régional de Kolda,Kolda,Kolda,312,564,2024-09-30,16,51,239,2,73,554,40,0.82,Dengue,12,1,67.7,24.51,faible,22.2,72.5,3085.5,False,0.98,0.84,0.08,113.0,23.6
12,Centre Hospitalier Régional de Kolda,Kolda,Kolda,312,564,2024-10-01,18,36,105,11,207,549,28,0.74,Covid-19,31,8,74.25,9.05,modéré,29.5,73.5,4421.8,False,0.25,0.85,0.06,112.7,51.7
12,Centre Hospitalier Régional de Kolda,Kolda,Kolda,312,564,2024-10-02,13,20,281,0,31,532,27,3.86,Dengue,17,1,89.88,26.16,faible,31.9,42.3,4299.2,False,0.76,0.58,0.14,103.4,45.1
12,Centre Hospitalier Régional de Kolda,Kolda,Kolda,312,564,2024-10-03,94,68,132,24,180,555,59,3.09,Dengue,33,6,90.61,12.23,modéré,27.4,52.6,4742.8,False,0.89,0.46,0.01,32.2,56.4
12,Centre Hospitalier Régional de Kolda,Kolda,Kolda,312,564,2024-10-04,28,44,37,23,275,533,29,3.96,Paludisme,96,8,56.71,23.29,élevé,29.0,59.5,1534.0,True,0.77,0.56,0.11,24.3,12.5
12,Centre Hospitalier Régional de Kolda,Kolda,Kolda,312,564,2024-10-05,88,31,299,11,13,539,26,2.59,Covid-19,82,8,89.28,3.32,élevé,34.5,75.7,1148.2,True,0.66,0.51,0.18,171.9,33.2
12,Centre Hospitalier Régional de Kolda,Kolda,Kolda,312,564,2024-10-06,25,31,275,6,37,515,38,1.72,Paludisme,83,4,43.06,21.12,élevé,27.9,68.9,1550.7,True,0.35,0.3,0.05,179.4,47.7
12,Centre Hospitalier Régional de Kolda,Kolda,Kolda,312,564,2024-10-07,83,30,283,16,29,541,49,3.69,Choléra,49,8,52.45,29.3,modéré,27.3,57.6,2216.4,False,0.82,0.89,0.09,96.3,36.2
12,Centre Hospitalier Régional de Kolda,Kolda,Kolda,312,564,2024-10-08,24,26,49,14,263,535,5,1.52,Paludisme,100,6,82.91,28.7,élevé,35.5,66.7,2198.0,True,0.41,0.62,0.02,34.4,26.3
12,Centre Hospitalier Régional de Kolda,Kolda,Kolda,312,564,2024-10-09,22,42,286,11,26,520,51,1.82,Paludisme,83,3,42.36,3.94,élevé,29.2,67.0,2005.0,True,0.41,0.77,0.03,91.2,34.9
12,Centre Hospitalier Régional de Kolda,Kolda,Kolda,312,564,2024-10-10,27,11,306,6,6,560,16,3.15,Choléra,62,4,66.28,10.75,modéré,31.6,51.7,943.8,False,0.26,0.49,0.02,81.8,13.5
12,Centre Hospitalier Régional de Kolda,Kolda,Kolda,312,564,2024-10-11,79,14,72,22,240,551,22,1.36,Paludisme,8,0,30.09,6.06,faible,26.9,51.4,1080.6,False,0.91,0.6,0.2,108.5,7.2
12,Centre Hospitalier Régional de Kolda,Kolda,Kolda,312,564,2024-10-12,11,62,45,3,267,544,7,2.84,Paludisme,3,6,58.08,20.45,faible,34.3,51.4,4661.6,False,0.3,0.74,0.07,8.3,58.1
12,Centre Hospitalier Régional de Kolda,Kolda,Kolda,312,564,2024-10-13,68,67,265,8,47,538,20,3.91,Grippe,71,9,75.66,24.4,modéré,35.1,82.2,2134.0,False,0.4,0.88,0.17,66.4,22.3
12,Centre Hospitalier Régional de Kolda,Kolda,Kolda,312,564,2024-10-14,42,37,208,18,104,528,50,3.91,Paludisme,79,3,65.43,3.21,modéré,33.8,85.3,1444.8,False,0.34,0.72,0.19,30.0,20.4
12,Centre Hospitalier Régional de Kolda,Kolda,Kolda,312,564,2024-10-15,70,51,46,18,266,561,37,0.69,Covid-19,108,1,83.82,7.8,élevé,32.5,40.5,3616.0,True,0.78,0.6,0.07,121.6,11.5
12,Centre Hospitalier Régional de Kolda,Kolda,Kolda,312,564,2024-10-16,22,39,126,22,186,541,24,3.63,Grippe,80,6,68.28,18.23,élevé,23.8,85.8,1859.1,False,0.39,0.49,0.01,98.1,11.6
12,Centre Hospitalier Régional de Kolda,Kolda,Kolda,312,564,2024-10-17,96,35,93,17,219,545,30,3.26,Paludisme,46,1,50.35,9.93,modéré,25.3,76.6,240.4,False,0.21,0.57,0.12,115.1,23.2
12,Centre Hospitalier Régional de Kolda,Kolda,Kolda,312,564,2024-10-18,30,39,278,13,34,548,42,2.18,Covid-19,94,7,79.61,17.17,élevé,38.2,74.3,1580.0,True,0.35,0.55,0.01,93.8,58.0
12,Centre Hospitalier Régional de Kolda,Kolda,Kolda,312,564,2024-10-19,100,58,263,10,49,556,14,0.93,Paludisme,8,5,67.77,2.45,faible,27.3,62.1,3038.0,False,0.85,0.83,0.15,177.1,43.8
12,Centre Hospitalier Régional de Kolda,Kolda,Kolda,312,564,2024-10-20,100,38,261,18,51,538,9,2.29,Paludisme,4,8,49.82,29.02,faible,32.6,80.4,4198.9,False,0.29,0.93,0.15,155.7,27.5
12,Centre Hospitalier Régional de Kolda,Kolda,Kolda,312,564,2024-10-21,93,87,291,2,21,554,10,2.18,Covid-19,10,0,51.92,1.79,faible,26.4,44.4,2156.7,False,0.35,0.96,0.0,98.6,26.3
12,Centre Hospitalier Régional de Kolda,Kolda,Kolda,312,564,2024-10-22,56,89,260,0,52,531,57,3.74,Choléra,79,8,77.86,11.71,modéré,25.0,68.1,2089.4,False,0.93,0.56,0.09,88.4,47.1
12,Centre Hospitalier Régional de Kolda,Kolda,Kolda,312,564,2024-10-23,88,56,150,23,162,557,24,3.23,Paludisme,38,3,75.23,3.57,modéré,25.6,46.2,553.9,False,0.66,0.87,0.13,123.7,34.5
12,Centre Hospitalier Régional de Kolda,Kolda,Kolda,312,564,2024-10-24,38,59,56,14,256,525,28,0.77,Covid-19,55,7,77.61,14.03,modéré,31.8,46.4,4566.2,False,0.98,0.5,0.15,173.7,59.5
12,Centre Hospitalier Régional de Kolda,Kolda,Kolda,312,564,2024-10-25,26,55,133,8,179,536,39,0.86,Choléra,70,6,61.46,17.79,modéré,37.4,67.0,910.1,False,0.54,0.74,0.18,140.1,12.0
12,Centre Hospitalier Régional de Kolda,Kolda,Kolda,312,564,2024-10-26,79,56,121,21,191,544,23,0.59,Choléra,67,7,57.58,24.82,modéré,34.7,65.5,1279.5,False,0.22,0.89,0.14,21.5,35.1
12,Centre Hospitalier Régional de Kolda,Kolda,Kolda,312,564,2024-10-27,26,75,194,2,118,533,19,1.32,Dengue,53,4,80.21,29.37,modéré,25.3,65.9,4653.8,False,0.69,0.89,0.2,116.6,8.3
12,Centre Hospitalier Régional de Kolda,Kolda,Kolda,312,564,2024-10-28,11,88,114,0,198,541,26,1.16,Choléra,50,8,87.87,7.0,modéré,30.4,41.0,2951.7,False,0.3,0.52,0.15,108.3,7.1
12,Centre Hospitalier Régional de Kolda,Kolda,Kolda,312,564,2024-10-29,52,9,189,18,123,531,59,1.66,Covid-19,120,6,36.22,26.19,élevé,38.6,42.3,311.8,True,0.22,0.32,0.09,152.6,30.6
12,Centre Hospitalier Régional de Kolda,Kolda,Kolda,312,564,2024-10-30,55,52,105,3,207,515,41,1.53,Dengue,62,4,94.18,24.56,modéré,32.3,83.0,2866.6,False,0.95,0.71,0.06,124.6,8.7
12,Centre Hospitalier Régional de Kolda,Kolda,Kolda,312,564,2024-10-31,49,79,255,21,57,549,18,3.83,Covid-19,80,5,53.5,4.35,élevé,35.1,73.4,1191.9,False,0.22,0.53,0.09,98.6,34.3
12,Centre Hospitalier Régional de Kolda,Kolda,Kolda,312,564,2024-11-01,20,27,300,23,12,552,11,2.49,Grippe,65,4,53.01,24.83,modéré,22.5,71.1,138.0,False,0.98,0.49,0.2,172.1,7.8
12,Centre Hospitalier Régional de Kolda,Kolda,Kolda,312,564,2024-11-02,73,87,44,15,268,544,4,1.3,Dengue,108,10,85.56,3.5,élevé,33.7,81.9,2715.6,True,0.87,0.63,0.02,139.8,38.5
12,Centre Hospitalier Régional de Kolda,Kolda,Kolda,312,564,2024-11-03,68,85,143,25,169,547,1,2.62,Dengue,100,4,52.21,11.31,élevé,25.2,88.4,305.8,True,0.41,0.99,0.01,56.0,52.1
12,Centre Hospitalier Régional de Kolda,Kolda,Kolda,312,564,2024-11-04,91,67,284,7,28,539,52,1.6,Covid-19,23,0,80.59,10.35,faible,35.7,54.0,1072.3,False,0.73,0.44,0.08,26.2,42.3
12,Centre Hospitalier Régional de Kolda,Kolda,Kolda,312,564,2024-11-05,93,68,79,16,233,521,49,3.36,Grippe,6,10,30.71,3.43,faible,24.9,68.2,4428.3,False,0.84,0.37,0.08,16.8,29.1
12,Centre Hospitalier Régional de Kolda,Kolda,Kolda,312,564,2024-11-06,54,74,236,18,76,521,3,0.12,Paludisme,47,2,75.25,17.79,modéré,29.5,88.2,3369.2,False,0.99,0.87,0.01,157.0,39.6
12,Centre Hospitalier Régional de Kolda,Kolda,Kolda,312,564,2024-11-07,74,88,212,1,100,529,22,0.62,Grippe,33,7,67.79,3.33,modéré,35.6,71.5,1840.5,False,0.99,0.66,0.17,31.5,26.1
12,Centre Hospitalier Régional de Kolda,Kolda,Kolda,312,564,2024-11-08,36,55,67,16,245,544,43,3.24,Choléra,117,8,41.03,15.38,élevé,34.1,47.9,1510.2,True,0.53,0.48,0.15,128.0,47.6
12,Centre Hospitalier Régional de Kolda,Kolda,Kolda,312,564,2024-11-09,13,16,130,19,182,532,11,0.54,Grippe,6,0,88.0,18.4,faible,35.4,78.1,1430.1,False,0.88,0.56,0.02,7.8,8.1
12,Centre Hospitalier Régional de Kolda,Kolda,Kolda,312,564,2024-11-10,89,38,190,12,122,514,28,3.74,Grippe,54,2,37.48,5.27,modéré,37.0,42.8,3739.8,False,0.21,0.79,0.06,69.2,12.9
12,Centre Hospitalier Régional de Kolda,Kolda,Kolda,312,564,2024-11-11,48,24,49,7,263,514,49,3.87,Choléra,32,3,56.2,1.41,modéré,36.4,41.0,4759.8,False,0.56,0.88,0.14,155.3,28.9
12,Centre Hospitalier Régional de Kolda,Kolda,Kolda,312,564,2024-11-12,47,58,288,10,24,538,6,3.4,Covid-19,54,3,74.91,12.39,modéré,27.5,43.6,3736.6,False,0.64,0.72,0.14,115.8,17.7
12,Centre Hospitalier Régional de Kolda,Kolda,Kolda,312,564,2024-11-13,35,87,224,10,88,520,58,1.97,Paludisme,58,6,87.29,15.27,modéré,25.9,86.2,1088.2,False,0.52,0.85,0.11,53.6,27.3
12,Centre Hospitalier Régional de Kolda,Kolda,Kolda,312,564,2024-11-14,54,60,84,20,228,532,24,0.82,Grippe,100,5,91.94,6.18,élevé,28.0,40.0,886.5,True,0.98,0.6,0.07,61.0,11.5
12,Centre Hospitalier Régional de Kolda,Kolda,Kolda,312,564,2024-11-15,13,89,48,14,264,541,27,2.32,Dengue,86,8,32.87,4.45,élevé,23.9,46.9,3470.7,True,0.44,0.75,0.02,20.7,41.4
12,Centre Hospitalier Régional de Kolda,Kolda,Kolda,312,564,2024-11-16,27,78,152,1,160,560,29,0.68,Choléra,24,2,65.24,16.18,faible,35.2,73.4,1311.1,False,0.87,0.53,0.02,82.6,39.2
12,Centre Hospitalier Régional de Kolda,Kolda,Kolda,312,564,2024-11-17,20,48,116,5,196,535,31,1.69,Choléra,64,10,76.31,4.07,modéré,36.6,60.2,2634.8,False,0.96,0.7,0.06,63.8,23.0
12,Centre Hospitalier Régional de Kolda,Kolda,Kolda,312,564,2024-11-18,25,37,104,21,208,537,23,3.95,Choléra,111,8,61.98,16.0,élevé,37.9,45.3,3356.9,True,0.45,0.53,0.03,46.6,3.1
12,Centre Hospitalier Régional de Kolda,Kolda,Kolda,312,564,2024-11-19,38,16,171,16,141,555,37,1.16,Grippe,114,5,77.86,28.86,élevé,34.0,61.6,1988.7,True,0.94,0.7,0.17,72.7,35.4
12,Centre Hospitalier Régional de Kolda,Kolda,Kolda,312,564,2024-11-20,99,78,263,14,49,544,5,0.64,Grippe,85,5,55.48,17.84,élevé,38.4,77.2,501.5,True,0.62,0.53,0.14,63.3,33.5
12,Centre Hospitalier Régional de Kolda,Kolda,Kolda,312,564,2024-11-21,76,50,118,9,194,558,11,0.54,Paludisme,57,10,66.36,19.06,modéré,34.7,82.8,2618.4,False,0.75,0.47,0.14,71.8,26.8
12,Centre Hospitalier Régional de Kolda,Kolda,Kolda,312,564,2024-11-22,32,39,244,11,68,522,40,3.53,Dengue,12,3,45.37,4.76,faible,26.2,83.3,3546.0,False,0.24,0.66,0.18,177.0,29.0
12,Centre Hospitalier Régional de Kolda,Kolda,Kolda,312,564,2024-11-23,34,59,190,23,122,559,37,1.28,Grippe,56,9,31.21,8.92,modéré,38.5,59.2,4190.6,False,0.6,0.9,0.14,40.7,39.6
12,Centre Hospitalier Régional de Kolda,Kolda,Kolda,312,564,2024-11-24,69,31,137,3,175,556,0,1.37,Dengue,114,6,80.62,13.33,élevé,38.4,77.4,2441.4,True,0.97,0.89,0.15,126.0,29.6
12,Centre Hospitalier Régional de Kolda,Kolda,Kolda,312,564,2024-11-25,95,54,49,19,263,514,4,0.8,Covid-19,101,3,52.82,24.95,élevé,38.5,78.4,3188.9,True,0.69,0.89,0.03,136.2,22.8
12,Centre Hospitalier Régional de Kolda,Kolda,Kolda,312,564,2024-11-26,89,34,197,12,115,514,2,1.83,Covid-19,70,0,35.43,13.45,modéré,25.1,59.3,3685.8,False,0.67,0.96,0.13,160.9,26.0
12,Centre Hospitalier Régional de Kolda,Kolda,Kolda,312,564,2024-11-27,56,84,84,25,228,546,29,1.76,Covid-19,89,5,75.14,17.07,élevé,38.0,62.4,4113.9,True,0.5,0.56,0.03,116.5,7.8
12,Centre Hospitalier Régional de Kolda,Kolda,Kolda,312,564,2024-11-28,98,90,86,2,226,541,6,3.04,Covid-19,38,4,87.55,6.58,modéré,33.4,87.4,3539.0,False,0.42,0.76,0.06,48.4,50.8
12,Centre Hospitalier Régional de Kolda,Kolda,Kolda,312,564,2024-11-29,78,67,70,16,242,549,17,2.5,Choléra,95,6,30.26,5.0,élevé,37.8,64.4,2829.4,True,0.61,0.7,0.06,118.1,27.2
12,Centre Hospitalier Régional de Kolda,Kolda,Kolda,312,564,2024-11-30,53,78,93,2,219,519,4,3.91,Grippe,5,7,58.29,19.29,faible,31.2,67.1,3055.8,False,0.35,0.55,0.14,25.7,27.8
12,Centre Hospitalier Régional de Kolda,Kolda,Kolda,312,564,2024-12-01,70,41,111,20,201,519,20,2.38,Paludisme,22,2,53.2,22.73,faible,24.1,44.2,4002.5,False,0.23,0.42,0.1,94.7,21.3
12,Centre Hospitalier Régional de Kolda,Kolda,Kolda,312,564,2024-12-02,44,59,248,19,64,526,60,0.5,Paludisme,107,3,36.15,4.79,élevé,34.1,86.4,4465.1,True,0.36,0.45,0.05,137.9,44.4
12,Centre Hospitalier Régional de Kolda,Kolda,Kolda,312,564,2024-12-03,58,30,71,20,241,555,59,3.48,Covid-19,108,10,46.62,6.9,élevé,22.2,61.1,2928.3,True,0.66,0.77,0.16,117.6,11.2
12,Centre Hospitalier Régional de Kolda,Kolda,Kolda,312,564,2024-12-04,12,18,158,13,154,534,43,3.85,Dengue,60,10,68.75,28.47,modéré,28.9,41.2,988.5,False,0.66,0.52,0.06,87.6,13.9
12,Centre Hospitalier Régional de Kolda,Kolda,Kolda,312,564,2024-12-05,79,26,75,20,237,563,18,3.64,Covid-19,105,0,86.73,5.11,élevé,27.2,66.5,1238.4,True,0.82,0.56,0.09,39.2,34.4
12,Centre Hospitalier Régional de Kolda,Kolda,Kolda,312,564,2024-12-06,74,23,88,13,224,523,3,3.41,Dengue,44,6,33.82,19.64,modéré,22.4,53.5,1535.1,False,0.46,0.64,0.12,25.7,52.8
12,Centre Hospitalier Régional de Kolda,Kolda,Kolda,312,564,2024-12-07,19,59,230,24,82,559,31,1.02,Paludisme,60,7,86.69,29.45,modéré,33.8,83.8,3756.6,False,0.23,0.94,0.19,112.2,50.7
12,Centre Hospitalier Régional de Kolda,Kolda,Kolda,312,564,2024-12-08,34,86,242,21,70,532,60,3.74,Grippe,114,10,68.4,13.29,élevé,33.9,56.5,4326.0,True,0.95,0.92,0.04,47.8,41.6
12,Centre Hospitalier Régional de Kolda,Kolda,Kolda,312,564,2024-12-09,90,21,161,9,151,551,11,0.2,Choléra,89,7,57.27,11.27,élevé,29.0,84.0,1844.6,True,0.96,0.75,0.13,5.5,27.7
12,Centre Hospitalier Régional de Kolda,Kolda,Kolda,312,564,2024-12-10,49,20,280,11,32,563,12,2.29,Covid-19,66,4,44.17,2.57,modéré,28.2,76.3,2679.2,False,0.38,0.67,0.01,101.8,46.2
12,Centre Hospitalier Régional de Kolda,Kolda,Kolda,312,564,2024-12-11,63,18,65,1,247,554,18,0.2,Dengue,41,8,33.62,19.05,modéré,35.6,63.7,1383.6,False,0.63,0.69,0.13,88.7,52.8
12,Centre Hospitalier Régional de Kolda,Kolda,Kolda,312,564,2024-12-12,24,51,85,24,227,558,35,1.85,Covid-19,63,9,51.48,13.55,modéré,26.8,88.4,1559.9,False,0.56,0.52,0.06,51.9,41.4
12,Centre Hospitalier Régional de Kolda,Kolda,Kolda,312,564,2024-12-13,88,81,275,3,37,528,44,1.63,Paludisme,61,1,77.39,3.31,modéré,27.7,79.5,1501.8,False,0.49,0.75,0.09,35.0,27.5
12,Centre Hospitalier Régional de Kolda,Kolda,Kolda,312,564,2024-12-14,26,75,223,16,89,546,21,2.04,Covid-19,101,3,64.04,19.0,élevé,30.7,74.3,415.7,True,0.56,0.6,0.1,54.8,22.5
12,Centre Hospitalier Régional de Kolda,Kolda,Kolda,312,564,2024-12-15,72,45,289,19,23,563,55,0.41,Choléra,85,9,44.86,13.56,élevé,38.8,78.4,266.9,True,0.92,0.87,0.0,75.9,58.8
12,Centre Hospitalier Régional de Kolda,Kolda,Kolda,312,564,2024-12-16,81,52,82,13,230,536,15,1.83,Grippe,68,0,69.7,29.05,modéré,39.0,56.9,4379.8,False,0.7,0.53,0.16,122.0,33.8
12,Centre Hospitalier Régional de Kolda,Kolda,Kolda,312,564,2024-12-17,24,47,181,20,131,543,26,2.75,Dengue,31,3,74.46,28.59,modéré,22.3,75.5,889.2,False,0.31,0.41,0.14,130.8,41.4
12,Centre Hospitalier Régional de Kolda,Kolda,Kolda,312,564,2024-12-18,92,51,25,12,287,528,58,3.02,Covid-19,46,9,65.03,14.23,modéré,28.6,79.9,2499.3,False,0.56,0.38,0.04,8.4,8.6
12,Centre Hospitalier Régional de Kolda,Kolda,Kolda,312,564,2024-12-19,87,12,197,24,115,521,60,1.55,Paludisme,10,4,47.29,3.52,faible,37.2,48.0,2838.5,False,0.67,0.63,0.18,47.6,33.1
12,Centre Hospitalier Régional de Kolda,Kolda,Kolda,312,564,2024-12-20,12,46,150,15,162,535,42,3.32,Choléra,111,1,48.76,27.48,élevé,26.6,44.4,679.7,True,0.63,0.39,0.05,22.1,54.4
12,Centre Hospitalier Régional de Kolda,Kolda,Kolda,312,564,2024-12-21,10,81,233,14,79,541,35,0.19,Paludisme,77,3,81.26,24.36,modéré,26.3,87.6,4589.7,False,0.76,0.71,0.1,153.3,20.9
12,Centre Hospitalier Régional de Kolda,Kolda,Kolda,312,564,2024-12-22,31,76,153,16,159,564,60,2.45,Choléra,18,0,92.98,20.58,faible,23.2,71.5,3052.9,False,0.89,0.8,0.01,155.4,5.8
12,Centre Hospitalier Régional de Kolda,Kolda,Kolda,312,564,2024-12-23,57,62,270,25,42,559,27,3.58,Covid-19,77,0,54.06,4.41,modéré,24.2,67.2,1234.8,False,0.71,0.67,0.11,67.4,33.5
12,Centre Hospitalier Régional de Kolda,Kolda,Kolda,312,564,2024-12-24,92,71,55,13,257,520,33,1.28,Grippe,79,6,93.86,27.72,modéré,35.4,54.4,3208.4,False,0.6,0.56,0.07,100.5,28.9
12,Centre Hospitalier Régional de Kolda,Kolda,Kolda,312,564,2024-12-25,38,88,126,9,186,564,46,0.99,Choléra,82,1,55.85,13.78,élevé,29.2,41.2,4363.1,True,0.69,0.61,0.11,151.7,17.9
12,Centre Hospitalier Régional de Kolda,Kolda,Kolda,312,564,2024-12-26,78,9,131,24,181,553,13,0.59,Covid-19,25,10,32.19,9.49,faible,27.2,78.5,1135.7,False,0.59,0.44,0.04,171.6,44.4
12,Centre Hospitalier Régional de Kolda,Kolda,Kolda,312,564,2024-12-27,70,9,59,20,253,542,49,3.91,Covid-19,60,0,58.03,5.48,modéré,22.3,82.7,3954.4,False,0.85,0.75,0.04,108.5,14.6
12,Centre Hospitalier Régional de Kolda,Kolda,Kolda,312,564,2024-12-28,22,6,213,8,99,514,0,0.3,Paludisme,76,7,32.3,25.12,modéré,27.0,54.8,3031.1,False,0.81,0.45,0.15,172.6,50.2
12,Centre Hospitalier Régional de Kolda,Kolda,Kolda,312,564,2024-12-29,100,56,23,14,289,516,0,2.67,Covid-19,39,10,75.21,28.37,modéré,32.6,82.9,2676.3,False,0.78,0.33,0.02,50.0,36.0
12,Centre Hospitalier Régional de Kolda,Kolda,Kolda,312,564,2024-12-30,21,69,93,14,219,557,30,3.23,Covid-19,17,2,50.48,20.67,faible,28.0,42.1,1153.3,False,0.61,0.41,0.19,164.4,35.8
12,Centre Hospitalier Régional de Kolda,Kolda,Kolda,312,564,2024-12-31,18,45,120,12,192,519,24,3.79,Grippe,20,6,78.91,26.46,faible,25.0,83.8,610.4,False,0.44,0.33,0.01,95.9,8.4
13,Centre Hospitalier Régional de Sédhiou,Sédhiou,Sédhiou,355,168,2024-01-01,67,58,309,19,46,156,54,3.63,Dengue,52,1,81.38,28.95,modéré,23.9,70.4,2245.7,False,0.22,0.76,0.05,53.3,53.6
13,Centre Hospitalier Régional de Sédhiou,Sédhiou,Sédhiou,355,168,2024-01-02,54,49,261,20,94,168,44,0.23,Paludisme,20,3,66.2,7.65,faible,36.5,83.3,2363.2,False,0.73,0.52,0.17,49.6,10.4
13,Centre Hospitalier Régional de Sédhiou,Sédhiou,Sédhiou,355,168,2024-01-03,19,76,124,15,231,161,24,3.73,Dengue,74,6,55.48,6.61,modéré,38.9,46.5,4780.0,False,0.21,0.59,0.06,177.1,56.2
13,Centre Hospitalier Régional de Sédhiou,Sédhiou,Sédhiou,355,168,2024-01-04,45,51,144,15,211,127,28,2.49,Dengue,96,3,81.76,18.04,élevé,23.4,40.0,898.6,True,0.28,0.88,0.02,124.3,25.4
13,Centre Hospitalier Régional de Sédhiou,Sédhiou,Sédhiou,355,168,2024-01-05,54,84,163,18,192,149,33,0.74,Covid-19,62,3,85.32,6.58,modéré,35.5,55.0,4335.3,False,0.69,0.53,0.08,22.0,44.1
13,Centre Hospitalier Régional de Sédhiou,Sédhiou,Sédhiou,355,168,2024-01-06,51,5,350,18,5,150,51,2.43,Paludisme,68,3,69.44,14.44,modéré,24.8,80.1,3237.0,False,0.32,0.79,0.2,138.0,44.3
13,Centre Hospitalier Régional de Sédhiou,Sédhiou,Sédhiou,355,168,2024-01-07,33,26,249,12,106,154,9,0.31,Grippe,11,10,30.82,17.42,faible,26.0,87.6,254.6,False,0.58,0.73,0.09,58.3,34.2
13,Centre Hospitalier Régional de Sédhiou,Sédhiou,Sédhiou,355,168,2024-01-08,65,36,112,9,243,156,59,3.62,Dengue,48,5,93.01,10.92,modéré,25.5,56.6,2887.5,False,0.94,0.65,0.06,95.0,7.1
13,Centre Hospitalier Régional de Sédhiou,Sédhiou,Sédhiou,355,168,2024-01-09,81,8,110,11,245,127,39,2.49,Choléra,72,2,61.99,29.11,modéré,31.2,42.3,1637.9,False,0.54,0.95,0.11,61.0,17.1
13,Centre Hospitalier Régional de Sédhiou,Sédhiou,Sédhiou,355,168,2024-01-10,71,85,306,18,49,131,21,1.43,Choléra,81,3,43.65,24.16,élevé,23.1,63.9,4562.9,True,0.54,0.72,0.16,74.7,23.6
13,Centre Hospitalier Régional de Sédhiou,Sédhiou,Sédhiou,355,168,2024-01-11,51,54,266,25,89,125,15,3.04,Grippe,46,7,80.38,15.29,modéré,28.9,40.8,2426.6,False,0.67,0.36,0.04,155.2,15.2
13,Centre Hospitalier Régional de Sédhiou,Sédhiou,Sédhiou,355,168,2024-01-12,43,28,317,8,38,139,57,0.33,Dengue,75,9,47.06,23.67,modéré,29.0,71.0,2995.4,False,0.26,0.9,0.05,75.3,59.7
13,Centre Hospitalier Régional de Sédhiou,Sédhiou,Sédhiou,355,168,2024-01-13,74,18,229,9,126,130,46,2.48,Grippe,73,6,75.54,12.24,modéré,31.7,45.1,2715.2,False,0.64,0.77,0.09,6.0,48.1
13,Centre Hospitalier Régional de Sédhiou,Sédhiou,Sédhiou,355,168,2024-01-14,42,18,124,3,231,145,42,3.76,Choléra,108,1,87.52,4.29,élevé,36.4,61.3,323.1,True,0.94,0.35,0.0,20.7,37.1
13,Centre Hospitalier Régional de Sédhiou,Sédhiou,Sédhiou,355,168,2024-01-15,44,32,218,3,137,134,20,0.42,Paludisme,53,3,31.42,12.2,modéré,27.4,89.6,3578.5,False,0.79,0.47,0.04,131.9,13.4
13,Centre Hospitalier Régional de Sédhiou,Sédhiou,Sédhiou,355,168,2024-01-16,50,41,114,16,241,127,32,1.15,Choléra,7,6,75.11,28.11,faible,33.4,80.3,549.4,False,0.65,0.73,0.1,174.5,56.5
13,Centre Hospitalier Régional de Sédhiou,Sédhiou,Sédhiou,355,168,2024-01-17,89,77,158,20,197,129,36,2.81,Choléra,19,1,45.64,18.35,faible,39.0,79.9,185.0,False,0.22,0.68,0.2,128.5,59.7
13,Centre Hospitalier Régional de Sédhiou,Sédhiou,Sédhiou,355,168,2024-01-18,44,54,147,6,208,127,0,2.87,Paludisme,1,4,52.89,21.83,faible,35.9,75.5,2600.4,False,0.71,0.61,0.14,108.0,21.4
13,Centre Hospitalier Régional de Sédhiou,Sédhiou,Sédhiou,355,168,2024-01-19,88,20,46,7,309,155,16,3.43,Covid-19,90,0,81.18,11.96,élevé,27.5,41.1,1147.1,True,0.78,0.8,0.1,108.1,9.2
13,Centre Hospitalier Régional de Sédhiou,Sédhiou,Sédhiou,355,168,2024-01-20,43,42,111,18,244,125,44,1.61,Dengue,55,0,48.51,28.19,modéré,28.0,49.3,2504.6,False,0.66,0.64,0.13,48.9,12.4
13,Centre Hospitalier Régional de Sédhiou,Sédhiou,Sédhiou,355,168,2024-01-21,77,55,82,7,273,151,50,1.12,Paludisme,5,2,52.05,7.71,faible,25.0,86.0,2670.8,False,0.85,0.9,0.16,11.1,8.8
13,Centre Hospitalier Régional de Sédhiou,Sédhiou,Sédhiou,355,168,2024-01-22,91,59,319,16,36,160,18,2.92,Dengue,115,10,34.78,3.56,élevé,35.6,40.6,3830.4,True,0.69,0.49,0.04,103.5,51.7
13,Centre Hospitalier Régional de Sédhiou,Sédhiou,Sédhiou,355,168,2024-01-23,33,59,315,21,40,133,16,0.44,Dengue,41,10,54.05,18.88,modéré,38.5,43.7,2835.7,False,0.5,0.5,0.09,13.8,40.4
13,Centre Hospitalier Régional de Sédhiou,Sédhiou,Sédhiou,355,168,2024-01-24,52,79,305,7,50,146,18,1.65,Dengue,118,10,51.14,21.75,élevé,27.7,83.9,2104.1,True,0.78,0.83,0.19,19.7,30.3
13,Centre Hospitalier Régional de Sédhiou,Sédhiou,Sédhiou,355,168,2024-01-25,87,35,161,24,194,140,1,1.85,Dengue,91,0,73.64,12.83,élevé,27.7,64.8,2915.9,True,0.23,0.34,0.09,79.9,31.9
13,Centre Hospitalier Régional de Sédhiou,Sédhiou,Sédhiou,355,168,2024-01-26,83,88,52,20,303,147,13,2.63,Grippe,120,6,77.28,5.5,élevé,23.9,78.8,1595.6,True,0.66,0.67,0.17,148.2,21.7
13,Centre Hospitalier Régional de Sédhiou,Sédhiou,Sédhiou,355,168,2024-01-27,20,52,77,16,278,137,9,0.64,Grippe,39,8,38.16,24.82,modéré,30.3,77.8,1424.2,False,0.87,0.57,0.16,58.3,34.8
13,Centre Hospitalier Régional de Sédhiou,Sédhiou,Sédhiou,355,168,2024-01-28,36,49,174,13,181,136,38,1.42,Paludisme,5,2,58.92,4.8,faible,36.0,86.8,860.6,False,0.99,0.47,0.18,91.3,57.6
13,Centre Hospitalier Régional de Sédhiou,Sédhiou,Sédhiou,355,168,2024-01-29,65,89,284,8,71,160,44,2.18,Choléra,92,3,54.44,11.17,élevé,23.5,77.1,3399.3,True,0.22,0.64,0.06,156.2,32.9
13,Centre Hospitalier Régional de Sédhiou,Sédhiou,Sédhiou,355,168,2024-01-30,22,14,350,2,5,143,18,2.58,Dengue,83,7,86.28,28.9,élevé,29.6,48.8,625.3,True,0.46,1.0,0.16,154.9,51.5
13,Centre Hospitalier Régional de Sédhiou,Sédhiou,Sédhiou,355,168,2024-01-31,75,43,162,16,193,148,17,2.18,Grippe,33,4,91.96,13.1,modéré,27.1,66.0,3817.1,False,0.53,0.54,0.01,20.2,6.0
13,Centre Hospitalier Régional de Sédhiou,Sédhiou,Sédhiou,355,168,2024-02-01,30,72,152,21,203,130,44,2.94,Dengue,111,8,36.97,4.86,élevé,23.5,89.0,3464.9,True,0.55,0.89,0.17,25.6,15.7
13,Centre Hospitalier Régional de Sédhiou,Sédhiou,Sédhiou,355,168,2024-02-02,56,34,243,17,112,164,59,2.77,Choléra,95,8,50.36,22.54,élevé,33.6,86.0,2744.8,True,0.92,0.76,0.11,104.7,21.4
13,Centre Hospitalier Régional de Sédhiou,Sédhiou,Sédhiou,355,168,2024-02-03,22,11,264,12,91,134,32,2.96,Covid-19,104,1,40.44,3.14,élevé,37.6,57.1,2934.9,True,0.32,0.9,0.1,153.6,4.5
13,Centre Hospitalier Régional de Sédhiou,Sédhiou,Sédhiou,355,168,2024-02-04,94,72,216,13,139,150,12,2.29,Grippe,84,0,78.6,4.05,élevé,29.2,80.0,4026.5,True,0.68,0.69,0.07,58.0,42.3
13,Centre Hospitalier Régional de Sédhiou,Sédhiou,Sédhiou,355,168,2024-02-05,63,59,111,22,244,166,46,3.98,Grippe,91,0,67.32,2.98,élevé,30.2,42.3,1441.3,True,0.53,1.0,0.12,19.0,27.5
13,Centre Hospitalier Régional de Sédhiou,Sédhiou,Sédhiou,355,168,2024-02-06,74,38,328,3,27,124,57,2.02,Grippe,4,6,78.17,28.97,faible,31.9,42.7,423.7,False,0.39,0.99,0.06,52.8,46.8
13,Centre Hospitalier Régional de Sédhiou,Sédhiou,Sédhiou,355,168,2024-02-07,23,56,255,25,100,134,13,0.71,Covid-19,109,0,38.63,20.85,élevé,33.8,58.1,3091.4,True,0.61,0.61,0.14,108.5,30.0
13,Centre Hospitalier Régional de Sédhiou,Sédhiou,Sédhiou,355,168,2024-02-08,71,62,34,17,321,140,37,3.09,Choléra,97,9,76.46,29.55,élevé,34.8,84.5,1968.6,True,0.41,0.6,0.05,91.9,57.7
13,Centre Hospitalier Régional de Sédhiou,Sédhiou,Sédhiou,355,168,2024-02-09,58,37,91,5,264,120,50,3.86,Choléra,3,4,88.12,15.76,faible,30.0,66.4,3307.7,False,0.24,0.92,0.04,61.3,13.7
13,Centre Hospitalier Régional de Sédhiou,Sédhiou,Sédhiou,355,168,2024-02-10,60,47,204,9,151,149,30,2.13,Choléra,24,8,64.37,10.0,faible,26.0,85.1,1730.2,False,0.24,0.76,0.11,116.1,11.9
13,Centre Hospitalier Régional de Sédhiou,Sédhiou,Sédhiou,355,168,2024-02-11,20,40,283,15,72,159,51,1.39,Grippe,20,8,87.89,23.28,faible,34.4,82.1,3810.6,False,0.74,0.53,0.12,150.2,6.5
13,Centre Hospitalier Régional de Sédhiou,Sédhiou,Sédhiou,355,168,2024-02-12,97,68,132,16,223,128,24,2.51,Choléra,24,8,94.56,4.59,faible,27.3,75.0,2003.1,False,0.91,0.85,0.05,140.4,32.7
13,Centre Hospitalier Régional de Sédhiou,Sédhiou,Sédhiou,355,168,2024-02-13,100,82,237,18,118,131,10,3.48,Grippe,54,6,54.36,3.08,modéré,38.0,52.4,2206.7,False,0.79,0.67,0.05,83.4,27.0
13,Centre Hospitalier Régional de Sédhiou,Sédhiou,Sédhiou,355,168,2024-02-14,35,24,280,10,75,155,31,0.96,Paludisme,40,4,66.98,4.4,modéré,25.8,80.8,587.7,False,0.89,0.85,0.09,64.3,58.2
13,Centre Hospitalier Régional de Sédhiou,Sédhiou,Sédhiou,355,168,2024-02-15,17,11,130,0,225,164,0,2.53,Covid-19,0,1,84.53,24.45,faible,37.2,81.0,2141.8,False,0.67,0.71,0.14,161.3,24.4
13,Centre Hospitalier Régional de Sédhiou,Sédhiou,Sédhiou,355,168,2024-02-16,83,70,45,17,310,127,54,2.29,Grippe,8,2,79.93,29.8,faible,38.6,82.8,1152.2,False,0.96,0.66,0.19,37.2,52.7
13,Centre Hospitalier Régional de Sédhiou,Sédhiou,Sédhiou,355,168,2024-02-17,27,32,331,24,24,134,29,2.21,Choléra,31,0,59.35,15.42,modéré,28.4,58.5,4191.8,False,0.9,0.65,0.2,72.5,55.4
13,Centre Hospitalier Régional de Sédhiou,Sédhiou,Sédhiou,355,168,2024-02-18,15,21,156,15,199,136,52,2.22,Covid-19,70,6,41.38,12.23,modéré,32.0,64.2,4262.5,False,0.98,0.44,0.12,71.7,56.3
13,Centre Hospitalier Régional de Sédhiou,Sédhiou,Sédhiou,355,168,2024-02-19,83,84,59,15,296,127,52,1.77,Choléra,100,1,66.98,1.31,élevé,22.3,47.2,2515.5,True,0.86,0.64,0.13,49.2,59.1
13,Centre Hospitalier Régional de Sédhiou,Sédhiou,Sédhiou,355,168,2024-02-20,13,48,258,18,97,132,53,1.93,Paludisme,114,6,48.22,10.14,élevé,35.0,72.0,3781.4,True,0.53,0.81,0.17,94.4,30.3
13,Centre Hospitalier Régional de Sédhiou,Sédhiou,Sédhiou,355,168,2024-02-21,49,5,38,21,317,136,12,3.91,Dengue,109,0,40.85,27.29,élevé,23.0,87.7,3210.5,True,0.2,0.57,0.16,99.6,20.0
13,Centre Hospitalier Régional de Sédhiou,Sédhiou,Sédhiou,355,168,2024-02-22,87,62,33,7,322,130,52,2.22,Choléra,29,2,90.97,23.17,faible,35.1,74.7,680.5,False,0.81,0.34,0.05,136.1,57.6
13,Centre Hospitalier Régional de Sédhiou,Sédhiou,Sédhiou,355,168,2024-02-23,93,62,194,0,161,155,10,0.67,Paludisme,86,0,37.57,17.19,élevé,32.2,64.6,1046.1,True,0.69,0.55,0.1,59.7,21.8
13,Centre Hospitalier Régional de Sédhiou,Sédhiou,Sédhiou,355,168,2024-02-24,36,56,352,21,3,150,4,2.87,Grippe,8,7,90.02,14.77,faible,25.7,66.8,2750.0,False,0.63,0.38,0.11,19.1,18.7
13,Centre Hospitalier Régional de Sédhiou,Sédhiou,Sédhiou,355,168,2024-02-25,72,50,241,5,114,138,25,1.69,Choléra,100,10,47.97,14.37,élevé,38.4,76.2,4802.0,True,0.89,0.9,0.2,137.0,35.7
13,Centre Hospitalier Régional de Sédhiou,Sédhiou,Sédhiou,355,168,2024-02-26,12,7,53,18,302,155,31,2.61,Grippe,67,3,34.34,2.76,modéré,26.3,44.8,3263.2,False,0.85,0.44,0.17,150.9,33.1
13,Centre Hospitalier Régional de Sédhiou,Sédhiou,Sédhiou,355,168,2024-02-27,69,39,257,13,98,137,23,3.91,Choléra,31,2,89.46,12.69,modéré,22.0,89.6,1629.9,False,0.77,0.68,0.05,136.9,19.4
13,Centre Hospitalier Régional de Sédhiou,Sédhiou,Sédhiou,355,168,2024-02-28,84,81,183,8,172,155,37,2.33,Grippe,81,1,47.24,19.68,élevé,37.5,76.0,2193.1,True,0.33,0.9,0.18,71.6,21.5
13,Centre Hospitalier Régional de Sédhiou,Sédhiou,Sédhiou,355,168,2024-02-29,40,50,339,17,16,157,11,3.29,Grippe,76,10,56.22,22.66,modéré,30.3,76.7,3222.1,False,0.27,0.77,0.06,116.6,57.6
13,Centre Hospitalier Régional de Sédhiou,Sédhiou,Sédhiou,355,168,2024-03-01,54,80,21,7,334,151,35,3.26,Grippe,3,4,46.31,23.02,faible,29.8,80.9,3133.2,False,0.56,0.61,0.18,57.6,54.6
13,Centre Hospitalier Régional de Sédhiou,Sédhiou,Sédhiou,355,168,2024-03-02,59,59,90,14,265,141,30,1.75,Grippe,33,1,56.04,24.96,modéré,34.6,66.2,669.0,False,0.81,0.61,0.13,16.7,16.8
13,Centre Hospitalier Régional de Sédhiou,Sédhiou,Sédhiou,355,168,2024-03-03,68,38,136,2,219,131,53,1.83,Paludisme,61,1,76.51,16.91,modéré,28.3,79.0,3680.2,False,0.26,0.52,0.16,84.6,20.1
13,Centre Hospitalier Régional de Sédhiou,Sédhiou,Sédhiou,355,168,2024-03-04,40,37,280,20,75,142,23,1.48,Grippe,106,2,60.93,7.46,élevé,30.5,68.6,221.8,True,0.41,0.52,0.09,102.6,56.6
13,Centre Hospitalier Régional de Sédhiou,Sédhiou,Sédhiou,355,168,2024-03-05,28,90,290,9,65,138,13,2.69,Covid-19,109,4,61.41,24.86,élevé,32.2,65.9,3773.4,True,0.44,1.0,0.09,21.7,26.4
13,Centre Hospitalier Régional de Sédhiou,Sédhiou,Sédhiou,355,168,2024-03-06,49,64,198,5,157,139,46,3.26,Grippe,116,7,36.46,13.44,élevé,31.8,59.1,2232.2,True,0.68,0.81,0.18,5.4,26.8
13,Centre Hospitalier Régional de Sédhiou,Sédhiou,Sédhiou,355,168,2024-03-07,96,23,149,21,206,155,9,3.32,Covid-19,40,4,59.93,28.33,modéré,27.8,44.8,3145.4,False,0.51,0.35,0.18,135.8,45.8
13,Centre Hospitalier Régional de Sédhiou,Sédhiou,Sédhiou,355,168,2024-03-08,59,46,49,25,306,141,14,3.55,Paludisme,68,1,93.06,1.38,modéré,25.4,81.2,1305.7,False,0.92,0.92,0.13,21.5,19.3
13,Centre Hospitalier Régional de Sédhiou,Sédhiou,Sédhiou,355,168,2024-03-09,48,83,118,23,237,167,1,2.59,Covid-19,29,2,89.43,16.67,faible,27.1,86.3,4790.6,False,0.2,0.94,0.09,79.8,50.4
13,Centre Hospitalier Régional de Sédhiou,Sédhiou,Sédhiou,355,168,2024-03-10,65,35,244,10,111,157,45,2.0,Paludisme,15,9,66.16,14.78,faible,30.4,77.6,3106.6,False,0.2,0.64,0.09,27.5,10.1
13,Centre Hospitalier Régional de Sédhiou,Sédhiou,Sédhiou,355,168,2024-03-11,25,13,262,2,93,157,22,3.41,Dengue,55,8,58.84,3.14,modéré,37.6,59.0,2422.5,False,0.59,0.53,0.19,20.4,33.1
13,Centre Hospitalier Régional de Sédhiou,Sédhiou,Sédhiou,355,168,2024-03-12,12,36,275,12,80,155,52,0.9,Covid-19,22,7,94.77,12.3,faible,27.3,60.0,3035.1,False,0.88,0.68,0.07,129.9,20.4
13,Centre Hospitalier Régional de Sédhiou,Sédhiou,Sédhiou,355,168,2024-03-13,49,45,66,22,289,129,24,3.07,Paludisme,34,10,38.66,4.74,modéré,38.1,53.1,1781.5,False,0.43,0.9,0.11,124.7,20.6
13,Centre Hospitalier Régional de Sédhiou,Sédhiou,Sédhiou,355,168,2024-03-14,16,19,72,18,283,135,43,0.94,Dengue,70,9,40.12,8.91,modéré,38.7,60.9,2780.6,False,0.75,0.45,0.12,10.2,38.9
13,Centre Hospitalier Régional de Sédhiou,Sédhiou,Sédhiou,355,168,2024-03-15,88,76,163,25,192,125,7,0.37,Covid-19,14,10,81.39,27.66,faible,32.8,66.1,2739.4,False,0.21,0.31,0.04,69.3,50.6
13,Centre Hospitalier Régional de Sédhiou,Sédhiou,Sédhiou,355,168,2024-03-16,77,20,242,9,113,156,37,3.15,Paludisme,96,1,45.76,20.34,élevé,24.9,76.8,3092.4,True,0.62,0.78,0.1,113.6,8.2
13,Centre Hospitalier Régional de Sédhiou,Sédhiou,Sédhiou,355,168,2024-03-17,62,42,291,7,64,154,23,1.8,Covid-19,105,1,83.14,29.79,élevé,31.7,84.5,4367.6,True,0.58,0.65,0.15,159.1,51.8
13,Centre Hospitalier Régional de Sédhiou,Sédhiou,Sédhiou,355,168,2024-03-18,17,61,235,5,120,160,44,2.43,Dengue,23,0,69.03,8.85,faible,24.9,72.5,2318.9,False,0.4,0.81,0.2,83.1,43.6
13,Centre Hospitalier Régional de Sédhiou,Sédhiou,Sédhiou,355,168,2024-03-19,85,29,45,11,310,139,31,2.04,Covid-19,118,0,84.23,13.4,élevé,32.8,85.8,4439.7,True,0.47,0.47,0.06,68.0,21.7
13,Centre Hospitalier Régional de Sédhiou,Sédhiou,Sédhiou,355,168,2024-03-20,77,58,45,8,310,121,11,2.97,Covid-19,20,0,63.24,22.77,faible,24.6,54.8,1540.4,False,0.71,0.49,0.07,165.4,6.2
13,Centre Hospitalier Régional de Sédhiou,Sédhiou,Sédhiou,355,168,2024-03-21,90,83,252,20,103,142,17,0.57,Dengue,18,5,51.9,27.48,faible,32.9,64.9,3736.3,False,0.57,0.53,0.14,172.0,15.3
13,Centre Hospitalier Régional de Sédhiou,Sédhiou,Sédhiou,355,168,2024-03-22,41,40,349,13,6,164,2,1.99,Covid-19,34,5,80.1,2.73,modéré,32.0,51.3,3618.9,False,0.78,0.68,0.04,63.4,37.6
13,Centre Hospitalier Régional de Sédhiou,Sédhiou,Sédhiou,355,168,2024-03-23,82,44,157,18,198,160,24,1.59,Choléra,1,7,46.75,29.37,faible,25.9,81.8,4991.0,False,0.79,0.36,0.09,128.3,12.1
13,Centre Hospitalier Régional de Sédhiou,Sédhiou,Sédhiou,355,168,2024-03-24,61,64,335,6,20,128,20,0.65,Paludisme,50,1,37.05,2.39,modéré,33.6,63.7,1250.2,False,0.53,0.46,0.19,156.0,58.2
13,Centre Hospitalier Régional de Sédhiou,Sédhiou,Sédhiou,355,168,2024-03-25,55,60,331,19,24,130,27,2.74,Dengue,71,4,67.76,10.33,modéré,22.1,62.2,2547.9,False,0.92,0.33,0.08,56.6,6.6
13,Centre Hospitalier Régional de Sédhiou,Sédhiou,Sédhiou,355,168,2024-03-26,29,34,179,19,176,160,36,0.78,Dengue,31,1,55.95,28.05,modéré,35.3,65.6,4210.2,False,0.33,0.5,0.06,94.5,50.8
13,Centre Hospitalier Régional de Sédhiou,Sédhiou,Sédhiou,355,168,2024-03-27,44,11,41,6,314,153,48,1.8,Paludisme,6,3,31.8,15.71,faible,27.6,45.1,1008.5,False,0.66,0.88,0.07,168.4,43.6
13,Centre Hospitalier Régional de Sédhiou,Sédhiou,Sédhiou,355,168,2024-03-28,92,59,300,20,55,145,21,3.06,Choléra,39,7,53.91,24.16,modéré,32.9,55.5,4179.0,False,0.97,0.59,0.11,173.8,28.5
13,Centre Hospitalier Régional de Sédhiou,Sédhiou,Sédhiou,355,168,2024-03-29,78,70,210,17,145,151,8,3.73,Paludisme,63,8,34.59,18.12,modéré,31.5,56.3,652.4,False,0.66,0.37,0.09,37.5,59.0
13,Centre Hospitalier Régional de Sédhiou,Sédhiou,Sédhiou,355,168,2024-03-30,66,54,59,23,296,125,6,0.85,Choléra,18,6,92.62,26.62,faible,29.4,42.0,4056.1,False,0.53,0.54,0.05,177.8,19.1
13,Centre Hospitalier Régional de Sédhiou,Sédhiou,Sédhiou,355,168,2024-03-31,51,65,299,11,56,142,52,3.32,Grippe,4,1,67.0,7.66,faible,30.4,62.5,2770.2,False,0.52,0.33,0.15,62.3,20.7
13,Centre Hospitalier Régional de Sédhiou,Sédhiou,Sédhiou,355,168,2024-04-01,27,28,175,25,180,150,40,1.87,Covid-19,53,5,60.92,4.59,modéré,36.7,60.3,3915.4,False,0.96,0.4,0.08,87.1,47.0
13,Centre Hospitalier Régional de Sédhiou,Sédhiou,Sédhiou,355,168,2024-04-02,95,27,180,7,175,156,41,2.91,Dengue,106,10,50.97,6.94,élevé,29.4,80.4,2044.8,True,0.27,0.57,0.13,76.5,30.6
13,Centre Hospitalier Régional de Sédhiou,Sédhiou,Sédhiou,355,168,2024-04-03,38,9,179,6,176,135,26,0.42,Paludisme,11,1,91.62,16.08,faible,37.3,81.9,220.1,False,0.9,0.57,0.06,56.1,23.6
13,Centre Hospitalier Régional de Sédhiou,Sédhiou,Sédhiou,355,168,2024-04-04,29,81,53,7,302,149,44,2.25,Covid-19,27,4,68.63,22.82,faible,36.6,42.2,3426.6,False,0.41,0.47,0.09,117.6,42.5
13,Centre Hospitalier Régional de Sédhiou,Sédhiou,Sédhiou,355,168,2024-04-05,97,74,335,15,20,121,12,2.54,Grippe,76,6,87.71,21.18,modéré,32.6,84.9,2592.3,False,0.56,0.53,0.19,73.3,57.3
13,Centre Hospitalier Régional de Sédhiou,Sédhiou,Sédhiou,355,168,2024-04-06,76,36,195,20,160,166,30,0.81,Grippe,91,5,79.13,14.94,élevé,24.6,84.1,4051.0,True,0.64,0.55,0.08,145.6,48.9
13,Centre Hospitalier Régional de Sédhiou,Sédhiou,Sédhiou,355,168,2024-04-07,23,86,213,16,142,166,41,0.76,Grippe,52,7,49.51,20.49,modéré,23.3,50.4,2256.3,False,0.74,0.99,0.04,44.6,53.3
13,Centre Hospitalier Régional de Sédhiou,Sédhiou,Sédhiou,355,168,2024-04-08,87,41,171,10,184,148,8,3.49,Dengue,115,8,81.49,12.43,élevé,27.9,87.4,3190.2,True,0.35,0.94,0.08,60.3,31.0
13,Centre Hospitalier Régional de Sédhiou,Sédhiou,Sédhiou,355,168,2024-04-09,71,71,230,12,125,126,29,2.12,Choléra,16,2,80.71,25.93,faible,29.4,81.7,4717.5,False,0.52,0.99,0.1,169.5,55.0
13,Centre Hospitalier Régional de Sédhiou,Sédhiou,Sédhiou,355,168,2024-04-10,55,86,312,22,43,140,59,2.82,Grippe,15,0,38.85,2.32,faible,28.4,61.1,3882.1,False,0.35,0.6,0.16,97.5,19.2
13,Centre Hospitalier Régional de Sédhiou,Sédhiou,Sédhiou,355,168,2024-04-11,26,30,299,15,56,119,14,2.42,Grippe,115,9,67.77,24.13,élevé,23.0,75.0,1824.9,True,0.47,0.4,0.15,62.4,17.5
13,Centre Hospitalier Régional de Sédhiou,Sédhiou,Sédhiou,355,168,2024-04-12,26,58,301,23,54,137,28,2.13,Choléra,49,3,89.3,29.23,modéré,26.6,81.6,1526.0,False,0.46,0.33,0.1,34.5,36.6
13,Centre Hospitalier Régional de Sédhiou,Sédhiou,Sédhiou,355,168,2024-04-13,29,52,342,9,13,134,25,2.35,Paludisme,78,4,79.44,29.77,modéré,31.3,83.6,3429.0,False,0.71,0.8,0.09,58.2,60.0
13,Centre Hospitalier Régional de Sédhiou,Sédhiou,Sédhiou,355,168,2024-04-14,76,54,125,2,230,161,10,2.25,Covid-19,97,1,86.12,20.04,élevé,30.9,41.6,3112.3,True,0.48,0.64,0.01,115.8,23.7
13,Centre Hospitalier Régional de Sédhiou,Sédhiou,Sédhiou,355,168,2024-04-15,45,48,126,6,229,122,7,3.37,Covid-19,84,4,78.63,25.11,élevé,26.9,85.1,688.4,True,0.87,0.88,0.03,174.2,8.3
13,Centre Hospitalier Régional de Sédhiou,Sédhiou,Sédhiou,355,168,2024-04-16,73,74,182,21,173,121,31,2.19,Dengue,20,7,58.89,18.29,faible,29.0,41.6,2048.8,False,0.74,0.87,0.04,17.7,45.9
13,Centre Hospitalier Régional de Sédhiou,Sédhiou,Sédhiou,355,168,2024-04-17,55,41,354,3,1,138,49,2.38,Paludisme,22,2,78.29,9.9,faible,25.2,71.3,2626.5,False,0.47,0.88,0.13,174.8,48.9
13,Centre Hospitalier Régional de Sédhiou,Sédhiou,Sédhiou,355,168,2024-04-18,75,7,127,11,228,130,40,1.39,Covid-19,68,7,92.2,7.8,modéré,28.5,52.5,1848.6,False,0.58,0.69,0.18,56.7,14.7
13,Centre Hospitalier Régional de Sédhiou,Sédhiou,Sédhiou,355,168,2024-04-19,63,84,123,17,232,146,60,1.38,Choléra,66,6,87.41,15.01,modéré,24.4,64.8,498.9,False,0.69,0.88,0.15,57.0,46.1
13,Centre Hospitalier Régional de Sédhiou,Sédhiou,Sédhiou,355,168,2024-04-20,74,31,37,12,318,123,50,0.97,Grippe,120,2,77.02,7.01,élevé,26.6,42.1,1676.2,True,0.45,0.85,0.01,25.8,12.1
13,Centre Hospitalier Régional de Sédhiou,Sédhiou,Sédhiou,355,168,2024-04-21,93,5,182,6,173,146,34,3.8,Grippe,22,10,56.86,26.36,faible,25.6,54.9,4539.6,False,0.79,0.97,0.14,154.8,9.3
13,Centre Hospitalier Régional de Sédhiou,Sédhiou,Sédhiou,355,168,2024-04-22,42,86,190,16,165,157,18,3.41,Grippe,27,4,94.62,18.21,faible,35.5,77.9,3802.8,False,0.32,0.64,0.19,31.1,18.0
13,Centre Hospitalier Régional de Sédhiou,Sédhiou,Sédhiou,355,168,2024-04-23,23,88,205,10,150,164,8,2.19,Covid-19,93,8,63.65,19.39,élevé,29.0,88.7,4695.3,True,0.35,0.58,0.15,178.3,6.5
13,Centre Hospitalier Régional de Sédhiou,Sédhiou,Sédhiou,355,168,2024-04-24,69,33,67,6,288,138,30,3.57,Grippe,80,5,30.16,4.32,élevé,25.1,61.5,3604.9,False,1.0,0.66,0.19,114.7,59.5
13,Centre Hospitalier Régional de Sédhiou,Sédhiou,Sédhiou,355,168,2024-04-25,40,45,186,21,169,150,18,0.83,Covid-19,56,1,89.11,1.18,modéré,32.9,58.8,2091.1,False,0.62,0.53,0.18,131.9,34.4
13,Centre Hospitalier Régional de Sédhiou,Sédhiou,Sédhiou,355,168,2024-04-26,39,53,167,15,188,152,47,2.73,Covid-19,55,5,31.49,4.25,modéré,36.4,45.7,3357.6,False,0.6,0.65,0.08,81.9,16.0
13,Centre Hospitalier Régional de Sédhiou,Sédhiou,Sédhiou,355,168,2024-04-27,64,57,41,2,314,123,43,1.69,Dengue,113,3,47.13,20.43,élevé,26.8,88.6,279.6,True,1.0,0.49,0.03,5.3,53.2
13,Centre Hospitalier Régional de Sédhiou,Sédhiou,Sédhiou,355,168,2024-04-28,20,62,198,19,157,144,7,0.43,Grippe,101,7,75.23,3.08,élevé,35.8,56.5,1815.7,True,0.48,1.0,0.17,13.9,22.1
13,Centre Hospitalier Régional de Sédhiou,Sédhiou,Sédhiou,355,168,2024-04-29,81,13,180,5,175,136,18,1.1,Paludisme,10,9,53.02,10.81,faible,30.0,64.6,4637.9,False,0.72,0.82,0.13,72.8,42.0
13,Centre Hospitalier Régional de Sédhiou,Sédhiou,Sédhiou,355,168,2024-04-30,72,77,157,8,198,144,47,1.26,Choléra,80,6,49.37,14.41,élevé,37.8,69.4,435.6,False,1.0,0.59,0.06,144.7,7.0
13,Centre Hospitalier Régional de Sédhiou,Sédhiou,Sédhiou,355,168,2024-05-01,42,69,192,12,163,156,21,1.96,Dengue,17,2,91.56,29.7,faible,25.0,67.2,1479.8,False,0.74,0.82,0.02,99.3,15.3
13,Centre Hospitalier Régional de Sédhiou,Sédhiou,Sédhiou,355,168,2024-05-02,90,80,207,5,148,135,26,2.5,Grippe,87,10,62.88,9.35,élevé,33.5,74.9,1087.3,True,0.85,0.5,0.03,25.0,23.2
13,Centre Hospitalier Régional de Sédhiou,Sédhiou,Sédhiou,355,168,2024-05-03,62,82,325,15,30,150,22,1.71,Dengue,38,9,85.98,16.67,modéré,38.6,40.8,4412.1,False,0.32,0.59,0.13,135.1,12.9
13,Centre Hospitalier Régional de Sédhiou,Sédhiou,Sédhiou,355,168,2024-05-04,69,30,178,12,177,125,28,3.26,Grippe,14,0,60.11,22.8,faible,26.5,88.2,4182.6,False,0.4,0.46,0.09,42.0,22.9
13,Centre Hospitalier Régional de Sédhiou,Sédhiou,Sédhiou,355,168,2024-05-05,21,70,67,8,288,149,5,1.86,Dengue,111,7,66.65,28.91,élevé,34.6,81.0,1518.1,True,0.8,0.82,0.08,42.3,39.7
13,Centre Hospitalier Régional de Sédhiou,Sédhiou,Sédhiou,355,168,2024-05-06,59,17,69,19,286,163,9,1.43,Covid-19,56,8,51.49,25.39,modéré,36.2,84.0,391.4,False,0.41,0.43,0.1,122.9,45.4
13,Centre Hospitalier Régional de Sédhiou,Sédhiou,Sédhiou,355,168,2024-05-07,40,73,260,10,95,143,12,3.31,Paludisme,53,9,55.54,10.18,modéré,22.6,58.3,1317.8,False,0.31,0.92,0.14,121.9,19.7
13,Centre Hospitalier Régional de Sédhiou,Sédhiou,Sédhiou,355,168,2024-05-08,97,78,109,20,246,157,59,2.72,Covid-19,23,2,88.56,22.82,faible,23.1,44.7,2799.3,False,0.54,0.97,0.0,170.7,37.0
13,Centre Hospitalier Régional de Sédhiou,Sédhiou,Sédhiou,355,168,2024-05-09,74,19,132,9,223,165,31,3.08,Grippe,39,8,71.99,21.42,modéré,24.6,67.2,368.8,False,0.26,0.78,0.03,95.5,43.6
13,Centre Hospitalier Régional de Sédhiou,Sédhiou,Sédhiou,355,168,2024-05-10,70,19,93,25,262,158,35,2.65,Grippe,0,9,36.69,1.45,faible,25.2,70.0,1096.3,False,0.75,0.76,0.07,141.0,12.8
13,Centre Hospitalier Régional de Sédhiou,Sédhiou,Sédhiou,355,168,2024-05-11,80,55,296,10,59,131,55,0.46,Covid-19,118,7,76.55,20.63,élevé,32.7,40.3,947.0,True,0.62,0.71,0.09,121.2,31.4
13,Centre Hospitalier Régional de Sédhiou,Sédhiou,Sédhiou,355,168,2024-05-12,89,60,313,4,42,158,6,1.87,Covid-19,44,5,70.98,11.54,modéré,35.0,87.1,4646.3,False,0.71,0.86,0.04,55.7,41.6
13,Centre Hospitalier Régional de Sédhiou,Sédhiou,Sédhiou,355,168,2024-05-13,60,22,37,2,318,159,46,3.9,Covid-19,92,3,47.56,14.73,élevé,29.0,49.0,4841.0,True,0.91,0.49,0.06,107.6,5.6
13,Centre Hospitalier Régional de Sédhiou,Sédhiou,Sédhiou,355,168,2024-05-14,92,77,90,13,265,153,35,3.33,Dengue,58,9,68.42,19.51,modéré,37.8,68.8,2178.6,False,0.9,0.78,0.03,143.5,33.6
13,Centre Hospitalier Régional de Sédhiou,Sédhiou,Sédhiou,355,168,2024-05-15,34,59,22,7,333,166,32,3.08,Dengue,21,7,56.98,28.61,faible,32.8,60.5,4267.6,False,0.48,0.72,0.1,84.8,22.2
13,Centre Hospitalier Régional de Sédhiou,Sédhiou,Sédhiou,355,168,2024-05-16,68,55,239,21,116,168,9,1.68,Grippe,30,5,72.7,21.01,modéré,38.7,53.1,4618.1,False,0.91,0.36,0.05,150.5,14.3
13,Centre Hospitalier Régional de Sédhiou,Sédhiou,Sédhiou,355,168,2024-05-17,11,49,258,8,97,148,3,1.52,Paludisme,33,9,32.04,1.36,modéré,27.5,70.1,2318.1,False,0.36,0.75,0.04,117.4,24.9
13,Centre Hospitalier Régional de Sédhiou,Sédhiou,Sédhiou,355,168,2024-05-18,37,56,33,17,322,143,55,1.14,Choléra,98,0,54.67,27.64,élevé,25.9,62.4,4315.1,True,0.58,0.7,0.09,52.3,35.8
13,Centre Hospitalier Régional de Sédhiou,Sédhiou,Sédhiou,355,168,2024-05-19,10,87,281,24,74,168,4,2.7,Choléra,36,6,57.29,8.38,modéré,22.8,46.7,4103.2,False,0.79,0.93,0.09,32.0,28.4
13,Centre Hospitalier Régional de Sédhiou,Sédhiou,Sédhiou,355,168,2024-05-20,93,32,134,10,221,144,57,2.28,Covid-19,2,8,48.74,28.3,faible,35.3,87.3,4879.2,False,0.67,0.84,0.14,157.2,36.6
13,Centre Hospitalier Régional de Sédhiou,Sédhiou,Sédhiou,355,168,2024-05-21,53,85,211,12,144,118,32,2.31,Covid-19,96,6,58.76,7.79,élevé,28.4,46.9,3929.0,True,0.75,0.91,0.05,123.7,40.1
13,Centre Hospitalier Régional de Sédhiou,Sédhiou,Sédhiou,355,168,2024-05-22,72,58,49,4,306,135,21,2.16,Choléra,49,3,94.31,8.02,modéré,25.6,40.6,4759.5,False,0.98,0.89,0.16,48.6,8.5
13,Centre Hospitalier Régional de Sédhiou,Sédhiou,Sédhiou,355,168,2024-05-23,59,64,150,20,205,140,42,0.41,Grippe,86,5,80.14,12.09,élevé,38.2,41.1,1486.8,True,0.74,0.71,0.0,41.2,50.5
13,Centre Hospitalier Régional de Sédhiou,Sédhiou,Sédhiou,355,168,2024-05-24,32,64,169,19,186,166,35,2.29,Dengue,89,3,76.43,24.77,élevé,27.0,45.1,616.9,True,0.54,0.52,0.17,178.9,22.0
13,Centre Hospitalier Régional de Sédhiou,Sédhiou,Sédhiou,355,168,2024-05-25,79,58,41,17,314,133,29,2.29,Choléra,65,7,62.79,19.25,modéré,23.3,79.0,1925.1,False,0.55,0.73,0.12,65.1,27.4
13,Centre Hospitalier Régional de Sédhiou,Sédhiou,Sédhiou,355,168,2024-05-26,80,27,326,14,29,127,24,0.28,Choléra,27,4,49.17,15.56,faible,35.1,81.5,904.8,False,0.26,0.54,0.12,11.4,36.7
13,Centre Hospitalier Régional de Sédhiou,Sédhiou,Sédhiou,355,168,2024-05-27,31,47,346,2,9,151,46,0.63,Choléra,16,4,87.5,18.08,faible,38.4,59.5,2702.9,False,0.55,0.91,0.11,67.5,18.8
13,Centre Hospitalier Régional de Sédhiou,Sédhiou,Sédhiou,355,168,2024-05-28,31,40,112,19,243,124,57,1.86,Paludisme,108,6,66.86,5.44,élevé,29.6,45.1,4680.3,True,0.87,0.3,0.0,78.2,13.9
13,Centre Hospitalier Régional de Sédhiou,Sédhiou,Sédhiou,355,168,2024-05-29,86,80,88,8,267,146,27,1.71,Choléra,120,9,63.76,10.56,élevé,24.2,88.8,400.3,True,0.26,0.76,0.14,178.6,52.6
13,Centre Hospitalier Régional de Sédhiou,Sédhiou,Sédhiou,355,168,2024-05-30,87,60,170,7,185,153,29,3.22,Dengue,93,6,63.82,22.72,élevé,30.9,69.1,4329.8,True,0.45,0.72,0.2,72.4,12.6
13,Centre Hospitalier Régional de Sédhiou,Sédhiou,Sédhiou,355,168,2024-05-31,51,36,253,1,102,132,47,1.35,Dengue,12,9,51.95,5.39,faible,25.1,63.4,1854.3,False,0.66,0.35,0.05,122.4,30.0
13,Centre Hospitalier Régional de Sédhiou,Sédhiou,Sédhiou,355,168,2024-06-01,31,53,53,25,302,134,23,2.8,Covid-19,89,7,85.21,2.52,élevé,34.8,61.1,3612.6,True,0.33,0.72,0.01,177.7,18.1
13,Centre Hospitalier Régional de Sédhiou,Sédhiou,Sédhiou,355,168,2024-06-02,24,36,90,0,265,134,24,2.11,Grippe,27,0,52.69,19.46,faible,30.4,83.8,4482.4,False,0.73,0.73,0.15,8.7,47.3
13,Centre Hospitalier Régional de Sédhiou,Sédhiou,Sédhiou,355,168,2024-06-03,33,41,97,10,258,158,16,0.24,Covid-19,61,8,31.57,13.54,modéré,22.2,44.9,3176.4,False,0.63,0.96,0.01,174.6,16.4
13,Centre Hospitalier Régional de Sédhiou,Sédhiou,Sédhiou,355,168,2024-06-04,20,56,64,8,291,135,35,2.05,Paludisme,66,0,82.39,24.07,modéré,37.0,57.0,1593.0,False,0.23,0.36,0.12,118.3,20.6
13,Centre Hospitalier Régional de Sédhiou,Sédhiou,Sédhiou,355,168,2024-06-05,76,82,165,21,190,130,33,3.26,Covid-19,14,1,61.28,7.04,faible,25.9,76.3,4098.6,False,0.62,0.95,0.02,159.2,15.5
13,Centre Hospitalier Régional de Sédhiou,Sédhiou,Sédhiou,355,168,2024-06-06,42,18,176,4,179,156,51,1.96,Grippe,28,1,40.48,10.05,faible,30.3,71.2,3189.9,False,0.82,0.36,0.19,117.2,38.7
13,Centre Hospitalier Régional de Sédhiou,Sédhiou,Sédhiou,355,168,2024-06-07,50,89,264,17,91,122,27,1.15,Grippe,38,4,87.29,15.51,modéré,25.8,80.6,1242.6,False,0.72,0.55,0.19,36.0,48.7
13,Centre Hospitalier Régional de Sédhiou,Sédhiou,Sédhiou,355,168,2024-06-08,89,10,285,8,70,133,4,1.42,Choléra,109,0,75.37,20.56,élevé,36.7,42.6,2235.2,True,0.79,0.68,0.16,67.2,11.6
13,Centre Hospitalier Régional de Sédhiou,Sédhiou,Sédhiou,355,168,2024-06-09,65,68,284,3,71,146,24,0.75,Choléra,102,9,80.27,9.07,élevé,29.9,55.2,2074.3,True,0.41,0.91,0.1,47.0,57.0
13,Centre Hospitalier Régional de Sédhiou,Sédhiou,Sédhiou,355,168,2024-06-10,96,63,52,0,303,146,47,0.68,Covid-19,56,1,88.75,18.99,modéré,24.8,44.4,268.4,False,0.51,0.56,0.18,146.7,36.9
13,Centre Hospitalier Régional de Sédhiou,Sédhiou,Sédhiou,355,168,2024-06-11,57,63,193,11,162,165,3,2.6,Paludisme,85,7,92.13,8.02,élevé,24.1,63.4,4293.1,True,0.56,0.31,0.11,47.9,45.8
13,Centre Hospitalier Régional de Sédhiou,Sédhiou,Sédhiou,355,168,2024-06-12,98,55,275,0,80,148,27,3.47,Grippe,79,7,33.96,28.52,modéré,30.8,56.9,2334.3,False,0.39,0.65,0.13,83.5,18.0
13,Centre Hospitalier Régional de Sédhiou,Sédhiou,Sédhiou,355,168,2024-06-13,30,45,95,16,260,158,51,0.89,Covid-19,80,4,82.75,23.18,élevé,38.7,40.0,4336.3,False,0.98,0.89,0.14,57.5,7.5
13,Centre Hospitalier Régional de Sédhiou,Sédhiou,Sédhiou,355,168,2024-06-14,61,76,299,0,56,163,21,2.73,Choléra,35,2,57.09,26.02,modéré,25.8,76.4,444.4,False,0.71,0.45,0.11,9.4,28.4
13,Centre Hospitalier Régional de Sédhiou,Sédhiou,Sédhiou,355,168,2024-06-15,48,66,47,13,308,163,21,1.35,Covid-19,26,2,87.02,12.34,faible,28.4,61.0,1732.9,False,0.52,0.69,0.05,96.3,18.2
13,Centre Hospitalier Régional de Sédhiou,Sédhiou,Sédhiou,355,168,2024-06-16,40,53,169,25,186,155,6,2.02,Covid-19,7,6,86.89,15.74,faible,31.6,46.5,767.2,False,0.33,0.86,0.19,63.3,25.3
13,Centre Hospitalier Régional de Sédhiou,Sédhiou,Sédhiou,355,168,2024-06-17,66,29,339,12,16,123,27,0.28,Covid-19,50,8,94.97,14.55,modéré,34.1,68.2,1312.7,False,0.64,0.34,0.14,160.4,52.9
13,Centre Hospitalier Régional de Sédhiou,Sédhiou,Sédhiou,355,168,2024-06-18,80,40,158,3,197,156,27,3.97,Choléra,96,3,48.84,5.28,élevé,37.8,79.3,2939.5,True,0.52,0.7,0.01,28.9,37.2
13,Centre Hospitalier Régional de Sédhiou,Sédhiou,Sédhiou,355,168,2024-06-19,25,34,106,0,249,155,60,2.52,Dengue,118,6,79.05,17.49,élevé,24.9,49.0,4477.1,True,0.7,0.77,0.13,158.4,40.9
13,Centre Hospitalier Régional de Sédhiou,Sédhiou,Sédhiou,355,168,2024-06-20,37,67,247,22,108,129,60,1.16,Paludisme,16,5,50.5,25.07,faible,23.6,82.4,1132.8,False,0.58,0.34,0.03,48.6,19.4
13,Centre Hospitalier Régional de Sédhiou,Sédhiou,Sédhiou,355,168,2024-06-21,24,61,197,17,158,136,47,3.17,Paludisme,64,6,82.24,4.47,modéré,34.8,76.0,3206.3,False,0.7,0.54,0.09,141.1,33.7
13,Centre Hospitalier Régional de Sédhiou,Sédhiou,Sédhiou,355,168,2024-06-22,41,7,275,3,80,146,3,0.31,Choléra,102,1,38.55,11.43,élevé,38.0,72.0,3715.4,True,0.56,0.99,0.15,14.0,42.0
13,Centre Hospitalier Régional de Sédhiou,Sédhiou,Sédhiou,355,168,2024-06-23,76,7,334,23,21,149,9,2.26,Choléra,3,9,87.25,4.5,faible,34.1,88.3,276.8,False,0.35,0.48,0.19,148.4,43.9
13,Centre Hospitalier Régional de Sédhiou,Sédhiou,Sédhiou,355,168,2024-06-24,59,24,217,7,138,135,23,0.79,Paludisme,3,10,80.76,4.27,faible,38.7,78.4,1101.8,False,0.35,0.99,0.16,178.0,17.8
13,Centre Hospitalier Régional de Sédhiou,Sédhiou,Sédhiou,355,168,2024-06-25,20,49,118,19,237,130,52,3.91,Dengue,76,5,92.08,21.57,modéré,34.0,79.4,4921.8,False,0.61,0.31,0.14,66.4,16.9
13,Centre Hospitalier Régional de Sédhiou,Sédhiou,Sédhiou,355,168,2024-06-26,93,27,181,0,174,159,37,2.48,Covid-19,62,5,35.91,21.59,modéré,35.5,48.1,699.3,False,0.81,0.88,0.04,158.1,30.0
13,Centre Hospitalier Régional de Sédhiou,Sédhiou,Sédhiou,355,168,2024-06-27,85,52,235,17,120,154,38,3.45,Dengue,21,7,67.81,26.25,faible,32.2,59.1,4061.6,False,0.59,0.99,0.0,75.1,7.5
13,Centre Hospitalier Régional de Sédhiou,Sédhiou,Sédhiou,355,168,2024-06-28,94,47,279,2,76,156,15,3.59,Paludisme,72,3,41.44,9.1,modéré,34.7,57.9,4676.6,False,0.95,0.99,0.14,142.6,40.8
13,Centre Hospitalier Régional de Sédhiou,Sédhiou,Sédhiou,355,168,2024-06-29,98,43,293,13,62,160,22,0.18,Dengue,15,1,52.93,14.5,faible,30.7,56.9,3061.4,False,0.3,0.46,0.09,111.0,10.4
13,Centre Hospitalier Régional de Sédhiou,Sédhiou,Sédhiou,355,168,2024-06-30,49,62,345,10,10,138,44,0.43,Dengue,28,0,63.96,12.54,faible,28.6,44.7,2597.3,False,0.87,0.46,0.03,73.6,32.5
13,Centre Hospitalier Régional de Sédhiou,Sédhiou,Sédhiou,355,168,2024-07-01,91,17,81,4,274,136,28,0.99,Choléra,47,7,42.95,9.01,modéré,27.3,80.4,3731.1,False,0.9,0.61,0.07,71.4,56.1
13,Centre Hospitalier Régional de Sédhiou,Sédhiou,Sédhiou,355,168,2024-07-02,36,22,272,1,83,141,33,1.09,Paludisme,68,6,94.77,28.12,modéré,38.8,40.4,3711.1,False,0.52,0.99,0.19,5.5,21.7
13,Centre Hospitalier Régional de Sédhiou,Sédhiou,Sédhiou,355,168,2024-07-03,40,62,344,19,11,138,39,1.14,Dengue,116,4,60.43,7.77,élevé,23.8,84.8,2585.1,True,0.22,0.78,0.16,159.1,52.0
13,Centre Hospitalier Régional de Sédhiou,Sédhiou,Sédhiou,355,168,2024-07-04,95,6,281,9,74,130,39,3.75,Covid-19,10,7,57.49,15.52,faible,27.9,75.6,347.7,False,0.33,0.61,0.13,46.0,49.7
13,Centre Hospitalier Régional de Sédhiou,Sédhiou,Sédhiou,355,168,2024-07-05,81,62,99,22,256,125,49,2.6,Paludisme,111,10,91.0,24.33,élevé,38.0,40.9,4011.2,True,0.6,0.74,0.02,126.5,37.1
13,Centre Hospitalier Régional de Sédhiou,Sédhiou,Sédhiou,355,168,2024-07-06,83,18,41,20,314,158,50,1.16,Choléra,12,10,83.89,4.83,faible,24.4,48.7,1389.0,False,1.0,0.58,0.07,24.4,23.5
13,Centre Hospitalier Régional de Sédhiou,Sédhiou,Sédhiou,355,168,2024-07-07,35,25,98,19,257,165,25,0.85,Grippe,109,6,66.55,10.57,élevé,28.4,77.7,504.5,True,0.59,0.89,0.15,52.8,15.4
13,Centre Hospitalier Régional de Sédhiou,Sédhiou,Sédhiou,355,168,2024-07-08,24,74,224,9,131,159,40,3.86,Dengue,56,5,62.74,26.84,modéré,34.8,61.3,4211.5,False,0.68,0.82,0.19,124.1,25.7
13,Centre Hospitalier Régional de Sédhiou,Sédhiou,Sédhiou,355,168,2024-07-09,37,20,20,21,335,168,3,0.35,Grippe,66,9,37.64,12.15,modéré,29.0,88.6,165.2,False,0.48,0.86,0.07,59.7,11.0
13,Centre Hospitalier Régional de Sédhiou,Sédhiou,Sédhiou,355,168,2024-07-10,12,52,316,22,39,153,13,0.7,Dengue,91,2,86.55,11.01,élevé,38.3,76.4,1742.1,True,0.96,0.78,0.16,79.1,40.5
13,Centre Hospitalier Régional de Sédhiou,Sédhiou,Sédhiou,355,168,2024-07-11,22,10,270,17,85,140,10,0.44,Choléra,37,0,72.93,25.94,modéré,24.8,68.2,393.6,False,0.45,0.5,0.06,86.5,43.4
13,Centre Hospitalier Régional de Sédhiou,Sédhiou,Sédhiou,355,168,2024-07-12,87,83,181,19,174,159,10,1.78,Dengue,101,6,68.66,6.37,élevé,28.3,47.7,3279.5,True,0.4,0.91,0.06,122.9,42.8
13,Centre Hospitalier Régional de Sédhiou,Sédhiou,Sédhiou,355,168,2024-07-13,22,51,47,21,308,139,27,2.17,Paludisme,71,8,91.03,16.44,modéré,36.9,54.5,4593.4,False,0.67,0.42,0.02,36.3,3.1
13,Centre Hospitalier Régional de Sédhiou,Sédhiou,Sédhiou,355,168,2024-07-14,37,6,144,16,211,150,50,0.8,Choléra,52,8,89.44,5.61,modéré,31.5,85.1,1332.0,False,0.81,0.73,0.15,55.4,38.0
13,Centre Hospitalier Régional de Sédhiou,Sédhiou,Sédhiou,355,168,2024-07-15,75,33,278,24,77,168,55,0.31,Grippe,97,1,60.73,23.13,élevé,22.2,82.7,4293.4,True,0.72,0.83,0.16,23.6,50.5
13,Centre Hospitalier Régional de Sédhiou,Sédhiou,Sédhiou,355,168,2024-07-16,90,65,308,19,47,158,23,2.67,Covid-19,33,4,64.27,11.97,modéré,32.5,74.9,4750.0,False,0.59,0.53,0.03,44.4,26.7
13,Centre Hospitalier Régional de Sédhiou,Sédhiou,Sédhiou,355,168,2024-07-17,26,6,323,25,32,127,54,2.7,Paludisme,104,8,76.85,21.57,élevé,35.9,53.4,2701.2,True,0.6,1.0,0.06,69.8,16.3
13,Centre Hospitalier Régional de Sédhiou,Sédhiou,Sédhiou,355,168,2024-07-18,33,25,137,13,218,122,32,2.51,Covid-19,20,3,69.2,27.37,faible,26.5,48.2,3193.4,False,0.81,0.51,0.08,144.1,37.6
13,Centre Hospitalier Régional de Sédhiou,Sédhiou,Sédhiou,355,168,2024-07-19,28,41,140,17,215,151,32,3.22,Covid-19,40,4,86.79,20.12,modéré,32.5,40.4,3444.6,False,0.83,0.94,0.18,80.3,34.7
13,Centre Hospitalier Régional de Sédhiou,Sédhiou,Sédhiou,355,168,2024-07-20,81,35,64,2,291,139,20,2.6,Dengue,18,8,79.57,9.08,faible,31.8,75.2,4431.5,False,0.98,0.42,0.07,59.2,53.7
13,Centre Hospitalier Régional de Sédhiou,Sédhiou,Sédhiou,355,168,2024-07-21,42,38,147,3,208,130,60,0.7,Grippe,28,8,83.71,6.78,faible,34.1,85.3,3717.4,False,0.86,0.67,0.02,168.7,34.3
13,Centre Hospitalier Régional de Sédhiou,Sédhiou,Sédhiou,355,168,2024-07-22,93,85,176,12,179,135,31,1.57,Choléra,107,0,81.21,11.14,élevé,27.4,71.6,3900.1,True,0.24,0.58,0.16,54.0,46.8
13,Centre Hospitalier Régional de Sédhiou,Sédhiou,Sédhiou,355,168,2024-07-23,97,71,354,11,1,161,53,0.51,Dengue,86,2,92.16,19.61,élevé,35.7,86.9,2024.8,True,0.29,0.5,0.03,85.3,47.3
13,Centre Hospitalier Régional de Sédhiou,Sédhiou,Sédhiou,355,168,2024-07-24,43,80,299,10,56,130,43,3.71,Covid-19,112,1,84.92,19.76,élevé,29.0,40.1,1228.4,True,0.71,0.38,0.18,78.3,7.7
13,Centre Hospitalier Régional de Sédhiou,Sédhiou,Sédhiou,355,168,2024-07-25,31,86,238,0,117,143,25,3.44,Grippe,89,2,58.6,11.42,élevé,30.5,66.8,3418.2,True,0.74,0.57,0.12,73.9,41.0
13,Centre Hospitalier Régional de Sédhiou,Sédhiou,Sédhiou,355,168,2024-07-26,20,8,255,17,100,159,55,3.47,Paludisme,15,8,58.4,15.7,faible,26.9,82.1,877.4,False,0.72,0.81,0.04,52.8,49.9
13,Centre Hospitalier Régional de Sédhiou,Sédhiou,Sédhiou,355,168,2024-07-27,30,85,142,9,213,157,7,2.68,Grippe,38,4,48.43,11.14,modéré,30.0,82.0,2933.3,False,0.84,0.81,0.07,167.7,43.1
13,Centre Hospitalier Régional de Sédhiou,Sédhiou,Sédhiou,355,168,2024-07-28,64,67,257,0,98,158,56,2.26,Grippe,29,8,62.57,9.05,faible,23.3,73.8,2386.4,False,0.57,0.77,0.08,26.1,39.4
13,Centre Hospitalier Régional de Sédhiou,Sédhiou,Sédhiou,355,168,2024-07-29,50,90,224,12,131,158,42,1.89,Grippe,41,10,42.06,6.02,modéré,37.3,81.9,4646.9,False,0.46,0.37,0.16,78.7,25.7
13,Centre Hospitalier Régional de Sédhiou,Sédhiou,Sédhiou,355,168,2024-07-30,30,49,219,0,136,130,42,1.82,Paludisme,55,4,54.54,3.47,modéré,27.6,68.1,4279.4,False,0.98,0.33,0.01,32.1,50.7
13,Centre Hospitalier Régional de Sédhiou,Sédhiou,Sédhiou,355,168,2024-07-31,53,32,163,16,192,122,4,3.38,Paludisme,99,0,56.59,19.25,élevé,38.7,87.9,4370.6,True,0.97,0.31,0.03,85.3,49.1
13,Centre Hospitalier Régional de Sédhiou,Sédhiou,Sédhiou,355,168,2024-08-01,15,17,39,9,316,142,47,3.5,Grippe,80,0,33.33,29.54,élevé,33.3,78.8,1721.7,False,0.56,0.55,0.11,84.7,51.1
13,Centre Hospitalier Régional de Sédhiou,Sédhiou,Sédhiou,355,168,2024-08-02,75,74,241,16,114,140,5,3.79,Paludisme,27,10,54.75,7.56,faible,38.2,63.1,4714.1,False,0.4,1.0,0.12,143.0,57.7
13,Centre Hospitalier Régional de Sédhiou,Sédhiou,Sédhiou,355,168,2024-08-03,33,73,84,15,271,157,8,3.77,Choléra,48,3,50.62,14.14,modéré,28.3,74.4,2336.3,False,0.62,0.42,0.04,26.2,49.5
13,Centre Hospitalier Régional de Sédhiou,Sédhiou,Sédhiou,355,168,2024-08-04,93,83,330,16,25,153,44,3.77,Grippe,109,6,40.86,7.39,élevé,32.5,58.5,3730.2,True,0.76,0.64,0.11,178.1,27.7
13,Centre Hospitalier Régional de Sédhiou,Sédhiou,Sédhiou,355,168,2024-08-05,63,72,98,9,257,148,27,1.9,Dengue,18,9,58.73,15.56,faible,27.3,78.0,2363.7,False,0.85,0.9,0.02,95.7,52.7
13,Centre Hospitalier Régional de Sédhiou,Sédhiou,Sédhiou,355,168,2024-08-06,22,67,167,5,188,132,38,1.16,Choléra,38,8,38.87,15.17,modéré,35.3,71.7,4985.4,False,0.62,0.66,0.03,129.4,49.2
13,Centre Hospitalier Régional de Sédhiou,Sédhiou,Sédhiou,355,168,2024-08-07,44,89,345,10,10,168,53,0.7,Covid-19,113,2,44.07,25.05,élevé,29.1,82.2,188.0,True,0.94,0.59,0.18,88.3,42.3
13,Centre Hospitalier Régional de Sédhiou,Sédhiou,Sédhiou,355,168,2024-08-08,34,60,279,3,76,163,16,3.19,Grippe,61,0,34.11,5.3,modéré,27.7,71.9,3685.4,False,0.29,0.87,0.02,152.3,4.0
13,Centre Hospitalier Régional de Sédhiou,Sédhiou,Sédhiou,355,168,2024-08-09,15,89,250,22,105,147,6,2.36,Dengue,35,3,60.28,11.24,modéré,22.1,76.2,2451.6,False,0.97,0.41,0.07,125.8,35.2
13,Centre Hospitalier Régional de Sédhiou,Sédhiou,Sédhiou,355,168,2024-08-10,12,5,179,25,176,166,57,1.51,Paludisme,75,10,33.68,29.97,modéré,30.8,49.4,3500.5,False,0.27,0.77,0.04,129.0,45.7
13,Centre Hospitalier Régional de Sédhiou,Sédhiou,Sédhiou,355,168,2024-08-11,44,19,231,14,124,166,54,3.54,Grippe,28,6,40.08,13.72,faible,32.5,59.2,2594.2,False,0.64,0.36,0.11,135.7,37.1
13,Centre Hospitalier Régional de Sédhiou,Sédhiou,Sédhiou,355,168,2024-08-12,79,13,77,10,278,119,11,2.69,Grippe,35,6,91.61,17.93,modéré,22.6,43.0,173.5,False,0.68,0.65,0.08,172.8,34.4
13,Centre Hospitalier Régional de Sédhiou,Sédhiou,Sédhiou,355,168,2024-08-13,82,32,37,25,318,167,38,1.06,Covid-19,12,2,88.33,25.95,faible,31.3,46.7,1802.7,False,0.61,0.71,0.02,137.9,9.9
13,Centre Hospitalier Régional de Sédhiou,Sédhiou,Sédhiou,355,168,2024-08-14,54,63,327,13,28,153,38,2.17,Covid-19,96,10,63.66,13.51,élevé,30.1,43.7,4601.5,True,0.82,0.62,0.19,70.1,25.5
13,Centre Hospitalier Régional de Sédhiou,Sédhiou,Sédhiou,355,168,2024-08-15,25,58,307,21,48,165,51,0.62,Paludisme,68,5,57.24,25.21,modéré,37.8,51.6,3803.4,False,0.31,0.92,0.1,158.4,6.8
13,Centre Hospitalier Régional de Sédhiou,Sédhiou,Sédhiou,355,168,2024-08-16,99,76,172,7,183,165,6,0.32,Dengue,4,2,94.99,10.03,faible,36.3,72.0,3364.1,False,0.5,0.61,0.14,22.2,18.8
13,Centre Hospitalier Régional de Sédhiou,Sédhiou,Sédhiou,355,168,2024-08-17,78,75,87,17,268,145,24,3.39,Grippe,95,8,94.92,20.3,élevé,33.1,42.2,4421.6,True,0.35,0.61,0.19,149.8,22.0
13,Centre Hospitalier Régional de Sédhiou,Sédhiou,Sédhiou,355,168,2024-08-18,63,51,41,11,314,126,25,3.93,Covid-19,48,7,87.33,15.94,modéré,27.1,80.9,4669.2,False,0.6,0.68,0.18,172.3,57.0
13,Centre Hospitalier Régional de Sédhiou,Sédhiou,Sédhiou,355,168,2024-08-19,82,55,212,19,143,153,5,2.5,Choléra,10,8,69.84,16.41,faible,37.3,64.4,2740.4,False,0.59,0.77,0.14,11.1,50.5
13,Centre Hospitalier Régional de Sédhiou,Sédhiou,Sédhiou,355,168,2024-08-20,48,80,36,11,319,126,19,0.36,Dengue,0,3,74.25,18.95,faible,23.5,62.2,3449.5,False,0.48,0.98,0.13,50.9,12.8
13,Centre Hospitalier Régional de Sédhiou,Sédhiou,Sédhiou,355,168,2024-08-21,17,61,160,24,195,134,33,2.6,Paludisme,68,0,93.32,6.63,modéré,26.0,77.4,3383.5,False,0.5,0.56,0.18,40.6,7.5
13,Centre Hospitalier Régional de Sédhiou,Sédhiou,Sédhiou,355,168,2024-08-22,91,31,88,14,267,132,55,3.63,Paludisme,76,4,65.72,18.09,modéré,24.7,59.7,4284.6,False,0.25,0.68,0.18,38.9,4.3
13,Centre Hospitalier Régional de Sédhiou,Sédhiou,Sédhiou,355,168,2024-08-23,43,45,174,15,181,147,56,3.65,Covid-19,2,8,55.51,16.78,faible,30.3,47.0,1860.2,False,0.45,0.35,0.09,63.7,19.4
13,Centre Hospitalier Régional de Sédhiou,Sédhiou,Sédhiou,355,168,2024-08-24,12,48,310,1,45,128,40,3.28,Paludisme,99,9,79.66,10.99,élevé,22.2,64.1,3090.3,True,0.34,0.71,0.15,166.8,40.1
13,Centre Hospitalier Régional de Sédhiou,Sédhiou,Sédhiou,355,168,2024-08-25,90,72,246,3,109,120,59,2.34,Choléra,84,10,32.92,21.12,élevé,23.4,80.6,3923.9,True,0.34,0.46,0.06,74.2,33.1
13,Centre Hospitalier Régional de Sédhiou,Sédhiou,Sédhiou,355,168,2024-08-26,33,37,190,2,165,122,2,2.6,Paludisme,3,8,72.85,1.02,faible,38.6,43.8,2853.9,False,0.78,0.5,0.11,33.7,58.0
13,Centre Hospitalier Régional de Sédhiou,Sédhiou,Sédhiou,355,168,2024-08-27,77,39,220,15,135,134,44,0.59,Covid-19,21,7,49.67,18.62,faible,31.2,84.9,4789.9,False,0.48,0.45,0.16,20.4,15.2
13,Centre Hospitalier Régional de Sédhiou,Sédhiou,Sédhiou,355,168,2024-08-28,88,34,238,1,117,144,42,3.05,Paludisme,78,0,94.68,15.78,modéré,28.1,65.4,3013.5,False,0.77,0.44,0.05,98.0,43.8
13,Centre Hospitalier Régional de Sédhiou,Sédhiou,Sédhiou,355,168,2024-08-29,86,28,117,16,238,147,35,1.95,Covid-19,114,1,75.9,21.57,élevé,33.0,49.3,3323.8,True,0.2,0.71,0.1,94.6,41.7
13,Centre Hospitalier Régional de Sédhiou,Sédhiou,Sédhiou,355,168,2024-08-30,56,59,317,20,38,133,21,0.9,Dengue,47,4,86.18,17.05,modéré,31.8,51.7,4108.2,False,0.93,0.9,0.05,123.9,18.8
13,Centre Hospitalier Régional de Sédhiou,Sédhiou,Sédhiou,355,168,2024-08-31,34,21,296,10,59,123,57,3.52,Paludisme,35,0,84.16,15.14,modéré,22.2,52.0,397.0,False,0.46,0.84,0.14,144.5,44.0
13,Centre Hospitalier Régional de Sédhiou,Sédhiou,Sédhiou,355,168,2024-09-01,83,40,256,24,99,136,4,0.53,Covid-19,29,10,61.21,7.2,faible,37.5,42.4,3760.2,False,0.26,0.99,0.06,119.4,56.8
13,Centre Hospitalier Régional de Sédhiou,Sédhiou,Sédhiou,355,168,2024-09-02,32,59,190,2,165,124,20,3.16,Paludisme,30,0,66.2,13.62,modéré,38.6,78.5,876.5,False,0.22,0.65,0.09,157.2,46.3
13,Centre Hospitalier Régional de Sédhiou,Sédhiou,Sédhiou,355,168,2024-09-03,95,69,296,10,59,145,31,1.21,Choléra,76,8,66.24,19.41,modéré,23.4,64.6,1020.4,False,0.68,0.98,0.11,124.2,16.9
13,Centre Hospitalier Régional de Sédhiou,Sédhiou,Sédhiou,355,168,2024-09-04,17,9,162,6,193,139,40,3.81,Dengue,77,8,33.77,2.79,modéré,35.8,40.6,4074.5,False,0.71,0.44,0.18,111.5,26.5
13,Centre Hospitalier Régional de Sédhiou,Sédhiou,Sédhiou,355,168,2024-09-05,53,48,99,19,256,160,31,1.96,Paludisme,64,7,36.41,15.05,modéré,27.4,59.8,1163.5,False,0.32,0.53,0.19,153.8,19.4
13,Centre Hospitalier Régional de Sédhiou,Sédhiou,Sédhiou,355,168,2024-09-06,24,65,287,5,68,151,16,1.19,Choléra,76,2,79.78,10.79,modéré,35.1,47.3,779.3,False,0.54,0.39,0.04,38.1,38.9
13,Centre Hospitalier Régional de Sédhiou,Sédhiou,Sédhiou,355,168,2024-09-07,73,77,27,17,328,134,48,1.56,Grippe,67,6,45.04,11.41,modéré,35.8,58.5,4116.6,False,0.22,0.79,0.08,137.4,37.8
13,Centre Hospitalier Régional de Sédhiou,Sédhiou,Sédhiou,355,168,2024-09-08,84,27,119,15,236,128,20,2.48,Covid-19,57,7,47.39,17.09,modéré,24.3,40.5,3383.9,False,0.34,0.31,0.14,28.2,17.5
13,Centre Hospitalier Régional de Sédhiou,Sédhiou,Sédhiou,355,168,2024-09-09,82,81,75,8,280,147,23,2.86,Covid-19,64,3,35.19,8.12,modéré,28.0,84.4,1423.6,False,0.89,0.56,0.05,45.8,57.9
13,Centre Hospitalier Régional de Sédhiou,Sédhiou,Sédhiou,355,168,2024-09-10,16,46,171,11,184,140,13,0.35,Grippe,41,3,85.26,9.37,modéré,33.0,60.7,1744.9,False,0.3,0.36,0.11,100.7,41.2
13,Centre Hospitalier Régional de Sédhiou,Sédhiou,Sédhiou,355,168,2024-09-11,39,58,293,19,62,120,13,1.43,Paludisme,74,6,71.79,9.06,modéré,29.9,69.8,3038.5,False,0.46,0.6,0.13,6.9,7.6
13,Centre Hospitalier Régional de Sédhiou,Sédhiou,Sédhiou,355,168,2024-09-12,40,34,354,17,1,166,41,2.69,Covid-19,58,1,61.36,2.8,modéré,34.9,69.8,1513.1,False,0.52,0.95,0.12,11.8,33.3
13,Centre Hospitalier Régional de Sédhiou,Sédhiou,Sédhiou,355,168,2024-09-13,69,73,220,8,135,150,14,2.53,Grippe,60,4,83.4,6.42,modéré,36.8,53.3,325.8,False,0.53,0.45,0.08,107.8,52.9
13,Centre Hospitalier Régional de Sédhiou,Sédhiou,Sédhiou,355,168,2024-09-14,28,45,351,18,4,139,8,1.57,Grippe,106,0,65.33,23.6,élevé,22.3,45.8,3045.4,True,0.77,0.65,0.06,88.4,54.9
13,Centre Hospitalier Régional de Sédhiou,Sédhiou,Sédhiou,355,168,2024-09-15,59,27,320,24,35,127,24,3.96,Paludisme,13,7,70.04,14.85,faible,23.0,71.9,2683.9,False,0.91,0.97,0.11,23.4,23.8
13,Centre Hospitalier Régional de Sédhiou,Sédhiou,Sédhiou,355,168,2024-09-16,70,6,83,10,272,129,38,1.81,Covid-19,53,0,90.16,20.27,modéré,35.8,73.0,4127.1,False,0.94,0.55,0.18,14.8,45.0
13,Centre Hospitalier Régional de Sédhiou,Sédhiou,Sédhiou,355,168,2024-09-17,67,89,162,25,193,165,52,0.24,Paludisme,79,3,38.24,12.37,modéré,33.8,76.1,4127.9,False,0.6,0.92,0.15,145.5,57.4
13,Centre Hospitalier Régional de Sédhiou,Sédhiou,Sédhiou,355,168,2024-09-18,83,82,78,10,277,152,6,3.22,Dengue,41,1,65.8,19.94,modéré,26.7,60.4,2242.0,False,0.41,0.58,0.11,34.6,10.2
13,Centre Hospitalier Régional de Sédhiou,Sédhiou,Sédhiou,355,168,2024-09-19,66,79,324,12,31,157,43,0.73,Choléra,59,10,32.34,29.55,modéré,26.1,56.7,287.7,False,0.61,0.65,0.12,107.0,19.1
13,Centre Hospitalier Régional de Sédhiou,Sédhiou,Sédhiou,355,168,2024-09-20,29,46,310,17,45,146,20,0.41,Choléra,53,10,54.34,1.22,modéré,35.3,58.7,4926.2,False,0.48,0.34,0.15,41.6,33.1
13,Centre Hospitalier Régional de Sédhiou,Sédhiou,Sédhiou,355,168,2024-09-21,10,86,247,5,108,163,39,3.32,Choléra,89,9,72.67,28.4,élevé,22.6,40.6,3575.4,True,0.37,0.65,0.04,107.4,10.3
13,Centre Hospitalier Régional de Sédhiou,Sédhiou,Sédhiou,355,168,2024-09-22,64,75,313,8,42,119,45,3.28,Covid-19,13,10,63.37,11.22,faible,25.6,83.0,3152.6,False,0.83,0.65,0.02,93.2,21.0
13,Centre Hospitalier Régional de Sédhiou,Sédhiou,Sédhiou,355,168,2024-09-23,51,37,190,13,165,152,31,1.15,Grippe,83,4,78.69,16.6,élevé,30.3,60.4,4174.8,True,0.25,0.61,0.19,61.7,39.6
13,Centre Hospitalier Régional de Sédhiou,Sédhiou,Sédhiou,355,168,2024-09-24,79,32,53,4,302,132,20,0.57,Paludisme,20,5,42.41,1.86,faible,29.8,47.0,2851.7,False,0.43,0.53,0.19,12.1,47.8
13,Centre Hospitalier Régional de Sédhiou,Sédhiou,Sédhiou,355,168,2024-09-25,22,70,277,6,78,129,57,0.52,Dengue,75,9,51.14,1.62,modéré,37.8,53.4,2049.0,False,0.87,0.38,0.18,149.4,56.6
13,Centre Hospitalier Régional de Sédhiou,Sédhiou,Sédhiou,355,168,2024-09-26,22,46,285,14,70,166,47,1.17,Covid-19,39,8,62.42,15.49,modéré,35.7,87.1,392.7,False,0.47,0.85,0.07,123.7,43.4
13,Centre Hospitalier Régional de Sédhiou,Sédhiou,Sédhiou,355,168,2024-09-27,98,78,221,10,134,167,31,1.89,Grippe,80,2,82.54,27.35,élevé,27.2,85.6,1777.4,False,0.36,0.32,0.18,140.9,15.4
13,Centre Hospitalier Régional de Sédhiou,Sédhiou,Sédhiou,355,168,2024-09-28,67,16,262,8,93,134,40,0.41,Choléra,15,2,39.87,27.78,faible,30.2,63.2,2061.0,False,0.65,0.85,0.08,43.5,14.6
13,Centre Hospitalier Régional de Sédhiou,Sédhiou,Sédhiou,355,168,2024-09-29,42,14,165,21,190,157,33,1.89,Choléra,17,5,68.4,13.36,faible,22.9,62.5,1052.6,False,0.74,0.47,0.09,88.2,18.1
13,Centre Hospitalier Régional de Sédhiou,Sédhiou,Sédhiou,355,168,2024-09-30,85,57,32,8,323,130,29,2.5,Covid-19,80,5,64.08,22.03,élevé,31.9,51.6,2048.1,False,0.51,0.72,0.12,109.9,44.7
13,Centre Hospitalier Régional de Sédhiou,Sédhiou,Sédhiou,355,168,2024-10-01,45,57,246,7,109,136,53,1.73,Dengue,38,9,41.28,26.3,modéré,25.9,78.9,639.2,False,0.68,0.66,0.17,14.3,42.4
13,Centre Hospitalier Régional de Sédhiou,Sédhiou,Sédhiou,355,168,2024-10-02,41,26,54,12,301,165,53,0.82,Grippe,0,1,65.31,10.69,faible,26.6,63.0,2412.4,False,0.29,0.72,0.13,73.0,48.4
13,Centre Hospitalier Régional de Sédhiou,Sédhiou,Sédhiou,355,168,2024-10-03,52,57,47,14,308,165,16,3.02,Choléra,6,5,75.82,3.38,faible,29.7,48.3,4902.8,False,0.66,0.63,0.16,58.2,28.1
13,Centre Hospitalier Régional de Sédhiou,Sédhiou,Sédhiou,355,168,2024-10-04,61,37,28,11,327,119,5,3.5,Dengue,69,0,42.05,12.34,modéré,31.4,64.1,893.9,False,0.31,0.57,0.08,44.9,19.7
13,Centre Hospitalier Régional de Sédhiou,Sédhiou,Sédhiou,355,168,2024-10-05,29,66,326,5,29,121,22,1.35,Grippe,100,10,41.83,11.25,élevé,23.3,49.1,2771.1,True,0.82,0.73,0.17,176.3,58.9
13,Centre Hospitalier Régional de Sédhiou,Sédhiou,Sédhiou,355,168,2024-10-06,72,68,209,2,146,143,2,2.9,Choléra,9,10,86.01,16.47,faible,37.4,52.7,4407.1,False,0.69,0.83,0.03,166.1,39.5
13,Centre Hospitalier Régional de Sédhiou,Sédhiou,Sédhiou,355,168,2024-10-07,50,27,155,13,200,164,47,0.96,Paludisme,95,1,92.18,11.1,élevé,23.6,48.0,1636.0,True,0.6,0.88,0.17,170.8,59.0
13,Centre Hospitalier Régional de Sédhiou,Sédhiou,Sédhiou,355,168,2024-10-08,33,53,40,18,315,157,42,3.98,Grippe,3,7,59.81,7.06,faible,33.1,41.9,463.6,False,0.99,0.88,0.05,72.7,24.2
13,Centre Hospitalier Régional de Sédhiou,Sédhiou,Sédhiou,355,168,2024-10-09,43,25,337,2,18,166,51,3.43,Covid-19,37,2,37.64,28.68,modéré,38.5,85.3,2006.0,False,0.28,0.76,0.16,36.0,54.4
13,Centre Hospitalier Régional de Sédhiou,Sédhiou,Sédhiou,355,168,2024-10-10,83,22,224,2,131,151,33,3.88,Dengue,72,1,44.26,21.14,modéré,34.5,48.4,2986.4,False,0.35,0.77,0.2,14.5,17.4
13,Centre Hospitalier Régional de Sédhiou,Sédhiou,Sédhiou,355,168,2024-10-11,10,14,203,7,152,161,50,2.56,Choléra,78,10,46.1,2.53,modéré,35.8,82.1,856.4,False,0.61,0.73,0.17,138.5,11.0
13,Centre Hospitalier Régional de Sédhiou,Sédhiou,Sédhiou,355,168,2024-10-12,68,56,223,4,132,167,25,0.34,Grippe,98,0,38.61,17.66,élevé,37.2,77.8,2012.4,True,0.32,0.84,0.06,79.6,44.4
13,Centre Hospitalier Régional de Sédhiou,Sédhiou,Sédhiou,355,168,2024-10-13,33,16,91,2,264,124,8,2.5,Paludisme,37,7,64.66,24.55,modéré,22.0,68.8,4649.0,False,0.29,0.48,0.06,137.0,3.4
13,Centre Hospitalier Régional de Sédhiou,Sédhiou,Sédhiou,355,168,2024-10-14,76,46,236,2,119,154,7,2.47,Choléra,63,9,45.87,18.16,modéré,37.0,51.4,2702.4,False,0.64,0.69,0.01,41.0,36.4
13,Centre Hospitalier Régional de Sédhiou,Sédhiou,Sédhiou,355,168,2024-10-15,35,36,87,9,268,156,16,1.59,Covid-19,17,7,74.58,2.44,faible,25.8,74.0,3700.8,False,0.86,0.9,0.08,38.5,49.8
13,Centre Hospitalier Régional de Sédhiou,Sédhiou,Sédhiou,355,168,2024-10-16,84,60,201,23,154,125,40,3.11,Choléra,117,6,39.07,23.73,élevé,25.0,73.0,742.0,True,0.21,0.31,0.2,29.0,34.2
13,Centre Hospitalier Régional de Sédhiou,Sédhiou,Sédhiou,355,168,2024-10-17,28,12,241,18,114,160,58,1.69,Covid-19,89,10,42.9,15.57,élevé,32.8,44.2,618.7,True,0.39,0.43,0.02,125.9,28.1
13,Centre Hospitalier Régional de Sédhiou,Sédhiou,Sédhiou,355,168,2024-10-18,91,51,203,0,152,156,11,2.58,Dengue,22,0,58.0,17.44,faible,25.2,68.1,1700.0,False,0.91,0.34,0.01,154.6,48.2
13,Centre Hospitalier Régional de Sédhiou,Sédhiou,Sédhiou,355,168,2024-10-19,56,16,334,0,21,154,26,1.2,Dengue,43,3,77.09,16.76,modéré,22.0,44.3,2290.3,False,0.77,0.44,0.2,9.4,21.1
13,Centre Hospitalier Régional de Sédhiou,Sédhiou,Sédhiou,355,168,2024-10-20,48,55,99,17,256,136,14,2.86,Choléra,54,7,56.36,24.64,modéré,24.8,83.7,1483.3,False,0.75,0.78,0.09,168.3,55.6
13,Centre Hospitalier Régional de Sédhiou,Sédhiou,Sédhiou,355,168,2024-10-21,19,36,38,25,317,118,32,1.14,Choléra,63,7,77.54,23.14,modéré,26.8,44.2,3217.6,False,0.72,0.35,0.12,137.9,53.0
13,Centre Hospitalier Régional de Sédhiou,Sédhiou,Sédhiou,355,168,2024-10-22,57,45,98,0,257,168,20,0.71,Paludisme,38,5,40.72,29.85,modéré,37.1,86.3,3317.5,False,0.53,0.69,0.03,23.6,59.6
13,Centre Hospitalier Régional de Sédhiou,Sédhiou,Sédhiou,355,168,2024-10-23,51,55,192,3,163,146,31,3.76,Choléra,16,0,47.71,19.3,faible,34.9,76.4,2554.6,False,0.43,0.9,0.03,50.2,49.3
13,Centre Hospitalier Régional de Sédhiou,Sédhiou,Sédhiou,355,168,2024-10-24,79,54,348,6,7,118,2,1.08,Choléra,70,10,74.47,27.21,modéré,37.4,80.2,1738.9,False,0.54,0.65,0.1,139.6,34.2
13,Centre Hospitalier Régional de Sédhiou,Sédhiou,Sédhiou,355,168,2024-10-25,16,36,71,1,284,147,19,2.2,Dengue,45,2,50.39,27.51,modéré,37.2,52.6,4410.2,False,0.66,0.61,0.03,124.7,13.6
13,Centre Hospitalier Régional de Sédhiou,Sédhiou,Sédhiou,355,168,2024-10-26,75,53,169,23,186,152,42,2.88,Covid-19,109,1,70.87,7.93,élevé,35.9,83.8,3490.0,True,0.91,0.65,0.17,68.8,23.8
13,Centre Hospitalier Régional de Sédhiou,Sédhiou,Sédhiou,355,168,2024-10-27,93,42,208,25,147,166,60,1.67,Grippe,38,9,59.35,29.74,modéré,22.5,74.3,4679.0,False,0.27,0.71,0.07,76.2,39.0
13,Centre Hospitalier Régional de Sédhiou,Sédhiou,Sédhiou,355,168,2024-10-28,64,34,167,23,188,150,43,1.74,Dengue,22,0,85.29,10.48,faible,24.4,59.9,1285.6,False,0.35,0.93,0.09,57.8,53.0
13,Centre Hospitalier Régional de Sédhiou,Sédhiou,Sédhiou,355,168,2024-10-29,82,33,178,16,177,124,13,0.89,Grippe,8,2,80.08,5.79,faible,22.5,68.0,3184.5,False,0.25,1.0,0.07,90.3,9.9
13,Centre Hospitalier Régional de Sédhiou,Sédhiou,Sédhiou,355,168,2024-10-30,44,56,136,2,219,157,11,2.76,Grippe,43,2,74.99,1.72,modéré,30.0,65.9,4429.9,False,0.47,0.79,0.01,40.4,20.6
13,Centre Hospitalier Régional de Sédhiou,Sédhiou,Sédhiou,355,168,2024-10-31,61,57,130,12,225,136,47,0.73,Paludisme,32,3,77.92,7.69,modéré,32.2,53.0,1200.6,False,0.96,0.35,0.09,9.0,55.8
13,Centre Hospitalier Régional de Sédhiou,Sédhiou,Sédhiou,355,168,2024-11-01,25,57,85,23,270,150,7,2.84,Choléra,18,2,53.35,26.16,faible,25.3,46.4,1953.7,False,0.77,0.78,0.08,148.9,15.3
13,Centre Hospitalier Régional de Sédhiou,Sédhiou,Sédhiou,355,168,2024-11-02,72,45,309,21,46,129,1,0.48,Dengue,89,1,43.81,16.35,élevé,32.6,53.1,1099.2,True,0.95,0.85,0.0,130.0,47.5
13,Centre Hospitalier Régional de Sédhiou,Sédhiou,Sédhiou,355,168,2024-11-03,80,7,198,24,157,141,13,3.0,Grippe,13,9,51.01,16.35,faible,38.6,43.4,3311.8,False,0.94,0.34,0.19,129.8,46.9
13,Centre Hospitalier Régional de Sédhiou,Sédhiou,Sédhiou,355,168,2024-11-04,90,90,188,12,167,155,36,2.48,Grippe,38,7,58.58,7.46,modéré,34.2,85.6,2225.0,False,0.81,0.94,0.14,110.7,57.6
13,Centre Hospitalier Régional de Sédhiou,Sédhiou,Sédhiou,355,168,2024-11-05,92,62,96,16,259,123,15,3.9,Paludisme,104,8,30.31,14.93,élevé,38.4,61.9,4553.7,True,0.47,0.79,0.07,54.1,27.1
13,Centre Hospitalier Régional de Sédhiou,Sédhiou,Sédhiou,355,168,2024-11-06,25,72,210,14,145,123,27,1.65,Grippe,77,6,79.63,12.11,modéré,29.0,63.3,1002.7,False,0.81,0.87,0.17,110.6,21.5
13,Centre Hospitalier Régional de Sédhiou,Sédhiou,Sédhiou,355,168,2024-11-07,82,61,22,14,333,153,51,2.59,Dengue,85,10,64.35,22.04,élevé,25.5,81.2,4769.5,True,0.84,0.75,0.17,115.0,41.3
13,Centre Hospitalier Régional de Sédhiou,Sédhiou,Sédhiou,355,168,2024-11-08,57,84,194,6,161,143,30,2.79,Grippe,43,8,44.83,28.61,modéré,32.4,64.6,1831.8,False,0.69,0.66,0.19,54.3,4.9
13,Centre Hospitalier Régional de Sédhiou,Sédhiou,Sédhiou,355,168,2024-11-09,57,57,290,1,65,165,24,1.59,Paludisme,49,8,64.4,12.71,modéré,38.3,44.5,3322.1,False,0.57,0.64,0.17,141.2,11.6
13,Centre Hospitalier Régional de Sédhiou,Sédhiou,Sédhiou,355,168,2024-11-10,66,56,322,18,33,122,14,3.2,Dengue,28,1,67.95,15.91,faible,36.0,70.5,3786.3,False,0.77,0.76,0.19,111.9,43.4
13,Centre Hospitalier Régional de Sédhiou,Sédhiou,Sédhiou,355,168,2024-11-11,88,48,131,21,224,155,43,1.51,Choléra,49,8,71.37,1.25,modéré,35.2,69.3,1106.2,False,0.77,0.89,0.1,57.3,39.8
13,Centre Hospitalier Régional de Sédhiou,Sédhiou,Sédhiou,355,168,2024-11-12,59,67,59,1,296,167,27,2.71,Grippe,108,10,31.2,20.52,élevé,25.4,84.3,4362.6,True,0.99,0.95,0.04,55.4,9.0
13,Centre Hospitalier Régional de Sédhiou,Sédhiou,Sédhiou,355,168,2024-11-13,40,47,46,10,309,147,18,3.98,Grippe,80,3,51.08,23.62,élevé,29.9,72.1,1601.4,False,0.9,0.97,0.06,99.2,19.6
13,Centre Hospitalier Régional de Sédhiou,Sédhiou,Sédhiou,355,168,2024-11-14,95,51,122,17,233,122,21,3.46,Dengue,99,8,58.07,7.18,élevé,29.6,56.3,2412.0,True,0.85,0.45,0.17,25.5,54.6
13,Centre Hospitalier Régional de Sédhiou,Sédhiou,Sédhiou,355,168,2024-11-15,65,17,274,18,81,151,23,0.44,Covid-19,56,3,66.33,13.85,modéré,30.3,59.9,1589.2,False,0.35,0.38,0.08,118.7,20.2
13,Centre Hospitalier Régional de Sédhiou,Sédhiou,Sédhiou,355,168,2024-11-16,82,78,250,18,105,136,55,2.12,Choléra,72,10,76.43,14.25,modéré,33.1,53.9,4485.4,False,0.85,0.54,0.03,57.9,53.1
13,Centre Hospitalier Régional de Sédhiou,Sédhiou,Sédhiou,355,168,2024-11-17,46,71,138,14,217,135,5,3.8,Paludisme,117,5,89.45,21.57,élevé,32.3,52.7,2309.4,True,0.34,0.47,0.15,150.1,22.0
13,Centre Hospitalier Régional de Sédhiou,Sédhiou,Sédhiou,355,168,2024-11-18,60,29,276,11,79,166,35,3.23,Paludisme,63,0,91.61,3.78,modéré,27.5,65.2,3329.7,False,0.88,0.91,0.09,106.7,11.4
13,Centre Hospitalier Régional de Sédhiou,Sédhiou,Sédhiou,355,168,2024-11-19,49,32,218,21,137,162,60,0.48,Dengue,85,4,65.37,17.72,élevé,38.3,53.9,3972.1,True,0.74,0.42,0.15,85.7,47.6
13,Centre Hospitalier Régional de Sédhiou,Sédhiou,Sédhiou,355,168,2024-11-20,59,15,247,14,108,143,60,0.79,Choléra,78,7,52.93,14.8,modéré,29.8,68.2,551.9,False,0.78,0.41,0.05,112.5,27.5
13,Centre Hospitalier Régional de Sédhiou,Sédhiou,Sédhiou,355,168,2024-11-21,14,88,320,8,35,140,58,2.77,Grippe,99,2,62.62,17.09,élevé,35.9,50.9,745.8,True,0.3,0.9,0.1,179.7,59.4
13,Centre Hospitalier Régional de Sédhiou,Sédhiou,Sédhiou,355,168,2024-11-22,56,15,257,5,98,119,32,2.89,Paludisme,11,7,49.74,2.98,faible,31.2,58.1,2827.4,False,0.35,0.73,0.06,10.7,47.3
13,Centre Hospitalier Régional de Sédhiou,Sédhiou,Sédhiou,355,168,2024-11-23,53,44,282,13,73,168,56,0.76,Covid-19,88,6,56.86,26.14,élevé,24.3,48.3,1268.0,True,0.51,0.55,0.06,14.5,19.1
13,Centre Hospitalier Régional de Sédhiou,Sédhiou,Sédhiou,355,168,2024-11-24,14,7,143,17,212,124,47,0.93,Covid-19,13,9,88.09,11.43,faible,36.5,70.2,934.3,False,0.88,0.52,0.02,120.5,51.8
13,Centre Hospitalier Régional de Sédhiou,Sédhiou,Sédhiou,355,168,2024-11-25,28,46,267,23,88,126,18,3.93,Paludisme,32,9,37.15,4.69,modéré,30.7,69.1,449.7,False,0.54,0.67,0.0,55.3,24.0
13,Centre Hospitalier Régional de Sédhiou,Sédhiou,Sédhiou,355,168,2024-11-26,92,68,210,1,145,132,6,3.6,Grippe,70,2,60.43,20.65,modéré,28.2,70.8,3190.4,False,0.37,0.37,0.0,24.8,59.5
13,Centre Hospitalier Régional de Sédhiou,Sédhiou,Sédhiou,355,168,2024-11-27,28,47,131,5,224,163,33,0.86,Dengue,71,0,72.24,18.05,modéré,23.3,79.8,3971.7,False,0.96,0.67,0.12,12.6,52.3
13,Centre Hospitalier Régional de Sédhiou,Sédhiou,Sédhiou,355,168,2024-11-28,81,7,332,4,23,124,56,0.55,Paludisme,36,10,40.78,27.45,modéré,36.7,58.3,4628.0,False,0.98,0.77,0.08,99.5,44.1
13,Centre Hospitalier Régional de Sédhiou,Sédhiou,Sédhiou,355,168,2024-11-29,18,64,286,3,69,123,4,0.22,Grippe,117,6,82.31,21.68,élevé,38.8,76.6,622.8,True,0.97,0.92,0.06,139.0,24.9
13,Centre Hospitalier Régional de Sédhiou,Sédhiou,Sédhiou,355,168,2024-11-30,48,7,90,4,265,142,44,3.73,Covid-19,114,6,53.25,19.55,élevé,26.3,49.9,1747.7,True,0.84,0.84,0.18,15.3,41.8
13,Centre Hospitalier Régional de Sédhiou,Sédhiou,Sédhiou,355,168,2024-12-01,97,73,202,1,153,123,24,3.26,Choléra,38,7,41.97,5.28,modéré,27.4,79.0,3856.2,False,0.68,0.45,0.14,178.3,27.5
13,Centre Hospitalier Régional de Sédhiou,Sédhiou,Sédhiou,355,168,2024-12-02,57,18,347,11,8,156,2,0.36,Covid-19,82,1,44.86,19.71,élevé,25.6,58.5,106.0,True,0.24,0.34,0.15,128.3,58.5
13,Centre Hospitalier Régional de Sédhiou,Sédhiou,Sédhiou,355,168,2024-12-03,30,77,52,15,303,168,34,3.94,Covid-19,40,2,69.6,22.99,modéré,28.0,42.9,3663.0,False,0.48,0.74,0.03,133.4,14.8
13,Centre Hospitalier Régional de Sédhiou,Sédhiou,Sédhiou,355,168,2024-12-04,40,70,82,3,273,163,29,0.78,Grippe,34,9,60.85,24.18,modéré,35.0,79.8,1365.6,False,0.91,0.33,0.07,76.7,32.4
13,Centre Hospitalier Régional de Sédhiou,Sédhiou,Sédhiou,355,168,2024-12-05,96,48,57,4,298,154,35,0.51,Paludisme,116,4,82.53,29.7,élevé,31.1,49.0,1347.7,True,0.26,0.91,0.03,149.3,18.9
13,Centre Hospitalier Régional de Sédhiou,Sédhiou,Sédhiou,355,168,2024-12-06,33,38,71,18,284,150,32,3.95,Paludisme,38,3,40.09,14.18,modéré,34.8,77.2,952.1,False,0.8,0.44,0.12,121.0,36.4
13,Centre Hospitalier Régional de Sédhiou,Sédhiou,Sédhiou,355,168,2024-12-07,61,6,353,24,2,129,40,3.38,Grippe,117,3,60.16,16.5,élevé,36.6,90.0,333.9,True,0.69,0.7,0.07,124.2,41.1
13,Centre Hospitalier Régional de Sédhiou,Sédhiou,Sédhiou,355,168,2024-12-08,40,17,289,10,66,161,55,0.71,Dengue,6,10,68.57,7.39,faible,23.4,87.8,3648.8,False,0.79,0.54,0.17,165.7,39.9
13,Centre Hospitalier Régional de Sédhiou,Sédhiou,Sédhiou,355,168,2024-12-09,37,70,207,8,148,125,19,0.29,Dengue,100,6,35.99,15.37,élevé,34.0,45.8,2083.7,True,0.28,0.4,0.02,117.8,16.9
13,Centre Hospitalier Régional de Sédhiou,Sédhiou,Sédhiou,355,168,2024-12-10,77,8,322,13,33,163,20,2.41,Dengue,23,10,92.39,9.77,faible,22.7,71.8,3731.5,False,0.72,0.45,0.08,49.0,26.2
13,Centre Hospitalier Régional de Sédhiou,Sédhiou,Sédhiou,355,168,2024-12-11,65,37,163,3,192,148,16,1.04,Covid-19,22,1,67.22,3.01,faible,38.6,74.0,209.8,False,0.36,0.85,0.09,109.3,42.6
13,Centre Hospitalier Régional de Sédhiou,Sédhiou,Sédhiou,355,168,2024-12-12,84,49,261,16,94,166,40,1.78,Dengue,45,0,87.74,13.54,modéré,33.7,47.8,812.4,False,0.87,0.73,0.06,5.2,33.4
13,Centre Hospitalier Régional de Sédhiou,Sédhiou,Sédhiou,355,168,2024-12-13,66,73,49,20,306,120,40,1.11,Choléra,35,2,63.3,14.85,modéré,34.1,79.5,3183.8,False,0.54,0.34,0.1,85.4,5.0
13,Centre Hospitalier Régional de Sédhiou,Sédhiou,Sédhiou,355,168,2024-12-14,79,26,276,22,79,151,49,2.66,Dengue,94,9,82.32,18.54,élevé,33.5,69.4,4408.5,True,0.56,0.45,0.07,145.9,42.1
13,Centre Hospitalier Régional de Sédhiou,Sédhiou,Sédhiou,355,168,2024-12-15,88,33,114,21,241,151,33,3.96,Grippe,11,1,93.84,29.51,faible,30.0,75.4,3192.9,False,0.88,0.53,0.16,21.0,49.0
13,Centre Hospitalier Régional de Sédhiou,Sédhiou,Sédhiou,355,168,2024-12-16,21,76,88,17,267,124,34,1.28,Paludisme,79,0,89.34,6.0,modéré,34.1,83.3,4667.9,False,0.28,0.85,0.03,101.0,17.8
13,Centre Hospitalier Régional de Sédhiou,Sédhiou,Sédhiou,355,168,2024-12-17,29,17,228,15,127,156,45,0.92,Grippe,15,4,70.77,27.47,faible,35.2,64.3,4816.5,False,0.53,0.75,0.03,55.8,29.9
13,Centre Hospitalier Régional de Sédhiou,Sédhiou,Sédhiou,355,168,2024-12-18,63,62,30,21,325,128,34,2.49,Dengue,58,1,92.71,23.5,modéré,34.8,78.8,435.9,False,0.63,0.61,0.02,156.8,35.0
13,Centre Hospitalier Régional de Sédhiou,Sédhiou,Sédhiou,355,168,2024-12-19,97,85,310,13,45,149,30,2.36,Paludisme,36,8,36.02,6.45,modéré,37.0,75.4,1939.1,False,0.85,0.95,0.11,56.1,12.9
13,Centre Hospitalier Régional de Sédhiou,Sédhiou,Sédhiou,355,168,2024-12-20,97,19,88,9,267,164,49,3.87,Dengue,61,3,50.6,18.66,modéré,27.5,50.8,4556.4,False,0.46,0.72,0.16,94.8,36.6
13,Centre Hospitalier Régional de Sédhiou,Sédhiou,Sédhiou,355,168,2024-12-21,73,63,177,12,178,152,36,2.17,Paludisme,58,8,50.91,10.39,modéré,28.6,60.4,2512.8,False,0.57,0.56,0.1,100.6,37.7
13,Centre Hospitalier Régional de Sédhiou,Sédhiou,Sédhiou,355,168,2024-12-22,70,22,166,16,189,163,60,0.53,Paludisme,37,9,63.56,10.93,modéré,36.4,55.9,1627.0,False,0.89,0.54,0.15,143.7,28.3
13,Centre Hospitalier Régional de Sédhiou,Sédhiou,Sédhiou,355,168,2024-12-23,36,34,233,9,122,129,30,0.15,Choléra,57,5,55.71,5.37,modéré,29.2,75.7,4944.9,False,0.84,0.47,0.06,101.9,9.9
13,Centre Hospitalier Régional de Sédhiou,Sédhiou,Sédhiou,355,168,2024-12-24,30,23,126,24,229,150,55,3.35,Dengue,113,6,76.47,4.08,élevé,23.7,47.0,599.6,True,0.57,0.8,0.19,139.2,36.9
13,Centre Hospitalier Régional de Sédhiou,Sédhiou,Sédhiou,355,168,2024-12-25,84,84,171,25,184,153,56,2.36,Paludisme,1,3,55.86,27.79,faible,38.9,81.8,3507.9,False,0.25,0.54,0.0,156.1,13.7
13,Centre Hospitalier Régional de Sédhiou,Sédhiou,Sédhiou,355,168,2024-12-26,94,62,299,8,56,123,23,1.77,Choléra,5,2,84.16,25.08,faible,34.2,75.5,1809.3,False,0.37,0.73,0.11,43.5,40.0
13,Centre Hospitalier Régional de Sédhiou,Sédhiou,Sédhiou,355,168,2024-12-27,89,73,138,9,217,145,34,2.43,Dengue,79,3,80.17,8.76,modéré,37.6,53.4,1741.3,False,0.39,0.77,0.17,45.2,30.8
13,Centre Hospitalier Régional de Sédhiou,Sédhiou,Sédhiou,355,168,2024-12-28,15,66,89,23,266,137,39,0.87,Dengue,21,3,91.95,3.83,faible,28.9,44.5,4504.7,False,0.67,0.76,0.14,10.3,11.7
13,Centre Hospitalier Régional de Sédhiou,Sédhiou,Sédhiou,355,168,2024-12-29,64,27,238,18,117,122,35,0.49,Paludisme,87,8,32.76,25.92,élevé,27.9,59.3,4977.8,True,0.35,0.77,0.13,148.6,45.3
13,Centre Hospitalier Régional de Sédhiou,Sédhiou,Sédhiou,355,168,2024-12-30,10,23,292,22,63,146,46,3.9,Covid-19,91,4,83.02,4.35,élevé,36.0,53.6,3347.9,True,0.42,0.67,0.19,57.7,3.7
13,Centre Hospitalier Régional de Sédhiou,Sédhiou,Sédhiou,355,168,2024-12-31,75,47,105,7,250,158,12,0.18,Paludisme,63,10,69.83,2.53,modéré,26.4,63.4,3932.7,False,0.94,0.87,0.13,176.9,27.9
14,Centre Hospitalier Régional de Ziguinchor,Ziguinchor,Ziguinchor,755,393,2024-01-01,79,56,499,4,256,377,52,1.54,Dengue,117,2,80.35,24.98,élevé,34.2,65.1,4375.7,True,0.31,0.54,0.05,112.9,34.9
14,Centre Hospitalier Régional de Ziguinchor,Ziguinchor,Ziguinchor,755,393,2024-01-02,84,61,70,10,685,359,37,1.57,Grippe,63,7,80.34,4.17,modéré,32.7,46.8,4194.0,False,0.32,0.43,0.13,62.0,11.3
14,Centre Hospitalier Régional de Ziguinchor,Ziguinchor,Ziguinchor,755,393,2024-01-03,72,39,183,22,572,351,27,0.21,Covid-19,28,2,94.23,4.02,faible,38.0,43.9,3163.3,False,0.4,0.52,0.1,38.5,47.6
14,Centre Hospitalier Régional de Ziguinchor,Ziguinchor,Ziguinchor,755,393,2024-01-04,92,30,199,8,556,358,16,1.05,Choléra,37,10,72.23,22.66,modéré,37.3,72.5,2317.4,False,0.41,0.52,0.11,92.7,50.7
14,Centre Hospitalier Régional de Ziguinchor,Ziguinchor,Ziguinchor,755,393,2024-01-05,59,87,622,4,133,388,49,2.08,Covid-19,119,4,80.12,5.27,élevé,23.1,45.2,2241.8,True,0.43,0.56,0.11,133.7,37.5
14,Centre Hospitalier Régional de Ziguinchor,Ziguinchor,Ziguinchor,755,393,2024-01-06,83,66,470,23,285,359,12,0.48,Paludisme,99,3,31.05,5.19,élevé,26.5,70.8,1874.4,True,0.58,0.41,0.04,150.6,44.7
14,Centre Hospitalier Régional de Ziguinchor,Ziguinchor,Ziguinchor,755,393,2024-01-07,51,34,496,13,259,354,17,0.58,Paludisme,91,1,83.3,20.69,élevé,28.8,41.7,814.2,True,0.45,0.34,0.13,173.0,16.6
14,Centre Hospitalier Régional de Ziguinchor,Ziguinchor,Ziguinchor,755,393,2024-01-08,22,70,711,13,44,387,23,0.16,Covid-19,65,2,74.19,4.74,modéré,36.5,77.5,4348.1,False,0.5,0.34,0.03,11.6,12.9
14,Centre Hospitalier Régional de Ziguinchor,Ziguinchor,Ziguinchor,755,393,2024-01-09,81,56,140,20,615,352,12,0.65,Dengue,101,8,53.22,16.37,élevé,25.7,48.1,1083.5,True,0.41,0.75,0.12,171.6,45.8
14,Centre Hospitalier Régional de Ziguinchor,Ziguinchor,Ziguinchor,755,393,2024-01-10,100,58,671,25,84,358,18,0.47,Dengue,47,8,64.29,29.03,modéré,34.4,47.1,3980.4,False,0.42,0.56,0.15,127.9,25.6
14,Centre Hospitalier Régional de Ziguinchor,Ziguinchor,Ziguinchor,755,393,2024-01-11,36,84,77,13,678,366,13,2.5,Covid-19,82,3,32.97,26.42,élevé,31.5,76.7,760.2,True,0.64,0.31,0.15,141.4,32.8
14,Centre Hospitalier Régional de Ziguinchor,Ziguinchor,Ziguinchor,755,393,2024-01-12,76,41,397,11,358,387,10,3.41,Paludisme,65,10,49.63,27.33,modéré,37.1,48.9,2067.6,False,0.78,0.97,0.02,25.5,3.5
14,Centre Hospitalier Régional de Ziguinchor,Ziguinchor,Ziguinchor,755,393,2024-01-13,91,60,48,3,707,371,56,0.9,Paludisme,3,7,52.37,19.83,faible,26.8,48.8,1448.1,False,0.47,1.0,0.14,157.0,24.7
14,Centre Hospitalier Régional de Ziguinchor,Ziguinchor,Ziguinchor,755,393,2024-01-14,26,7,607,3,148,361,9,1.38,Choléra,16,9,34.97,23.63,faible,38.3,86.7,3383.3,False,0.68,0.98,0.2,57.1,7.9
14,Centre Hospitalier Régional de Ziguinchor,Ziguinchor,Ziguinchor,755,393,2024-01-15,42,44,737,18,18,366,19,1.2,Covid-19,2,2,78.09,25.97,faible,24.7,61.3,3848.8,False,0.28,0.49,0.03,138.8,29.6
14,Centre Hospitalier Régional de Ziguinchor,Ziguinchor,Ziguinchor,755,393,2024-01-16,71,19,152,2,603,362,34,1.21,Covid-19,77,4,64.98,18.69,modéré,29.2,40.1,4773.9,False,0.79,0.7,0.09,15.4,11.8
14,Centre Hospitalier Régional de Ziguinchor,Ziguinchor,Ziguinchor,755,393,2024-01-17,56,54,540,20,215,353,34,3.64,Choléra,29,0,90.14,22.74,faible,27.0,46.9,2456.4,False,0.21,0.52,0.05,177.4,13.5
14,Centre Hospitalier Régional de Ziguinchor,Ziguinchor,Ziguinchor,755,393,2024-01-18,15,79,124,14,631,370,18,2.05,Covid-19,68,9,48.15,29.58,modéré,30.2,87.1,2504.9,False,0.43,0.47,0.11,156.3,48.9
14,Centre Hospitalier Régional de Ziguinchor,Ziguinchor,Ziguinchor,755,393,2024-01-19,67,55,747,4,8,388,47,1.02,Dengue,49,1,50.23,3.38,modéré,35.2,55.9,3278.9,False,0.96,0.48,0.07,51.3,18.9
14,Centre Hospitalier Régional de Ziguinchor,Ziguinchor,Ziguinchor,755,393,2024-01-20,33,7,514,22,241,348,47,1.25,Choléra,22,2,37.73,14.3,faible,33.4,60.9,4628.9,False,0.37,0.69,0.17,174.0,38.0
14,Centre Hospitalier Régional de Ziguinchor,Ziguinchor,Ziguinchor,755,393,2024-01-21,39,50,123,15,632,359,16,2.76,Paludisme,80,9,70.12,2.85,élevé,31.2,84.8,1507.1,False,0.82,0.9,0.18,141.8,42.8
14,Centre Hospitalier Régional de Ziguinchor,Ziguinchor,Ziguinchor,755,393,2024-01-22,16,15,248,12,507,387,53,1.86,Paludisme,101,9,40.75,8.42,élevé,28.9,57.1,2940.2,True,0.42,0.75,0.05,107.0,8.6
14,Centre Hospitalier Régional de Ziguinchor,Ziguinchor,Ziguinchor,755,393,2024-01-23,37,11,90,8,665,380,1,2.86,Paludisme,87,1,91.85,19.75,élevé,23.6,74.6,2313.5,True,0.96,0.47,0.09,98.9,54.3
14,Centre Hospitalier Régional de Ziguinchor,Ziguinchor,Ziguinchor,755,393,2024-01-24,88,48,151,4,604,380,40,2.67,Grippe,4,6,35.85,5.22,faible,23.6,75.3,4645.2,False,0.93,0.4,0.13,108.3,43.6
14,Centre Hospitalier Régional de Ziguinchor,Ziguinchor,Ziguinchor,755,393,2024-01-25,39,7,727,3,28,372,26,0.25,Choléra,96,10,92.09,3.36,élevé,39.0,52.8,3534.0,True,0.21,0.98,0.14,77.4,19.9
14,Centre Hospitalier Régional de Ziguinchor,Ziguinchor,Ziguinchor,755,393,2024-01-26,78,75,59,9,696,371,15,0.55,Choléra,89,5,45.88,13.01,élevé,30.1,55.4,3104.4,True,0.86,0.86,0.03,179.6,15.4
14,Centre Hospitalier Régional de Ziguinchor,Ziguinchor,Ziguinchor,755,393,2024-01-27,59,77,530,2,225,344,14,2.44,Grippe,82,4,40.79,6.71,élevé,26.7,52.6,3595.6,True,0.72,0.97,0.02,65.8,26.6
14,Centre Hospitalier Régional de Ziguinchor,Ziguinchor,Ziguinchor,755,393,2024-01-28,54,15,435,23,320,360,21,0.99,Choléra,21,10,64.82,10.84,faible,35.4,87.6,2503.3,False,0.57,0.78,0.15,13.0,57.4
14,Centre Hospitalier Régional de Ziguinchor,Ziguinchor,Ziguinchor,755,393,2024-01-29,75,75,198,21,557,348,10,3.06,Dengue,7,0,48.21,14.29,faible,35.2,66.4,4858.5,False,0.29,0.58,0.18,30.1,36.8
14,Centre Hospitalier Régional de Ziguinchor,Ziguinchor,Ziguinchor,755,393,2024-01-30,36,18,208,25,547,350,4,3.33,Grippe,18,9,91.1,4.8,faible,29.4,80.8,2486.7,False,0.26,0.71,0.07,62.4,53.6
14,Centre Hospitalier Régional de Ziguinchor,Ziguinchor,Ziguinchor,755,393,2024-01-31,14,18,466,24,289,379,38,2.39,Covid-19,83,10,51.73,18.1,élevé,36.5,48.8,2497.4,True,0.94,0.41,0.09,69.0,29.0
14,Centre Hospitalier Régional de Ziguinchor,Ziguinchor,Ziguinchor,755,393,2024-02-01,95,19,462,13,293,343,0,1.86,Dengue,57,8,50.48,17.58,modéré,34.6,50.1,3844.0,False,0.7,0.76,0.15,173.1,24.2
14,Centre Hospitalier Régional de Ziguinchor,Ziguinchor,Ziguinchor,755,393,2024-02-02,48,8,102,11,653,369,47,1.39,Paludisme,32,6,76.24,9.31,modéré,24.1,47.0,2652.4,False,0.52,0.82,0.09,151.9,34.8
14,Centre Hospitalier Régional de Ziguinchor,Ziguinchor,Ziguinchor,755,393,2024-02-03,58,35,191,11,564,348,39,1.52,Grippe,68,1,63.31,21.08,modéré,29.9,74.2,311.7,False,0.63,0.44,0.06,16.7,31.4
14,Centre Hospitalier Régional de Ziguinchor,Ziguinchor,Ziguinchor,755,393,2024-02-04,56,38,239,16,516,362,35,1.61,Paludisme,24,10,75.29,29.94,faible,26.1,78.4,313.5,False,0.95,0.32,0.12,120.5,52.2
14,Centre Hospitalier Régional de Ziguinchor,Ziguinchor,Ziguinchor,755,393,2024-02-05,44,52,332,6,423,351,56,1.9,Dengue,26,0,71.17,27.17,faible,28.9,46.8,266.6,False,0.73,0.74,0.18,6.0,30.4
14,Centre Hospitalier Régional de Ziguinchor,Ziguinchor,Ziguinchor,755,393,2024-02-06,36,18,736,6,19,376,17,3.28,Covid-19,98,6,83.68,25.77,élevé,29.6,75.7,4901.8,True,0.34,0.68,0.14,157.3,39.9
14,Centre Hospitalier Régional de Ziguinchor,Ziguinchor,Ziguinchor,755,393,2024-02-07,28,48,251,11,504,373,59,1.98,Choléra,18,1,80.54,8.93,faible,31.3,62.4,1828.1,False,0.69,0.9,0.05,144.3,27.7
14,Centre Hospitalier Régional de Ziguinchor,Ziguinchor,Ziguinchor,755,393,2024-02-08,55,63,672,7,83,382,33,1.1,Choléra,90,0,85.34,7.36,élevé,29.3,65.3,4982.4,True,0.56,0.43,0.1,80.4,41.5
14,Centre Hospitalier Régional de Ziguinchor,Ziguinchor,Ziguinchor,755,393,2024-02-09,98,32,500,6,255,359,23,1.27,Grippe,112,10,38.46,6.18,élevé,28.6,59.2,311.7,True,0.28,0.81,0.03,79.8,22.4
14,Centre Hospitalier Régional de Ziguinchor,Ziguinchor,Ziguinchor,755,393,2024-02-10,13,65,645,13,110,365,53,0.47,Grippe,71,10,55.13,7.21,modéré,26.6,46.3,1648.4,False,0.56,0.41,0.04,64.2,32.8
14,Centre Hospitalier Régional de Ziguinchor,Ziguinchor,Ziguinchor,755,393,2024-02-11,83,89,595,2,160,357,12,2.74,Covid-19,117,0,42.49,1.72,élevé,32.5,76.2,611.6,True,0.98,0.32,0.03,156.1,55.3
14,Centre Hospitalier Régional de Ziguinchor,Ziguinchor,Ziguinchor,755,393,2024-02-12,91,74,526,7,229,347,15,3.95,Paludisme,48,1,80.0,9.67,modéré,36.9,53.4,1786.4,False,0.81,0.86,0.02,140.6,26.8
14,Centre Hospitalier Régional de Ziguinchor,Ziguinchor,Ziguinchor,755,393,2024-02-13,92,70,280,25,475,382,59,3.06,Dengue,82,1,83.45,28.75,élevé,24.7,88.6,355.1,True,0.63,0.35,0.07,63.5,35.4
14,Centre Hospitalier Régional de Ziguinchor,Ziguinchor,Ziguinchor,755,393,2024-02-14,94,36,269,5,486,391,1,3.48,Covid-19,115,10,93.06,15.44,élevé,36.1,74.7,3034.8,True,0.93,0.82,0.03,71.2,33.5
14,Centre Hospitalier Régional de Ziguinchor,Ziguinchor,Ziguinchor,755,393,2024-02-15,67,29,160,20,595,383,3,0.61,Paludisme,91,2,49.52,16.12,élevé,38.8,71.3,4945.2,True,0.67,0.42,0.01,95.6,25.6
14,Centre Hospitalier Régional de Ziguinchor,Ziguinchor,Ziguinchor,755,393,2024-02-16,38,22,572,15,183,375,40,3.31,Grippe,1,10,86.49,21.16,faible,29.5,72.7,4184.4,False,0.57,0.7,0.08,172.3,43.9
14,Centre Hospitalier Régional de Ziguinchor,Ziguinchor,Ziguinchor,755,393,2024-02-17,37,90,336,20,419,371,36,2.58,Paludisme,29,4,43.63,18.18,faible,28.2,49.1,4472.7,False,0.34,0.31,0.0,150.5,20.9
14,Centre Hospitalier Régional de Ziguinchor,Ziguinchor,Ziguinchor,755,393,2024-02-18,15,45,375,3,380,363,8,2.57,Grippe,9,8,63.63,15.49,faible,37.4,60.8,580.1,False,0.24,0.85,0.0,19.2,5.9
14,Centre Hospitalier Régional de Ziguinchor,Ziguinchor,Ziguinchor,755,393,2024-02-19,24,12,548,8,207,348,59,0.59,Dengue,112,1,52.22,4.9,élevé,29.0,60.2,2154.3,True,0.8,0.61,0.15,98.5,44.1
14,Centre Hospitalier Régional de Ziguinchor,Ziguinchor,Ziguinchor,755,393,2024-02-20,94,17,321,4,434,352,4,1.73,Paludisme,110,1,80.66,19.54,élevé,22.5,73.0,2841.2,True,0.59,0.91,0.04,40.3,10.0
14,Centre Hospitalier Régional de Ziguinchor,Ziguinchor,Ziguinchor,755,393,2024-02-21,15,16,645,16,110,369,34,2.66,Choléra,61,9,37.16,6.24,modéré,34.2,57.4,2410.4,False,0.28,0.49,0.09,97.7,49.5
14,Centre Hospitalier Régional de Ziguinchor,Ziguinchor,Ziguinchor,755,393,2024-02-22,40,30,551,19,204,382,53,3.8,Paludisme,98,3,56.21,19.39,élevé,23.3,63.9,1845.9,True,0.64,0.77,0.09,73.4,53.2
14,Centre Hospitalier Régional de Ziguinchor,Ziguinchor,Ziguinchor,755,393,2024-02-23,58,62,293,7,462,366,2,2.95,Covid-19,38,8,44.91,8.58,modéré,23.1,61.9,4351.4,False,0.21,0.56,0.14,41.1,47.6
14,Centre Hospitalier Régional de Ziguinchor,Ziguinchor,Ziguinchor,755,393,2024-02-24,84,40,549,3,206,391,55,3.62,Paludisme,19,1,76.89,1.63,faible,35.9,72.4,618.0,False,0.45,0.76,0.11,140.9,46.1
14,Centre Hospitalier Régional de Ziguinchor,Ziguinchor,Ziguinchor,755,393,2024-02-25,17,48,408,23,347,350,29,0.99,Covid-19,64,10,32.64,19.42,modéré,31.6,53.7,1115.6,False,0.56,0.53,0.12,117.8,23.1
14,Centre Hospitalier Régional de Ziguinchor,Ziguinchor,Ziguinchor,755,393,2024-02-26,30,64,462,18,293,369,12,1.4,Choléra,93,6,51.14,10.16,élevé,26.2,76.4,4448.3,True,0.52,0.45,0.12,27.5,37.4
14,Centre Hospitalier Régional de Ziguinchor,Ziguinchor,Ziguinchor,755,393,2024-02-27,14,36,354,14,401,372,15,1.6,Paludisme,81,7,64.74,25.43,élevé,29.2,59.6,4680.7,True,0.61,0.93,0.14,138.8,35.9
14,Centre Hospitalier Régional de Ziguinchor,Ziguinchor,Ziguinchor,755,393,2024-02-28,74,77,586,5,169,365,49,1.03,Dengue,30,1,41.2,6.12,modéré,37.4,72.8,3943.7,False,0.61,0.33,0.18,61.5,59.6
14,Centre Hospitalier Régional de Ziguinchor,Ziguinchor,Ziguinchor,755,393,2024-02-29,74,73,737,20,18,379,15,3.29,Dengue,28,9,34.22,24.15,faible,31.7,53.7,767.3,False,0.21,0.71,0.08,175.7,35.5
14,Centre Hospitalier Régional de Ziguinchor,Ziguinchor,Ziguinchor,755,393,2024-03-01,10,45,204,10,551,361,36,0.16,Dengue,83,6,82.18,25.7,élevé,34.8,53.8,768.1,True,0.32,0.39,0.16,82.1,7.3
14,Centre Hospitalier Régional de Ziguinchor,Ziguinchor,Ziguinchor,755,393,2024-03-02,91,22,337,16,418,350,10,3.96,Paludisme,31,7,85.33,12.86,modéré,24.6,46.4,2266.4,False,0.81,0.96,0.15,92.3,42.0
14,Centre Hospitalier Régional de Ziguinchor,Ziguinchor,Ziguinchor,755,393,2024-03-03,96,71,476,14,279,389,1,0.85,Grippe,16,2,45.83,16.72,faible,28.7,69.1,511.7,False,0.85,0.42,0.19,47.1,38.7
14,Centre Hospitalier Régional de Ziguinchor,Ziguinchor,Ziguinchor,755,393,2024-03-04,99,42,203,16,552,367,11,3.47,Paludisme,115,4,61.29,25.57,élevé,33.2,60.3,496.4,True,0.88,0.62,0.15,108.0,34.8
14,Centre Hospitalier Régional de Ziguinchor,Ziguinchor,Ziguinchor,755,393,2024-03-05,94,6,87,6,668,384,17,3.7,Covid-19,92,0,50.51,23.75,élevé,26.4,59.8,3596.1,True,0.62,0.71,0.05,169.9,25.0
14,Centre Hospitalier Régional de Ziguinchor,Ziguinchor,Ziguinchor,755,393,2024-03-06,98,59,292,10,463,382,13,1.13,Covid-19,6,8,69.7,18.28,faible,35.2,52.4,3744.2,False,0.31,0.32,0.18,128.8,12.2
14,Centre Hospitalier Régional de Ziguinchor,Ziguinchor,Ziguinchor,755,393,2024-03-07,37,32,264,4,491,374,55,3.83,Covid-19,7,3,42.33,27.93,faible,27.6,59.5,4876.3,False,0.45,0.38,0.01,118.2,6.9
14,Centre Hospitalier Régional de Ziguinchor,Ziguinchor,Ziguinchor,755,393,2024-03-08,90,65,126,20,629,381,19,1.98,Dengue,8,9,74.05,19.98,faible,36.3,56.0,709.2,False,0.43,0.92,0.03,72.3,55.0
14,Centre Hospitalier Régional de Ziguinchor,Ziguinchor,Ziguinchor,755,393,2024-03-09,37,13,730,10,25,357,13,0.48,Grippe,30,1,67.61,20.23,modéré,27.3,73.6,3316.2,False,0.94,0.97,0.12,118.2,21.8
14,Centre Hospitalier Régional de Ziguinchor,Ziguinchor,Ziguinchor,755,393,2024-03-10,31,74,283,9,472,353,5,2.86,Dengue,64,5,94.52,28.03,modéré,38.9,81.4,2730.8,False,0.81,0.88,0.05,161.0,6.3
14,Centre Hospitalier Régional de Ziguinchor,Ziguinchor,Ziguinchor,755,393,2024-03-11,16,19,516,5,239,359,9,0.62,Choléra,41,1,58.94,29.24,modéré,27.5,82.1,446.5,False,0.2,0.34,0.06,128.3,51.8
14,Centre Hospitalier Régional de Ziguinchor,Ziguinchor,Ziguinchor,755,393,2024-03-12,98,85,85,20,670,359,10,3.76,Grippe,44,4,55.18,14.3,modéré,27.2,52.1,3268.3,False,0.23,0.62,0.19,168.4,19.7
14,Centre Hospitalier Régional de Ziguinchor,Ziguinchor,Ziguinchor,755,393,2024-03-13,45,74,101,21,654,344,34,1.18,Choléra,16,7,83.04,26.55,faible,35.0,58.9,3164.4,False,0.62,0.49,0.12,170.5,37.8
14,Centre Hospitalier Régional de Ziguinchor,Ziguinchor,Ziguinchor,755,393,2024-03-14,97,61,555,10,200,361,49,3.33,Paludisme,115,10,90.06,24.66,élevé,34.5,88.8,2040.7,True,0.45,0.85,0.06,138.7,41.5
14,Centre Hospitalier Régional de Ziguinchor,Ziguinchor,Ziguinchor,755,393,2024-03-15,25,47,253,14,502,382,52,2.26,Covid-19,11,5,49.21,9.71,faible,22.9,47.6,1521.3,False,0.3,0.88,0.08,57.0,37.6
14,Centre Hospitalier Régional de Ziguinchor,Ziguinchor,Ziguinchor,755,393,2024-03-16,34,53,333,24,422,357,40,2.37,Grippe,34,10,44.55,29.6,modéré,28.3,72.9,4863.9,False,0.2,0.88,0.01,46.4,24.7
14,Centre Hospitalier Régional de Ziguinchor,Ziguinchor,Ziguinchor,755,393,2024-03-17,85,87,668,20,87,349,1,1.37,Choléra,115,7,45.74,3.04,élevé,32.4,83.4,2959.5,True,0.62,0.73,0.14,107.0,59.4
14,Centre Hospitalier Régional de Ziguinchor,Ziguinchor,Ziguinchor,755,393,2024-03-18,62,24,643,15,112,354,0,1.01,Paludisme,91,3,84.21,21.33,élevé,29.6,62.5,1880.5,True,0.37,0.54,0.01,90.4,20.3
14,Centre Hospitalier Régional de Ziguinchor,Ziguinchor,Ziguinchor,755,393,2024-03-19,94,29,510,9,245,345,28,1.98,Paludisme,118,1,35.85,9.71,élevé,29.4,46.3,181.5,True,0.61,0.66,0.02,94.7,4.1
14,Centre Hospitalier Régional de Ziguinchor,Ziguinchor,Ziguinchor,755,393,2024-03-20,96,43,60,7,695,393,47,0.24,Dengue,16,10,52.53,21.99,faible,26.3,69.9,3735.7,False,0.57,0.34,0.03,17.5,15.2
14,Centre Hospitalier Régional de Ziguinchor,Ziguinchor,Ziguinchor,755,393,2024-03-21,11,40,632,18,123,386,22,1.57,Covid-19,39,2,88.75,20.24,modéré,37.3,62.8,2653.0,False,0.38,0.91,0.19,52.8,45.9
14,Centre Hospitalier Régional de Ziguinchor,Ziguinchor,Ziguinchor,755,393,2024-03-22,37,35,670,8,85,357,51,1.37,Paludisme,33,0,79.83,22.9,modéré,27.4,78.0,964.8,False,0.35,0.31,0.06,96.7,23.4
14,Centre Hospitalier Régional de Ziguinchor,Ziguinchor,Ziguinchor,755,393,2024-03-23,99,58,248,18,507,353,52,3.64,Grippe,78,6,77.1,9.93,modéré,28.4,54.0,1003.5,False,0.69,0.56,0.11,110.9,36.0
14,Centre Hospitalier Régional de Ziguinchor,Ziguinchor,Ziguinchor,755,393,2024-03-24,18,62,626,4,129,374,22,3.26,Choléra,108,3,63.89,10.29,élevé,27.7,57.7,3167.0,True,0.36,0.41,0.13,30.8,43.0
14,Centre Hospitalier Régional de Ziguinchor,Ziguinchor,Ziguinchor,755,393,2024-03-25,66,37,331,14,424,358,1,3.5,Grippe,77,4,51.95,21.88,modéré,27.7,62.1,2158.6,False,0.43,0.63,0.19,169.8,25.1
14,Centre Hospitalier Régional de Ziguinchor,Ziguinchor,Ziguinchor,755,393,2024-03-26,68,31,580,10,175,345,28,3.0,Grippe,62,5,85.11,10.44,modéré,30.3,52.2,4511.4,False,0.23,0.75,0.07,160.0,23.2
14,Centre Hospitalier Régional de Ziguinchor,Ziguinchor,Ziguinchor,755,393,2024-03-27,67,59,719,4,36,357,9,0.84,Grippe,102,9,30.65,18.56,élevé,36.4,73.4,1648.2,True,0.61,0.55,0.05,10.7,42.1
14,Centre Hospitalier Régional de Ziguinchor,Ziguinchor,Ziguinchor,755,393,2024-03-28,36,70,682,8,73,371,32,2.29,Paludisme,6,3,44.59,24.48,faible,37.7,60.8,547.3,False,0.32,0.72,0.1,106.7,22.3
14,Centre Hospitalier Régional de Ziguinchor,Ziguinchor,Ziguinchor,755,393,2024-03-29,76,31,746,19,9,365,21,0.22,Choléra,98,10,76.73,11.12,élevé,25.1,56.6,4081.5,True,0.92,0.98,0.17,15.5,13.8
14,Centre Hospitalier Régional de Ziguinchor,Ziguinchor,Ziguinchor,755,393,2024-03-30,80,90,657,11,98,388,57,0.63,Dengue,78,6,91.21,10.15,modéré,30.8,66.7,2010.5,False,0.78,0.9,0.04,99.3,10.5
14,Centre Hospitalier Régional de Ziguinchor,Ziguinchor,Ziguinchor,755,393,2024-03-31,65,9,180,18,575,358,3,1.55,Dengue,29,3,32.14,18.85,faible,24.1,70.2,4701.7,False,0.25,0.46,0.05,113.0,8.5
14,Centre Hospitalier Régional de Ziguinchor,Ziguinchor,Ziguinchor,755,393,2024-04-01,18,88,379,8,376,392,19,3.07,Grippe,27,9,87.05,17.47,faible,28.0,72.8,3297.9,False,0.71,0.57,0.16,60.2,18.0
14,Centre Hospitalier Régional de Ziguinchor,Ziguinchor,Ziguinchor,755,393,2024-04-02,72,11,747,3,8,392,7,3.46,Covid-19,51,6,34.51,26.68,modéré,28.4,43.7,966.4,False,0.4,0.35,0.03,86.3,33.4
14,Centre Hospitalier Régional de Ziguinchor,Ziguinchor,Ziguinchor,755,393,2024-04-03,26,58,195,5,560,371,9,1.49,Paludisme,5,10,80.56,19.81,faible,28.3,68.1,4834.7,False,0.9,0.99,0.1,25.7,34.5
14,Centre Hospitalier Régional de Ziguinchor,Ziguinchor,Ziguinchor,755,393,2024-04-04,39,78,689,7,66,351,18,1.44,Dengue,60,3,79.67,24.86,modéré,27.9,58.2,4251.2,False,0.88,0.91,0.04,69.2,47.6
14,Centre Hospitalier Régional de Ziguinchor,Ziguinchor,Ziguinchor,755,393,2024-04-05,57,55,575,2,180,381,35,0.72,Grippe,15,2,80.95,15.62,faible,37.0,59.4,4283.2,False,0.75,0.61,0.09,14.6,7.7
14,Centre Hospitalier Régional de Ziguinchor,Ziguinchor,Ziguinchor,755,393,2024-04-06,78,21,515,15,240,363,57,1.24,Grippe,33,8,69.31,27.88,modéré,25.1,72.6,1357.7,False,0.51,0.99,0.19,153.1,19.7
14,Centre Hospitalier Régional de Ziguinchor,Ziguinchor,Ziguinchor,755,393,2024-04-07,14,7,354,25,401,383,51,0.12,Covid-19,60,5,61.21,14.88,modéré,29.1,74.6,1036.2,False,0.78,0.92,0.1,43.5,26.8
14,Centre Hospitalier Régional de Ziguinchor,Ziguinchor,Ziguinchor,755,393,2024-04-08,68,86,331,6,424,363,39,2.5,Choléra,43,4,75.85,10.1,modéré,30.8,49.4,2759.2,False,0.27,0.3,0.05,93.9,6.4
14,Centre Hospitalier Régional de Ziguinchor,Ziguinchor,Ziguinchor,755,393,2024-04-09,20,8,30,25,725,361,9,3.81,Covid-19,16,4,66.22,2.24,faible,28.8,62.1,4723.8,False,0.4,0.52,0.13,158.1,41.4
14,Centre Hospitalier Régional de Ziguinchor,Ziguinchor,Ziguinchor,755,393,2024-04-10,47,82,743,1,12,377,3,1.24,Choléra,23,3,31.59,15.23,faible,37.5,47.4,4784.8,False,0.29,0.8,0.14,50.4,30.0
14,Centre Hospitalier Régional de Ziguinchor,Ziguinchor,Ziguinchor,755,393,2024-04-11,100,34,392,6,363,371,6,1.29,Choléra,117,4,93.5,21.71,élevé,36.3,58.9,3706.0,True,0.61,0.6,0.09,148.1,17.8
14,Centre Hospitalier Régional de Ziguinchor,Ziguinchor,Ziguinchor,755,393,2024-04-12,34,78,141,3,614,382,6,2.89,Grippe,73,9,58.03,19.42,modéré,36.7,72.2,2667.9,False,0.58,0.74,0.2,58.2,28.7
14,Centre Hospitalier Régional de Ziguinchor,Ziguinchor,Ziguinchor,755,393,2024-04-13,17,45,460,12,295,371,17,1.81,Choléra,86,6,76.96,16.99,élevé,25.8,86.9,4555.8,True,0.23,0.57,0.16,157.8,58.2
14,Centre Hospitalier Régional de Ziguinchor,Ziguinchor,Ziguinchor,755,393,2024-04-14,72,7,502,5,253,356,20,2.29,Grippe,13,9,83.07,26.11,faible,26.5,70.3,2527.1,False,0.86,0.49,0.15,78.0,52.1
14,Centre Hospitalier Régional de Ziguinchor,Ziguinchor,Ziguinchor,755,393,2024-04-15,57,41,560,10,195,379,50,1.13,Dengue,77,1,38.25,25.44,modéré,22.6,58.6,167.6,False,0.93,0.94,0.16,36.4,4.5
14,Centre Hospitalier Régional de Ziguinchor,Ziguinchor,Ziguinchor,755,393,2024-04-16,58,12,675,2,80,359,44,0.99,Dengue,22,3,61.39,21.56,faible,25.4,85.4,3260.9,False,0.36,0.6,0.02,21.2,6.9
14,Centre Hospitalier Régional de Ziguinchor,Ziguinchor,Ziguinchor,755,393,2024-04-17,36,11,446,9,309,349,55,1.84,Dengue,104,2,84.37,9.46,élevé,38.5,58.9,2141.7,True,0.29,0.31,0.13,122.8,16.0
14,Centre Hospitalier Régional de Ziguinchor,Ziguinchor,Ziguinchor,755,393,2024-04-18,31,86,93,22,662,346,3,0.64,Choléra,116,8,49.25,5.49,élevé,28.7,51.5,228.2,True,0.21,0.87,0.09,48.9,37.3
14,Centre Hospitalier Régional de Ziguinchor,Ziguinchor,Ziguinchor,755,393,2024-04-19,36,72,744,18,11,356,53,2.96,Paludisme,92,2,45.47,22.51,élevé,36.7,58.2,2375.7,True,0.36,0.69,0.06,127.9,10.3
14,Centre Hospitalier Régional de Ziguinchor,Ziguinchor,Ziguinchor,755,393,2024-04-20,31,87,175,13,580,383,58,3.26,Choléra,9,6,89.5,21.55,faible,23.9,52.5,4046.1,False,0.93,0.51,0.17,103.1,31.6
14,Centre Hospitalier Régional de Ziguinchor,Ziguinchor,Ziguinchor,755,393,2024-04-21,56,33,612,0,143,383,56,2.19,Grippe,50,4,71.93,25.2,modéré,27.9,74.0,4139.4,False,0.59,0.69,0.13,93.5,26.5
14,Centre Hospitalier Régional de Ziguinchor,Ziguinchor,Ziguinchor,755,393,2024-04-22,47,21,273,17,482,362,20,1.16,Grippe,44,7,35.09,5.01,modéré,22.8,49.3,568.1,False,0.43,0.37,0.11,169.6,54.2
14,Centre Hospitalier Régional de Ziguinchor,Ziguinchor,Ziguinchor,755,393,2024-04-23,53,22,722,11,33,389,52,1.07,Choléra,15,6,93.75,14.63,faible,25.6,84.0,3706.6,False,0.21,0.44,0.05,178.3,55.5
14,Centre Hospitalier Régional de Ziguinchor,Ziguinchor,Ziguinchor,755,393,2024-04-24,100,72,656,0,99,350,27,3.87,Paludisme,82,10,72.84,3.63,élevé,33.2,60.3,1871.9,True,0.83,0.55,0.08,114.7,17.5
14,Centre Hospitalier Régional de Ziguinchor,Ziguinchor,Ziguinchor,755,393,2024-04-25,50,18,74,13,681,386,54,3.41,Choléra,116,2,43.29,2.35,élevé,22.3,47.3,4402.9,True,0.76,0.7,0.19,82.6,35.1
14,Centre Hospitalier Régional de Ziguinchor,Ziguinchor,Ziguinchor,755,393,2024-04-26,91,5,409,15,346,374,14,1.23,Covid-19,26,2,36.47,16.93,faible,24.2,67.4,1337.7,False,0.83,0.96,0.12,36.2,11.0
14,Centre Hospitalier Régional de Ziguinchor,Ziguinchor,Ziguinchor,755,393,2024-04-27,36,60,191,6,564,386,26,3.84,Paludisme,97,6,69.42,12.03,élevé,29.8,59.1,3660.4,True,0.9,0.44,0.19,138.3,39.4
14,Centre Hospitalier Régional de Ziguinchor,Ziguinchor,Ziguinchor,755,393,2024-04-28,50,47,677,18,78,366,56,2.55,Grippe,80,7,84.59,3.95,élevé,33.8,75.0,1927.3,False,0.73,0.31,0.14,120.2,22.8
14,Centre Hospitalier Régional de Ziguinchor,Ziguinchor,Ziguinchor,755,393,2024-04-29,50,61,239,20,516,364,46,0.29,Grippe,55,7,94.71,12.23,modéré,38.0,61.2,3463.5,False,0.33,0.58,0.02,129.3,55.8
14,Centre Hospitalier Régional de Ziguinchor,Ziguinchor,Ziguinchor,755,393,2024-04-30,84,31,90,0,665,364,46,3.79,Paludisme,95,0,78.64,6.01,élevé,35.5,77.7,1822.5,True,0.33,0.71,0.03,86.9,19.3
14,Centre Hospitalier Régional de Ziguinchor,Ziguinchor,Ziguinchor,755,393,2024-05-01,77,20,368,7,387,353,40,0.56,Choléra,65,8,48.56,23.8,modéré,33.6,40.5,1796.4,False,0.83,0.53,0.08,143.9,42.1
14,Centre Hospitalier Régional de Ziguinchor,Ziguinchor,Ziguinchor,755,393,2024-05-02,12,48,677,24,78,385,10,1.36,Covid-19,68,2,65.42,21.88,modéré,23.1,69.8,2346.4,False,0.36,0.55,0.12,30.9,39.5
14,Centre Hospitalier Régional de Ziguinchor,Ziguinchor,Ziguinchor,755,393,2024-05-03,92,84,293,14,462,351,15,1.41,Choléra,57,3,58.71,24.6,modéré,23.7,77.4,4043.6,False,0.76,0.66,0.03,166.1,10.1
14,Centre Hospitalier Régional de Ziguinchor,Ziguinchor,Ziguinchor,755,393,2024-05-04,40,81,361,22,394,360,34,2.28,Dengue,115,2,84.6,22.57,élevé,23.7,85.1,1962.6,True,0.91,0.88,0.16,68.2,18.6
14,Centre Hospitalier Régional de Ziguinchor,Ziguinchor,Ziguinchor,755,393,2024-05-05,93,16,260,22,495,371,27,0.89,Grippe,115,5,45.52,15.52,élevé,38.0,47.8,3073.4,True,0.74,0.79,0.19,42.7,35.5
14,Centre Hospitalier Régional de Ziguinchor,Ziguinchor,Ziguinchor,755,393,2024-05-06,32,30,325,0,430,377,54,2.86,Dengue,27,1,60.63,1.77,faible,25.2,61.8,1231.3,False,0.86,0.43,0.15,101.1,29.3
14,Centre Hospitalier Régional de Ziguinchor,Ziguinchor,Ziguinchor,755,393,2024-05-07,37,79,656,13,99,349,28,1.36,Dengue,102,1,69.52,29.42,élevé,33.6,76.2,4832.5,True,0.42,0.66,0.03,76.2,52.1
14,Centre Hospitalier Régional de Ziguinchor,Ziguinchor,Ziguinchor,755,393,2024-05-08,29,17,35,17,720,384,25,0.66,Paludisme,50,0,86.08,12.77,modéré,26.0,43.6,288.7,False,0.67,0.57,0.14,79.2,22.4
14,Centre Hospitalier Régional de Ziguinchor,Ziguinchor,Ziguinchor,755,393,2024-05-09,78,63,229,16,526,389,30,2.42,Choléra,78,9,42.7,10.49,modéré,36.5,66.7,3219.4,False,0.21,0.42,0.03,140.3,32.8
14,Centre Hospitalier Régional de Ziguinchor,Ziguinchor,Ziguinchor,755,393,2024-05-10,65,60,457,20,298,353,55,3.98,Paludisme,82,2,41.94,23.86,élevé,25.9,73.0,435.6,True,0.31,0.67,0.02,93.2,21.4
14,Centre Hospitalier Régional de Ziguinchor,Ziguinchor,Ziguinchor,755,393,2024-05-11,83,83,198,0,557,357,21,1.07,Choléra,54,3,39.9,12.54,modéré,26.8,81.0,3972.3,False,0.53,0.32,0.08,10.3,9.0
14,Centre Hospitalier Régional de Ziguinchor,Ziguinchor,Ziguinchor,755,393,2024-05-12,77,22,261,19,494,359,38,0.43,Covid-19,8,6,57.3,6.05,faible,23.5,68.9,2978.9,False,0.93,0.52,0.18,6.7,13.9
14,Centre Hospitalier Régional de Ziguinchor,Ziguinchor,Ziguinchor,755,393,2024-05-13,76,34,80,16,675,389,3,0.9,Grippe,26,2,92.49,16.8,faible,24.4,74.7,2192.5,False,0.62,0.38,0.14,5.8,46.8
14,Centre Hospitalier Régional de Ziguinchor,Ziguinchor,Ziguinchor,755,393,2024-05-14,25,68,542,9,213,390,16,3.85,Choléra,41,0,62.08,22.56,modéré,24.2,72.3,4918.9,False,0.3,0.68,0.15,6.9,34.1
14,Centre Hospitalier Régional de Ziguinchor,Ziguinchor,Ziguinchor,755,393,2024-05-15,13,73,191,15,564,393,25,0.17,Covid-19,22,6,67.0,20.2,faible,25.6,53.5,2040.3,False,0.4,0.99,0.1,15.6,35.4
14,Centre Hospitalier Régional de Ziguinchor,Ziguinchor,Ziguinchor,755,393,2024-05-16,21,61,543,11,212,353,15,2.72,Covid-19,31,5,47.31,8.4,modéré,27.4,53.3,3652.1,False,0.96,0.69,0.11,48.0,33.5
14,Centre Hospitalier Régional de Ziguinchor,Ziguinchor,Ziguinchor,755,393,2024-05-17,95,42,563,11,192,352,19,1.81,Grippe,52,4,54.69,27.06,modéré,25.8,54.9,827.0,False,0.96,0.9,0.1,106.4,51.2
14,Centre Hospitalier Régional de Ziguinchor,Ziguinchor,Ziguinchor,755,393,2024-05-18,88,36,264,24,491,379,35,0.11,Paludisme,56,9,57.98,15.53,modéré,33.6,59.1,2048.8,False,0.21,0.49,0.18,101.8,48.2
14,Centre Hospitalier Régional de Ziguinchor,Ziguinchor,Ziguinchor,755,393,2024-05-19,59,30,517,12,238,356,55,2.82,Paludisme,56,2,70.3,12.21,modéré,34.6,88.2,2242.2,False,0.67,0.59,0.2,12.3,16.4
14,Centre Hospitalier Régional de Ziguinchor,Ziguinchor,Ziguinchor,755,393,2024-05-20,69,69,563,1,192,355,23,2.54,Grippe,97,3,44.54,11.24,élevé,34.6,69.0,719.7,True,0.29,0.56,0.12,152.8,53.2
14,Centre Hospitalier Régional de Ziguinchor,Ziguinchor,Ziguinchor,755,393,2024-05-21,58,59,622,6,133,389,48,0.4,Paludisme,49,6,59.56,29.39,modéré,33.4,86.7,555.0,False,0.8,0.32,0.2,145.0,14.5
14,Centre Hospitalier Régional de Ziguinchor,Ziguinchor,Ziguinchor,755,393,2024-05-22,10,9,631,13,124,351,14,0.63,Dengue,109,6,76.33,21.67,élevé,36.7,50.7,643.5,True,0.51,0.67,0.01,56.6,56.0
14,Centre Hospitalier Régional de Ziguinchor,Ziguinchor,Ziguinchor,755,393,2024-05-23,61,44,542,11,213,347,48,3.99,Dengue,55,10,81.43,6.84,modéré,39.0,67.5,3076.6,False,0.95,0.43,0.07,156.4,59.1
14,Centre Hospitalier Régional de Ziguinchor,Ziguinchor,Ziguinchor,755,393,2024-05-24,81,80,107,23,648,367,23,2.24,Paludisme,16,8,73.44,21.72,faible,28.3,77.0,1672.0,False,0.85,0.5,0.11,153.2,10.1
14,Centre Hospitalier Régional de Ziguinchor,Ziguinchor,Ziguinchor,755,393,2024-05-25,24,84,359,20,396,356,1,2.21,Paludisme,84,8,79.4,15.85,élevé,27.0,77.4,1537.4,True,0.94,0.45,0.02,130.6,30.6
14,Centre Hospitalier Régional de Ziguinchor,Ziguinchor,Ziguinchor,755,393,2024-05-26,92,46,456,13,299,372,24,1.7,Paludisme,14,7,75.68,16.39,faible,26.7,49.2,3779.8,False,0.67,0.97,0.17,159.8,19.5
14,Centre Hospitalier Régional de Ziguinchor,Ziguinchor,Ziguinchor,755,393,2024-05-27,94,28,81,7,674,368,28,2.57,Covid-19,0,1,89.16,20.16,faible,23.6,43.5,1301.9,False,0.72,0.51,0.16,129.0,32.3
14,Centre Hospitalier Régional de Ziguinchor,Ziguinchor,Ziguinchor,755,393,2024-05-28,67,66,659,24,96,384,44,2.7,Dengue,80,9,42.18,28.51,élevé,38.7,61.2,4762.8,False,0.32,0.69,0.03,61.6,24.3
14,Centre Hospitalier Régional de Ziguinchor,Ziguinchor,Ziguinchor,755,393,2024-05-29,79,16,711,16,44,390,24,2.02,Choléra,15,5,64.6,16.75,faible,35.9,83.9,532.4,False,0.81,0.59,0.18,9.5,23.0
14,Centre Hospitalier Régional de Ziguinchor,Ziguinchor,Ziguinchor,755,393,2024-05-30,52,74,584,16,171,383,23,2.36,Paludisme,61,7,51.25,10.81,modéré,34.0,61.0,4264.9,False,0.85,0.9,0.18,13.8,56.1
14,Centre Hospitalier Régional de Ziguinchor,Ziguinchor,Ziguinchor,755,393,2024-05-31,95,70,173,23,582,377,37,3.94,Dengue,77,8,86.24,25.59,modéré,35.0,64.2,3920.6,False,0.92,0.89,0.11,91.1,46.0
14,Centre Hospitalier Régional de Ziguinchor,Ziguinchor,Ziguinchor,755,393,2024-06-01,91,75,165,15,590,373,9,2.9,Grippe,32,3,78.55,9.27,modéré,35.1,84.3,3597.4,False,0.25,0.4,0.02,19.6,48.7
14,Centre Hospitalier Régional de Ziguinchor,Ziguinchor,Ziguinchor,755,393,2024-06-02,30,17,497,6,258,354,54,3.34,Paludisme,35,7,65.71,24.04,modéré,35.0,89.4,2963.9,False,0.45,0.79,0.1,71.9,37.3
14,Centre Hospitalier Régional de Ziguinchor,Ziguinchor,Ziguinchor,755,393,2024-06-03,57,79,454,11,301,354,39,2.82,Dengue,80,9,71.67,20.59,élevé,28.7,81.0,2854.6,False,0.55,0.64,0.09,112.8,33.0
14,Centre Hospitalier Régional de Ziguinchor,Ziguinchor,Ziguinchor,755,393,2024-06-04,78,90,492,12,263,350,0,2.24,Dengue,19,3,47.46,20.31,faible,36.3,50.9,2547.7,False,0.31,0.81,0.19,109.0,50.5
14,Centre Hospitalier Régional de Ziguinchor,Ziguinchor,Ziguinchor,755,393,2024-06-05,83,83,727,3,28,370,6,3.01,Choléra,57,9,62.03,21.42,modéré,38.0,44.8,266.9,False,0.77,0.81,0.06,167.6,45.0
14,Centre Hospitalier Régional de Ziguinchor,Ziguinchor,Ziguinchor,755,393,2024-06-06,71,48,145,17,610,360,24,3.68,Dengue,51,1,90.13,6.72,modéré,33.4,53.1,1939.9,False,0.63,0.31,0.19,117.8,10.1
14,Centre Hospitalier Régional de Ziguinchor,Ziguinchor,Ziguinchor,755,393,2024-06-07,16,63,455,1,300,369,1,0.33,Paludisme,64,9,64.49,28.96,modéré,36.8,86.7,2636.8,False,0.67,0.7,0.1,164.1,27.3
14,Centre Hospitalier Régional de Ziguinchor,Ziguinchor,Ziguinchor,755,393,2024-06-08,56,51,406,3,349,385,28,2.92,Covid-19,78,2,32.74,12.11,modéré,24.0,72.1,201.4,False,0.87,0.51,0.02,96.5,17.9
14,Centre Hospitalier Régional de Ziguinchor,Ziguinchor,Ziguinchor,755,393,2024-06-09,81,42,198,20,557,356,22,0.15,Dengue,6,7,86.78,1.3,faible,22.9,43.3,2846.6,False,0.23,0.92,0.09,78.3,47.2
14,Centre Hospitalier Régional de Ziguinchor,Ziguinchor,Ziguinchor,755,393,2024-06-10,29,14,492,19,263,356,55,2.78,Covid-19,43,10,47.29,27.71,modéré,26.0,42.2,715.1,False,0.97,0.7,0.18,178.4,9.9
14,Centre Hospitalier Régional de Ziguinchor,Ziguinchor,Ziguinchor,755,393,2024-06-11,22,81,244,13,511,367,60,1.55,Grippe,49,8,58.06,29.82,modéré,35.5,81.4,1797.4,False,0.97,0.93,0.02,129.2,11.6
14,Centre Hospitalier Régional de Ziguinchor,Ziguinchor,Ziguinchor,755,393,2024-06-12,58,83,193,11,562,379,56,3.4,Grippe,101,2,37.37,22.31,élevé,36.0,66.2,4899.4,True,0.51,0.58,0.11,11.7,34.3
14,Centre Hospitalier Régional de Ziguinchor,Ziguinchor,Ziguinchor,755,393,2024-06-13,73,24,119,24,636,343,27,0.14,Grippe,64,2,57.73,14.22,modéré,33.5,63.9,1162.9,False,0.88,0.43,0.05,97.1,7.0
14,Centre Hospitalier Régional de Ziguinchor,Ziguinchor,Ziguinchor,755,393,2024-06-14,83,45,569,23,186,350,45,2.75,Grippe,13,1,85.39,10.68,faible,38.2,50.6,2721.6,False,0.35,0.53,0.19,138.8,18.6
14,Centre Hospitalier Régional de Ziguinchor,Ziguinchor,Ziguinchor,755,393,2024-06-15,16,6,241,25,514,360,19,3.99,Choléra,116,9,92.25,22.19,élevé,37.1,69.4,4016.8,True,0.89,0.41,0.05,168.4,6.9
14,Centre Hospitalier Régional de Ziguinchor,Ziguinchor,Ziguinchor,755,393,2024-06-16,33,10,530,22,225,377,20,2.38,Paludisme,76,5,62.4,27.36,modéré,30.7,88.5,696.7,False,0.21,0.47,0.09,168.0,33.6
14,Centre Hospitalier Régional de Ziguinchor,Ziguinchor,Ziguinchor,755,393,2024-06-17,16,82,181,9,574,364,16,0.53,Grippe,23,8,83.86,19.3,faible,38.0,75.6,4462.0,False,0.72,0.62,0.02,147.0,10.7
14,Centre Hospitalier Régional de Ziguinchor,Ziguinchor,Ziguinchor,755,393,2024-06-18,100,18,32,18,723,358,40,2.35,Covid-19,21,10,65.65,21.39,faible,25.1,60.1,4054.0,False,0.61,0.55,0.13,91.0,36.9
14,Centre Hospitalier Régional de Ziguinchor,Ziguinchor,Ziguinchor,755,393,2024-06-19,91,6,372,18,383,364,42,3.4,Choléra,98,4,72.24,7.0,élevé,26.3,52.9,323.5,True,0.61,0.68,0.09,143.7,12.4
14,Centre Hospitalier Régional de Ziguinchor,Ziguinchor,Ziguinchor,755,393,2024-06-20,78,42,650,2,105,344,55,3.73,Covid-19,19,3,84.72,3.28,faible,29.1,56.1,4183.4,False,0.82,0.94,0.11,73.8,56.3
14,Centre Hospitalier Régional de Ziguinchor,Ziguinchor,Ziguinchor,755,393,2024-06-21,50,89,601,10,154,358,50,2.96,Choléra,66,8,32.75,26.04,modéré,33.3,45.9,1043.8,False,0.25,0.37,0.11,64.2,42.7
14,Centre Hospitalier Régional de Ziguinchor,Ziguinchor,Ziguinchor,755,393,2024-06-22,22,62,52,4,703,392,4,1.2,Grippe,13,1,73.39,15.01,faible,30.7,57.8,3993.8,False,0.78,0.34,0.01,70.8,19.4
14,Centre Hospitalier Régional de Ziguinchor,Ziguinchor,Ziguinchor,755,393,2024-06-23,67,85,569,5,186,358,13,1.45,Choléra,92,9,39.23,5.96,élevé,36.1,66.6,3653.5,True,0.7,0.8,0.09,84.2,13.9
14,Centre Hospitalier Régional de Ziguinchor,Ziguinchor,Ziguinchor,755,393,2024-06-24,50,57,312,12,443,382,39,3.74,Paludisme,76,7,94.39,13.68,modéré,33.4,72.9,4461.5,False,0.95,0.88,0.03,30.6,24.9
14,Centre Hospitalier Régional de Ziguinchor,Ziguinchor,Ziguinchor,755,393,2024-06-25,21,33,670,24,85,377,43,1.43,Covid-19,120,7,63.43,28.16,élevé,31.3,86.6,2671.1,True,0.6,0.56,0.11,149.8,10.2
14,Centre Hospitalier Régional de Ziguinchor,Ziguinchor,Ziguinchor,755,393,2024-06-26,82,24,163,16,592,382,2,0.49,Choléra,78,8,54.74,6.76,modéré,35.2,43.7,4936.4,False,0.87,0.44,0.11,128.6,52.6
14,Centre Hospitalier Régional de Ziguinchor,Ziguinchor,Ziguinchor,755,393,2024-06-27,100,32,560,18,195,345,31,3.49,Dengue,52,1,71.44,21.69,modéré,22.5,57.2,2828.9,False,0.27,0.59,0.15,100.2,18.3
14,Centre Hospitalier Régional de Ziguinchor,Ziguinchor,Ziguinchor,755,393,2024-06-28,71,22,271,3,484,352,22,1.72,Choléra,55,6,77.15,16.81,modéré,25.7,56.8,3264.4,False,0.2,0.44,0.17,126.4,57.4
14,Centre Hospitalier Régional de Ziguinchor,Ziguinchor,Ziguinchor,755,393,2024-06-29,74,55,268,2,487,369,13,1.44,Choléra,112,3,50.25,7.07,élevé,37.8,80.3,3026.5,True,0.37,0.51,0.15,12.4,13.4
14,Centre Hospitalier Régional de Ziguinchor,Ziguinchor,Ziguinchor,755,393,2024-06-30,41,65,537,13,218,348,21,1.24,Covid-19,82,6,33.01,1.73,élevé,38.7,74.9,3929.0,True,0.99,0.32,0.2,102.6,46.2
14,Centre Hospitalier Régional de Ziguinchor,Ziguinchor,Ziguinchor,755,393,2024-07-01,95,34,274,3,481,353,9,2.57,Dengue,116,5,35.29,7.93,élevé,28.1,46.7,3779.3,True,0.73,0.93,0.17,124.3,56.0
14,Centre Hospitalier Régional de Ziguinchor,Ziguinchor,Ziguinchor,755,393,2024-07-02,70,86,755,15,0,348,23,1.41,Paludisme,28,0,92.75,18.95,faible,24.9,44.3,2246.1,False,0.86,0.33,0.17,140.1,39.5
14,Centre Hospitalier Régional de Ziguinchor,Ziguinchor,Ziguinchor,755,393,2024-07-03,81,32,634,11,121,355,23,1.63,Grippe,67,1,56.11,21.54,modéré,22.3,78.0,4258.5,False,0.48,0.69,0.0,27.3,6.3
14,Centre Hospitalier Régional de Ziguinchor,Ziguinchor,Ziguinchor,755,393,2024-07-04,82,7,254,6,501,350,32,3.75,Dengue,69,10,32.07,25.53,modéré,33.3,45.6,1893.3,False,0.71,0.36,0.03,130.1,17.3
14,Centre Hospitalier Régional de Ziguinchor,Ziguinchor,Ziguinchor,755,393,2024-07-05,83,15,295,18,460,369,59,2.59,Covid-19,89,0,42.74,23.17,élevé,37.1,55.0,4387.7,True,0.75,0.48,0.13,151.2,26.8
14,Centre Hospitalier Régional de Ziguinchor,Ziguinchor,Ziguinchor,755,393,2024-07-06,95,45,248,24,507,349,3,1.28,Grippe,104,9,78.39,9.17,élevé,24.5,57.1,4352.0,True,0.88,0.55,0.2,122.4,37.5
14,Centre Hospitalier Régional de Ziguinchor,Ziguinchor,Ziguinchor,755,393,2024-07-07,27,28,319,19,436,378,6,1.28,Covid-19,76,5,35.57,26.97,modéré,24.7,45.6,3153.0,False,0.97,0.98,0.17,11.4,19.2
14,Centre Hospitalier Régional de Ziguinchor,Ziguinchor,Ziguinchor,755,393,2024-07-08,56,77,625,13,130,364,49,1.05,Paludisme,94,7,36.69,4.93,élevé,26.3,68.3,2348.7,True,0.23,0.72,0.2,82.0,3.5
14,Centre Hospitalier Régional de Ziguinchor,Ziguinchor,Ziguinchor,755,393,2024-07-09,68,86,120,13,635,385,47,0.82,Dengue,8,3,94.24,29.89,faible,31.4,75.2,3453.3,False,0.2,0.88,0.11,145.7,37.8
14,Centre Hospitalier Régional de Ziguinchor,Ziguinchor,Ziguinchor,755,393,2024-07-10,50,82,338,12,417,370,22,3.67,Choléra,8,1,74.78,10.57,faible,27.2,85.2,1994.8,False,0.63,0.88,0.19,79.1,54.4
14,Centre Hospitalier Régional de Ziguinchor,Ziguinchor,Ziguinchor,755,393,2024-07-11,93,61,34,2,721,348,48,2.95,Choléra,71,10,67.03,18.62,modéré,24.1,61.2,3770.2,False,0.52,0.39,0.02,161.2,19.6
14,Centre Hospitalier Régional de Ziguinchor,Ziguinchor,Ziguinchor,755,393,2024-07-12,53,54,209,22,546,374,18,0.62,Grippe,25,10,34.68,6.62,faible,27.7,86.3,939.6,False,0.5,0.54,0.11,176.2,4.5
14,Centre Hospitalier Régional de Ziguinchor,Ziguinchor,Ziguinchor,755,393,2024-07-13,12,48,537,25,218,387,53,0.29,Choléra,113,0,61.05,19.79,élevé,28.4,54.8,4589.0,True,0.77,0.59,0.17,173.4,3.7
14,Centre Hospitalier Régional de Ziguinchor,Ziguinchor,Ziguinchor,755,393,2024-07-14,81,47,606,9,149,385,53,1.65,Grippe,31,5,56.14,7.5,modéré,24.3,79.5,1660.1,False,0.69,0.7,0.12,30.7,5.3
14,Centre Hospitalier Régional de Ziguinchor,Ziguinchor,Ziguinchor,755,393,2024-07-15,97,46,486,19,269,372,47,3.03,Dengue,23,3,55.47,28.72,faible,26.7,57.3,4720.6,False,0.96,0.63,0.16,145.6,12.1
14,Centre Hospitalier Régional de Ziguinchor,Ziguinchor,Ziguinchor,755,393,2024-07-16,47,31,143,24,612,381,49,0.39,Dengue,109,6,89.47,3.06,élevé,37.8,41.2,2120.5,True,0.81,0.69,0.19,51.2,36.0
14,Centre Hospitalier Régional de Ziguinchor,Ziguinchor,Ziguinchor,755,393,2024-07-17,89,65,151,1,604,352,52,3.19,Covid-19,16,1,63.27,20.71,faible,30.9,51.1,1077.5,False,0.47,0.47,0.17,176.3,29.5
14,Centre Hospitalier Régional de Ziguinchor,Ziguinchor,Ziguinchor,755,393,2024-07-18,28,50,697,8,58,351,22,1.15,Paludisme,25,2,90.01,26.29,faible,24.4,43.9,1766.1,False,0.33,0.88,0.12,70.6,56.5
14,Centre Hospitalier Régional de Ziguinchor,Ziguinchor,Ziguinchor,755,393,2024-07-19,15,67,198,5,557,369,24,2.93,Grippe,51,2,67.75,1.5,modéré,31.2,57.5,2627.6,False,0.28,0.32,0.02,6.3,53.8
14,Centre Hospitalier Régional de Ziguinchor,Ziguinchor,Ziguinchor,755,393,2024-07-20,72,55,287,9,468,354,50,3.16,Grippe,61,9,34.54,26.41,modéré,31.1,43.9,4126.4,False,0.25,0.83,0.05,88.4,46.6
14,Centre Hospitalier Régional de Ziguinchor,Ziguinchor,Ziguinchor,755,393,2024-07-21,60,30,599,11,156,346,7,3.95,Grippe,119,6,79.63,17.01,élevé,30.1,42.2,3633.4,True,0.97,0.56,0.08,109.1,8.7
14,Centre Hospitalier Régional de Ziguinchor,Ziguinchor,Ziguinchor,755,393,2024-07-22,73,27,488,2,267,362,46,0.5,Dengue,0,6,87.34,26.44,faible,32.1,45.9,1284.8,False,0.7,0.73,0.15,8.5,39.0
14,Centre Hospitalier Régional de Ziguinchor,Ziguinchor,Ziguinchor,755,393,2024-07-23,74,42,218,6,537,379,2,2.56,Covid-19,26,1,58.12,16.94,faible,36.7,84.3,3460.9,False,0.48,0.48,0.11,105.0,39.8
14,Centre Hospitalier Régional de Ziguinchor,Ziguinchor,Ziguinchor,755,393,2024-07-24,27,88,181,0,574,368,15,3.59,Covid-19,14,4,77.75,28.66,faible,38.0,65.4,2422.2,False,0.66,0.41,0.07,136.2,46.4
14,Centre Hospitalier Régional de Ziguinchor,Ziguinchor,Ziguinchor,755,393,2024-07-25,64,22,658,11,97,387,23,1.81,Choléra,27,0,53.8,16.52,faible,23.7,43.1,3089.6,False,0.34,0.57,0.1,137.6,31.3
14,Centre Hospitalier Régional de Ziguinchor,Ziguinchor,Ziguinchor,755,393,2024-07-26,83,40,218,13,537,384,25,3.79,Paludisme,30,6,73.37,15.02,modéré,34.5,53.7,1482.0,False,0.43,0.41,0.19,28.3,59.0
14,Centre Hospitalier Régional de Ziguinchor,Ziguinchor,Ziguinchor,755,393,2024-07-27,25,59,223,3,532,367,2,2.44,Dengue,58,3,53.86,4.21,modéré,26.3,79.3,2377.9,False,0.35,0.72,0.04,166.8,53.2
14,Centre Hospitalier Régional de Ziguinchor,Ziguinchor,Ziguinchor,755,393,2024-07-28,13,14,241,20,514,377,48,0.79,Covid-19,14,2,41.01,29.13,faible,25.9,73.9,1227.0,False,0.51,0.92,0.05,15.8,50.9
14,Centre Hospitalier Régional de Ziguinchor,Ziguinchor,Ziguinchor,755,393,2024-07-29,25,80,594,15,161,382,16,3.92,Choléra,56,10,31.11,26.18,modéré,33.1,50.0,4144.3,False,0.65,0.51,0.08,8.1,13.4
14,Centre Hospitalier Régional de Ziguinchor,Ziguinchor,Ziguinchor,755,393,2024-07-30,32,69,650,9,105,377,9,3.8,Paludisme,2,6,54.17,26.96,faible,27.4,76.6,2255.5,False,0.75,0.78,0.0,169.3,37.0
14,Centre Hospitalier Régional de Ziguinchor,Ziguinchor,Ziguinchor,755,393,2024-07-31,86,62,272,15,483,365,60,2.56,Covid-19,42,1,89.29,4.04,modéré,27.1,53.2,3178.4,False,0.21,1.0,0.16,145.4,51.5
14,Centre Hospitalier Régional de Ziguinchor,Ziguinchor,Ziguinchor,755,393,2024-08-01,77,21,661,18,94,386,31,1.3,Dengue,70,1,53.92,6.08,modéré,27.6,69.4,2803.7,False,0.23,0.62,0.03,139.5,42.0
14,Centre Hospitalier Régional de Ziguinchor,Ziguinchor,Ziguinchor,755,393,2024-08-02,16,37,327,20,428,386,56,2.81,Paludisme,16,10,34.36,28.94,faible,34.0,44.0,859.8,False,0.66,0.42,0.02,168.4,46.3
14,Centre Hospitalier Régional de Ziguinchor,Ziguinchor,Ziguinchor,755,393,2024-08-03,82,74,49,6,706,387,39,2.89,Choléra,13,8,51.16,13.63,faible,38.9,51.3,4324.1,False,0.65,0.69,0.0,113.2,26.5
14,Centre Hospitalier Régional de Ziguinchor,Ziguinchor,Ziguinchor,755,393,2024-08-04,83,65,571,18,184,350,45,1.98,Grippe,32,5,79.81,18.93,modéré,32.6,88.9,3237.3,False,0.48,0.72,0.12,49.1,46.8
14,Centre Hospitalier Régional de Ziguinchor,Ziguinchor,Ziguinchor,755,393,2024-08-05,77,26,631,17,124,355,21,2.29,Grippe,71,9,56.91,21.92,modéré,35.7,43.1,1196.7,False,0.33,0.35,0.01,24.6,55.4
14,Centre Hospitalier Régional de Ziguinchor,Ziguinchor,Ziguinchor,755,393,2024-08-06,79,77,402,21,353,373,12,1.67,Dengue,88,1,71.3,28.86,élevé,33.2,55.4,1543.5,True,0.59,0.83,0.03,166.4,42.6
14,Centre Hospitalier Régional de Ziguinchor,Ziguinchor,Ziguinchor,755,393,2024-08-07,90,46,412,24,343,380,9,3.74,Choléra,46,4,92.21,10.13,modéré,32.1,87.6,3711.3,False,0.52,0.59,0.11,63.1,23.6
14,Centre Hospitalier Régional de Ziguinchor,Ziguinchor,Ziguinchor,755,393,2024-08-08,47,73,159,15,596,376,5,2.73,Covid-19,22,4,62.83,26.01,faible,37.8,84.4,2595.4,False,0.7,0.37,0.02,85.1,20.3
14,Centre Hospitalier Régional de Ziguinchor,Ziguinchor,Ziguinchor,755,393,2024-08-09,40,18,750,0,5,385,6,0.36,Grippe,23,7,31.43,6.56,faible,28.8,61.9,4886.3,False,0.73,0.56,0.1,42.4,16.0
14,Centre Hospitalier Régional de Ziguinchor,Ziguinchor,Ziguinchor,755,393,2024-08-10,37,5,673,16,82,360,43,2.76,Paludisme,81,3,57.9,21.96,élevé,27.4,48.6,496.8,True,0.82,0.73,0.06,149.2,56.7
14,Centre Hospitalier Régional de Ziguinchor,Ziguinchor,Ziguinchor,755,393,2024-08-11,31,32,360,10,395,349,60,3.55,Dengue,63,4,69.69,21.12,modéré,38.0,47.2,4454.2,False,0.56,0.31,0.04,121.9,12.4
14,Centre Hospitalier Régional de Ziguinchor,Ziguinchor,Ziguinchor,755,393,2024-08-12,96,45,357,17,398,346,27,1.25,Grippe,25,8,32.57,21.06,faible,36.4,83.9,2210.0,False,0.79,0.66,0.08,158.7,39.6
14,Centre Hospitalier Régional de Ziguinchor,Ziguinchor,Ziguinchor,755,393,2024-08-13,19,71,256,9,499,368,52,3.3,Choléra,38,3,68.08,14.7,modéré,26.8,80.5,2942.5,False,0.7,0.81,0.03,88.7,51.7
14,Centre Hospitalier Régional de Ziguinchor,Ziguinchor,Ziguinchor,755,393,2024-08-14,90,48,169,25,586,368,55,1.19,Choléra,56,5,68.07,24.17,modéré,35.2,55.7,2644.6,False,0.6,0.68,0.14,142.1,8.9
14,Centre Hospitalier Régional de Ziguinchor,Ziguinchor,Ziguinchor,755,393,2024-08-15,83,32,563,14,192,377,41,0.49,Choléra,39,5,91.67,27.66,modéré,38.7,85.8,2297.7,False,0.67,0.65,0.08,25.8,54.1
14,Centre Hospitalier Régional de Ziguinchor,Ziguinchor,Ziguinchor,755,393,2024-08-16,27,87,666,11,89,347,12,3.91,Choléra,70,3,55.19,10.91,modéré,24.8,89.4,3502.8,False,0.77,0.4,0.06,113.9,24.6
14,Centre Hospitalier Régional de Ziguinchor,Ziguinchor,Ziguinchor,755,393,2024-08-17,61,20,492,20,263,373,18,1.02,Dengue,74,4,70.53,19.98,modéré,26.5,44.2,1841.0,False,0.9,0.56,0.12,108.2,38.9
14,Centre Hospitalier Régional de Ziguinchor,Ziguinchor,Ziguinchor,755,393,2024-08-18,94,16,101,25,654,344,57,2.08,Choléra,34,2,33.39,18.91,modéré,24.8,59.1,3163.4,False,0.83,0.48,0.0,146.3,24.9
14,Centre Hospitalier Régional de Ziguinchor,Ziguinchor,Ziguinchor,755,393,2024-08-19,32,7,110,23,645,391,30,3.8,Covid-19,32,4,59.83,21.33,modéré,25.4,58.0,3791.4,False,0.35,0.65,0.03,109.0,37.3
14,Centre Hospitalier Régional de Ziguinchor,Ziguinchor,Ziguinchor,755,393,2024-08-20,50,56,315,3,440,347,29,2.29,Grippe,50,10,60.4,24.8,modéré,33.6,74.3,2197.5,False,0.53,0.55,0.16,57.8,45.1
14,Centre Hospitalier Régional de Ziguinchor,Ziguinchor,Ziguinchor,755,393,2024-08-21,57,51,586,4,169,343,12,1.94,Grippe,51,10,66.63,20.39,modéré,32.2,57.1,1865.2,False,0.5,0.67,0.01,43.2,12.2
14,Centre Hospitalier Régional de Ziguinchor,Ziguinchor,Ziguinchor,755,393,2024-08-22,10,50,263,9,492,364,32,3.49,Choléra,99,4,35.62,21.96,élevé,28.7,53.1,2400.0,True,0.6,0.52,0.03,170.5,51.3
14,Centre Hospitalier Régional de Ziguinchor,Ziguinchor,Ziguinchor,755,393,2024-08-23,60,22,742,8,13,354,31,3.53,Grippe,30,3,75.68,15.15,modéré,26.6,53.0,3395.6,False,0.46,0.37,0.04,91.1,59.6
14,Centre Hospitalier Régional de Ziguinchor,Ziguinchor,Ziguinchor,755,393,2024-08-24,80,30,397,22,358,369,0,1.04,Paludisme,29,2,79.55,3.31,faible,28.4,71.7,2348.0,False,0.98,0.76,0.12,118.1,5.9
14,Centre Hospitalier Régional de Ziguinchor,Ziguinchor,Ziguinchor,755,393,2024-08-25,88,19,428,19,327,387,22,0.87,Grippe,99,4,72.73,20.82,élevé,27.6,63.4,3108.4,True,0.28,0.65,0.1,69.7,7.2
14,Centre Hospitalier Régional de Ziguinchor,Ziguinchor,Ziguinchor,755,393,2024-08-26,91,29,652,20,103,370,40,1.4,Choléra,8,6,86.02,2.78,faible,35.8,80.2,4409.3,False,0.48,0.45,0.13,28.6,29.2
14,Centre Hospitalier Régional de Ziguinchor,Ziguinchor,Ziguinchor,755,393,2024-08-27,49,27,177,12,578,343,33,1.44,Dengue,98,6,88.16,19.77,élevé,27.0,82.9,1475.2,True,0.65,0.71,0.14,18.7,31.2
14,Centre Hospitalier Régional de Ziguinchor,Ziguinchor,Ziguinchor,755,393,2024-08-28,46,72,329,18,426,391,28,2.42,Covid-19,119,6,41.69,18.78,élevé,33.6,63.3,2916.1,True,0.57,0.97,0.04,40.9,30.8
14,Centre Hospitalier Régional de Ziguinchor,Ziguinchor,Ziguinchor,755,393,2024-08-29,64,75,356,2,399,365,22,2.74,Paludisme,107,2,50.2,5.46,élevé,27.5,68.2,861.5,True,0.4,0.37,0.02,89.6,57.5
14,Centre Hospitalier Régional de Ziguinchor,Ziguinchor,Ziguinchor,755,393,2024-08-30,23,37,317,14,438,371,44,3.56,Grippe,43,6,79.58,28.08,modéré,38.9,51.1,3969.1,False,0.97,0.7,0.06,119.4,38.1
14,Centre Hospitalier Régional de Ziguinchor,Ziguinchor,Ziguinchor,755,393,2024-08-31,37,28,387,11,368,368,38,2.16,Dengue,62,10,53.07,5.18,modéré,23.7,68.6,3128.2,False,0.67,0.31,0.17,172.0,57.3
14,Centre Hospitalier Régional de Ziguinchor,Ziguinchor,Ziguinchor,755,393,2024-09-01,86,49,350,24,405,367,42,2.93,Covid-19,63,10,86.91,13.86,modéré,25.2,67.4,3776.9,False,0.9,0.69,0.16,148.7,22.9
14,Centre Hospitalier Régional de Ziguinchor,Ziguinchor,Ziguinchor,755,393,2024-09-02,33,39,209,25,546,383,20,2.17,Grippe,6,1,38.6,2.72,faible,29.7,46.2,4409.3,False,0.62,0.41,0.15,83.2,23.2
14,Centre Hospitalier Régional de Ziguinchor,Ziguinchor,Ziguinchor,755,393,2024-09-03,52,75,561,1,194,351,40,1.6,Covid-19,97,6,63.37,24.92,élevé,34.2,63.3,3956.1,True,0.35,0.41,0.16,17.8,36.8
14,Centre Hospitalier Régional de Ziguinchor,Ziguinchor,Ziguinchor,755,393,2024-09-04,71,29,351,14,404,369,37,3.38,Covid-19,106,1,41.85,28.69,élevé,23.0,57.8,4519.6,True,0.98,0.77,0.1,146.9,21.5
14,Centre Hospitalier Régional de Ziguinchor,Ziguinchor,Ziguinchor,755,393,2024-09-05,32,14,577,8,178,380,21,1.09,Paludisme,35,0,61.95,22.34,modéré,27.0,51.5,4739.7,False,0.66,0.65,0.04,167.6,4.9
14,Centre Hospitalier Régional de Ziguinchor,Ziguinchor,Ziguinchor,755,393,2024-09-06,34,8,311,16,444,390,28,1.79,Choléra,61,5,58.63,13.68,modéré,36.6,54.1,4719.6,False,0.48,0.37,0.02,106.1,41.4
14,Centre Hospitalier Régional de Ziguinchor,Ziguinchor,Ziguinchor,755,393,2024-09-07,88,34,699,11,56,350,56,3.62,Paludisme,24,6,89.02,2.44,faible,25.8,43.8,2692.8,False,0.9,0.45,0.15,91.9,49.1
14,Centre Hospitalier Régional de Ziguinchor,Ziguinchor,Ziguinchor,755,393,2024-09-08,71,43,342,6,413,364,16,0.17,Dengue,89,2,86.4,2.12,élevé,26.6,67.2,473.6,True,0.51,0.4,0.12,154.0,29.3
14,Centre Hospitalier Régional de Ziguinchor,Ziguinchor,Ziguinchor,755,393,2024-09-09,11,9,442,18,313,388,28,2.59,Paludisme,66,9,49.54,5.73,modéré,38.5,61.9,2632.3,False,0.8,0.43,0.05,81.9,38.6
14,Centre Hospitalier Régional de Ziguinchor,Ziguinchor,Ziguinchor,755,393,2024-09-10,10,67,242,19,513,354,2,0.11,Paludisme,13,10,80.1,20.23,faible,36.9,73.0,2933.7,False,0.91,0.3,0.05,122.9,39.6
14,Centre Hospitalier Régional de Ziguinchor,Ziguinchor,Ziguinchor,755,393,2024-09-11,44,37,442,23,313,351,53,3.38,Covid-19,22,5,35.26,26.51,faible,37.0,76.1,1172.5,False,0.52,0.53,0.07,102.2,23.0
14,Centre Hospitalier Régional de Ziguinchor,Ziguinchor,Ziguinchor,755,393,2024-09-12,45,74,436,10,319,358,48,0.36,Choléra,88,6,70.86,11.3,élevé,32.3,49.8,2823.4,True,0.98,0.33,0.09,176.0,11.8
14,Centre Hospitalier Régional de Ziguinchor,Ziguinchor,Ziguinchor,755,393,2024-09-13,18,48,490,12,265,374,20,1.03,Paludisme,31,10,70.48,27.08,modéré,38.8,48.5,428.4,False,0.67,0.82,0.14,94.7,55.6
14,Centre Hospitalier Régional de Ziguinchor,Ziguinchor,Ziguinchor,755,393,2024-09-14,45,17,386,22,369,367,45,3.11,Choléra,50,10,82.91,28.08,modéré,34.8,77.0,778.5,False,0.69,0.73,0.07,13.1,41.2
14,Centre Hospitalier Régional de Ziguinchor,Ziguinchor,Ziguinchor,755,393,2024-09-15,39,44,544,22,211,375,25,2.14,Paludisme,67,10,76.5,6.36,modéré,32.7,75.9,1147.1,False,0.7,0.49,0.03,11.5,52.6
14,Centre Hospitalier Régional de Ziguinchor,Ziguinchor,Ziguinchor,755,393,2024-09-16,15,39,58,23,697,380,43,1.12,Paludisme,53,9,53.13,16.51,modéré,36.6,72.5,1431.7,False,0.85,0.55,0.05,34.9,59.7
14,Centre Hospitalier Régional de Ziguinchor,Ziguinchor,Ziguinchor,755,393,2024-09-17,36,11,574,5,181,349,14,3.61,Choléra,54,0,61.81,20.74,modéré,38.3,70.2,3223.8,False,0.53,0.71,0.13,29.7,19.9
14,Centre Hospitalier Régional de Ziguinchor,Ziguinchor,Ziguinchor,755,393,2024-09-18,38,11,156,13,599,358,34,1.03,Paludisme,61,6,62.08,15.19,modéré,32.8,46.5,3994.0,False,0.78,0.43,0.13,17.1,29.0
14,Centre Hospitalier Régional de Ziguinchor,Ziguinchor,Ziguinchor,755,393,2024-09-19,78,71,169,9,586,381,15,2.44,Dengue,98,4,87.73,28.01,élevé,28.7,66.7,3038.3,True,0.26,0.44,0.12,94.4,14.0
14,Centre Hospitalier Régional de Ziguinchor,Ziguinchor,Ziguinchor,755,393,2024-09-20,43,68,161,0,594,346,0,0.68,Covid-19,116,0,47.37,19.89,élevé,29.2,52.9,2493.8,True,0.51,0.75,0.15,173.7,51.1
14,Centre Hospitalier Régional de Ziguinchor,Ziguinchor,Ziguinchor,755,393,2024-09-21,82,57,480,10,275,389,25,3.71,Choléra,50,6,82.87,18.17,modéré,30.6,48.8,1854.2,False,0.29,0.44,0.06,18.8,8.7
14,Centre Hospitalier Régional de Ziguinchor,Ziguinchor,Ziguinchor,755,393,2024-09-22,70,62,356,4,399,378,21,3.91,Choléra,59,0,51.03,21.3,modéré,34.1,47.7,4310.9,False,0.77,0.62,0.18,163.0,10.6
14,Centre Hospitalier Régional de Ziguinchor,Ziguinchor,Ziguinchor,755,393,2024-09-23,87,7,203,15,552,379,33,0.76,Choléra,47,0,39.4,6.71,modéré,22.3,71.9,1680.0,False,0.58,0.83,0.12,89.4,30.8
14,Centre Hospitalier Régional de Ziguinchor,Ziguinchor,Ziguinchor,755,393,2024-09-24,25,48,209,20,546,361,46,3.56,Dengue,107,6,55.96,23.9,élevé,35.2,66.6,4282.5,True,0.81,0.82,0.05,175.1,41.0
14,Centre Hospitalier Régional de Ziguinchor,Ziguinchor,Ziguinchor,755,393,2024-09-25,59,45,599,0,156,346,42,3.46,Choléra,112,4,79.25,15.34,élevé,35.3,59.7,957.3,True,0.38,0.54,0.13,174.5,44.0
14,Centre Hospitalier Régional de Ziguinchor,Ziguinchor,Ziguinchor,755,393,2024-09-26,41,57,336,6,419,343,32,3.63,Covid-19,22,10,76.74,7.9,faible,27.7,55.7,3408.1,False,0.65,0.77,0.04,110.2,44.5
14,Centre Hospitalier Régional de Ziguinchor,Ziguinchor,Ziguinchor,755,393,2024-09-27,95,8,609,20,146,348,40,0.48,Grippe,28,8,94.23,27.48,faible,25.2,76.8,3475.5,False,0.63,0.92,0.12,130.6,58.9
14,Centre Hospitalier Régional de Ziguinchor,Ziguinchor,Ziguinchor,755,393,2024-09-28,40,47,371,22,384,345,19,0.8,Paludisme,86,7,48.28,8.55,élevé,32.6,53.2,3510.4,True,0.82,0.36,0.16,160.5,8.3
14,Centre Hospitalier Régional de Ziguinchor,Ziguinchor,Ziguinchor,755,393,2024-09-29,42,30,255,4,500,373,50,2.39,Choléra,34,2,73.53,9.04,modéré,34.3,75.2,4974.8,False,0.68,0.45,0.1,37.9,49.7
14,Centre Hospitalier Régional de Ziguinchor,Ziguinchor,Ziguinchor,755,393,2024-09-30,50,41,643,7,112,343,29,0.71,Dengue,89,9,65.13,3.45,élevé,33.1,84.8,2365.3,True,0.64,0.8,0.1,22.6,40.8
14,Centre Hospitalier Régional de Ziguinchor,Ziguinchor,Ziguinchor,755,393,2024-10-01,48,19,505,2,250,366,16,1.47,Covid-19,76,3,63.05,8.82,modéré,33.4,56.7,2152.8,False,0.64,0.95,0.06,151.3,6.7
14,Centre Hospitalier Régional de Ziguinchor,Ziguinchor,Ziguinchor,755,393,2024-10-02,44,35,471,10,284,364,53,2.05,Covid-19,23,9,51.42,10.34,faible,37.1,58.8,2490.8,False,0.51,0.37,0.16,97.2,19.6
14,Centre Hospitalier Régional de Ziguinchor,Ziguinchor,Ziguinchor,755,393,2024-10-03,72,24,300,23,455,378,56,0.3,Dengue,50,10,78.94,3.46,modéré,31.4,55.3,4781.3,False,0.65,0.5,0.05,70.9,40.1
14,Centre Hospitalier Régional de Ziguinchor,Ziguinchor,Ziguinchor,755,393,2024-10-04,67,80,319,8,436,370,41,1.43,Dengue,14,4,34.54,15.54,faible,38.3,68.6,2701.2,False,0.36,0.75,0.05,134.7,30.5
14,Centre Hospitalier Régional de Ziguinchor,Ziguinchor,Ziguinchor,755,393,2024-10-05,54,64,431,4,324,353,55,2.64,Grippe,20,10,30.11,10.26,faible,33.3,46.6,2001.1,False,0.26,0.37,0.03,26.5,53.4
14,Centre Hospitalier Régional de Ziguinchor,Ziguinchor,Ziguinchor,755,393,2024-10-06,14,73,355,21,400,384,33,0.75,Dengue,78,6,69.99,21.55,modéré,32.0,83.5,572.2,False,0.56,0.5,0.14,58.6,23.7
14,Centre Hospitalier Régional de Ziguinchor,Ziguinchor,Ziguinchor,755,393,2024-10-07,41,6,409,16,346,345,31,2.39,Choléra,5,2,68.38,1.39,faible,27.5,51.2,2132.3,False,0.74,0.5,0.13,62.7,4.0
14,Centre Hospitalier Régional de Ziguinchor,Ziguinchor,Ziguinchor,755,393,2024-10-08,48,38,54,6,701,385,7,2.28,Covid-19,45,0,58.99,12.54,modéré,22.5,65.8,2336.2,False,0.51,0.35,0.03,47.2,26.3
14,Centre Hospitalier Régional de Ziguinchor,Ziguinchor,Ziguinchor,755,393,2024-10-09,42,22,304,13,451,352,56,0.49,Covid-19,54,5,34.48,6.52,modéré,25.3,45.7,4544.1,False,0.53,0.59,0.03,46.3,60.0
14,Centre Hospitalier Régional de Ziguinchor,Ziguinchor,Ziguinchor,755,393,2024-10-10,85,18,327,1,428,364,41,2.78,Covid-19,103,6,72.07,25.33,élevé,34.0,87.4,4017.0,True,0.24,0.77,0.03,146.1,43.4
14,Centre Hospitalier Régional de Ziguinchor,Ziguinchor,Ziguinchor,755,393,2024-10-11,83,33,673,24,82,372,47,0.37,Choléra,28,10,45.1,4.15,faible,22.7,49.9,4537.2,False,0.75,0.38,0.06,8.1,17.9
14,Centre Hospitalier Régional de Ziguinchor,Ziguinchor,Ziguinchor,755,393,2024-10-12,53,80,146,9,609,385,46,3.47,Grippe,45,5,72.49,23.84,modéré,26.8,87.9,2250.4,False,0.67,0.32,0.07,129.7,13.4
14,Centre Hospitalier Régional de Ziguinchor,Ziguinchor,Ziguinchor,755,393,2024-10-13,42,17,206,10,549,368,43,0.46,Grippe,93,6,31.11,5.66,élevé,27.2,42.7,1967.4,True,0.47,0.39,0.07,83.4,47.3
14,Centre Hospitalier Régional de Ziguinchor,Ziguinchor,Ziguinchor,755,393,2024-10-14,47,72,582,14,173,374,46,3.33,Grippe,59,5,65.88,15.59,modéré,36.8,56.7,3359.2,False,0.71,0.38,0.06,59.6,38.6
14,Centre Hospitalier Régional de Ziguinchor,Ziguinchor,Ziguinchor,755,393,2024-10-15,52,15,728,21,27,390,55,3.63,Paludisme,116,8,49.87,6.52,élevé,27.5,88.2,2088.4,True,0.89,0.98,0.18,104.9,13.6
14,Centre Hospitalier Régional de Ziguinchor,Ziguinchor,Ziguinchor,755,393,2024-10-16,85,42,123,7,632,347,37,3.75,Dengue,38,10,63.95,17.44,modéré,30.9,48.3,836.9,False,0.51,0.97,0.02,101.9,21.4
14,Centre Hospitalier Régional de Ziguinchor,Ziguinchor,Ziguinchor,755,393,2024-10-17,97,49,155,24,600,374,12,0.99,Dengue,116,9,33.11,29.76,élevé,33.2,70.2,1011.0,True,0.87,0.72,0.06,7.3,29.9
14,Centre Hospitalier Régional de Ziguinchor,Ziguinchor,Ziguinchor,755,393,2024-10-18,45,88,209,11,546,391,10,2.43,Covid-19,73,6,34.84,15.42,modéré,27.4,41.0,3081.3,False,0.4,0.85,0.1,17.0,24.1
14,Centre Hospitalier Régional de Ziguinchor,Ziguinchor,Ziguinchor,755,393,2024-10-19,50,87,419,17,336,380,32,1.87,Paludisme,24,0,54.64,13.25,faible,29.8,82.2,4411.9,False,0.38,0.96,0.06,48.7,20.5
14,Centre Hospitalier Régional de Ziguinchor,Ziguinchor,Ziguinchor,755,393,2024-10-20,24,86,466,16,289,370,56,1.92,Covid-19,52,5,30.78,7.79,modéré,31.6,86.7,1838.6,False,0.82,0.75,0.12,112.6,56.5
14,Centre Hospitalier Régional de Ziguinchor,Ziguinchor,Ziguinchor,755,393,2024-10-21,61,14,22,7,733,364,16,0.45,Paludisme,57,4,54.92,13.86,modéré,33.1,87.9,3018.9,False,0.72,0.88,0.07,165.0,29.5
14,Centre Hospitalier Régional de Ziguinchor,Ziguinchor,Ziguinchor,755,393,2024-10-22,43,32,96,14,659,386,44,1.9,Covid-19,86,4,52.84,27.25,élevé,29.4,82.3,1420.1,True,0.76,0.7,0.11,39.7,39.8
14,Centre Hospitalier Régional de Ziguinchor,Ziguinchor,Ziguinchor,755,393,2024-10-23,55,85,447,19,308,357,8,1.34,Covid-19,115,2,44.3,28.44,élevé,29.4,67.3,4815.2,True,0.82,0.39,0.02,165.1,30.0
14,Centre Hospitalier Régional de Ziguinchor,Ziguinchor,Ziguinchor,755,393,2024-10-24,49,61,629,13,126,384,5,0.3,Grippe,36,10,56.98,21.39,modéré,22.2,57.5,1823.1,False,0.97,0.68,0.05,137.8,31.7
14,Centre Hospitalier Régional de Ziguinchor,Ziguinchor,Ziguinchor,755,393,2024-10-25,98,23,224,20,531,360,18,1.67,Covid-19,27,10,48.76,7.91,faible,34.5,86.6,1614.5,False,0.74,0.77,0.04,147.1,9.9
14,Centre Hospitalier Régional de Ziguinchor,Ziguinchor,Ziguinchor,755,393,2024-10-26,68,57,491,2,264,384,30,2.56,Dengue,12,2,57.31,23.91,faible,24.5,68.1,2594.8,False,0.66,0.92,0.05,27.7,3.7
14,Centre Hospitalier Régional de Ziguinchor,Ziguinchor,Ziguinchor,755,393,2024-10-27,80,21,627,5,128,377,7,3.74,Grippe,42,10,46.6,24.26,modéré,38.2,72.0,3672.2,False,0.63,0.88,0.06,179.1,27.8
14,Centre Hospitalier Régional de Ziguinchor,Ziguinchor,Ziguinchor,755,393,2024-10-28,75,22,44,5,711,390,42,1.05,Covid-19,33,1,31.37,9.62,modéré,36.8,67.3,3490.0,False,0.83,0.7,0.02,42.9,41.6
14,Centre Hospitalier Régional de Ziguinchor,Ziguinchor,Ziguinchor,755,393,2024-10-29,40,30,497,16,258,374,44,0.9,Grippe,35,5,43.38,3.83,modéré,38.4,80.8,2256.0,False,0.42,0.56,0.16,78.8,27.7
14,Centre Hospitalier Régional de Ziguinchor,Ziguinchor,Ziguinchor,755,393,2024-10-30,77,76,633,12,122,354,25,1.9,Grippe,64,8,75.02,6.3,modéré,28.0,77.9,125.9,False,0.51,0.74,0.18,69.1,15.8
14,Centre Hospitalier Régional de Ziguinchor,Ziguinchor,Ziguinchor,755,393,2024-10-31,93,25,150,20,605,381,29,2.19,Covid-19,52,9,94.72,23.76,modéré,28.5,43.4,4845.9,False,0.98,0.63,0.0,126.8,4.7
14,Centre Hospitalier Régional de Ziguinchor,Ziguinchor,Ziguinchor,755,393,2024-11-01,100,8,553,22,202,387,34,2.18,Dengue,65,9,48.33,28.09,modéré,37.4,46.7,1571.8,False,0.7,0.37,0.17,38.6,13.7
14,Centre Hospitalier Régional de Ziguinchor,Ziguinchor,Ziguinchor,755,393,2024-11-02,40,30,422,12,333,359,40,3.19,Covid-19,8,2,58.38,24.62,faible,26.5,78.2,2420.5,False,0.88,0.87,0.09,69.5,40.0
14,Centre Hospitalier Régional de Ziguinchor,Ziguinchor,Ziguinchor,755,393,2024-11-03,81,75,672,1,83,362,23,0.93,Paludisme,49,3,31.63,14.98,modéré,31.7,64.5,205.5,False,0.58,0.44,0.1,66.7,13.6
14,Centre Hospitalier Régional de Ziguinchor,Ziguinchor,Ziguinchor,755,393,2024-11-04,41,53,126,16,629,367,26,1.0,Paludisme,87,0,76.67,24.09,élevé,27.4,66.0,510.6,True,0.29,0.82,0.1,28.8,47.7
14,Centre Hospitalier Régional de Ziguinchor,Ziguinchor,Ziguinchor,755,393,2024-11-05,21,55,206,1,549,369,42,0.96,Covid-19,64,4,34.61,1.15,modéré,24.9,48.6,4359.8,False,0.83,0.84,0.1,114.8,5.9
14,Centre Hospitalier Régional de Ziguinchor,Ziguinchor,Ziguinchor,755,393,2024-11-06,89,42,190,23,565,381,32,3.99,Choléra,6,9,84.24,14.72,faible,23.4,50.5,3124.0,False,0.23,0.36,0.19,125.2,23.8
14,Centre Hospitalier Régional de Ziguinchor,Ziguinchor,Ziguinchor,755,393,2024-11-07,59,14,452,0,303,387,35,1.4,Choléra,28,1,34.53,1.52,faible,32.9,51.1,704.3,False,0.47,0.53,0.13,155.2,41.9
14,Centre Hospitalier Régional de Ziguinchor,Ziguinchor,Ziguinchor,755,393,2024-11-08,55,83,284,5,471,382,26,1.01,Choléra,117,0,49.95,16.38,élevé,36.6,79.9,4527.4,True,0.4,0.9,0.17,172.7,25.5
14,Centre Hospitalier Régional de Ziguinchor,Ziguinchor,Ziguinchor,755,393,2024-11-09,39,52,149,3,606,378,28,3.74,Covid-19,2,1,31.11,12.42,faible,25.8,53.9,1860.6,False,0.92,0.42,0.03,140.8,54.9
14,Centre Hospitalier Régional de Ziguinchor,Ziguinchor,Ziguinchor,755,393,2024-11-10,90,23,308,0,447,357,37,0.2,Paludisme,63,10,35.96,3.72,modéré,38.5,40.2,4424.0,False,0.96,0.85,0.2,130.4,25.4
14,Centre Hospitalier Régional de Ziguinchor,Ziguinchor,Ziguinchor,755,393,2024-11-11,57,79,537,19,218,372,35,3.96,Dengue,103,9,88.34,26.56,élevé,38.4,85.8,577.4,True,0.69,0.52,0.17,176.4,48.1
14,Centre Hospitalier Régional de Ziguinchor,Ziguinchor,Ziguinchor,755,393,2024-11-12,44,22,332,6,423,345,56,0.44,Choléra,34,0,32.35,3.27,modéré,32.3,55.3,4627.4,False,0.51,0.95,0.05,71.1,5.4
14,Centre Hospitalier Régional de Ziguinchor,Ziguinchor,Ziguinchor,755,393,2024-11-13,72,37,689,4,66,347,7,1.53,Choléra,83,3,60.22,27.95,élevé,35.8,74.7,4200.2,True,0.38,0.91,0.18,102.9,23.5
14,Centre Hospitalier Régional de Ziguinchor,Ziguinchor,Ziguinchor,755,393,2024-11-14,43,7,339,6,416,349,1,1.27,Paludisme,93,10,71.6,15.62,élevé,23.4,49.7,1646.5,True,0.41,0.71,0.15,147.0,39.5
14,Centre Hospitalier Régional de Ziguinchor,Ziguinchor,Ziguinchor,755,393,2024-11-15,13,22,582,18,173,357,59,1.73,Choléra,12,7,57.72,1.85,faible,37.6,54.2,4707.1,False,0.49,0.85,0.18,47.5,40.3
14,Centre Hospitalier Régional de Ziguinchor,Ziguinchor,Ziguinchor,755,393,2024-11-16,70,14,707,17,48,387,26,1.02,Choléra,65,1,60.01,3.84,modéré,27.3,71.6,2158.4,False,0.36,0.64,0.14,109.1,59.0
14,Centre Hospitalier Régional de Ziguinchor,Ziguinchor,Ziguinchor,755,393,2024-11-17,24,47,483,13,272,375,10,2.03,Grippe,75,5,87.82,7.19,modéré,26.9,83.4,3128.1,False,0.89,0.47,0.08,59.3,9.8
14,Centre Hospitalier Régional de Ziguinchor,Ziguinchor,Ziguinchor,755,393,2024-11-18,43,64,636,2,119,362,12,0.57,Grippe,88,4,75.87,12.49,élevé,34.4,75.3,3154.9,True,0.59,0.49,0.11,97.5,15.1
14,Centre Hospitalier Régional de Ziguinchor,Ziguinchor,Ziguinchor,755,393,2024-11-19,71,55,277,22,478,389,22,3.98,Covid-19,103,3,72.66,23.45,élevé,38.9,52.0,4774.4,True,0.87,0.83,0.08,139.8,50.0
14,Centre Hospitalier Régional de Ziguinchor,Ziguinchor,Ziguinchor,755,393,2024-11-20,32,78,464,21,291,374,20,2.18,Paludisme,49,10,47.62,22.52,modéré,22.5,84.4,4187.9,False,0.41,0.83,0.15,166.5,11.6
14,Centre Hospitalier Régional de Ziguinchor,Ziguinchor,Ziguinchor,755,393,2024-11-21,48,63,167,22,588,387,12,2.42,Choléra,71,5,92.78,2.34,modéré,37.4,86.9,4898.7,False,0.33,0.36,0.01,165.7,58.5
14,Centre Hospitalier Régional de Ziguinchor,Ziguinchor,Ziguinchor,755,393,2024-11-22,61,77,421,2,334,386,44,1.53,Covid-19,58,5,92.15,11.51,modéré,37.2,58.7,2638.9,False,0.95,0.65,0.11,40.6,54.6
14,Centre Hospitalier Régional de Ziguinchor,Ziguinchor,Ziguinchor,755,393,2024-11-23,84,17,575,16,180,380,51,0.51,Grippe,72,9,39.34,24.57,modéré,30.3,65.7,530.4,False,0.46,0.7,0.04,18.8,22.2
14,Centre Hospitalier Régional de Ziguinchor,Ziguinchor,Ziguinchor,755,393,2024-11-24,18,85,281,13,474,351,19,0.36,Choléra,102,10,78.69,13.14,élevé,25.3,46.5,3704.4,True,0.56,0.36,0.18,110.5,9.7
14,Centre Hospitalier Régional de Ziguinchor,Ziguinchor,Ziguinchor,755,393,2024-11-25,61,43,421,15,334,347,17,2.08,Paludisme,120,6,73.56,19.18,élevé,22.8,74.3,106.6,True,0.63,0.72,0.19,117.6,19.7
14,Centre Hospitalier Régional de Ziguinchor,Ziguinchor,Ziguinchor,755,393,2024-11-26,55,33,206,7,549,343,19,2.94,Covid-19,107,8,59.73,21.9,élevé,28.0,54.6,3954.1,True,0.52,0.35,0.17,145.6,52.6
14,Centre Hospitalier Régional de Ziguinchor,Ziguinchor,Ziguinchor,755,393,2024-11-27,79,24,515,21,240,361,59,3.9,Dengue,46,2,94.98,11.82,modéré,26.7,67.9,795.1,False,0.52,0.62,0.08,48.6,13.4
14,Centre Hospitalier Régional de Ziguinchor,Ziguinchor,Ziguinchor,755,393,2024-11-28,44,17,427,24,328,386,5,0.69,Covid-19,63,6,81.35,16.19,modéré,34.9,40.6,652.2,False,0.95,0.69,0.1,15.8,46.7
14,Centre Hospitalier Régional de Ziguinchor,Ziguinchor,Ziguinchor,755,393,2024-11-29,34,42,104,12,651,383,50,1.72,Paludisme,108,2,60.08,15.29,élevé,35.9,60.0,2500.3,True,0.97,0.7,0.01,142.1,53.8
14,Centre Hospitalier Régional de Ziguinchor,Ziguinchor,Ziguinchor,755,393,2024-11-30,56,48,288,8,467,346,49,0.31,Grippe,1,10,60.79,14.79,faible,27.3,67.4,4828.0,False,0.34,0.9,0.08,56.7,57.7
14,Centre Hospitalier Régional de Ziguinchor,Ziguinchor,Ziguinchor,755,393,2024-12-01,65,82,152,18,603,390,28,1.75,Choléra,54,2,87.26,12.04,modéré,35.0,85.4,1946.5,False,0.82,0.49,0.16,150.3,38.8
14,Centre Hospitalier Régional de Ziguinchor,Ziguinchor,Ziguinchor,755,393,2024-12-02,49,24,520,10,235,350,32,2.87,Paludisme,115,9,87.59,20.02,élevé,25.5,88.4,1861.2,True,0.84,0.51,0.02,104.3,8.0
14,Centre Hospitalier Régional de Ziguinchor,Ziguinchor,Ziguinchor,755,393,2024-12-03,49,15,530,17,225,352,32,0.67,Dengue,118,8,74.55,3.89,élevé,34.4,49.3,2281.1,True,0.72,0.71,0.12,26.5,36.3
14,Centre Hospitalier Régional de Ziguinchor,Ziguinchor,Ziguinchor,755,393,2024-12-04,95,34,264,19,491,373,10,2.32,Grippe,48,7,78.32,27.82,modéré,36.5,50.3,4236.1,False,0.63,0.89,0.18,163.6,27.9
14,Centre Hospitalier Régional de Ziguinchor,Ziguinchor,Ziguinchor,755,393,2024-12-05,63,11,67,17,688,386,57,1.58,Paludisme,81,10,91.11,4.69,élevé,33.9,87.0,2895.8,True,0.35,0.9,0.03,161.7,15.4
14,Centre Hospitalier Régional de Ziguinchor,Ziguinchor,Ziguinchor,755,393,2024-12-06,89,59,327,4,428,371,47,0.17,Choléra,43,8,46.5,29.78,modéré,33.7,58.4,1347.4,False,0.77,0.78,0.1,29.3,17.7
14,Centre Hospitalier Régional de Ziguinchor,Ziguinchor,Ziguinchor,755,393,2024-12-07,67,25,580,20,175,358,51,0.18,Dengue,9,3,44.45,21.85,faible,32.9,50.5,4658.5,False,0.67,0.55,0.11,10.8,28.9
14,Centre Hospitalier Régional de Ziguinchor,Ziguinchor,Ziguinchor,755,393,2024-12-08,74,40,552,24,203,387,13,3.84,Paludisme,12,7,89.35,18.73,faible,35.9,73.6,1447.0,False,0.78,0.36,0.05,178.2,42.1
14,Centre Hospitalier Régional de Ziguinchor,Ziguinchor,Ziguinchor,755,393,2024-12-09,98,82,697,7,58,374,33,3.01,Dengue,31,5,75.83,5.98,modéré,26.4,42.9,2629.4,False,0.92,0.57,0.15,125.0,18.1
14,Centre Hospitalier Régional de Ziguinchor,Ziguinchor,Ziguinchor,755,393,2024-12-10,47,60,503,24,252,371,40,0.66,Paludisme,118,4,90.62,24.68,élevé,29.5,41.0,1785.6,True,0.69,0.69,0.2,122.2,12.2
14,Centre Hospitalier Régional de Ziguinchor,Ziguinchor,Ziguinchor,755,393,2024-12-11,32,46,302,7,453,350,48,0.81,Grippe,116,6,93.58,3.63,élevé,27.4,62.4,4381.1,True,0.23,0.84,0.19,40.6,6.4
14,Centre Hospitalier Régional de Ziguinchor,Ziguinchor,Ziguinchor,755,393,2024-12-12,65,77,286,15,469,380,58,1.81,Dengue,70,3,85.08,27.94,modéré,37.5,53.1,3498.2,False,0.28,0.35,0.06,155.0,51.6
14,Centre Hospitalier Régional de Ziguinchor,Ziguinchor,Ziguinchor,755,393,2024-12-13,80,45,228,22,527,393,9,2.45,Choléra,107,3,64.36,8.26,élevé,31.7,48.4,3089.6,True,0.74,0.41,0.14,14.1,50.5
14,Centre Hospitalier Régional de Ziguinchor,Ziguinchor,Ziguinchor,755,393,2024-12-14,27,88,207,2,548,353,55,0.86,Paludisme,63,9,82.72,21.65,modéré,30.1,85.2,4739.5,False,0.26,0.33,0.12,161.5,50.9
14,Centre Hospitalier Régional de Ziguinchor,Ziguinchor,Ziguinchor,755,393,2024-12-15,27,63,285,16,470,369,18,3.56,Covid-19,71,7,32.67,25.28,modéré,25.9,76.7,1653.8,False,0.43,0.8,0.01,95.9,57.5
14,Centre Hospitalier Régional de Ziguinchor,Ziguinchor,Ziguinchor,755,393,2024-12-16,23,72,657,20,98,390,37,3.96,Covid-19,31,2,63.61,11.56,modéré,32.7,47.8,1947.9,False,0.77,0.75,0.09,129.0,21.4
14,Centre Hospitalier Régional de Ziguinchor,Ziguinchor,Ziguinchor,755,393,2024-12-17,16,51,684,24,71,391,19,3.3,Grippe,15,8,58.32,6.74,faible,22.4,69.3,1189.4,False,0.39,0.67,0.07,69.6,39.8
14,Centre Hospitalier Régional de Ziguinchor,Ziguinchor,Ziguinchor,755,393,2024-12-18,15,36,182,11,573,390,12,2.24,Choléra,0,1,51.07,9.45,faible,26.0,69.4,1495.3,False,0.41,0.76,0.09,13.3,29.2
14,Centre Hospitalier Régional de Ziguinchor,Ziguinchor,Ziguinchor,755,393,2024-12-19,20,24,79,16,676,343,56,2.44,Paludisme,36,7,83.02,13.84,modéré,28.4,76.0,4862.1,False,0.92,0.64,0.06,129.6,6.3
14,Centre Hospitalier Régional de Ziguinchor,Ziguinchor,Ziguinchor,755,393,2024-12-20,74,83,287,0,468,353,33,1.55,Dengue,111,3,39.7,18.33,élevé,38.1,54.1,854.6,True,0.42,0.39,0.16,36.1,19.4
14,Centre Hospitalier Régional de Ziguinchor,Ziguinchor,Ziguinchor,755,393,2024-12-21,90,20,574,4,181,381,56,2.09,Covid-19,94,5,57.2,6.42,élevé,33.1,47.5,373.2,True,0.25,0.87,0.19,25.5,32.6
14,Centre Hospitalier Régional de Ziguinchor,Ziguinchor,Ziguinchor,755,393,2024-12-22,64,46,607,12,148,354,12,0.23,Covid-19,47,5,89.32,11.17,modéré,25.4,59.3,2135.7,False,0.96,0.54,0.01,95.2,51.6
14,Centre Hospitalier Régional de Ziguinchor,Ziguinchor,Ziguinchor,755,393,2024-12-23,33,90,549,13,206,365,43,1.18,Grippe,94,3,92.53,6.33,élevé,32.8,64.3,1747.5,True,0.81,0.78,0.06,163.7,59.6
14,Centre Hospitalier Régional de Ziguinchor,Ziguinchor,Ziguinchor,755,393,2024-12-24,72,71,43,19,712,349,39,3.58,Grippe,19,5,47.36,19.02,faible,24.8,66.6,1495.9,False,0.47,0.64,0.07,66.6,35.1
14,Centre Hospitalier Régional de Ziguinchor,Ziguinchor,Ziguinchor,755,393,2024-12-25,37,49,395,9,360,366,4,2.17,Dengue,5,3,83.54,7.15,faible,34.3,79.7,2545.2,False,0.77,0.82,0.1,71.7,13.9
14,Centre Hospitalier Régional de Ziguinchor,Ziguinchor,Ziguinchor,755,393,2024-12-26,40,40,654,18,101,370,37,3.05,Dengue,44,6,48.4,22.63,modéré,26.3,64.9,2619.3,False,0.21,0.98,0.09,100.8,10.7
14,Centre Hospitalier Régional de Ziguinchor,Ziguinchor,Ziguinchor,755,393,2024-12-27,12,25,195,20,560,386,54,0.1,Choléra,110,4,49.08,20.62,élevé,22.3,67.8,2485.8,True,0.74,0.9,0.01,65.9,41.7
14,Centre Hospitalier Régional de Ziguinchor,Ziguinchor,Ziguinchor,755,393,2024-12-28,58,45,651,21,104,348,17,2.29,Grippe,70,3,48.97,1.44,modéré,33.3,72.1,2328.9,False,0.83,0.97,0.2,168.5,32.3
14,Centre Hospitalier Régional de Ziguinchor,Ziguinchor,Ziguinchor,755,393,2024-12-29,60,24,70,4,685,381,37,1.85,Covid-19,76,2,70.16,9.82,modéré,29.8,60.1,520.1,False,0.29,0.37,0.01,63.8,39.4
14,Centre Hospitalier Régional de Ziguinchor,Ziguinchor,Ziguinchor,755,393,2024-12-30,100,19,171,7,584,374,0,3.97,Choléra,19,3,61.77,24.74,faible,25.3,72.1,2408.1,False,0.44,0.43,0.08,64.0,48.0
14,Centre Hospitalier Régional de Ziguinchor,Ziguinchor,Ziguinchor,755,393,2024-12-31,90,54,405,16,350,359,47,2.14,Choléra,88,1,35.37,28.76,élevé,26.3,74.3,4074.5,True,0.23,0.92,0.01,118.7,51.8
